1512 337:571:291 280 
1306 1383 181 963:3243:1395 918 480 450 
154 1242 360 1196:2711:365 758 478 1110 
483:728:728 
1392 310 533 77:2177:160 133 870 1014 
1270 748 1303:1525:465 812 248 
544 194 311:2364:525 597 1242 
538 854 610:1008:312 294 402 
764 15 265 182 72:4162:1326 830 661 341 1004 
2 1024 302 924 335:3452:137 1510 624 502 679 
379 1055 1211:3358:1394 574 1390 
79 1155 1177 375 1437 1221 1017:4363:244 744 303 840 658 542 1032 
275 1471 934 212:2319:1222 290 205 602 
1231 243 1091 809:2934:703 423 1326 482 
366 255 1331 209 965 56:2507:864 115 499 332 568 129 
1485 282 1064 942 1364 842:3412:520 170 208 814 596 1104 
309 293 22 632 948 1118 542:4874:692 298 1209 148 1680 577 270 
513 1255 107 490 86:2485:214 245 640 296 1090 
1265 623 180 1228 879:2432:274 676 246 834 402 
556 340:1323:1212 111 
743 1446 830 759 1302 221 443:4097:326 236 449 664 682 1284 456 
886 1003 826:1176:559 286 331 
1545 1302 726:1855:414 341 1100 
763 281:900:443 457 
377 653 942 327:3365:1236 1518 407 204 
623 603 959:1688:676 448 564 
927 218 1493 1449:3651:357 585 2259 450 
88 777 28 277:2485:151 700 718 916 
1380 1003:2407:2121 286 
627 78:1366:600 766 
877 1553 151 1413 1130 1087 444:4079:588 329 524 1284 298 600 456 
1123 42:1760:742 1018 
1118 302 712 1095:4208:1154 1248 1518 288 
42 279 1101:2043:1018 519 506 
180 1135:1113:369 744 
741:282:282 
1305 1555 1471 1361:2388:104 1044 580 660 
1028 213:933:836 97 
1501 818 1322 772 955 619:7455:1509 245 1204 1089 2100 1308 
953 749 1198 1048 1098 1082:7001:1518 1470 1320 1182 789 722 
693 316 60 803 799 1182:4220:356 236 948 1364 1044 272 
1435 726 443:1762:984 550 228 
666 449 659 1109 959:3162:492 1386 528 192 564 
1212 397 806 1189 1199 157:3120:103 498 922 135 954 508 
733 451 407 1322:3053:347 324 1178 1204 
1039 1249:580:310 270 
587 1529 1459 444 920 1143 687:4027:1136 600 256 912 274 648 201 
144 381 1203:888:188 421 279 
281 1236:1073:457 616 
1047 843:1638:1150 488 
1440 1369 354 830 1053 597:4277:1002 625 419 898 341 992 
545 1554:759:255 504 
1239 1049 74 18:3312:818 1452 594 448 
806 1056 973 1276:2451:461 1012 462 516 
697 321 1526 710:2174:468 860 598 248 
431 547:1002:182 820 
271 82 664 194:2868:866 491 317 1194 
5 814 1063 980:3770:804 963 1689 314 
231 1119:2204:996 1208 
448 1323 1413 864 1047:2883:265 1102 642 299 575 
29 1316 368 684:2173:1014 276 627 256 
351 828 1050:1898:964 458 476 
68 784 821 152:2573:1236 200 662 475 
456 13 1061 712:2497:970 475 293 759 
1527 832 683 732:2322:610 1122 414 176 
230 334 1476 1339 484 1426:2554:234 288 393 238 666 735 
447:1010:1010 
524 480:1556:608 948 
114 97 241 850 1166:3269:504 106 1542 702 415 
468 757 142:1315:636 239 440 
412 1433 711 1333:2150:518 946 522 164 
33 1308 1264:1673:247 982 444 
549 998 848 898:1506:329 446 418 313 
1198 782 1058 1347 732:3315:1320 830 506 307 352 
988 332 1208 1297:1886:632 411 527 316 
1447 60 1041:1769:559 948 262 
762 279:1756:718 1038 
789 652 1355 739:2545:697 312 240 1296 
939 602 1371:2004:274 796 934 
673 829 119 1394 207:3287:958 798 842 458 231 
1545 1462 1352 772:2261:828 254 453 726 
1088 312 1333:1827:1264 399 164 
486 642 1491 1208 1164 935 492:3315:215 299 458 527 614 536 666 
1247 632 975 1518 22 659:3519:624 296 701 564 806 528 
232 1108 1197:1324:453 299 572 
1237 767 1443:1805:489 530 786 
268 52:707:307 400 
1255 639 982 1111 30 666:3091:490 1234 565 144 494 164 
895 240 1115 1205:1228:119 144 467 498 
1011 63 379 550 1531:3975:1142 1074 697 868 194 
1229 1158 143:1639:474 239 926 
863 1418 576:1368:550 558 260 
697 54 1169 659 310 426 663:3130:468 1004 566 528 133 110 321 
151 627 850 394 1106 1356:3842:1048 300 234 1108 578 574 
1436 1099:907:332 575 
1176 667:1430:948 482 
733 157 1526:2009:694 1016 299 
194 1270 1293:2361:597 930 834 
321 1463:1229:860 369 
487 125 1147 425 1047 458:3188:476 856 516 502 575 263 
741 165 1533:1318:282 590 446 
1346 864 1300:1558:432 598 528 
1373:689:689 
1054 52 1181 708 38 780:3394:269 800 306 693 242 1084 
755 152 1148 678 1354 1510:3334:543 950 504 666 301 370 
1401:282:282 
918 502:1711:1122 589 
1162 26 1062 59:1684:276 302 868 238 
1361 1517 808 525 895 253:2047:660 216 243 532 238 158 
1078 329 579:1067:312 329 426 
1471 612:690:290 400 
1026 477 660 323 1092 316:3532:387 155 1012 632 874 472 
832 1442:1171:561 610 
506 755 672 976 493 516:8148:2070 1086 1890 651 1458 993 
852 676 353 842 160 249 1258:4704:132 1224 924 1104 372 594 354 
490 407 296 1372 251 1006 97:2958:296 589 87 494 910 370 212 
227:372:372 
1540 1363 627 1529 847:5712:1276 974 300 1800 1362 
1130 980 1030 1013:1666:298 628 473 267 
194 897 281 210:1451:597 102 457 295 
138:494:494 
1273 537 1440 757:3546:1214 1353 501 478 
1037 1021 751 1360 118 1433:2837:208 223 758 428 274 946 
717 1233 1337 921:1288:698 136 206 248 
351 854 305:1704:482 588 634 
767 578 1160 1104 222 378:2506:265 416 470 428 719 208 
808 1351 1413:2141:243 614 1284 
1035 99 1068 225 1407:3104:202 1293 792 702 115 
1168 192 1280 398 968 259 1534:3683:744 558 536 150 480 718 497 
522 799 1088 472 815:2577:293 522 1264 152 346 
73 949 1038 489:2186:421 826 137 802 
1365 761:485:196 289 
506 528 139 788 572 782:3516:1380 352 321 196 437 830 
796 1218 696 1252 409 447:3460:241 686 133 425 1470 505 
997 753 591 1546 570 514:2838:645 736 206 108 820 323 
1432 1536 1120 983 128 1070 999:4772:702 234 642 152 200 1336 1506 
1010 500:1416:954 462 
1548 1359:754:256 498 
125 1200 1223 420 1483 1267 1063:5004:428 1023 116 412 394 942 1689 
70 946 1035 486:2030:346 1052 202 430 
1362 1172:1062:546 516 
503 939 137 786 569 779:3116:646 274 627 354 547 668 
793 1215 693 1249 820 444:2440:508 584 356 270 266 456 
748 186 1274:1892:812 818 262 
515 126 775:1323:347 626 350 
169 1417 1001 864 9:4538:760 1394 938 598 848 
1525:1474:1474 
1183 673:1370:891 479 
740 577 1532:1731:732 481 518 
394 311 201 1276 1299:3114:554 414 840 258 1048 
367 1083 706:1966:1222 89 655 
304 75 1190 680 331 447 271:2782:325 248 496 265 510 505 433 
85 1463:605:236 369 
335 1476 195:2494:1358 786 350 
501 139 1160:1303:512 321 470 
372 1221 938 894 251 222:5630:1472 271 602 218 910 2157 
728 1364 495 1304 1553 1470:2670:750 596 432 126 329 437 
352 442 1451 76 153 508:3197:119 417 648 302 984 727 
485 535 519 248:2436:389 495 1402 150 
419 282 985 369 298 841:2959:625 170 135 818 517 694 
1105 1221 1458 722 67:3158:357 542 543 1058 658 
218 108 1184 1206:2567:585 375 950 657 
432:820:820 
39 1060 338 960 372:2813:563 1008 105 401 736 
471 1054 998 116 272:2780:145 269 223 759 1384 
977 228 478:1605:417 148 1040 
379 1095 718 462 1108 1104 1487:4807:1394 288 870 760 897 428 170 
1488 1245 668 479 1061 591:4521:826 840 1364 786 293 412 
595 885 269 612:1471:274 264 533 400 
223:588:588 
1535 1358 622 1525 842:3065:509 384 146 1474 552 
543 393 443:1145:289 400 456 
276 206 749 1225 1448:3353:705 736 490 682 740 
236 1006:1012:642 370 
1399 756 313 1362 1012:5224:628 948 1566 546 1536 
690 473:633:508 125 
480:632:632 
646 750 334 197:1988:438 692 288 570 
398 581:1352:300 1052 
471 1319 1036 993 764 321:4668:290 300 382 1510 1326 860 
1176 427 677 593:1956:316 384 556 700 
1402 1147:987:471 516 
1034 1026 477 660:2470:529 774 155 1012 
1097 1413 1169 593 404:2844:402 1284 566 350 242 
763 1239:852:443 409 
1306 158 541:1703:465 566 672 
767 857 308:1420:265 760 395 
380:472:472 
950 934 663 1273 31 201:5337:1902 205 642 1214 534 840 
727 99 1347 931:1465:379 431 307 348 
390 1505 995 646:2540:1390 511 420 219 
1558 863 714 764:2641:399 1100 479 663 
510 1213 597:2292:218 1082 992 
454 1475 753 1375:2877:326 1416 736 399 
953 670 626:1812:1012 320 480 
307 357:881:538 343 
158 407 324:2090:566 1178 346 
877 62 58 441 451:2899:588 687 874 102 648 
179 1454 1411 768 739 229 1438:4871:1062 677 660 992 432 802 246 
225 914 165:2226:702 934 590 
471 1214 65:2536:290 239 2007 
675 764:3336:2010 1326 
482 187 1462 1418:1560:272 476 254 558 
449 60 709 492:2844:1386 474 318 666 
849 1232 829 200 1449:2468:592 215 399 962 300 
942 1058 1295:1766:407 1012 347 
1157 1140 870 1479 237 1552:4803:1362 485 702 278 984 992 
836 1352 1456 1040:1864:476 453 678 257 
108 1343 274 1150 95 1104:4332:750 1074 721 582 777 428 
341 1403 1187 983 1433 1283:3710:474 870 824 304 946 292 
211 927 551 295 1037:2576:510 119 1254 589 104 
1404 1160 584 395 977 507:3378:1052 470 489 786 139 442 
511 800 185 528:997:128 588 105 176 
661 751 201 384 461 817 41:3788:880 758 840 97 493 570 150 
598 382 592 1041 891:2749:532 574 916 262 465 
1219 815:753:407 346 
1169 832 43 825 703:3968:1132 561 616 527 1132 
29 1344 1182 578 1161:2729:676 277 272 832 672 
695 1398 782 712 1254 173 395:6568:1340 591 415 1518 1388 530 786 
819 309 1518 76 1458:3948:1002 692 564 604 1086 
1130 327 1390 1173 970 1419:3179:596 204 692 416 1120 151 
787 198 913 537 281:3058:566 348 328 902 914 
976 267 1542 1499:1452:434 160 350 508 
943 140 789 573:3822:856 330 1394 1242 
833 1216 1226 184 1432:5564:1335 772 1142 1262 1053 
725 82 1197 1101 752 868 691:4852:261 982 1144 506 147 666 1146 
684 228 1037 1287 1204:2983:384 444 312 496 1347 
933 145 927 804 1227 704:3416:1250 397 238 386 547 598 
252 1443 494 811 567 405:4151:474 786 350 1032 868 641 
465 569 153 15:4443:1120 1094 984 1245 
313 496:1193:1044 149 
386 1235 952 908 680 237:4385:800 514 1572 250 265 984 
1471 1387:1894:580 1314 
1304 23:574:252 322 
888 299 1015:1599:157 628 814 
885 415 1091 103 951 668 625:4599:528 1044 663 338 740 682 604 
1314 1443:637:244 393 
1160 731 355 1243 428 837:2972:940 722 134 452 128 596 
1001 1157 862:3278:938 1362 978 
269:1066:1066 
912 163 413 330 220 1295:4131:962 908 440 681 446 694 
53 1488:1056:643 413 
835 952 1189:1905:1246 524 135 
160 1448 499 815 572 409:5119:744 1480 503 346 1311 735 
476 60 1481:2950:1312 948 690 
221 404 67 837 61:2515:642 484 658 596 135 
674 1283 41 1356 780 591:2912:1144 146 300 574 542 206 
707 996:627:319 308 
289 14 984 141 1323:3512:502 331 145 1432 1102 
1211 222 1071 788:3811:695 1438 1482 196 
345 235 1310 189 944 35:3471:826 612 682 631 350 370 
360 237 659 137:2653:478 492 1056 627 
593 297 14 1529:4169:1050 326 993 1800 
560 171 820 603:1610:234 529 399 448 
1093 783:1012:549 463 
50 473 1509:2661:1410 125 1126 
1342 699 256 1305 955:5680:1450 542 1380 208 2100 
633 417:783:276 507 
394 617:1520:1108 412 
448 71 1373 558 554 1351 947:3638:265 506 689 300 1144 614 120 
598 21 1390 415 358 1034:4240:532 431 346 1044 1358 529 
1180 1523 508:2755:709 592 1454 
1133 771 234 1070 134 1104 261:4699:305 378 942 668 922 856 628 
1287 338 654:1200:248 210 742 
1020 151 960 1210 1127:3312:196 1048 802 338 928 
693 782 233:1662:356 830 476 
306:1502:1502 
859 589 1199 1515 127:4797:768 1464 1431 198 936 
1273 857 719 1422 807 736:4368:1214 1140 936 420 262 396 
4 241 1063:2305:1228 514 563 
1096:472:472 
907 703 8 1416 1466 1449:4676:1232 1132 494 1034 634 150 
744 367 111 854 850 88:4242:1442 611 1276 294 468 151 
128 72 748 904 194 1470:3137:200 502 406 558 597 874 
318 381 1017 51:3304:920 842 1032 510 
724 2 624 36:1870:548 137 870 315 
924 1494 784 502 458 1373:3534:1004 626 100 589 526 689 
142:440:440 
638 1483 269:2173:1246 394 533 
655 1437 1314 179 1214 212:2918:414 658 244 1062 239 301 
395 1004 1321 1491 915 312:3660:786 575 441 916 543 399 
646:438:438 
219 935 972 303 1045 1455 280:6201:904 1608 790 946 671 934 348 
942:407:407 
886 736 786 770 499 1109:3227:1118 792 354 364 503 96 
77 73 870 466 982:5242:1014 842 702 1554 1130 
1232 1003 560 50 1259 1375:5040:430 286 234 2115 778 1197 
1512 763 1013 929 1233 750 773:2188:194 443 267 200 272 692 120 
397 1273 1362 813 996 1073:2482:249 607 546 269 154 657 
621 1070 920 970 954:3009:506 1336 274 560 333 
1053 1064 22 1270 854:2455:682 208 806 465 294 
415 238 1060:1917:1044 369 504 
811 235 1190:1892:1032 612 248 
1417 934 957:2357:1394 410 553 
1261 85 1240 612 302 1444:3172:116 472 838 800 624 322 
1079 636 824:2166:858 494 814 
1339 1068 120:1872:238 792 842 
1312 297 774 996 541 1350 41:2322:570 326 466 154 336 170 300 
178 667 1543:1677:234 964 479 
1220 977 401 211 794 738:1966:357 278 260 510 219 342 
880 1223:982:634 348 
640 264 8 751:4229:1401 1082 988 758 
374 491:1548:268 1280 
214 25 607 137:3627:1044 279 1050 1254 
530 1339 31 1506 1396:4496:1398 238 534 1272 1054 
196 1072 1162 613 796 872:2136:456 344 276 352 241 467 
1003 1452 1302 1352 1336:4100:286 1100 1023 453 1238 
1436 1032 404 94 1236:1643:332 100 484 111 616 
267 383 620 1442:2688:480 1464 134 610 
334 384 368 97 707:1444:288 97 209 212 638 
131 834:995:431 564 
407 1123 746:2054:589 742 723 
214 1449:672:522 150 
548 1127 1283:2174:1100 928 146 
1187:412:412 
1397 527 1336 28 1503 248:2709:274 427 619 718 521 150 
1386 11 88 444 82:3378:295 1378 302 912 491 
695 1304 63 1377 801 612:3927:1340 126 537 1018 506 400 
452 728 1017:2255:848 375 1032 
1214 1385 809 205 1202 732 96 452 1234 1111 1533:5884:478 431 482 512 757 176 804 848 216 288 892 
322 1025 409 339:2091:571 259 735 526 
1042 266:711:414 297 
1435 792 349 1397 1048 1164:5225:984 846 864 822 788 921 
540 563:725:89 636 
1361 1465 1049 912 57 999 929:5143:660 524 1452 481 220 1506 300 
1169 1125 897 454 1502:2346:566 866 102 326 486 
570 1325 830:2258:820 540 898 
643 919 1209:3084:1017 594 1473 
327 1163:402:102 300 
124 1360:840:412 428 
1505 623 1193:2024:1022 676 326 
1206 723 1160 357 1006 790 1000:4015:657 186 470 686 740 284 992 
431 854:952:364 588 
132 953:1210:704 506 
1513 631 787:1379:672 141 566 
1213 731 754 365 1014 797 1007:6867:541 2166 473 1482 220 818 1167 
1150 362 1144 1021 1444:3262:582 1432 158 446 644 
1028 784 622 19 601 545:3088:836 100 292 1218 387 255 
135 838 223 152:2272:761 448 588 475 
1380 1203 880 1369:5403:1414 837 1902 1250 
822 618 1067 917 967:4209:996 1064 1011 808 330 
562 185 1487 672:4343:448 525 850 2520 
1190 1147 504:3302:992 1290 1020 
437 221 431 880:5136:1396 1926 546 1268 
1556 887 71 481 864 874:6654:982 692 1518 1659 897 906 
1084 135 451 622 46 1000 439:11849:988 3044 972 438 1887 1984 2536 
1061 938 1360 838 1394 551 588:7697:586 602 1712 896 916 1881 1104 
1197 502:2911:1144 1767 
236 166 708 1185 1407:5255:963 1332 2079 536 345 
815 492 981 299:3718:519 999 944 1256 
432 482 465:2212:820 272 1120 
462 739 1028 412 756 1299:7841:1520 1296 1254 777 1422 1572 
795 766:852:528 324 
250 566:2846:1554 1292 
1122 1039 928 446:4397:435 620 1248 2094 
1095 666:1068:576 492 
1395 1218 482 1384:4420:1728 1372 408 912 
536 985 835 885:3776:710 405 1869 792 
968 565 1495 1185:4032:720 504 2004 804 
658 149 1357 1474 153:6604:988 1912 1070 1158 1476 
1332 849 872:3607:384 888 2335 
1155:744:744 
629 1465 529 1498:3862:318 1048 1230 1266 
622 566 1242 1398:4317:438 969 1137 1773 
740 1549:2054:1464 590 
1162:552:552 
636 1472 536 1506:8211:2470 786 1775 3180 
630 160 836 1406:3708:1560 1116 714 318 
181 310 786 1422 553 1362 54:5288:480 399 531 1260 1068 546 1004 
24 1287 1004 960 317 1432:8379:921 1240 1150 1203 2110 1755 
477 340 1043 427 357 900:4482:465 333 879 768 1029 1008 
458 614 1463 1180 1550 907 464:13164:1052 2055 1107 2127 1830 1848 3145 
1267 864 1380 1483 1067:6153:942 897 2121 1182 1011 
71 1400 957:3190:1012 519 1659 
368 1431 1214 1011 1460 1310:8618:418 2240 956 1713 1245 2046 
268 1464 927 206:4099:614 1656 357 1472 
1104 528 339 921 451:4156:1284 352 1052 496 972 
455 744 129:3729:1008 2163 558 
1207 1284 81 864:5360:1396 1912 1155 897 
747 918 341 1296:7531:1404 2805 1422 1900 
558 1500 1429 414 891:6588:450 1356 1908 1479 1395 
1031 295 1198:4619:872 1767 1980 
682 412 1021 1337 1094:3863:222 777 446 309 2109 
378 894 998:1843:624 327 892 
1277 595 1098 549:4823:1896 822 789 1316 
1002 53:4105:1533 2572 
675 925 841 1145:3549:1340 604 1041 564 
1278 342 1311:5202:1602 1192 2408 
176 1091 1062:5895:1278 3315 1302 
375 1024 808 1018 1468 1318:7451:840 3775 729 495 900 712 
17 373 1155 1032 1454:7564:1677 2068 1488 300 2031 
350 400 383 113 722 1038:6584:939 828 1464 826 2116 411 
1495 653 690 1481:5250:1336 1518 1016 1380 
773:360:360 
803 640 37:3596:2046 934 616 
554 471:1724:1144 580 
700 804:3186:2028 1158 
970 194 1216:4803:2240 1791 772 
1153 271 427 1276 993:5400:294 1299 768 774 2265 
417 760 1303 1366 444:4779:1014 1005 372 1020 1368 
914 232:2746:934 1812 
459 1041 571 1247 259:4281:354 524 672 936 1795 
299 575 864 249 592 721:7591:1256 1569 1196 891 1374 1305 
728 285:2441:1125 1316 
1328 86:3494:1314 2180 
972 862 379:5440:1185 1467 2788 
1111 296 706 1088:4785:576 348 1965 1896 
928 219 1494 306 1221 778 269:9630:936 1356 1252 3004 1084 932 1066 
337 1479 1341:3040:280 834 1926 
1445 70 1292:2494:258 346 1890 
1169 925 349 160 742 686 1362:6964:1132 453 1728 744 1365 996 546 
617 1239 650 1366 989 733 1476:6833:618 1636 1104 1530 465 694 786 
357 806 656 706:5803:1029 1383 1426 1965 
800 1316 1006:2562:1176 276 1110 
140 1016 1106 557:3757:990 928 867 972 
470 520 503 233 842:9273:1563 2705 969 2380 1656 
626 1368 220 603 199:5114:960 1923 892 448 891 
1225 1169 287 443 1291 1009:10100:682 2830 576 912 2320 2780 
1305 1409 993 856 1559:5160:312 384 2265 1356 843 
373 24:3603:2068 1535 
1366 1510 561 877 634 58:6590:1530 555 465 882 1410 1748 
1479 1223 408 404:3986:1112 464 1684 726 
920 890:1337:411 926 
1323 375 691:6749:2204 1680 2865 
1373 1502 420 1057 187:6309:2067 1458 1236 834 714 
561 1383 728 45 135:5444:465 1377 1125 194 2283 
1227 1437:2410:1094 1316 
1533 678 62 1549 534 1010:10158:1338 1332 2748 885 2424 1431 
1087 445 2 1050:4505:900 2480 411 714 
1384 475:2812:1824 988 
702 565 1268 652 581:6303:2205 504 1080 936 1578 
82 1291 1407 1230:4115:1473 1856 230 556 
968 752 548 997:4744:960 294 2200 1290 
1088:1896:1896 
1398 462 1431:5533:1773 1520 2240 
339 296 1211 1182:3864:789 174 2085 816 
1454 1344 861 1298 495:5381:2031 554 1416 516 864 
375 798:3708:1680 2028 
252:948:948 
731 436:3057:2166 891 
958 741 951 1401 1251 1301:5873:792 423 1110 564 2632 352 
997 209 991 868 1291 768:8683:1935 664 1206 1998 1392 1488 
283 333:3024:1972 1052 
882 133:1833:1425 408 
1178 416 13:5318:2421 1947 950 
842 520 911 229:6923:2208 1623 1488 1604 
459 509 493:1864:236 656 972 
393 669 959 343 686 1229:6024:800 1023 846 1648 996 711 
361 1209 926 883 240 211:5236:392 1473 315 1094 432 1530 
400 677 966 350 693 823:7956:1104 1668 1386 939 1068 1791 
733 290:2652:1388 1264 
1429 187:1906:954 952 
1073 963 481:6087:2628 1800 1659 
1213 397 807 1190:4149:1623 996 786 744 
370:510:510 
275 1230 254 198 874:3951:1833 556 436 522 604 
588 1530 1460:2378:828 720 830 
850:702:702 
228 717 35:3648:444 2094 1110 
1027 451:1852:880 972 
29 784:876:676 200 
378 667 51:3317:624 1928 765 
617 68 251 328 684 322:5495:412 1854 1365 466 256 1142 
1030 1240:2676:1419 1257 
1473 191 481 1423 208 337 813:8636:1816 1512 1659 1383 1308 420 538 
1150 680 1356 1512 1217:3450:1164 795 574 194 723 
1403:870:870 
301 1231 921:3045:192 2109 744 
55 931 1021 471:4159:1866 1044 669 580 
827 1437:1668:352 1316 
1164 1081 971:4394:1228 2136 1030 
1234 392 15 1317 502 498:6984:432 708 830 1314 2356 1344 
1274 1417 469 785 542 1523:7485:786 2788 723 1194 810 1184 
169 885 508 252 995 991:7826:1520 528 2181 948 840 1809 
1132 555:2229:624 1605 
123 372 289 179 1254 133 888:8829:1450 2208 753 1593 2082 272 471 
774 833 537 254 211:7196:1864 1780 1804 218 1530 
1333 1263 247 724 946 491:9246:492 644 1710 1096 2104 3200 
1273 763 414 530:6119:1214 1329 1479 2097 
188 1530 1326:3704:1976 480 1248 
211 727 831 415 278:7323:1530 758 813 1566 2656 
1021 977 748 305 1353:4873:669 278 1218 1902 806 
1521 1438:1371:387 984 
1175 1171 1554 6 522 212:7234:634 2664 1512 642 879 903 
562 1238:890:336 554 
56 506:2328:258 2070 
239 583 712 1188 266:8018:1173 1136 3795 1023 891 
1329 592 1495 813:5792:939 1374 2672 807 
1096 946 996 979:5424:1416 2104 462 1442 
676 47 1295 879:4823:2448 932 1041 402 
27 264 1085:3246:982 1082 1182 
1299 350 667:5631:2620 1565 1446 
1420 1349 334 810 1033 577:6050:954 1569 288 220 1095 1924 
850 500 617:3190:468 2310 412 
57 107 90 234:3378:440 640 414 1884 
814 504 88 364:3448:642 1020 604 1182 
1030 708 1196:6884:1892 2772 2220 
1559 144 1433 192 1506:5762:843 282 1892 837 1908 
124 866 1276 101 111 627 317:9112:618 2692 1032 390 1914 1200 1266 
321 930 1246 1320:3688:1290 846 564 988 
491 354 1057 441 371:4417:1920 1257 556 306 378 
1429 1080 1196 1433:6104:1908 1194 1110 1892 
669 692 302 952 735 531:7305:1023 1188 2496 1572 810 216 
1014 465 648 311 1081 305:9740:330 2240 1476 1656 2136 1902 
1260 765 548 345:4739:390 1460 1650 1239 
1311 496 492 875:6277:2408 596 1332 1941 
469:723:723 
1517 1328 352 1440 558:4299:324 1314 357 2004 300 
1461:1416:1416 
1367 1378:2364:1926 438 
126 1134 1318 1394 192:5264:1252 987 356 1832 837 
300:1102:1102 
117 366 283 173 1248 1271 882:10161:988 1296 1479 795 1866 1362 2375 
90 1138 789 905 1142 406:8545:414 1425 2091 1728 1671 1216 
353 1455 707 956:4247:1232 1401 957 657 
757 940 603 1372 596 60 896:9748:956 1548 896 1482 472 2370 2024 
952 1256 773 796 1551:4674:2096 747 240 723 868 
339 416 772 410 1431 709:7396:789 2596 1089 470 2240 212 
239 449 899 749:5151:1173 1386 1122 1470 
90 499 882 892 1408:6208:276 1509 1900 1521 1002 
663 819 523 241 197:8261:1284 2004 1665 1028 2280 
1222 1152 137 613 836 380:7747:862 1425 2508 1056 952 944 
1162 653 303 420:4313:552 1518 1419 824 
78 1419 1216:2995:1149 302 1544 
617 720 304 167:2474:412 444 1300 318 
510 999:2837:327 2510 
1070 188:2992:2004 988 
354 151 600:3625:1257 1048 1320 
481 757 1046:3339:1659 717 963 
447 630 707 1063:6241:1515 2080 957 1689 
1217 268 585 341 1323:6213:964 921 1176 948 2204 
791 1173 1184 142 1390 974:6659:786 1664 1425 1320 1038 426 
334:576:576 
811 1420:2304:1032 1272 
1148 1064 954:3098:2016 416 666 
1121 278 315 1204 388 798:10008:3124 1992 356 1347 1668 1521 
113 1401 452 768 525 363:6946:826 1128 1272 1488 1596 636 
978 974:1326:900 426 
219 708 26 529 1538 163:7589:1808 2079 302 1230 1262 908 
1054 1357 875 898 95:6982:538 2140 2588 939 777 
1191 654 1491:4554:780 1484 2290 
178 854 1424 715 432 388:6547:702 1176 2094 921 820 834 
569 1511:2115:1641 474 
109 1145 142 1271:8590:3700 846 1320 2724 
1238 768 1444 42 1305:4120:554 1488 644 1018 416 
1394:1374:1374 
389 1319 1009:3222:654 900 1668 
143 1019 1109 559:6982:1852 2046 288 2796 
915 1525:4577:1629 2948 
1252 1169 1059:4339:1275 2264 800 
1322 480 103 1405 590 586:6646:2408 1264 338 507 1364 765 
1362 1505 557 873 630 53:9026:819 2044 729 1302 1560 2572 
846 257 973 596 340 1083 1079:4549:912 303 693 236 333 356 1716 
632 842 1292 1142 1192 1175:7324:444 1656 1890 1671 712 951 
759 1181 659 1215:4400:1328 612 1584 876 
753 283 959 1115:5198:1472 1479 846 1401 
24 274:3498:614 2884 
307 1462 833:2792:1076 381 1335 
623:1014:1014 
1083 440 1555 1046:3211:178 504 1566 963 
1283 374:974:438 536 
600 463 1166 550 480:5917:1320 687 1660 1302 948 
78 1286 1403 1226:5015:1149 712 870 2284 
964 747 544 993:5335:1548 702 1575 1510 
487 111 1413 597 593 976 987:10562:1428 1914 2568 992 1400 868 1392 
1433 1483 1466 52 661:8813:1892 1576 1585 2000 1760 
1183 8 19:4085:891 1976 1218 
917 235:2644:808 1836 
48 1044 574 1250 1406:7089:1835 663 2016 2045 530 
1130 1059 44:4902:894 1600 2408 
1187 398 1181 1058 1480:3840:824 300 918 1012 786 
409 139 748 1064:5008:2940 642 1218 208 
972 356:2535:1185 1350 
512 1134 545 1261:3675:1575 987 765 348 
1228 1172 290 446 1294:5798:834 1548 632 1396 1388 
778 1321 1384:3192:1398 882 912 
344 966:2232:1308 924 
826 943 766:2493:993 1284 216 
84 533 383 433 417 560 1170:7495:1530 870 976 684 1521 468 1446 
996 220 1559:2362:462 1338 562 
91 1179 297 453 158 1433:7040:1008 1932 326 1506 849 1419 
1323 907 770 1473:5955:1653 1848 1092 1362 
1496 54 291 1113 458 1333:5470:1788 1004 852 381 789 656 
605 1414 105 22 1470:6093:858 765 1950 1209 1311 
1509 455 1464 89 1310 521:8484:1126 1344 1104 882 2728 1300 
502 19 42 797 302 1547:9283:1767 1827 1527 818 2496 848 
342 698:1744:894 850 
1557 568 1417 1134 1091 448 419:8820:900 1872 1394 658 1326 795 1875 
818 1334 1024 608:4900:735 1388 2265 512 
1280 931 1047 871 134:5997:536 1044 1150 1884 1383 
1493 1104:3868:3012 856 
987 371:1306:928 378 
228 105 528 5 561 1276:5192:444 1300 704 1608 620 516 
665 365 1228 1078 1128 1111 841:7117:879 1482 1668 936 882 576 694 
133 915:2580:408 2172 
998 489:1471:669 802 
1351 1304 1288 1431 482 799 555:9745:921 378 801 1680 680 2610 2675 
247 869:2214:1026 1188 
846 669:1935:912 1023 
569 380 962:4842:2735 472 1635 
197 885 136 386 303 193:11744:2280 1056 2820 2000 1419 2169 
1524:708:708 
559 516 1431 988:6599:1398 993 1680 2528 
199 116 6 1081 1104 715:8270:891 3036 642 1068 1712 921 
336 1142 459 549 1558 183:5800:606 1671 354 658 1197 1314 
113 136 1305:3666:1239 2115 312 
30 26 823 419 935:6654:988 453 1194 1875 2144 
1123 840 796:2281:742 816 723 
501 285 81:2781:1024 987 770 
621 1137 827 411 688:3173:1012 652 352 285 872 
155 1430 1386 744 715 205:10777:2748 1803 885 2884 921 1536 
854 1197 1326 245:4962:882 1716 1248 1116 
1228:1668:1668 
1334 891 795 446 562 385:6952:1388 1860 528 2094 224 858 
1411:1320:1320 
136 1290 662 352 1494 1357 502:9327:2115 1284 1260 357 939 1605 1767 
78:766:766 
660 1524 1374 1424 1407:8867:2024 944 2064 3490 345 
477 1447 604 228 1530 714 710:6115:310 1677 452 296 720 1916 744 
1486:963:963 
608:384:384 
1434 219 762 824 1461 591:6776:528 904 2154 1628 944 618 
229 1277 928 1045:5844:802 1422 936 2684 
192 1533 185:2323:1116 892 315 
726 1241 932 516 695:5502:1100 1178 552 662 2010 
555 260 1535 1491 848 405 310:8304:1605 1412 1018 916 1672 1282 399 
871:1413:1413 
305 343 1231 416:6560:1268 1236 2109 1947 
1145 436 153 523 1438:4791:1128 1188 984 999 492 
706 1515:2559:1965 594 
240 1395:2016:288 1728 
53 556 7 190 1411 623:9881:2572 1212 1896 2205 1320 676 
925 122 1185 969:4272:604 1576 804 1288 
1551 709 332 76 819 815:5437:868 318 822 906 2004 519 
282:680:680 
1558:1596:1596 
599 1408 99 16 1464 981:7330:1230 1503 1293 1492 1104 708 
1033 1149 972 236 1139 456 546:7755:730 322 790 1284 1671 1455 1503 
1422 86 1189:2745:840 1635 270 
330 207 629 107 662 1378:6336:2724 462 318 1280 1260 292 
670 466 1329 1180 1230 1213 943:11700:960 2072 1565 2836 278 2705 1284 
138 920:2030:1482 548 
1003 493:2516:572 1944 
657:1134:1134 
705 223:1832:656 1176 
626 1141 832 416 692:5119:960 496 1122 1947 594 
160 1435 1391 748 719 210:7495:1488 1476 618 1624 1404 885 
13 956 1299 1428 346:9072:1900 657 1048 3915 1552 
895 800 450 567 390 1212 556:10849:476 2352 1812 1302 2780 309 1818 
1223 141:2612:464 2148 
135 1023 208:4524:2283 933 1308 
690 181 1389 1506 185:4005:762 640 1016 1272 315 
1267 784 807:2552:942 300 1310 
32 1187:2793:1557 1236 
1403 349 1357 1540 1204 415:7335:870 1728 1070 1276 1347 1044 
299 1374 1397 594 99 1441:5265:942 1548 548 220 1293 714 
138 494:2532:1482 1050 
462 1311 1028 984 342 312:5783:760 1806 836 290 894 1197 
502 778 1068 452 795 924:7235:1767 1398 1188 848 528 1506 
835 392:2577:1869 708 
921 1531 289:2039:744 291 1004 
971 1514 433 655 200:7351:1545 444 1368 2070 1924 
476 1298 643 1518 50:6039:1968 516 1017 1128 1410 
1142 938:2017:1114 903 
1471 855 1464 449 925:6571:870 1362 1656 2079 604 
1494 52 1434 1111 42:5048:1252 800 528 432 2036 
1371 889 911 109 1171:7927:1401 894 1488 1480 2664 
1231 1308 106 1302 668 1504 568:10948:1406 1964 1042 1364 2728 572 1872 
1547 1065 1502 699 1348:5156:1272 674 972 813 1425 
123 1158:2892:2175 717 
1135 959:2616:1488 1128 
1532 956 353 1349:3668:518 657 924 1569 
1172 556 486 1029 1505 170:8564:1548 1818 430 1555 1533 1680 
1212 24 939 496 1545 1195:5695:412 921 685 596 2070 1011 
537 760:2693:1353 1340 
1092 837 21 17:5612:1748 894 1293 1677 
497 654 1502 1219 1176 947 504:7471:1011 1113 1458 1221 948 360 1360 
990 1000 1516 1206 790:8307:1782 1488 2640 1971 426 
208 1123 1094:4530:1308 1113 2109 
407 1056 840 1050 1499 1350:5767:1767 1012 816 476 1016 680 
49 405 1187 1064 1486:8728:2612 2564 2060 208 1284 
382 432 415 145 754 1070:9342:861 1230 2088 794 2365 2004 
421 1457 455 1170 1207 538:6377:1132 1276 1008 1446 1047 468 
1516 567 884:4696:1980 1736 980 
794:657:657 
441 545 128 1549:2256:306 765 300 885 
334 823:2079:288 1791 
991 12:2397:1809 588 
72 521:2954:1004 1950 
255 598 1141 1203 282:3299:345 1064 992 558 340 
1247 925 1413 731:7487:936 453 3210 2888 
565 1014 864 914 898:4627:840 550 897 1401 939 
606 229 1117 302 712:10311:1996 802 2740 2496 2277 
199 875 934:3447:891 1941 615 
93 10 1458 975 998 609:7695:528 1052 1629 2103 892 1491 
133 1035 353 443 1452 77:5650:544 606 924 912 1650 1014 
1381 1271 789 811 422:10423:1194 2724 2788 1548 2169 
1105 568 1404:4690:714 1872 2104 
302:1872:1872 
745 169 1537:2462:308 1140 1014 
1544 1460:2025:780 1245 
553 1295 1291 116 126 642 332:10889:1424 1388 2320 2277 939 897 1644 
653 1262 20 1335:4319:1518 429 1524 848 
686 975 359 703:5026:664 1402 696 2264 
57 933 1022 473:4490:330 2500 1160 500 
829 1438:1782:798 984 
583 500:2416:568 1848 
213 1143 833:2501:194 972 1335 
65 940 1030 481:7186:2007 1548 1419 2212 
836 1446:1658:714 944 
1173 1090 980:3956:1664 1664 628 
1146 304 1485 1229 414 410:6775:1892 975 520 711 1972 705 
1283 1426 478 794 551 1533:9260:438 2940 1560 657 1881 1784 
178 894 517 262 1004 1000:6561:702 327 1246 498 2300 1488 
1141 565:1000:496 504 
132 382 298 188 1264 142 897:8073:704 861 2068 1482 1332 1320 306 
105 9 1218 1334 1157 421:9599:1950 1272 1029 1041 2043 2264 
195:1050:1050 
1383 754 444 28 1449 594 1537:9276:1377 1419 1368 2154 600 330 2028 
960 1277 1033 871 268 850 794:6781:1203 1422 1460 942 614 702 438 
841:1041:1041 
631 1134 585 768 431 1201 425:8051:282 1316 784 1984 728 1953 1004 
781 1084 602:5612:3032 988 1592 
1334 519 515 897:5886:1388 2804 1388 306 
1098 589:1502:526 976 
655:1242:1242 
1215 412 1061 845 1055 1504:6989:1460 1295 879 777 1148 1430 
1254 1437 1514 312 1094 971:7271:1388 987 444 798 2109 1545 
87 536:1749:684 1065 
270 199 742 1218 1441:4657:1239 891 1365 686 476 
1262 526 1428 746:9314:572 1212 3915 3615 
1554 699 83 13 555 879 929 913:8720:1008 1084 2199 1900 1070 603 200 656 
722 838 662 339:6486:2645 1792 1260 789 
429 279:1586:548 1038 
878:1448:1448 
938 628 212 489:3319:602 711 1204 802 
1428 1252 929 1418:5565:2349 1700 400 1116 
569 1019 869 919:5766:1641 2046 1188 891 
1002 1012 1528 1218:5397:1533 1536 1299 1029 
692 596 247 363 187:3477:891 472 684 954 476 
1494 745 994 911 801 318 341:7573:1252 462 423 1116 1518 1380 1422 
718 208 1417 1533 212:6985:1305 1744 1394 1338 1204 
1391 908 931:1912:618 250 1044 
60 1214:1665:948 717 
1528 473 1482 107 1328 540:4492:866 500 236 960 1752 178 
423 1498 1521 719 223 7:7059:825 1266 258 936 2352 1422 
263 619:2891:2019 872 
17 587 1435 1153 1109 466 437:8262:2236 1704 984 196 192 1554 1396 
836 1352 1042 626:2276:476 906 414 480 
11 832:2500:1378 1122 
1195 1365 789 186 1182 712:6397:1011 294 1394 1636 544 1518 
257 639 236 1166:4142:404 1851 642 1245 
1415 772 329 1378 1028 1145:6728:2148 726 1316 438 1254 846 
909 1452 370 593 137:6353:912 1650 510 1400 1881 
1558 1236 167 1042 1546:4392:1596 1848 318 414 216 
1013 1036 233 1296 1080 876:7588:801 1528 1428 1425 1194 1212 
1356 1433 230 1426:5164:861 2365 468 1470 
1310 1066 490 301:4064:1364 1620 888 192 
1040:514:514 
867 557:2161:1432 729 
1505 1383:2451:1533 918 
1257 1214 571 128 1493 1143:6008:1188 717 896 300 2259 648 
1297 681 610 1153 72 294:5791:948 1242 1206 196 1506 693 
61 1336 148 1064 621 111 1320:7950:405 1238 2121 416 1012 1276 1482 
544 407 1110:4860:1575 1767 1518 
357 1127:2421:1029 1392 
428 584 1433 1150 1106 877 434:8556:640 1956 1419 1746 578 882 1335 
920 931 1446 1137 720:3821:411 1044 944 978 444 
138 1053 1024:5111:1482 1364 2265 
338 987 770 980 1430 1280:7444:315 1856 1456 942 1803 1072 
1001 1171 595 1550 988 518 238 1020 897 1320:12511:1407 3330 548 1464 1264 490 738 392 408 2470 
62 445 42 971:6306:1374 1860 1527 1545 
1221 578 135 1184 834 951:8916:813 832 3044 1425 1692 1110 
1258 176 399 1501:3878:354 852 660 2012 
220 403 66 835 60:7334:892 554 1974 2492 1422 
196 646 496 546 529 673:6037:912 657 298 1503 1230 1437 
650 113 949 13 982 140:9207:1104 1239 1239 2375 2260 990 
1022 1165:2922:870 2052 
996 127 936 1186 1102:5926:462 936 1964 1208 1356 
1246:1410:1410 
1352 909 813 464 580 404:6865:1812 1216 538 1887 928 484 
1429:1908:1908 
1249 833 695 1398:5928:810 1335 2010 1773 
1421 1538 217 1039 383 1259:9151:2160 3155 252 465 1952 1167 
1242 1492 1409 1299:3645:1137 552 384 1572 
1432 496 1465:2721:702 447 1572 
470 426 197 1312:3652:1042 330 1140 1140 
1429 626:1434:954 480 
607 1549:2165:1575 590 
1283 561 1183 594 1310:3520:438 310 1188 220 1364 
777 1387 145 1459 883 694:8649:2100 2628 1191 512 1094 1124 
854 38 448 831:2680:882 726 530 542 
425:753:753 
870 308 1396 514:5886:702 1580 2635 969 
1003 1546 464 687 231 1041:5130:429 324 1887 603 1494 393 
1382 1033 1149 1386:3479:651 1460 483 885 
61 710 494 290 1153:4174:540 992 1400 948 294 
1043 107 1077 234 1416:8086:879 960 2812 1884 1551 
1176 201:3260:1580 1680 
1041 238 1300 1084:4527:655 1845 792 1235 
109 824 448 192 934 930:6474:2220 1221 530 837 820 846 
974 398:734:284 450 
215 132 21 1097 1533 731:7432:423 1408 1293 804 1338 2166 
112 295:2567:800 1767 
1448 1165 1121:5362:1480 1539 2343 
1321 412 195 405:3991:882 777 1050 1282 
46 455 838:4351:1887 672 1792 
1324 1441 120 941 286:7122:2688 476 1684 1518 756 
719 742 353 1002:5737:1404 1365 924 2044 
937 161 1183:4255:2788 873 594 
1120 238 394 1243 960:5059:963 1107 1108 678 1203 
384 727 1270 1332 411:3734:291 1137 1860 256 190 
92 1473 1151 82 957:5005:632 908 333 1473 1659 
951 148 797 581:7639:1480 2828 1227 2104 
1163 735 358 1246 431 841:7402:300 810 3395 1128 728 1041 
16 186 1168:5697:2238 1227 2232 
382 1485 736 985:3234:861 780 1188 405 
625 503 925:2630:1208 969 453 
799 956 246 1424 236:7807:2088 876 2484 1396 963 
1359 1288 273 750 972 517:7138:747 801 1221 692 1185 2492 
440 556:2928:504 2424 
1099 856 280 90:3826:1150 1356 1044 276 
926:315:315 
443:456:456 
1169 580 1296 919:5972:2264 1392 1425 891 
793 1469 481 1329 1046:5164:1016 1140 1106 939 963 
1086 470 813 942 1419 497:6108:1473 1563 538 1221 302 1011 
411 62:2251:190 2061 
1549 307 478 1460:4938:1180 538 1560 1660 
1060 990 1532:4924:1512 2376 1036 
135 917 794 1216:5649:3044 404 657 1544 
1252 1196:3495:1275 2220 
437 48 697 480 277:6832:1047 1835 1170 948 1832 
730 193 1030 94 1063 220:9380:1236 2892 1892 333 1689 1338 
1102 1246:2145:1017 1128 
378 440 1077 207 1016 1266 1183:6919:416 504 2812 693 928 675 891 
1433 1403 894:3089:1892 870 327 
101 151:2616:520 2096 
700 1509:2703:1014 1689 
1097 1507 331 342:4590:1206 662 1530 1192 
1537 1094 998 649:5959:1014 2812 669 1464 
222 112 1188 1211 822 1471 1254:9191:2157 600 1023 2085 664 580 2082 
1081 345 1248 566:6533:2136 1239 1866 1292 
796 846 829:2129:723 608 798 
1152:1900:1900 
136 132 929 526 1041:6185:2820 1056 300 1616 393 
613 769 60 1335 1291:6314:1408 306 1896 848 1856 
184 246 883 13:7844:1893 1863 2188 1900 
1132 1488 1126:4015:1248 1652 1115 
1359 650:1299:747 552 
523 1172 955 1165 57 1465 1515:8070:999 1548 1400 1539 220 1572 792 
270 1145 1235 686 869 946:6561:2065 564 1028 664 1188 1052 
702 725 336 985:3332:1470 783 404 675 
1351 509 546 1434 619:5156:614 656 1002 704 2180 
756 593 1548 573 516 1192:5485:948 1400 256 1863 662 356 
556 660:3336:1818 1518 
50 1072:2803:2115 688 
806 577 134 1182 833:5879:922 962 1844 816 1335 
503 807:1755:969 786 
630 1146 836 420:4993:1560 1419 1190 824 
753 724 214 1423 1539 1362 1040:9699:1472 1644 1566 1844 1326 819 1028 
1303 1432:2024:620 1404 
721 344 1233:4463:2175 1744 544 
804 455 571:3174:1158 1344 672 
45 1333:619:291 328 
367 844 1066 611 1420 111 28:14304:2444 2392 2160 612 1272 2552 2872 
154 1429 241 1156 713 204:7639:1460 1431 1542 1364 1256 586 
1266 1196 181 657:4492:675 1665 640 1512 
1466 1129:2041:634 1407 
1200 1356 647 364 320 91:8193:1023 861 1557 788 2452 1512 
211 500 1443 228:5246:1530 1848 1572 296 
645 96:3658:2452 1206 
894 12 582 1431 1148:6291:327 882 1386 1680 2016 
364 841 1477:3833:1576 694 1563 
525 1307 1184 48 1084 82:8698:2128 988 1900 1468 741 1473 
552 535:1422:432 990 
1198 352 601:3885:1980 357 1548 
216 638 116 672 1387 1424 755:15071:1986 1869 2277 1890 2628 2792 1629 
798 582 378 1241 1092:7961:2028 2079 624 2356 874 
419 43 1345:4968:1875 924 2169 
269:1599:1599 
1162 452:1676:828 848 
1388 1172 968 1418 1268 1318:5491:873 1548 720 558 1080 712 
163 785:2556:1362 1194 
859 683:2010:768 1242 
583 394 976:2828:852 1108 868 
210 899 150 400 317 206:5945:885 1122 1806 552 844 736 
1176 439 1342 660:8499:948 1902 3625 2024 
1468 613 1555 1484 469 113 163 147:7921:450 1408 1566 504 482 1239 1816 456 
1082 733 849 1086 253:4468:1083 1041 888 982 474 
127 150 1319:5458:1248 3010 1200 
44 40 836 433 949:6379:2408 579 714 1026 1652 
520 676 1525 1242 1199:10162:1623 2448 2948 758 2385 
91 154 790 1479:4429:1512 1095 710 1112 
1040 1395 1033:3959:771 1728 1460 
1266 557:1161:675 486 
1079 863 1073 1522 1373 1422:10944:1716 1100 1971 612 3445 2100 
1553 72 427 1210 1087 1509 987:8748:658 1506 1152 1352 900 2252 928 
504 421 311 1386 1409 1020 111:9376:1360 2830 1656 590 192 196 2552 
767:530:530 
1256 547 264 634 1549:5718:996 1640 1082 1410 590 
1467 1011 262:3028:1388 1142 498 
1171 582 1298 921:6003:2664 2079 516 744 
1208 326 482 1331 1048:5870:1581 1338 272 1497 1182 
1088 472 815 1358 1420 499:6016:1896 304 519 1152 636 1509 
836 193 164 1212 863:6299:714 1446 2180 309 1650 
330 1019 270 520 437 326:8000:2043 2046 1239 1082 698 892 
1296 559 1462 780:5656:1425 2097 508 1626 
1160 1010 1060 1043:7153:2350 1908 2016 879 
740 111 1359 943:4343:1464 1276 747 856 
91 328 1149:2190:1008 699 483 
317 633:2378:1688 690 
1450 142 59 1506 1024:8769:1605 1760 476 1908 3020 
125 1346 558 1340:4287:1284 1296 300 1407 
1223 980 404 215:2182:232 942 726 282 
953:1012:1012 
878 568:3320:1448 1872 
378 734 372 1393:5144:1040 488 2944 672 
256 12 994 805 1387:6255:1380 882 423 1599 1971 
645 921 1210:3935:1839 744 1352 
794 871 1227:3635:657 1884 1094 
807 204 1200 730 1406 5:5869:786 879 1364 618 212 2010 
874 458:1432:906 526 
564:378:378 
9 884 974:3310:1272 1470 568 
877 1487 245 1463 1300 697:5528:1176 680 837 1107 792 936 
1271 455 451 1248:6225:2043 1344 972 1866 
428:512:512 
1477 1287 312 255 931:6291:2084 992 1596 575 1044 
232 1174 1517:3347:1359 1664 324 
1445 908:758:258 500 
1557 1528 1018 669:3700:450 1732 495 1023 
1062 259 908 692:4735:1736 1436 375 1188 
816 1371 942 566 1454 639 1049:12470:1206 1401 814 969 2708 2468 2904 
1498 1282 1492 383 233 283 266:8994:1266 2046 1104 976 1428 986 1188 
846:608:608 
154 1202 852 969 1206 470:9105:1095 2271 396 1288 1971 2084 
320 1422 673 923:5435:2452 1260 958 765 
820 1004 570 1339 563 27 863:10047:532 1725 1640 714 1272 1964 2200 
1016 1320 837 860 57:4204:928 988 596 1362 330 
403 480 836 474 1495 773:6778:554 1264 714 1334 2672 240 
303 513 963 813:4820:1892 321 1800 807 
153 563 946 956 1472:5485:984 954 2104 657 786 
51 727 883 587 304 261:10802:1020 1895 2188 2840 975 1884 
504 194 1336 1199 344 1286:10306:1020 1791 2476 2385 1744 890 
754:1419:1419 
1123 880 718 115:4819:742 2536 1305 236 
368 231 934 318 248 791 1267:6373:627 1494 615 1380 450 1179 628 
1190 1134 252 408 1257:5526:744 987 948 1263 1584 
838 1381 1443:4110:1344 1194 1572 
1127 765 228 1064 129:3801:1392 1095 444 312 558 
1154 1137 1281 332 648 405:9236:1017 978 1557 1644 1476 2564 
69 1250 1260 445:7331:2825 1636 390 2480 
1333 691:2784:492 2292 
1290:2568:2568 
1533 624 408:4341:1338 1740 1263 
647 19 1267 851:5144:2076 1218 942 908 
1556 235 1057:3374:982 1836 556 
1270 322 638:7259:1860 2284 3115 
1391 1320 305 781 1004 549:9588:824 1976 1902 1516 1725 1645 
821 472 588:2250:662 760 828 
29 79 62 205:6880:1352 732 2748 2048 
475 59 336:2600:1482 714 404 
30 1266:944:494 450 
1396 421 1509:6061:2108 2264 1689 
1153 1403 1319 1209 727:4907:392 1305 600 1473 1137 
1203 1386 1463 261 1043:5239:558 1180 738 1884 879 
335 385 368 98:4489:2037 572 836 1044 
994 684 268 131:2756:282 384 1228 862 
974 1211 474 1377:7543:568 2780 2668 1527 
114 978 828 878:3406:504 900 916 1086 
1058 655 1170 1274:5498:2024 1242 1446 786 
748 239 1447 6 1387:8945:1218 1564 2236 642 3285 
865:1972:1972 
915:1629:1629 
754 1137 1148 105 1354 937:7505:946 1304 1008 1950 903 1394 
711:2088:2088 
362:2864:2864 
678 1433 524 308 518:6249:1998 1419 912 1185 735 
462:1140:1140 
301 1177 1267 718 901 977:5153:384 606 942 1305 1638 278 
831 854 465 1114:5640:542 882 1680 2536 
1480 638 675 5 748:7012:524 1246 2010 1608 1624 
788 625 22 605 548 1224:5069:196 1208 806 1287 1100 472 
685 789:3327:1236 2091 
955 179 1201:5695:2800 1593 1302 
1138 256 412 1261 978:4571:1425 1380 518 348 900 
402 745 1288 1351 429:3340:648 462 1068 614 548 
568 1057 375:4386:1872 834 1680 
52 1367 791:3270:1200 1284 786 
1204 455 608:3203:1347 1344 512 
222 645 122 678 249 1431 761:9448:1438 1226 788 1998 891 2240 867 
253 902 685 895 1345 1195:6094:474 728 1236 476 2169 1011 
153 935 812 1235:4962:984 1072 1878 1028 
575 413 1368 392 336:6650:1046 1760 2564 472 808 
942 805 1508 892:6234:1221 1599 1893 1521 
1148 79 954 1458:5953:2016 976 1332 1629 
1121 1264:4119:2343 1776 
362 998 129 938 1187 1104:9235:2864 669 837 1505 1648 1712 
1422 912 562 679 502 180 669:6007:840 1443 336 570 1767 369 682 
952:1048:1048 
469:482:482 
1322 945:2524:1204 1320 
1092 356 1259 576:4737:1311 1350 1556 520 
710 759 743:1734:744 664 326 
1059 643 506 1209 593 522 1065:11187:1200 1356 2760 1964 1050 1172 1685 
780:1626:1626 
114 430:1880:504 1376 
1399 1316 1206 723:4263:942 414 2628 279 
1372 530:4073:1976 2097 
613 264 380 203 1439 370:7511:1408 2705 944 484 1460 510 
610 1298 549 799 716:6432:1206 1032 1316 1566 1312 
183 1059 1148 599 782 859:7904:2190 800 1512 1230 1660 512 
810 1247 444 1093:4171:220 936 1368 1647 
1001 1556 1128 751 81 824:9931:1876 1964 1764 1137 1155 2035 
181 791 1107 1277:4059:480 1179 1452 948 
1093 917 302 231:5670:2196 606 1872 996 
614 1436 781 98 188 1197:7245:2055 498 1516 1044 988 1144 
248 138 1213 1236:4368:450 988 1082 1848 
1020 644:765:294 471 
791 468 957 275:6789:1179 954 2212 2444 
408 458 441:1572:842 526 204 
341 618 907 291 634 1177:8565:1896 798 1848 1704 1410 909 
674 645:3555:1716 1839 
226 542:1344:264 1080 
1098 1014 904 422:4903:789 550 1395 2169 
1071 642:2873:1976 897 
725 376 492 316 1137 482:5462:783 1260 999 708 1304 408 
386 862 1085 629 1438 130 47:7787:1200 1467 1576 318 984 844 1398 
296 1411 902:2396:348 1320 728 
673 523 573:5253:1437 1332 2484 
319 1022 406 336:2731:849 870 608 404 
482 305 1541 472 1347 293 1301:7522:544 2536 2096 608 614 596 528 
1331:1497:1497 
66 582 272 1414 132 422:12158:3290 2079 2076 765 1056 2892 
718 1394 406 1255 972:6341:1740 1374 912 735 1580 
396 739 868 1344 423:5724:1758 864 1998 554 550 
7 1388 652 1555 872:5914:1896 582 936 1566 934 
227:1488:1488 
17 1119 370:2836:1118 1208 510 
134 690 1405 1443:3476:1844 508 338 786 
790 1372 1316 434 590 1439 1156:5867:426 1482 552 534 682 1168 1023 
1522 1266 451 447 1243 840:5064:408 675 972 1515 678 816 
1380 404:3554:2828 726 
1124 1147 344 1407 1190:3773:612 516 1308 345 992 
1440 903 182 804 215:4788:1503 926 1023 772 564 
1421 1177 601:3690:1620 909 1161 
168 418:2457:663 1794 
69 451 462 978:4142:1130 972 1140 900 
1227 584 141 46 1254 1371:11028:1641 1956 1432 2516 2082 1401 
631 15 1502 487 964 1186 731:8452:423 1245 1458 1428 1548 906 1444 
953 670 1041:2816:1012 1280 524 
1240 331 115 1469:3482:838 1530 354 760 
62 58 855:5188:2061 1311 1816 
1360 1183 861 1350:4272:856 1188 1888 340 
501 951 801 851:5718:768 1110 2024 1816 
934 944 1460 1150:4511:820 700 1245 1746 
249 1164 1135 625 276 392 216:10530:1188 1535 1488 1510 2115 708 1986 
1274 59:1762:1048 714 
1131 1008 1430 908 1464 1035 659:8709:1359 322 2404 250 1656 606 2112 
1471 123 573:5094:1160 1450 2484 
219 922:2931:1356 1575 
939 163 40 462 1498 496:5766:548 1362 772 1520 1266 298 
1066 916 966 949:4240:1080 1410 924 826 
170:2240:2240 
898 309 1025 648 392:6099:626 2768 777 984 944 
935:1072:1072 
465 315 365 349 492:5407:1120 534 2223 864 666 
1176 361 357 740:3124:948 392 686 1098 
993 284 1 1516 873 844 334:10335:3020 372 1599 1980 1736 1196 432 
582 1097 788 372 648:6027:2079 804 196 1472 1476 
116 1391 1347 704 261 166:8688:3036 618 921 897 1884 1332 
744 1287 205:4195:2163 496 1536 
1544 768 645 1068 546:6803:780 992 1839 1188 2004 
652 408:2620:936 1684 
1428 945 968:5172:3132 1320 720 
96 1251:2778:804 1974 
1467 412 1421 46 1267 479:7973:1388 1036 1620 1887 1256 786 
460 1535 1558 755 260 44:8957:1420 2036 1197 1086 1412 1806 
299 655:2084:1256 828 
526 1375 1092 1048 406 376:6264:1212 798 874 788 912 1680 
1085:1182:1182 
70 480 863 873 1389:6394:346 948 2200 868 2032 
546 702 407 124 80:11041:2004 2940 2945 412 2740 
1375 39 1142:3601:798 1689 1114 
283 160 582 60 616 1331:8648:1479 744 2772 1896 759 998 
322 1185 1036 1086 1069 799:6767:1713 1072 1528 982 428 1044 
91 873 336 1172 236 1206 363:8407:2016 868 606 1032 642 1971 1272 
71 1147 1170 367 1430 1213 1009:12283:2024 774 1446 1833 1803 1623 2780 
803 627 304 793 111 200:9990:2728 600 1300 1524 1914 1924 
1226:1142:1142 
697 1173:1950:702 1248 
1240:1676:1676 
81 1516:2475:1155 1320 
1294 1250 607 164 68 1277:8805:1041 1227 2100 1635 1854 948 
630 1333 717 647 1190 108 331:9058:1560 492 1396 2076 744 750 2040 
853 1529 127 976 693:5805:1350 1800 936 651 1068 
1147 531 460 1003 1479 144:3808:774 216 852 572 1112 282 
912 723 1305 1249 367 523:4314:962 279 312 540 1222 999 
299 1441:1104:628 476 
110 466 104 1125 403:7409:1194 2072 2013 1299 831 
443 493 476 619 1229 1545:7591:684 1458 2624 872 711 1242 
157 579 57 613 184 1366 696:8409:1524 426 440 1056 2524 2040 399 
739 523 733 1182 1033:5388:864 1665 1041 1088 730 
300 1189:2058:1653 405 
448 1269 614 1393 1482:5312:795 1554 2055 672 236 
1113 909:1597:381 1216 
564 1506 1436 421 897:4890:378 1908 498 1698 408 
693:712:712 
764 1440 38 886 604 560 331:7164:1326 1503 484 1677 452 702 1020 
900 590:2367:1344 1023 
401 757 395 1416:4212:650 956 1572 1034 
278 35 1017 828 1410:8863:3320 1480 2064 687 1312 
187 198 714 404 1546 264 554:7474:952 696 1437 726 324 1623 1716 
1406 830 227 1223:3351:424 1347 1116 464 
431 360 903 1379 44:4293:546 478 1389 676 1204 
1283 1520 784 128 1004:3955:584 846 400 400 1725 
195 844 628:3905:1400 1794 711 
1270 867 1383 1487 1071:5838:1395 1074 1377 510 1482 
172 1501 1058:5222:1692 2012 1518 
371 1434 1218 1014 1463 1314:4908:252 880 1372 440 1476 488 
271 1467 931 209:5320:866 2082 1044 1328 
1108 531 342 925 455:3317:897 216 894 302 1008 
556 845 229:3798:1818 777 1203 
705 795 246 429 506 861 86:10511:492 704 1863 1096 2760 1416 2180 
745 262:1209:462 747 
818 508 92 1513:4556:735 2181 632 1008 
1035 298 1201:4312:808 1551 1953 
685 415 1024 1340 1097:6307:618 1566 1510 1407 1206 
382 897 1001:3043:861 306 1876 
1377 695 1198 649:7308:2036 1340 1980 1952 
1005 56:2037:1521 516 
678 928 845 1148:4365:1332 1248 777 1008 
1518 796 1418 1509:4859:1128 1205 837 1689 
729:1332:1332 
161 380:1526:582 944 
1033 949 839 357:5047:1095 1652 585 1715 
1006 577:2923:1480 1443 
660 311 427 250 1072 417:9446:2024 1656 1152 1554 1032 2028 
321 797 1019 564 1373 65 1539:11580:1290 1227 2728 252 2756 1338 1989 
231 1346 836:3570:1992 864 714 
607 458 508:4545:1575 789 2181 
254 957 341 271:5181:327 1659 1896 1299 
501 1004 455:3757:1024 1725 1008 
1420 178 1493 917 727 1310:6240:1272 936 1506 404 758 1364 
1460 1204 388 384 767 777:8575:1660 1796 1668 291 1060 2100 
712 523 1105:4728:2277 666 1785 
339 1028 279 529 446 335:11096:789 1672 2595 1230 2094 2716 
1305 568 1471 789:5435:312 1872 1160 2091 
1169 1019 1069 1052:5133:2264 2046 321 502 
749 120 1369 952:5725:1960 842 1875 1048 
100 337 1158:1917:780 420 717 
1275 326 643:3697:896 1784 1017 
550 1493 1422 407 883 1106 650:11951:1302 3012 1680 1767 1641 1445 1104 
590 546:2185:682 1503 
280 130 180 164 307:6357:1044 1688 369 2180 1076 
1536 360:1658:702 956 
677 127 311 387:7321:1668 1248 2070 2335 
754 897 1506 265 21:6273:1419 306 1272 1983 1293 
853 864 1380 1070:7047:2025 897 2121 2004 
1093 916:4076:2196 1880 
1393 816 213 1210:3086:672 1206 194 1014 
417 346 889 1366 30:5513:1521 776 1192 1530 494 
1172 1409 673 18 893:6480:2064 192 1916 1792 516 
181 830 614:4042:640 1347 2055 
1257 853 1369 1473 1057:8237:1188 2700 1875 1362 1112 
61 1390 947:1803:405 1038 360 
261 1323 1107 903 1353 1203:11155:1884 2755 1936 1852 1612 1116 
335 1171:5380:2716 2664 
212:903:903 
395:1179:1179 
608:512:512 
1168 365 1014 798 1008 1457:10589:2232 2964 330 2028 483 2552 
1208 1391 1467 265 1047 925:10036:1581 824 3470 1983 1725 453 
1501 392:3192:2012 1180 
223 152 695 1171 1394:9716:1764 1900 2680 1998 1374 
1215 479 1382 699:4299:1168 1179 868 1084 
832 882 866:3979:1683 950 1346 
1188:1364:1364 
1086 270 266 1063 659 1175:8650:1964 1239 1188 2252 1056 951 
1292 1102 127 70:5470:2520 1356 1248 346 
220 283 919 50:6035:1338 986 891 2820 
489 845 1162:2390:802 1036 552 
915 1498 1028 146 716 6:9416:1629 1688 1672 2145 1640 642 
955 965 1481 1171 755 1032:7214:1400 852 1035 1998 1629 300 
892 597:2006:1014 992 
470 1119 902 1112 4 1412 1462:9939:2084 1208 546 2728 1842 1023 508 
1409 34 1255:1649:288 626 735 
1133 889 727 124 706 650 1326:7809:915 894 1516 412 2620 828 624 
1106 517 1232 856 600 1343:8066:867 2492 860 1356 880 1611 
797 1406 165 1479:2691:1227 318 590 556 
970 554 830 1119 504 847:10298:1680 2288 1796 1812 1360 1362 
850 207:1626:702 924 
134 583 434 483 467 610 1220:9305:1844 852 801 1092 2082 1206 1428 
949 174 51:2691:1239 942 510 
45 1133 251 407 111 1386:7528:194 1220 910 1767 2552 885 
1373 957 820 1523:5566:2067 2212 399 888 
337 1546 104 341 1163 508 1383:9054:560 324 2013 1422 450 2908 1377 
1427 411 888 1110:3432:1158 285 471 1518 
2 505 1514 139 1360 572:5328:274 1172 333 963 1712 874 
455 1530 1553 751 255 39:5622:1008 720 987 758 460 1689 
392 748:1756:944 812 
49 619 1467 1184 1141 498 469:9739:2612 1744 1388 950 496 1344 1205 
899 589 173:4617:1870 1952 795 
689 140 323:4464:1248 1320 1896 
938:903:903 
882 732 782 766 495:3371:950 528 1245 216 432 
170 580 963:3972:1680 1392 900 
143 1352 1468 147 969 314:6201:1389 1812 675 342 966 1017 
596 819 363 1173 1422 1339:5835:236 1503 636 1248 1260 952 
1105 782 1271:5455:1071 1660 2724 
755 899 1508 266 23:6798:1629 1122 1893 1188 966 
855 865 1381 1071:6464:1816 1972 1194 1482 
1085 1056 546 197 313 40:10795:1576 2530 2505 1710 2088 386 
1539 110 586 1222 353 1162:8873:2652 1194 1275 1724 924 1104 
663 20 1135 1039 690 806 630:9107:963 2032 1116 310 762 1844 2080 
140 843 227 157:5094:990 1464 1116 1524 
704 793 244:5567:1495 2032 2040 
1526 1282 1120 517 1099:7883:598 2728 963 1869 1725 
1283 867 730 1433:4167:438 1074 1236 1419 
1456 15 1396 1073 4 880:9785:1356 1660 1054 1971 1842 1902 
863 1113 1030 1333:3865:1100 381 1892 492 
494 849 487 1509 787 1409 820:6934:1400 592 1904 1689 566 384 399 
1442 533 317:3369:1220 1305 844 
960 970 1486 1176 760:5799:1203 1680 963 948 1005 
318 275 1190 747:5010:1380 1833 744 1053 
1433 1323 840 863 474:7889:946 2204 1088 1650 2001 
1163 374 1157 1034 1456:6164:300 536 2724 1587 1017 
482 212 821 1137:2791:544 602 993 652 
948 332:2913:1680 1233 
585 1207 521 1237:5640:1176 1047 1950 1467 
1301 1245 363 519 1367:6919:352 1260 636 2103 2568 
851 1394 1457:5746:1362 1832 2552 
1141 779 242 1078 142:4988:744 1002 986 936 1320 
950 1267 1023:3780:1902 1256 622 
763 14:1879:886 993 
1063 1473 297 308:4666:1689 908 489 1580 
1117 1073 431 1546 1450 1100:6242:1370 1971 546 324 1605 426 
745 1448 832 761 1304 223 445:11309:616 2960 2244 867 378 1764 2480 
1024 968 86 242 1091 808:8305:1510 720 1635 1479 1989 972 
695 558 1261:3478:2680 450 348 
845 508 1278:6548:777 3635 2136 
735:1350:1350 
166 482:1876:1332 544 
1038 955 1258 776:7318:411 2800 472 3635 
1425 582:3611:1532 2079 
665 316 433 256 1491 422:9706:1172 944 1026 1840 1832 2892 
802 1439 569 1281 1531 1448:8164:1032 876 2188 1557 291 2220 
110 1012:3242:1194 2048 
1152 1322 746 143 1139 669 1345:11880:1900 1806 2892 926 2228 682 1446 
716 1362:1475:656 819 
920 1009 460:3761:685 2224 852 
1425 184 1498 1336 733 1315:9171:1915 1893 1688 1238 1041 1396 
1465 1209 394 390 1186 783:12570:2620 1964 2216 3475 906 1389 
1555 1312 736 546 1129:7041:2088 855 1188 1503 1407 
663 952:2738:642 2096 
939:411:411 
902 353 536:3072:728 924 1420 
64 1152:3108:1208 1900 
466 903 100 749 533 743:8030:1554 1389 1170 1960 1305 652 
1126 1203 1559 783:4199:669 1116 562 1852 
666 837 260 1215:4136:656 1192 1412 876 
574 1516 1446 430 810:5688:1512 1980 944 1032 220 
950 214 1117:5523:1902 1566 2055 
331 940 1256 1013:4110:1530 1548 498 534 
501 364 1067 451 381:7659:1024 1970 1685 1296 1684 
1536 1187 1303 1127:5224:936 2060 372 1856 
864 648 444 894:4666:1495 1476 1368 327 
12 1314 498 494 877 887:5562:588 366 1344 1050 1176 1038 
1416 840 651 1233:2550:1034 816 292 408 
441 784 913 1389 468:3142:306 200 984 1016 636 
52 1433 697 41 917:4102:1600 946 702 450 404 
594 205 854 541:4420:440 2048 588 1344 
1036 699 1469 693 570:4963:1146 813 760 1424 820 
53 916 766 816 800 529 1139:9775:2572 1410 324 804 1764 1230 1671 
513 1282 506 1528:8338:428 2728 3450 1732 
61:405:405 
643 1092 943 993 976:9031:1356 1748 1284 3775 868 
1526 684 307 52 794 790:4620:1196 384 538 1200 876 426 
258:912:912 
1533:1784:1784 
574 1383 74 1549 1439 956:5611:1512 1377 891 590 584 657 
1008 1124 947 211 1114 432 521:8151:483 306 240 2040 1902 1230 1950 
1397 61 1164:1567:548 405 614 
1183 1060 604 82 638 1353:7751:594 2016 678 982 1869 1612 
378 428 411 141:4427:832 256 475 2864 
624 727 311 174:5419:1305 1516 1656 942 
517 1006:4342:2492 1850 
1230 1174 292:2965:417 1248 1300 
404 654 571 874 392 415:5527:484 1113 448 1208 708 1566 
914 1004 454:3778:1401 1725 652 
275 592 348 1330 1141 165:6830:1833 1374 928 771 744 1180 
1277 1288:2223:1422 801 
1044 1227 1304 102:4031:884 1641 252 1254 
113 1400 452 768 938 362:6440:826 519 1272 1488 903 1432 
1075 1485:1877:837 1040 
1052 316 1218 536 626 76 260:6728:753 944 686 1420 960 906 1059 
166 1268 519 769:3406:888 810 1402 306 
506 1288 751 29:4937:1380 1068 1137 1352 
1171 928 352 162 745 689:6385:1998 1560 238 1503 462 624 
202 212 728:2638:610 903 1125 
1102 1218 1042 719 1208 526 518:9029:678 686 621 2340 2108 1616 980 
1491 569 1258:3369:1374 1641 354 
1175 399 276 698 176 732 303:7054:1268 495 2115 850 852 528 946 
673 696 307 956 739 949:5547:1437 399 538 657 864 1652 
1164 388:1755:921 834 
9 1284 96 1011 568 59:10894:2120 1434 1608 2284 2496 952 
1122 1051 36 512:4065:435 270 1260 2100 
1321 984:1317:882 435 
1308 599 316 272 43:7240:1964 1640 944 2076 616 
1298 83 626 688 1325 455 1265:8653:1032 2932 480 1308 810 1680 411 
123:2900:2900 
632 443 1025:2423:444 684 1295 
357 1045 297 546 463 353:7950:1029 2684 815 1503 687 1232 
1322 586 1489 806:5266:1806 765 1312 1383 
1089 939 989 973:2766:1428 411 465 462 
193:2892:2892 
1335 333 1048 1085 416:7314:1696 1052 1182 788 2596 
959:1128:1128 
902 753 803 786 516:4530:364 1104 2046 354 662 
190 186 983:3888:2205 1227 456 
1488 1312 989 1478:4418:1239 1140 620 1419 
833 629 1079 929 979:6330:1335 424 1287 400 2884 
573 197 1499 683:5780:1242 2280 1016 1242 
843 1413 704 421 377 1292:9422:1464 2568 1196 1698 1236 1260 
1500 188:2386:904 1482 
1260 884:1730:260 1470 
197 1100 418:4528:1710 426 2392 
1410 834:2348:656 1692 
1556 1167:2441:1473 968 
1050 434:1277:476 801 
1169 1047 1469 947 624 1339:7069:1132 2300 1140 240 1305 952 
364 414 398 127:4560:1576 986 750 1248 
610 714 298 161:4665:804 1437 1551 873 
504 993:4040:1020 3020 
1217 1160 278:4078:482 940 2656 
640 557 861 378 401:4109:1401 486 1416 416 390 
668 306 1327:6303:2728 2253 1322 
851 1527 539 1388 1105:6995:908 1830 2022 1164 1071 
1144 529 872 1001 1477 556:7315:474 1640 934 1407 1042 1818 
470 120:2826:1563 1263 
998 50 366 536 1518:7401:669 2115 1296 1065 2256 
1368 965 337 27 1169:6366:1923 852 420 1473 1698 
417 267 683 41 1156:4876:1521 640 1242 450 1023 
866:2019:2019 
513 617 201 63:5510:321 824 1680 2685 
407 896:3202:1178 2024 
966 84:2868:1848 1020 
1085 282 1345 1129 925 1375:7956:1182 680 2169 1876 453 1596 
842:1656:1656 
27:982:982 
902 619 576 1491 1462:3687:364 1308 260 1374 381 
107 357:1669:640 1029 
390 400 916:5570:2780 1380 1410 
617 706:2583:618 1965 
430 1426 956 74 230 1492:6330:1032 2205 438 891 936 828 
883 479 1409 1099 683 546:7031:1094 1179 288 1725 1242 1503 
1020 44 1546 664 820 111:7154:294 3010 324 1585 665 1276 
1273 1136:3807:1821 1986 
1086 298 1080 543 1379 443:6359:1964 1034 796 867 1014 684 
574 79 1420 1216 108 1516 8:8250:1512 732 636 1158 750 1980 1482 
1416 41 118:2973:1551 600 822 
657 1333:1462:1134 328 
1190 387 1036 820 1030 1479:6821:744 1868 1146 532 1419 1112 
1229 1413 1489 287 1069 947:6176:711 2568 1640 576 321 360 
1523 414:2564:592 1972 
174 717 1193 1319:4739:1256 2094 489 900 
877:588:588 
695:2680:2680 
529 1377 1094 1465:8994:2050 2036 2812 2096 
968 219 469 386 275 1351:7353:720 1808 964 800 1833 1228 
315 818:1269:534 735 
1068 186 342 1191:3680:1188 818 894 780 
1047 298 548 465:8243:1725 2068 1650 2800 
1061 699 162 998 63:6533:1172 1355 1503 892 1611 
1088 1071 1215 266 582 339:9699:2528 1976 876 1188 2079 1052 
779 403 1291 379:4982:668 831 1392 2091 
1108 813 530 486 1401:4879:1196 1076 1398 645 564 
669 1478:2783:1364 1419 
969 1378 203 1358:3303:966 438 363 1536 
433 1548 1039 689:2752:684 512 620 936 
1555 1445 962 985 1276 367 151:7320:1566 258 654 405 1032 1833 1572 
120 609 1485:3198:1684 994 520 
919 343:2242:594 1648 
1478 675:3902:1892 2010 
559 1501:3103:2097 1006 
1332 610 1232 643 1359:3224:384 804 860 678 498 
826 1436 194 1509 933 743:6150:993 664 1791 1126 1250 326 
806 1548 400 783:3245:1383 384 552 926 
474:2001:2001 
920 358 1446 564:3507:274 2037 944 252 
1053 38 514 736 281 1090:6525:1023 726 969 1188 1371 1248 
1506 1063 553 204 320 557:8099:2544 2252 712 879 1226 486 
871 122:2518:942 1576 
1166 405 1:4234:1245 1923 1066 
734 411 900 218:3999:366 285 1008 2340 
351 401 384:2642:1928 520 194 
1131 1474 459:2922:906 1544 472 
205 1401 865 143:4708:1024 846 986 1852 
1042 465 276 859 389:6054:621 1120 2820 512 981 
407 684 973 357:3873:1767 384 693 1029 
834 923:1893:1128 765 
647 85 1173 291 447 151:10350:2076 472 2080 2130 2020 1572 
946 637 221 83:5581:1052 495 2568 1466 
1163 427 1329:3935:450 1920 1565 
813 543 1152 1469 1225:5334:538 867 1425 1140 1364 
1010 607 1123 1227:6131:1431 1575 1484 1641 
700 191 1399 1516 1339:6751:1521 2016 942 1320 952 
817:1140:1140 
1166 1456 840 1183 168 230 867:6107:1245 678 1088 891 663 468 1074 
1440 731 448:4420:1002 2888 530 
1453 970 1407 604 1253 1037:5440:1776 1680 230 452 990 312 
445 535 1446 72 148 504:11222:1240 2475 944 2008 3535 1020 
285 69:1788:658 1130 
512 375 1078 462 391 934:5881:1575 1260 936 760 735 615 
395 551 1400 1117 1487 845 402:6790:786 1881 519 2055 340 777 432 
741 325:1015:423 592 
138 908 132 1153 431:4372:1976 500 1056 294 546 
471 521 504 648 1257 15:6351:435 1950 1360 984 792 830 
1394 1138:2799:1374 1425 
52 928 1017:3996:1200 1248 1548 
1344 1154:1786:1108 678 
921 119 768:4239:992 1263 1984 
811 1194 1204 162 1410:6528:1032 1662 1347 1503 984 
1131 835 553 509 1424:7724:1812 2492 712 1312 1396 
692 1501:2697:1188 1509 
992 1401 226 1381:3779:945 846 396 1592 
359 1474 965 615:3861:464 1544 1136 717 
700 589 107 130 1299 390 173:10670:1521 1464 1280 1688 1572 2085 1060 
642 465 822 1311 629:5732:598 2240 664 1806 424 
403 1478 1501 698 203 1545:7007:1108 1892 1006 1275 484 1242 
243 598:2224:1692 532 
23 1337 761 572 1154 684:5354:966 309 1156 1311 1356 256 
1500 458:2597:1808 789 
1257 1440 1517 315 1097:5148:1188 2004 216 534 1206 
292 342 325 55:5864:1300 596 1480 2488 
1048 738 322 185:4879:788 1026 2855 210 
1027 1264 528 1431:6480:1760 1776 704 2240 
372 168 1031 882 932:6771:2944 663 436 1900 828 
1135 319:1593:744 849 
1118 49 925 1428 879:8682:1731 2612 604 3132 603 
116 1178 962 758 1208:11072:3036 3228 981 1719 2108 
326:1338:1338 
1515 46 1055 1238 1315 113:6539:396 2516 574 831 1396 826 
1554 1072 1509 706 1355 1138:6765:1512 1032 1126 1310 360 1425 
450 539 1548 173 250 606:9350:3020 1348 384 530 2072 1996 
885 908 519 1168 952:8563:1056 375 2804 2232 2096 
1079 1501 979 1534:5226:1287 1006 1442 1491 
658 602 1278 1434:4766:1976 1194 1068 528 
1092 344 593:3582:874 1308 1400 
533 1155 566 1282 905 649:11735:2175 1860 1292 2728 1728 1952 
722 573 622 606 749 1359 117:10239:2116 2484 438 1996 1470 747 988 
287 1123:2636:1152 1484 
64 21 936 907 397 48 164:10417:906 1724 1473 2464 747 1468 1635 
264 1512 1096 1373 104 1046:9217:1082 194 1888 2756 2013 1284 
871 401 1077 1233 937 654 611:7075:942 520 1406 544 2091 1113 459 
328 1482 854:1935:699 354 882 
644:471:471 
424 1339 896 1066:4176:562 476 1518 1620 
1472 990 1013 624 1273:7155:1179 1782 1068 1305 1821 
670:960:960 
1466:951:951 
794 565 122 1171:4290:438 672 1182 1998 
994 499:1429:423 1006 
312 588 878 262 605:5507:1197 828 1448 747 1287 
733 556:3465:1041 2424 
267 849:1504:320 1184 
190 80 1155 34 789 1438 1222:8015:1470 2055 1116 626 1394 492 862 
313 1216 533:3942:1044 1158 1740 
1452 64 1046:3519:1650 906 963 
260 1363 614 863:6712:1059 1948 2055 1650 
381 803:3730:1684 2046 
1402:942:942 
936 1519 1462 580 736 27:6988:1473 780 381 1392 1980 982 
1287 1150:2738:992 1746 
1100 311 1093 557 1393 457:5304:426 828 1098 729 1008 1215 
490 1553 1337 1133 24 1433 1483:7714:888 1316 206 915 921 1892 1576 
1430 55 132:5347:1803 2488 1056 
671 1347:2234:1620 614 
833 165 614:4570:1335 1180 2055 
1487 444 135 1276 1553 284:8284:510 1824 3044 1032 1316 558 
1160 1316 1021 738:3723:1410 276 669 1368 
1430 974 225 475 392 282:7879:1803 568 2808 1482 708 510 
1251 514 1417 735:8166:2632 969 3485 1080 
868 918 901:4212:1998 1122 1092 
681 1224:1950:1242 708 
1377 1121:3870:1527 2343 
1105 35 911 1414:5533:1428 1480 1860 765 
1078 1221:2020:936 1084 
318 955 85 894 1144 1061:6652:1840 2100 472 436 632 1172 
1378 869 519 636 459 137 625:7410:292 1188 2103 988 354 1881 604 
10 286 576 1518 303 432 908:6263:526 756 390 1692 1419 1230 250 
928 632:920:624 296 
505 1154 938 1148 39 1448 1498:10366:1172 678 903 2016 1689 2220 1688 
1348 1531 1194:3281:1425 194 1662 
828 665 62 645 589 1265:6093:458 1172 1374 1839 976 274 
404 919 1023:2239:726 891 622 
1302 620 1123 574:4347:682 536 1113 2016 
223 73 123 107 250 860:9041:1176 842 2175 960 2072 1816 
560 1276 899:2948:936 516 1496 
982 340 310 1359 1009:4166:1130 222 399 747 1668 
570:820:820 
1013 597 873 1163 547 890 1019:10025:801 1488 1736 600 820 1852 2728 
480 636:2924:948 1976 
214 863 647 857 1306 1156:9400:1566 2200 2076 1140 1395 1023 
211 993 871 1293:5055:1020 1510 1413 1112 
634 471 1426 451 394:8709:1880 290 3675 648 2216 
72:1506:1506 
358 1074 600 344 1087 1083 322:8291:1358 1078 1320 1744 900 178 1713 
514 365 415 398 541:5407:646 2223 1566 300 672 
119 115 498:2658:842 472 1344 
1417 1240 918 1407:6188:2788 1257 1683 460 
178 228:1294:702 592 
777 28:3554:1400 2154 
1077 1486 311 321:5713:2109 642 1242 1720 
1131 1087 444 1 1463 1114:8691:1359 900 1824 1599 1107 1902 
1267 651 581 1124 42 265:6927:942 438 1578 459 1527 1983 
1307 119 1034 591 82 1290:9500:1235 1263 2645 618 2455 1284 
156 632 855:1862:204 296 1362 
1398 462 1431:4593:1773 1140 1680 
339 295 66 1181:5165:789 1178 1974 1224 
1287 1537 1454 199 1275 1298 495:7354:744 1521 2031 1188 448 774 648 
1262 912 1029 852 529:3977:286 1443 622 396 1230 
330 1085:2831:2043 788 
403 679 968 353:3638:831 855 720 1232 
842 665 1487 832 149 239:9746:2760 586 680 2244 1912 1564 
882 133 382 299 189 1264:6861:1425 408 861 942 1893 1332 
739 829:2493:1296 1197 
1135 1079 197 353 1201:8013:1488 1287 1710 924 2604 
1228 147:2010:1668 342 
427 1049 460 1176 799 543:8673:1536 2904 852 948 1566 867 
466 516 500 643 1252 11:7301:1554 993 1848 678 850 1378 
1389 1133:2439:1524 915 
47 923 1013:3219:1398 1020 801 
1339 1150:2936:1190 1746 
917 114 763:3084:808 504 1772 
904 1287 1297 255 1503:4158:558 744 948 345 1563 
1126 831 548 504 1420:4732:892 1084 1100 1020 636 
687 1497:2670:804 1866 
987 1397 221 1376:5424:1392 822 1926 1284 
452 9 1057 708:5735:848 1696 1112 2079 
695 585 102 125 1294 385 169:9609:2010 1176 1672 1712 1041 858 1140 
138 627 1503:3618:1976 600 1042 
937 361:1982:1394 588 
1496 694:2465:1341 1124 
577 1519:1755:1443 312 
531 1153 565 1280:1658:324 294 504 536 
1247 777 1453 465 1313:10664:936 2800 1776 2240 2912 
895 1024 1500:5185:357 3020 1808 
408 285 708 185:4315:1263 658 2079 315 
279 1367 485:5811:2076 2568 1167 
585 608:1296:784 512 
359 49 1191 1054 199:6928:464 2612 1560 807 1485 
572 222:3905:1748 2157 
243 226 1514 565 882 638 476:8260:1692 264 222 672 950 2492 1968 
30 1052 330 952 363:6179:494 753 2724 1572 636 
1472 1228 652:2637:1179 834 624 
219 469:2079:1356 723 
120 502 513 1029:4702:1263 1767 428 1244 
993 644 760:4233:2265 628 1340 
351 201 251 234 378:6042:964 1260 1365 1413 1040 
1509 334:2121:1689 432 
650 101 284 361:2680:828 520 744 588 
824 554 1163 1479 92:4446:814 1716 450 834 632 
924 521 1450 1140:6516:1506 1950 1605 1455 
614 104 1313 1429 109:11008:2740 2684 1456 1908 2220 
708 731:5689:2079 3610 
1111 68 172 1314 1177 322:6815:288 1854 2256 366 909 1142 
645 362:4703:1839 2864 
1493:2259:2259 
991 1295 812 835 32:9127:1809 1388 2504 1869 1557 
1128 592 1428:5388:882 1374 3132 
116 792 1361 652 369 326:7182:2277 1269 990 936 818 892 
506 1448:4290:2070 2220 
46 1082 79 1209:5804:2516 1083 732 1473 
1176 706 1382 1538 1242:6464:632 2620 434 1262 1516 
530 393 1096 383 312 855 1332:8121:2097 600 1416 1464 798 1362 384 
1352 1296 414 570 1418:6997:1812 950 1479 1640 1116 
902 1445 364:2244:546 516 1182 
1171 450 1072:5508:2664 1812 1032 
905 676:3132:1296 1836 
1275:672:672 
707 490:1845:957 888 
520 796 1085 470 813 1356:7300:2164 723 1182 1563 807 861 
852 823:2916:528 2388 
307 624:2278:538 1740 
929 1179 1096 986 503:6169:400 1449 1416 1935 969 
1259 1336 134 916:6364:1556 2476 922 1410 
800 970 394 1349:6087:1176 1680 1662 1569 
610 1553 1482 467 943:5603:1206 987 472 2082 856 
1084 251 1153:2400:741 1365 294 
734 464 1074 1390 1146:6890:366 2516 1078 1038 1892 
431 947 1051:1086:546 360 180 
1330 647 1151 601:4466:1028 1557 333 1548 
278 9:2176:1328 848 
933 11 700 1509 201 117 421:10972:1875 1378 1521 2252 1260 988 1698 
1010 367 338 1386 1037:3688:954 1222 315 885 312 
500:924:924 
1040 624 901 1190 574 917 1047:8933:771 870 2184 992 1008 808 2300 
508 664:3449:2181 1268 
241 890 674 884 1334 1184:10108:1542 1852 2288 1960 1041 1425 
239 1021 898 1320:4143:782 446 939 1976 
661 499 1454 478 422:8683:1760 1006 2708 1040 2169 
99:862:862 
289 1004 628 372 1114 1110 349:9287:502 1150 711 2208 1902 1518 1296 
92 542 392 442 425 569:4722:316 540 472 1251 502 1641 
546 9 845 1467 879 36:7638:2004 848 777 2776 603 630 
355 205 255 239 382:4757:268 1536 345 1173 1435 
1514 338:648:333 315 
655 105 289 365:7069:1242 2600 1004 2223 
92 302 751 601:4265:474 1872 758 1161 
1500 352 734 331 1261:4131:904 357 366 2040 464 
460 831:1652:568 1084 
415 464 448 177:5168:1566 1258 1060 1284 
144 660 764 348 211:6019:282 1012 1989 696 2040 
1050 1007 778 335 1383:5845:714 778 1398 2037 918 
501 1190 441 691 607:5783:768 992 204 1719 2100 
951 1040 491 674 751:6663:740 771 1920 1716 1516 
888 671 881 1331 1181 1231:7983:471 1620 1062 1497 1224 2109 
1341 139 921 798 1220 698:10000:2568 1284 992 2028 1428 1700 
213 263:3080:388 2692 
812 63:2863:1252 1611 
1111 1521 346 1501:3995:432 387 1164 2012 
479 36 1084 735:3844:786 1260 988 810 
722 612 130 153 1322 413 196:9803:1587 800 844 1476 2408 1320 1368 
166 654 1530:2998:1776 742 480 
964 388:2025:774 1251 
1524 721:1342:472 870 
605 1547:2135:1287 848 
1378 656 1278 689 1308:5606:438 1426 2136 624 982 
826 969 21 337 93 1075 886:7273:993 966 1293 420 528 837 2236 
437:1047:1047 
277 1152 1242 693 876 953:6552:1832 950 1137 712 909 1012 
806 732 343 992:5359:1844 704 1236 1575 
1455 613 650 1539 723:5490:934 704 828 2652 372 
763 600 1555 580 523 1199:6702:886 1760 1044 1392 666 954 
1101 59:2232:1518 714 
1118 330 1112:6502:1731 2043 2728 
1345 635:2946:2169 777 
606 111 1452 1248 43 1451 1501:9474:1497 1914 1100 1866 616 972 1509 
1448 73 150:5710:2220 1684 1806 
689 1365:1230:936 294 
1531 183 633:1581:291 876 414 
1505 463 153 1295 13 303:9124:1533 916 1968 1388 1900 1419 
1178 1334 1039 756:5476:2421 694 465 1896 
1351 895 146 396 313 203:6717:921 357 2860 1172 1044 363 
1269 533 1435 753:8713:3108 1305 2460 1840 
886 936 920:4611:2236 1964 411 
699 1242:2600:1084 1516 
1298 1042:1602:774 828 
1026 1515 832 1336:7060:1548 792 2244 2476 
1096 1239:3052:1416 1636 
337 973 104 913 1162 1079:6727:560 693 1342 1312 1104 1716 
790 440 557 380 58 547:4983:426 378 729 472 1748 1230 
111:1914:1914 
594 1536 321:2002:440 702 860 
1393 1270:1938:1008 930 
1004 361 1476 1380 1031:5889:1150 392 1572 2121 654 
494:700:700 
521 384 1087 471 400 943:7079:1950 388 1200 725 1104 1712 
447 817 174 1289:3144:1010 570 628 936 
1017:1548:1548 
1456 1000:1670:678 992 
534:1818:1818 
1162 440 1062:2784:1104 378 1302 
993 764:4254:2265 1989 
948 1557:2355:1680 675 
871 788 1091:3225:942 294 1989 
1404 1400:2270:1578 692 
1550 175:3672:1464 2208 
1044 1001:2070:663 1407 
285 734 585 634 618 761:5009:658 366 1176 1410 532 867 
325 202 624 102 657 229:5871:1184 610 1305 836 1134 802 
665 875 1324 1175 1225 1208 938:11936:1172 2588 2688 1268 682 2635 903 
1258 921 132 915:3679:354 992 704 1629 
652 490 1444:2806:1248 592 966 
223:1764:1764 
706 90 20:3395:1965 414 1016 
1505 968:2253:1533 720 
473 30 1078 729:3485:250 988 1248 999 
287:864:864 
982 233 483:4579:1695 1428 1456 
1209 953:3497:1473 2024 
743 832:2570:326 2244 
969 1552 1082 200 770 60:6542:966 1488 722 962 1456 948 
856 546 130 406:5007:904 1503 1688 912 
1072 336 1238:2948:1032 808 1108 
722 452 1062 1378 1548:4582:1058 1272 1302 438 512 
919 516 1446 1136:4578:891 993 708 1986 
609 100 1308 1425 104:8075:1988 1560 982 1532 2013 
703 726:4448:1698 2750 
1106 64 168 1310 1173 318:6582:578 906 884 2046 1248 920 
640 357:2773:1401 1372 
1489:984:984 
513:321:321 
1339 124 667 730 1366 497:4983:476 412 1446 618 1020 1011 
348 464:3841:696 3145 
764 188 1556:6101:2652 1976 1473 
358 834 1471 601 1410 102 19:10412:2037 1692 1160 1548 1312 836 1827 
955 911 268 1383 1287:5923:2100 744 921 918 1240 
345 595 512:4574:1652 822 2100 
748 1491:2186:812 1374 
76 952 1041 492:4203:906 1572 393 1332 
848 1457:3806:1254 2552 
1185 1102 991:3634:1072 1356 1206 
1158 315 1497 1241 426 422:7656:478 534 2488 1767 220 2169 
29 1344 767:2098:1014 554 530 
1084 335 584:4734:741 2037 1956 
1310 1054:2853:2046 807 
844 934:2614:1794 820 
1357 1168 193 1281 399 968 259:11015:2140 2976 2169 1557 495 960 718 
719 342 1231 415 825 1208:9252:1404 1192 1406 2088 1581 1581 
698 869 292 1247:3949:850 1188 975 936 
606 1548 1478 462 939:5187:1497 384 1892 1140 274 
982 246 1149:4767:2260 1863 644 
363 972 1288 1045:3620:954 790 534 1342 
630 493 1196 483 412:9413:2080 2430 2775 1092 1036 
10 1219 1335 1159:6045:789 1628 848 2780 
896 680 476 926:6369:2530 795 2624 420 
420 44 1346 530 526 909 919:9617:1236 1806 864 2796 808 1216 891 
766 1375:1014:216 798 
496:298:298 
523 799 1088 473 816 945:7237:999 1566 1896 250 1206 1320 
855 412:2334:1816 518 
942 1552 310:3241:1221 1488 532 
992 1535 453 676 220:7152:945 1527 1506 1836 1338 
196 1072 1161:4872:1824 1032 2016 
1238 968 19 336 92 1488 885:8099:1108 960 2436 404 632 1239 1320 
435:1599:1599 
1288 951:1644:534 1110 
1275 566 283 239 10:5859:896 1292 1972 1173 526 
1265 50 593 655 1292 422 1231:13269:548 2115 1750 1242 1890 3615 2109 
829 187:1911:1197 714 
114 563 413 463 446 590 1199:6685:504 636 880 458 2094 682 1431 
929 153 30:2270:300 1476 494 
24 1112 230 386 91 1366:8052:614 2728 468 1200 1512 1530 
1353 937 800 1502:6522:1209 2091 1764 1458 
317 1525 84 321 1143 487 1363:11056:1688 2211 1530 1290 972 1904 1461 
1316 700 629 1172 91 313:8040:552 2028 318 2064 1512 1566 
177 1452 1409 1180 737 227 1436:7946:963 2200 288 2127 920 1116 332 
1342 926 1203 1492:4877:2900 315 558 1104 
817 468 584 408 85 574 1353:7747:855 954 978 1263 472 2016 1209 
381 857 1493:4703:1684 760 2259 
541 1323 1200 64 1100 98:7590:1344 2204 1364 1208 426 1044 
665 648:2648:1172 1476 
1214 465 715:3625:717 1680 1228 
232 654 132 688 1403 1441 771:8466:1359 1484 1056 1308 1740 952 567 
815 598 395 1258 1108:3786:346 798 1572 472 598 
468 1090 501 1217 840 584:6710:1272 1664 768 723 816 1467 
507 557 541 684 1294 52:5149:1326 729 1344 256 694 800 
1430 1174:3051:1803 1248 
89 964 1054:3237:882 1548 807 
1380 1191:3608:2828 780 
958 155 804:4925:1320 2061 1544 
848 1231 1241 199 1447:9401:1254 3515 1767 1188 1677 
1168 872 589 545 1461:8256:2976 1868 976 1020 1416 
513 1216 600:3239:321 1158 1760 
560 1330 554:3527:468 771 2288 
986 11 1513 631 787 77:9045:1935 3445 672 564 1415 1014 
1240 1103:1742:838 904 
1487 1150 362 1144 607 1443 507:8019:680 1746 1432 474 1575 786 1326 
1499 245 1320 1343 541 45:4882:762 558 988 1611 672 291 
1480 105 85:4094:786 2600 708 
1191 721 1397:4006:1170 1740 1096 
615 532 421 1497 375:6301:717 1382 1698 1244 1260 
1031 255 132:1703:654 345 704 
1210 1366 1071 788:3810:1014 1020 1482 294 
1383 927 178 428 345 235:5707:1377 476 936 256 826 1836 
1204 468 1370 688:6374:1796 954 1880 1744 
821 871 854:2523:993 942 588 
731 1274:2952:2166 786 
1330 1074:2388:771 1617 
1058 1547 864 1368:7056:2024 1272 1196 2564 
1031 1174:2318:654 1664 
271 908 38 848 1097 1014:6729:1732 375 484 2090 1608 440 
1331 822 472 589 412 90 579:4901:998 996 456 976 777 414 284 
1521 239 529 1471 256 385 861:6561:516 1173 820 870 1380 858 944 
1295 825 1501 100 1362:5153:694 1581 1006 780 1092 
1452:1100:1100 
349 1279 969:3621:864 1791 966 
104 979 1069 520:5990:1342 2163 321 2164 
777 627 677 660 390 999:7880:1400 900 1668 1518 1390 1004 
1386 797 1512 1136:6164:1180 2045 291 2648 
1479 1423 541 697 1546 1263:6773:1112 2305 1344 936 432 644 
1153 737 1013 1302:3247:392 690 801 1364 
1060 1176 999 677 1166 1163:6359:1008 632 1506 1668 1245 300 
523:666:666 
1063 647 924 1213 597 940 1069:10383:1689 1038 2008 2164 992 2064 428 
1413 531 687:4338:3210 324 804 
1223 1113 630 653 264:6077:348 508 2080 1518 1623 
262 1044 921 1343:4080:498 442 992 2148 
684 521 1476 501 445:5136:512 1300 1572 512 1240 
122:788:788 
311 1027 651 395 1137 1133 372:7819:828 880 438 1572 978 915 2208 
115 565 415 465 448 592:5200:236 336 1044 1680 530 1374 
569 32 868 1490 901 59:9961:2188 1557 1998 1320 2184 714 
360 210 260 243 387:6026:478 885 1059 1269 2335 
1518 343:2928:1692 1236 
659 110 293 370:4878:1584 1592 1192 510 
736 466 1075 1391 4:6892:1188 2072 558 618 2456 
933 530 1459 1149:5223:1875 2097 768 483 
623 114 1322 1439 118:4588:1014 672 1204 876 822 
717 740:3558:2094 1464 
1023 1538 84 1226 1089 234:8638:622 1893 2040 1713 1428 942 
654 371:1120:742 378 
1502:1458:1458 
903 1207 724 747 1502:7488:1389 1396 2192 1053 1458 
1138 601 1437:3427:950 1161 1316 
125 801 1370 661 378 335:7812:1284 2024 1410 1320 416 1358 
418 1360:3078:1794 1284 
55 1091 89 1218:6388:2488 1989 882 1029 
1185 715 1391 1547 1251:5656:536 1228 412 848 2632 
1341:1284:1284 
238 1168 858:4974:738 2976 1260 
90 966 1055 506:5421:414 1386 861 2760 
862 1471:2627:1467 1160 
1199 1115 1005:4790:1908 1868 1014 
1172 329 1511 1255 439 435:7879:1548 987 474 735 2536 1599 
43 1357 781:3510:924 1070 1516 
1097 348 598:2966:1206 696 1064 
1324 1068:3204:2016 1188 
1540 858 948:4994:1914 840 2240 
1085:788:788 
579 789 1238 1088 1138:9247:568 2788 831 3160 1900 
733 356 1244 429:3979:694 1800 663 822 
1061 766 483 439 1355:4474:1172 432 728 1902 240 
1431:2240:2240 
620:268:268 
1019 1429:3954:2046 1908 
260 1162 480 570 20 204:5822:706 828 948 1230 1524 586 
60 1229:1896:1422 474 
1416 373 477 61 1482 627 11:7293:1034 1551 310 270 472 900 2756 
993 1309 1066 490 301 883 827:9191:2265 1989 2160 592 192 1641 352 
874:1510:1510 
664 753 204 387 464 820 458:8394:634 1472 586 1868 2516 266 1052 
897 814 703 221:5214:306 1284 1698 1926 
967 538:908:440 468 
622 272 389 212 1034 378:6609:438 2076 981 903 1587 624 
558 807 724:3030:600 786 1644 
1533 863 48:4535:1784 1650 1101 
21 1230 1346 25:4553:1293 695 1728 837 
647 258 907 691 487 1350:8198:1038 912 1848 2292 1428 680 
1198 1381 1044 255 1037 501:5264:1980 1194 884 230 208 768 
1237 434 1497 1281 1077 1526:10188:1956 801 1866 1557 2812 1196 
70 1091:2508:519 1989 
825 182 153 1201 852:6580:1581 682 1968 1953 396 
319 1008 259 508 425 315:6397:849 644 1436 2181 753 534 
1558 1381 645 1548 866:5961:1596 796 1839 384 1346 
445 56 705 489:4928:2480 516 328 1604 
229 266 1155 339 749:5143:802 594 1488 789 1470 
492 1074 1018 136 292:6527:999 1078 330 2820 1300 
1168:2976:2976 
153 149 945 542 1058:7050:1968 1434 1320 810 1518 
629 785 76 1351 1307:4579:424 1592 1208 614 741 
200 262 899 29:4415:1443 498 1122 1352 
1148 1504 1142:4598:1512 858 2228 
114 1202 320 11:7294:504 2271 2452 2067 
270 906 37 846 1096:5499:1239 232 924 1216 1888 
480 1356 1445 896 1079:4762:632 861 387 2024 858 
28:2872:2872 
1436 128 44 1492 1010:4838:498 400 1204 828 1908 
477 1486 111 1332 544 1326:6403:310 1284 1914 384 1575 936 
1136 227 11 1365:4801:1324 1116 2067 294 
1512 751:1428:291 1137 
564 1067 518 701 364:4317:378 1348 980 429 1182 
397 847 697 747:4896:747 2043 702 1404 
927 938 1453 1144:3811:357 1204 1776 474 
1060 1031 522 172 289 112:6183:1512 654 1172 1692 753 400 
1514 85 561 1198 328 1137:6133:333 708 775 2640 699 978 
335 1543 102 1483:7044:2716 1916 836 1576 
158 807 591 801 1250:5749:1132 1048 824 1518 1227 
718 1140 618 1173 331 368:7323:1305 1455 1064 832 2040 627 
182 166 1453 505:4907:1364 888 1776 879 
632:296:296 
1031 1027:1974:654 1320 
594 272 761 78 582 33 216:8693:330 1384 578 1149 2772 494 1986 
159 408:2211:948 1263 
59 442 452 968:3959:476 1251 1272 960 
1218 575 546 36 1245 1361:7036:686 1046 2004 630 1680 990 
1157 76 712 1401:6529:2043 604 3036 846 
1059 1415 639:5416:800 2148 2468 
872 576:1194:934 260 
1098 882 1092 1541 1392 1442:6433:789 1425 1311 1048 640 1220 
1475 1138 349 1132 1009 1431 909:11010:2832 950 1728 936 1668 1680 1216 
939 1482 400 623 167:3719:411 472 828 1690 318 
392 896:2968:944 2024 
1202 1145 263 419 1268:6036:1514 846 1346 1250 1080 
752 1295 1358:2634:441 1041 1152 
1042 679 143 979 43:6136:828 1140 1389 2163 616 
1166 1149 1292 344 660 417:8908:1245 483 1890 1744 1518 2028 
760 383 1272 456:4891:670 1464 1302 1455 
1089 793 510 467 1382:7364:1904 2032 218 2776 434 
747 1556:2526:1053 1473 
1046 1456 281 1435:5319:963 1017 1371 1968 
414 1529 1019 670:7074:986 2400 2728 960 
754 644 162 185 1353 347 131:6986:1419 471 2004 315 806 678 1293 
1260 1376 1200 877 1366 684:4936:390 1284 682 1176 1020 384 
667 917 834 1137:4878:1928 606 1692 652 
653 291 1313 591 1213 624:9957:2024 1704 2912 824 1623 870 
780 630 680 663:4900:2168 1560 530 642 
774 1290 980 564:3688:1398 1284 628 378 
45 867:910:194 716 
900 338 1426:2898:1008 420 1470 
1320 1237 1127 644:5613:1976 1467 1856 314 
738 1293 451:3434:1026 1112 1296 
1043 534:2091:879 1212 
625 941 698:5094:1208 3036 850 
851 103:1584:908 676 
1147 385 1540:2908:774 858 1276 
714 392 881 198:4736:1916 708 1416 696 
331 381 365:3344:1020 842 1482 
362 639 928 312 655 1198:10469:2864 1851 936 1596 1242 1980 
695 666:2502:2010 492 
150 466:3276:1204 2072 
1021 938 828 345:3381:669 602 458 1652 
1417 281 1317 315 1444:5757:2091 914 1752 356 644 
498 1107 1423 36 1018 415:6257:896 1452 1383 630 330 1566 
173 582 965:3442:795 2079 568 
146 1354 1471 150 971 316:8278:2145 1204 870 1806 1545 708 
599 822 366 1175 1425 1341:8168:1640 996 864 951 1149 2568 
736 386 503 326 3 492:4848:792 1200 646 892 652 666 
43 1518:2616:924 1692 
513 1256 1251 76 87 602 293:9132:428 996 3290 906 1026 1592 894 
710 1319 78 1392:2730:744 900 766 320 
743 1032 417 760:3387:326 200 1521 1340 
497 1506:3256:1348 1908 
747 1423 21 1283 1000:4873:702 1383 862 438 1488 
1137 521 451 993 1470 134:8203:978 1300 648 3020 874 1383 
1177 1547 904 461 1509 1160:8764:1212 1272 1116 1972 2252 940 
405 627:3123:1923 1200 
607 1350 1346:3458:1050 680 1728 
1323 973 1090 913 590:4722:1102 693 1248 656 1023 
948 368 391 1146:4442:1680 836 980 946 
1453 1197:4084:2368 1716 
111 987 1077:5879:1914 1856 2109 
1403 1214:2218:1740 478 
641 1078 275 924:6261:1484 936 1833 2008 
1290 862 485 1373 558:8319:2568 1467 778 2756 750 
1011 435 1390 828 358 1034:7598:1142 2132 692 687 1358 1587 
909 599:2446:1216 1230 
1547 1425:2421:1272 1149 
516 73 1121 772:7253:993 1684 3124 1452 
233:1428:1428 
239 1341 593 842:5064:782 1926 700 1656 
579 1361 824 102:3342:284 990 814 1254 
928 1244 1001 425 235 818 762:8014:936 442 1876 753 1836 735 1436 
1317 595 1217 628 1344 968 712:6713:1314 1096 723 474 1108 480 1518 
222 432 882 732:4930:2157 820 1425 528 
73 482 865 875 1391:5340:842 408 1972 1294 824 
549 705 409 126 83:9518:1316 656 3675 939 2932 
1205 1135 120 596 819 363:7426:996 1116 1684 354 2004 1272 
636 286 403:3044:1482 1008 554 
307 290 20:3326:538 1264 1524 
150 853 237 167 710 1186:6546:1806 1350 1476 318 992 604 
849 620 177 1226:5126:888 670 1284 2284 
1049 554:3322:2178 1144 
783 367 643 932 317 660:8992:1852 1833 1695 828 1266 1518 
434 1110 122 971 688 644 1:7309:534 1518 788 2060 872 471 1066 
888 578:1876:628 1248 
1526 1403:1767:897 870 
1278 1234 592 148 53 1261:8040:1602 324 1832 2121 1929 232 
1317 702 631 1174 92 315:6955:1752 2940 423 832 474 534 
82 1357 169 1084 641 132 1340:10573:1473 2140 1140 741 2968 704 1407 
1138 96 200 1342 1204 349:8466:950 1206 1924 2175 1347 864 
672 389:3198:1890 1308 
1521:387:387 
1019 1322 840 863 60:7932:1364 2408 1088 1650 1422 
1156 619 1455:3858:682 1308 1868 
143 819 1389 679 397 353:8533:2315 2004 2032 570 996 616 
533 1475:3429:1305 2124 
74 1109 107 1236:5293:1485 384 960 2464 
1203 733 1409 7 1269:5847:558 1041 192 948 3108 
1456:1017:1017 
354 1283 973:1969:838 438 693 
108 984 1073 524:5122:1500 435 1971 1216 
880 1489:3214:1902 1312 
1492 1036 288 537 454 344:6145:828 1146 1635 902 326 1308 
899 577 1066 383:7051:1496 1443 2160 1952 
666 517 566 550:4362:656 1869 969 868 
757 1273 963 547:3862:478 1214 1350 820 
1167:1452:1452 
1000 291 8 1523:5562:1488 1704 1482 888 
957 1206 1123 1013 530:8565:2212 1971 1484 801 2097 
1287 1364 162 944:3536:992 1192 1002 350 
827 998 421 1376:3682:352 669 1698 963 
32 735 119 49 591 1068:7752:1557 540 1684 1959 824 1188 
1145 502 59 1107:5086:564 2356 714 1452 
1344 435:1897:831 1066 
662 525 1228 612 542:6534:1260 1596 1668 1200 810 
688 511:1820:1308 512 
987 411 222 804:5028:1856 190 1438 1544 
355 898 960 39:3670:402 939 1203 1126 
288 644:2494:2180 314 
612 1461 1178 1134 394 365:8488:1200 944 1614 658 1108 2964 
1068 652 928 1217 602 945 1074:8736:1188 624 1248 964 796 1760 2156 
1417 535 691:7262:3485 1485 2292 
1325 1215 732 755 366:6309:1080 1168 704 1629 1728 
266 1048 925 1348:4361:594 788 604 2375 
688 526 1481 505 449:5904:1744 808 1380 586 1386 
839 224:951:351 600 
380 1002 413 1129:4968:708 1533 1320 1407 
1039 157 313 1162:4397:465 1016 2088 828 
1019 270 519 436:6576:2046 1239 2103 1188 
573 37 873 1495:6761:1863 924 1302 2672 
1115:1401:1401 
383 233 283 266 409 1019:8738:976 952 986 891 2205 2728 
1435 1059:2676:1476 1200 
18 1400 663 8:3366:896 519 963 988 
507 717 1167 1017 1067:7824:1326 2792 968 2064 674 
1236:2464:2464 
77 1513:2700:2028 672 
1246 604 161 1209 860:5467:564 904 1164 1473 1362 
847 737:2733:2043 690 
1076 1180 764:6565:1740 2836 1989 
873 1377 827 1011:5031:868 1527 352 2284 
235 551:4344:1836 2508 
1106 1023 1327 844:6860:867 1555 2644 1794 
1493 651:3450:3012 438 
734 384 501 324 2 491:4488:366 194 768 692 548 1920 
394 871 1507 638 1447 138 55:11358:1662 1413 1324 1869 2236 988 1866 
991 948 305 1420 1324:7801:1809 1120 1902 954 2016 
479 728 645:5524:1572 1500 2452 
785 1527:2626:796 1830 
113 988 1078 529:7891:2065 2528 1248 2050 
885 1494:2044:792 1252 
1497 1041 292 542 459 348:4706:1866 393 975 540 236 696 
904 581 1070 388:7034:1116 1578 2672 1668 
671 521 571 554:5926:2160 1950 672 1144 
762 1278 968 552:3440:1436 1068 720 216 
1171:1998:1998 
1005 296 13 1527:4649:1521 348 950 1830 
961 1211 1128 1018 535:6624:795 2085 1764 495 1485 
1291 1368 166 948:6428:1856 2564 888 1120 
832 1002 426 1381:4179:1122 1533 330 1194 
1497 642 27 1514 499 975:8876:1866 598 1964 333 2012 2103 
1149 506 63 1112:6900:483 2760 1611 2046 
1349 440:1821:1569 252 
1545 1408 553 1495 1424:7555:1242 1503 712 2004 2094 
692 515:2279:891 1388 
992 416 226 809:3786:1260 1298 264 964 
359 902 965 43:2710:696 546 852 616 
390 746:4921:3475 1446 
47 617 1465 1182 1139 496 467:9311:1864 824 1048 544 1114 447 3470 
856 866 1382 1072 656:7197:1356 2019 651 1032 2139 
171 1086 643:5059:1587 2455 1017 
371 1020 803 1013 1463 1313:8813:504 392 2728 801 1476 2912 
271 1053 930 1352:4941:866 682 1128 2265 
693 531 1485 510 454:2964:1424 216 780 218 326 
844 228:2090:1794 296 
384 1006 418 1133:4110:291 1110 1794 915 
1044 162 318 1167:4957:663 1002 1840 1452 
1023 274 524 441:5133:1244 2163 1216 510 
216 838:3330:1986 1344 
893 1009 832:3306:516 1668 1122 
1333:328:328 
254 37:1142:218 924 
480 757 1046 430 773 903:5065:948 717 963 688 360 1389 
813 370:1317:807 510 
360 410 393 123 733 1049:7038:717 705 600 1450 1388 2178 
400 1436 433 1149 1186 516:5679:1104 664 1368 644 906 993 
853 903 886 616 1225 1542:7135:2025 1389 1677 1012 682 350 
1362 1106:1686:819 867 
1090 21 896 1399:5923:1664 1293 2024 942 
1063 1206:4317:1689 2628 
303 940 70 880 1129 1046:8966:1892 1032 346 2536 1876 1284 
1363 854 504 621 444 122 611:6238:974 882 1020 506 1368 1182 306 
1553 271 561 1503 288 417 893:7988:1316 1299 310 1563 1635 1521 344 
1327 857 1533 131 1394:6925:1322 1140 1338 1293 1832 
1007 1483:2738:1556 1182 
1477 807 1550:3081:1563 786 732 
1523 1174 1290 1527:6118:888 832 2568 1830 
1513 1309 614:5410:1344 1326 2740 
261 964:3673:2512 1161 
981 205 1226 504 1126 538:7105:944 1536 2284 1360 669 312 
694 544 594 577:6312:2810 2100 440 962 
784 1300 990 574:3782:200 792 1782 1008 
1194:1108:1108 
1028 318 36 1550:4822:1254 1840 630 1098 
984 1234 1151 1040 558:2823:580 432 333 1028 450 
1314 1391 189 971:3604:488 824 1262 1030 
855 1025 449 1404:5601:908 1036 2079 1578 
1520 665 49 1537 522 998:7829:1269 586 2612 1521 1172 669 
1172 529 86 1135:5939:1548 1640 1635 1116 
1372 463:1940:1482 458 
689 552 1255 639 569:5732:936 324 980 1851 1641 
70 1278 1395 1218:5970:692 1602 2304 1372 
1414 305:2288:1020 1268 
382 925 988 66:4526:861 453 1896 1316 
336 413 769:3212:808 2200 204 
47 1028 839 1422 952 70 639:8402:1398 1254 351 840 1572 519 2468 
13 902 86 496:4053:1425 546 1635 447 
194 1109 666:1974:1194 288 492 
393 1042 826 1036 1485 1336:6535:600 828 1324 1146 780 1857 
293 1076 953 1375:5775:596 1160 2024 1995 
1056 813 651 47 630 574:8107:1518 1345 292 1864 2080 1008 
1262 501 97 613:2219:429 768 318 704 
191 1239 890 1006:5104:1008 1227 1389 1480 
567 351 147:3024:868 1928 228 
1259 1535:2694:1167 1527 
546 223 712 30 22 1031:7157:1503 1176 2277 741 806 654 
180 69 1145 24:2959:369 1130 846 614 
1365 989:661:196 465 
769 419 536 359 1181 526 1401:7424:408 1875 1065 696 918 1616 846 
332 808 1031:3488:1644 972 872 
1152 16 1052 49:6124:1425 2238 502 1959 
829 772 1448 46:6282:1197 1089 1480 2516 
1165 417 666:3716:1539 1521 656 
1328 606 1228 639 1355 978 722:8880:1314 1497 1251 1851 480 900 1587 
647 443 892 743:4023:1557 456 1521 489 
497 493 876 886 1402:5963:674 1458 1212 1677 942 
560 1129 420 137 94:6459:936 1876 2060 1254 333 
1216 1 130 607 1243 374:7610:772 1599 1688 1575 904 1072 
1156 1060 711 827:4112:682 1512 1566 352 
1532 1316 1526:2807:1036 276 1495 
927 617 201 64:4188:476 824 1680 1208 
969 460 110 227 464 1285 630:7220:644 852 1194 1116 1258 1116 1040 
580 1522 1452 437 913:5357:1392 612 1650 1047 656 
709:318:318 
444:1368:1368 
1116 540 351 933:4715:984 267 964 2500 
484 1027 1089 168:5854:2664 1320 1428 442 
340 417 773:2490:222 2028 240 
148 1033 844 1426 956 74 644:10238:2828 1095 1794 2205 657 1188 471 
491 115 1003 188 598:7163:2560 354 715 2470 1064 
1546 664 820:1782:432 951 399 
1357 1247 764 787 398:6107:1070 936 2652 849 600 
1184 395 1177 1054 1477:4746:950 786 909 538 1563 
405 135 745 1061:5134:2564 1522 462 586 
871 256:2333:1413 920 
463:687:687 
1316 979:2439:276 2163 
1205 496 213 170 1499:5164:1992 596 388 1680 508 
1538 523 586 1222 353 1162:7942:2524 1332 765 1293 924 1104 
806 629:2268:1844 424 
626 437 1020:1908:720 698 490 
254 943 194 443 360 250:7979:327 1712 2985 684 717 1554 
1316 580 1483 800:5146:414 1392 1576 1764 
384:194:194 
1453 1064:2576:2368 208 
947 332:1473:240 1233 
188 65 488 1523 521 1237:8905:1482 1338 1323 1184 2600 978 
228 1091 941 991 974 704:8803:444 2652 3036 1206 568 897 
1554 778 242 1078 142 1111 269:9273:2016 1398 1479 936 880 432 2132 
955 978 175 1238 1021 818:7988:2100 1200 2208 831 669 980 
1298 1375 172 1368:5179:774 1995 1128 1282 
1252 1008 432 243:3248:850 322 1230 846 
981:472:472 
499:1006:1006 
1352 975:3462:1359 2103 
1167 1191 509:4152:1936 1560 656 
1554 1284 335 651 822 246:8904:1512 1912 2037 584 996 1863 
1271:2043:2043 
1267 479 1261 1138 2:4107:628 1179 464 1425 411 
603 586 316 925 1241:4280:672 765 472 604 1767 
1447 686 282 798:4704:1677 996 510 1521 
819 376 1424 1075 1191:6612:1002 840 2094 1116 1560 
746 1049 567:7532:2892 2904 1736 
1299 483 479 862:7569:2096 1456 1572 2445 
456:1455:1455 
1505 1315 340 1428 546:7047:1533 1047 333 3132 1002 
1449:450:450 
1069 1452 1462:2902:321 2200 381 
803 121:3744:2046 1698 
1492 930 460 1136 1292:6660:552 1128 1136 1324 2520 
50 753 137 67 610:9071:3525 1472 1881 987 1206 
213 450 1272:2704:194 1208 1302 
1388 440 756:2616:1164 504 948 
566 1509 1438 423 899 1122 666:5548:646 1126 738 825 1122 435 656 
986 703 660:5012:1290 1698 2024 
364 148 1502:3962:1576 1414 972 
903 593 177 454:3749:926 1050 1284 489 
1119 797 1286:4160:1812 1636 712 
770 913 1523 281 37:5567:1092 984 888 1371 1232 
967 977 1493 1183:3897:330 417 2259 891 
657 561 211 328 151:4899:1512 620 1020 699 1048 
1440 691 941 858 747 265 288:11430:1503 1719 2277 1260 1053 1983 1635 
664 155 1363 1480 159:5828:634 2748 974 524 948 
1338 855 878:3559:1203 908 1448 
1161:1344:1344 
635 1471 535 1504:3700:777 580 1485 858 
725 572 1248 1404:4916:783 1311 1244 1578 
149:1434:1434 
549 1491:2361:987 1374 
503 1125 536 1252:4183:969 1299 1065 850 
1314 605:1224:366 858 
478 1127 911 1121 12 1421 1471:9835:2080 928 1116 2343 588 1620 1160 
1504 23:1502:858 644 
1335 1491 1195 912 869 226:6599:1272 1374 1011 962 1584 396 
249 952 336 266:3960:594 1572 606 1188 
910 999 450:4726:1408 1506 1812 
1415 173 1488 1326 722 1305:6693:2148 795 1652 624 1058 416 
1552 1296 480 476 1273 869:8342:992 1425 948 1968 1821 1188 
1312 337:1420:1140 280 
57 1026 1057 1080 277 1339 1123:5918:220 774 556 796 1374 714 1484 
1093:1647:1647 
926 217 1492 1448:3486:210 504 552 2220 
1132 1049 939 456:7330:1560 3630 685 1455 
1105 676:3264:1428 1836 
857 507 624 447 1269 516:8945:1140 884 1305 1515 3108 993 
420 896 1119 663 1473 164 81:10194:1236 1518 2416 963 1816 1090 1155 
1070 428 1543 1033:5176:2004 640 1437 1095 
1270 361:1787:1395 392 
588 451 1154 538 467:5523:828 972 1017 624 2082 
1526 1177 1293 1116:4633:897 1212 556 1968 
951 735 531 980:2972:1480 540 324 628 
475 98 1400 585 581 964 974:8080:1482 1044 692 784 2104 1548 426 
821 1430:1864:662 1202 
550:868:868 
993 577 854 1143 527 871 1000:11854:2265 1924 1176 1296 854 2355 1984 
461 617:2097:1479 618 
195 844 627 837 1287 1137:7258:1050 2392 1200 894 744 978 
192 974 851 1274:3793:837 284 1362 1310 
1023 74 390 147 1543 939 1522:7523:1244 1188 2085 342 1437 411 816 
463 1299 363 1333 490 114:4933:687 1572 954 328 888 504 
1436 1486 1469 55 664:8226:664 1284 1900 3110 1268 
1186 11 21:3964:604 2067 1293 
920 238:1381:274 1107 
751 562 1144 674 1350 362:6151:1137 336 474 1716 340 2148 
611 1127 817 401:2194:306 928 570 390 
734 291 195 1404 1520 1344 607:9765:610 852 1050 2630 1692 831 2100 
871 1414:3159:1884 1275 
288 326 1214:4235:2180 1338 717 
22 139:2493:1209 1284 
276 1231:4224:2115 2109 
778 295 998 609 1258:5679:1398 1767 669 1491 354 
1387 611 75 911 1533:6430:1971 765 496 1860 1338 
1000 984 1127 179 495 252:7654:1488 580 1392 2124 648 1422 
692 315 59 802:3568:594 712 714 1548 
865 1434 725 442 399 1314:5217:1479 704 1044 1251 495 244 
1424 209:2392:1396 996 
1185 808:1265:536 729 
219 1122 439:4327:1356 435 2536 
1432 855:2064:702 1362 
19 1188:3459:2436 1023 
1072 456:2143:688 1455 
313 190 612 90 645 1361:8209:2088 1470 1600 552 1839 660 
653 449 1312 1163 1213 1196 926:9794:1518 2079 1425 600 1082 2775 315 
120 903:3115:1263 1852 
476:1968:1968 
1238 1182 300:3574:554 816 2204 
412 662 579 882 400 423:5615:518 1260 284 1900 828 825 
143 1019 1109 559:5916:1389 2046 384 2097 
1202 1185 1329 380:5226:2271 1072 939 944 
254 1502 1086 1362 93:5267:327 1944 1473 819 704 
975 880 530:5403:2103 1902 1398 
1449 1233 1443 334 184 234 217:7094:450 544 1572 432 2524 942 630 
1226 544 634 84 267 1489 700:9291:1142 1575 1880 1530 480 656 2028 
791 681:2421:1179 1242 
1020 1124 708:2930:392 459 2079 
1224 674 857:4180:944 1716 1520 
947 1529 1473:3548:240 2400 908 
953 870 1174 691:5187:1518 702 1248 1719 
1349 627 1249 660 1376:4903:1569 600 1080 1012 642 
843 1453 211 1526 950 760:7898:1464 2368 1530 598 1268 670 
823 7 417 800:5403:1791 1422 1014 1176 
587 491:2984:1704 1280 
1257 1307 1290 1020 71 387 558:7459:1188 741 1926 196 2024 934 450 
511 389 811 289:3993:384 1308 1548 753 
944 1526 1470 588:3248:350 598 1748 552 
1077 62 538 761 305 1114:9309:2109 2061 468 867 1902 1902 
299 70 1185 675 326 442 265:9517:942 519 804 2680 1338 1251 1983 
93 382 1324 109:5557:528 861 2688 1480 
1438:738:738 
889 246 217 1265 916:4335:894 1242 378 411 1410 
1305 383 1072 323 572 489 379:7343:312 976 688 1896 874 1203 1394 
1506:1908:1908 
387 543:2268:1401 867 
769 553 763 1212 1063:4241:306 1068 1329 412 1126 
293 330 1219:4456:1192 2043 1221 
27 143:3325:1473 1852 
280 1235:3025:1740 1285 
1492 583:1680:828 852 
1225 809 672 1375 759 689:10001:1705 1205 2520 1995 1328 1248 
140 1415 1371 1142:7723:1320 2864 1868 1671 
816:1608:1608 
963:1350:1350 
803 1185 1196 154 1402 986:11355:3410 536 2775 1460 1884 1290 
663 193 869 1439:4800:963 2169 792 876 
87:1026:1026 
486 1429:2076:645 1431 
1259 124 1160 157 1286:5037:1167 618 1880 1016 356 
340 950 1266 1436 860 257:4407:222 1902 675 498 908 202 
328 710:1706:466 1240 
1034 1124 574 757 421:6667:1058 612 2016 717 2264 
874 658 454 1317 1167 1217:8081:906 2470 489 1314 2420 482 
914 125 907 371 1207 271:7069:1401 1712 1232 378 1047 1299 
716 567 617:2698:984 1302 412 
916 500 777 1066 450 793:11928:1880 1848 2100 2160 2416 1524 
341 1519 1476 833:6502:2370 780 1572 1780 
581 1017:3642:1578 2064 
258 1506 1090 1367 98:9766:608 2544 1664 3210 1740 
1520 1077 981 632:4810:846 2812 708 444 
205 95 1171 1194 805 1454 1237:10393:1536 777 1998 1662 1599 1354 1467 
328 1231 549:3562:466 2109 987 
1467 1224 1062:4092:2082 708 1302 
276 1378 629 879:4073:2820 438 212 603 
679 862 525 1295 519 1540 818:12403:1140 1467 2128 694 2804 3190 980 
39 794:1564:1126 438 
388 678 62:5976:1251 2664 2061 
628 79 262 338 694 332:6584:711 976 996 420 2248 1233 
1287 378 162 372:4551:744 832 1503 1472 
36 924 109 519 902:8446:630 1506 2960 2804 546 
1467 891:2783:1388 1395 
55 1224:2338:1866 472 
502 1205 589:4715:1767 996 1952 
1221 445:2673:813 1860 
1527 1244 56 972 529 19:7906:2440 442 387 1580 1230 1827 
1082 1011 1554 472:5420:1083 1713 2016 608 
1379 1042:1297:676 621 
1268 559 276 233 4:9352:1080 2796 2820 1428 1228 
1258 43 586 649 1285 416 1225:9059:236 1232 1020 1464 1488 2596 1023 
1082 372 89 46 961:6520:1083 2208 1176 1258 795 
1415 1544 462 1098 229 1038:6471:2148 780 1140 789 1203 411 
1551 1108 1012 663 779 603:6046:868 1196 1024 1284 1002 672 
819 70:1521:1002 519 
1119 1528 353 1508:6559:1812 1299 924 2524 
1226 583 140 1189 839:4354:1142 1136 1320 405 351 
827 716:1512:528 984 
1055 1159 743:3435:861 2085 489 
786 464 953 270 774 225 311:10408:531 1258 1518 1239 1398 2808 1656 
1003 254 503:2048:429 327 1292 
1229 973:1635:711 924 
1543 861 950:4917:1437 944 2536 
1087:600:600 
484 694 1143 994 1044:7814:2664 2810 972 705 663 
638 261 1150 334:6518:1246 2512 2328 432 
1064 768 485 442 1357:6812:416 1984 1556 1251 1605 
1434:704:704 
159 1313 685 375 1517 1380 525:10000:948 2184 927 1260 432 2121 2128 
101:260:260 
684 1547 1397 1447 1430:7902:512 1696 1096 2795 1803 
501 1470 627 251 1553 738 734:6310:768 1311 600 910 987 1368 366 
65 49:3966:2007 1959 
115:354:354 
515 1457:2955:1041 1914 
469 1091 502 1217:4961:723 1989 1767 482 
699 229 905 1475:5004:813 1203 864 2124 
123:2175:2175 
522 1464:2535:879 1656 
62 1098 96 1225:5766:2748 789 1206 1023 
1289 819 1495 93 1355:4139:468 1503 1336 352 480 
1445:258:258 
440 1369 962:3406:252 2500 654 
194 1070 1159 610:8948:2985 2672 2085 1206 
966 17:3622:1386 2236 
1303 1219 1109:2192:372 1628 192 
404 1373 530 154 1456 641 637:11743:968 2756 1398 730 1356 3710 825 
1500 1283 1080 1529 1379 1429 1412:8534:1356 438 1592 1200 676 1908 1364 
600 783 860 1215:4493:1320 1389 908 876 
1226 1369 421 737 493 1475:11692:2284 2500 1698 920 1458 2832 
1362 934 557 1446 630 1040:6016:1092 615 729 472 2080 1028 
274 258 1545 597 913 1083 507:8946:2884 912 828 1984 656 356 1326 
62 1497 361 1397 394:5954:1374 1866 784 822 1108 
1503 1260 1097:3159:1563 390 1206 
311 1414 665 914:4956:1656 1020 879 1401 
951:1110:1110 
791 468 957 275:6789:1179 954 2212 2444 
408 458 441:1572:842 526 204 
439 715 1005 389 732 1275:8100:3170 1228 1521 981 528 672 
772 742:2454:1089 1365 
226 543:1420:264 1156 
1098 1015 905 422:7679:1315 2035 2160 2169 
1168 740:4074:2976 1098 
919 823 473 590 413 1235 579:6158:594 1791 375 1023 1320 771 284 
722 1264 183:3789:1587 888 1314 
1425 649 526 948 426:5562:766 1464 1212 1680 440 
289:753:753 
945 556 1205 989 688 1551:6988:880 1818 1494 620 1308 868 
390 1399 24 1245 457 1239 702:8401:2085 628 921 1260 810 1227 1470 
340 1415 1438:3935:333 2864 738 
1429 1425 250 260:5163:1431 766 1554 1412 
1026 383 354 1402 1053:6255:774 976 1257 1884 1364 
516:662:662 
1056 640 820 1109 493 837 966:7380:1518 934 532 384 972 1192 1848 
524 680:1403:608 795 
258 907 690 900 1350 1200:7573:1216 2464 1016 1344 510 1023 
542:810:810 
1544 862 951:3238:780 978 1480 
1222 952 4 320 76 1472 869:12482:1724 2096 2456 1839 1208 1179 1980 
1359 517:3488:996 2492 
600 250 367 190 1426 357:14781:1760 2590 2444 2940 3675 1372 
596 1285 536 786 702:7468:354 1488 1420 531 3675 
170 1046 1135 586 769 846:5779:2240 642 1116 765 408 608 
603 1039 236 885:2932:448 465 963 1056 
1349 920 544 1432 616:5309:1569 274 1050 1404 1012 
1070 494 1449 887 417 1093:8126:1336 1400 450 1730 1014 2196 
967 657:1196:440 756 
48 1483:1889:1101 788 
1217 574 131 1179 830:7018:482 2016 1724 1449 1347 
817 707:1812:855 957 
628 1143 1247 831:3074:948 648 936 542 
1164 721 212 1420 1537 1360 1037:7075:614 870 903 636 2028 1712 312 
507 797 181 524 1067:4370:884 1227 640 608 1011 
534 25 1233 1350 1173 851:6773:1818 837 544 510 1248 1816 
798 1487 738 987:5425:1521 680 1368 1856 
627 505 927:2367:600 1172 595 
704 860 565 282 238:5131:1196 1816 672 340 1107 
1361 1290 275 752 974 519:8554:660 1926 2444 294 426 2804 
1301 791 442 558:3232:352 1179 1251 450 
119 1461 1257:3791:1263 944 1584 
826:662:662 
1230 693 1529:3146:278 1068 1800 
567 524:1780:868 912 
108 158 141 285:6200:1500 849 2864 987 
457 41 318:3290:1620 750 920 
8 191 268:4419:1482 2016 921 
1374 904 22:3997:1548 837 1612 
53 1501 1018 1455:4691:1286 1509 495 1401 
1239 862:2285:818 1467 
176 1079 396:4909:1278 1287 2344 
1388 812:2460:582 1878 
73 1242:2021:1263 758 
423 1126 510:2205:1100 669 436 
1142 367:2336:1114 1222 
1165 1535 893 450 1498:8549:1539 2036 688 3020 1266 
713 258 1067 1316 1233:5104:1884 912 1348 552 408 
1300 963:1878:528 1350 
1190 480 197 154 1483:6419:992 1264 2280 1095 788 
1276 61 604 667 1303 434 1243:5162:774 270 678 1446 248 1068 678 
101:520:520 
1480 531 848 604 28 1397 421:9118:1048 324 836 678 2872 1096 2264 
1140 1018 1440 918 1473 1045 668:10833:1455 330 2505 1122 1362 2013 2046 
36 485:1797:630 1167 
316 245 788 1264 1487:3165:708 837 392 888 340 
1308 572 1474 792:6511:1964 1311 1544 1692 
1075 925 975 959:3678:558 453 2103 564 
179:1593:1593 
907 318 1034 658 402:6667:1848 1380 1587 988 864 
945:880:880 
475 325 375 358 502:5672:988 888 1260 1358 1178 
176 172 555:4149:852 1692 1605 
1474 1298 975 1464:4753:772 774 2103 1104 
405 615 1065 915 965:6914:1923 956 1011 2172 852 
656 280 1168 353:7374:1426 1740 2976 1232 
689 407 363 1278:5848:936 2356 954 1602 
1411 929 952:2762:990 200 1572 
943 1352 177 1332:4118:1284 1359 963 512 
310 1425 916 566:4177:266 1532 1410 969 
443 1519 1542 1153 244 27:5868:912 624 525 294 2040 1473 
307 1315 1498 1162 373:5667:807 1396 844 552 2068 
181 164:1955:320 1635 
78 328:1465:766 699 
361 371 887:2154:392 378 1384 
677:2224:2224 
501 457 494 465 1513:5092:768 810 1050 1120 1344 
397 873 1510 640 1449 141 58:7533:747 1302 740 1401 600 1432 1311 
1091 1047 404 1519 1424:7002:1989 1725 726 468 2094 
481 731 648:5854:2212 2166 1476 
787 1530:1286:566 720 
115 991 1080 531:5026:590 2412 1592 432 
984 36:2155:580 1575 
1321 1238 1128:4195:1764 1108 1323 
1294 452 75 1377 562 558:5333:1388 1272 248 1527 448 450 
1447 1431 16 626 942 698 122:10793:2236 1120 2238 720 1628 1275 1576 
1551 1015 293 915 326:5772:651 814 894 1629 1784 
1435 1191 615:2734:1476 780 478 
8 485 1121 252 1061 1311:10470:1976 1556 3124 1422 586 1806 
589 705 528 1350:3504:1464 656 704 680 
295 146:4627:1767 2860 
742 126 1517 501 978 1200 745:5927:1365 939 324 768 1200 1023 308 
1192 1136 254 410 1259 976:5212:712 1324 436 705 1167 868 
46 749:3496:2516 980 
1548 1012 290 912 323:5567:256 1024 948 1443 1896 
1432 1188 612:3276:1053 1023 1200 
1026 277 526:4151:1161 1374 1616 
1252 996:1891:1275 616 
786 876:2046:531 1515 
1013 37 1125 243 813 104:6596:801 1232 1299 846 1076 1342 
767 1150 1160 118 1366 950 1227:10742:795 2328 940 1096 2040 1902 1641 
810 234 1189:2148:330 1413 405 
881 1103 648 1457 148 1526:9646:1062 678 1968 1914 2828 1196 
924 188 1091:4977:1506 1482 1989 
304 914 1230 987:4049:975 1868 278 928 
1303 1233:1040:496 544 
274:2163:2163 
311 1320 1503 1166 378:5714:1242 1976 1042 830 624 
1532:1036:1036 
557:729:729 
1480 265 711 773 1409 540:4231:524 1322 1566 360 192 267 
304 275 1324 974 1091:6966:650 1222 2016 426 2652 
548 437 1513:4054:1650 1396 1008 
784 1527 379 761:3392:200 1220 1394 578 
1558 1263 980 936 294 1409:3942:798 322 628 982 924 288 
967 551 414 1117 501 430 973:8871:330 2508 1972 2055 512 1032 462 
1556 1393 790 1373 1316 434 590:11404:2455 1344 568 3445 552 1335 1705 
1280 438 61 1363 548 544:7625:1072 1047 270 1461 2200 1575 
1320 1463 515 831 588 11:9339:1482 1107 1388 813 1104 3445 
901 312 1028 651 396 1138 1134:9083:1638 1197 836 438 1758 1900 1316 
319 369 352:2150:566 1227 357 
1080 1424 1553:5302:1194 2792 1316 
155 937 814 1237:6384:1374 2091 963 1956 
1088 512 1370 808 338:7359:2528 1575 2350 486 420 
113:826:826 
302 1017 1055 385 1128 1537 362:9615:1872 1032 861 858 1323 1521 2148 
106 969 819 869 852 582:7194:1563 966 1002 1188 396 2079 
559 23 859 1481 892 49:9646:2796 966 1024 1380 1521 1959 
1029 1172:2997:933 2064 
269 906 36 846 1095 1012:8159:2665 464 630 912 1440 2048 
723 373 490 313 1549 479:6638:279 2068 888 1044 1180 1179 
1408 659 908 825:5696:1503 2112 500 1581 
549 426 848 326:4245:987 220 1254 1784 
981 420 1508 626:6227:944 1648 3155 480 
1282 1212 196 673 895 440 1249:7477:2046 206 1368 1916 357 504 1080 
1216 1372 662 379 750 107:8206:1158 1976 1680 1394 1038 960 
227 930 314 244:4848:1116 846 1356 1530 
377 880 331:7146:2060 2536 2550 
1490 1540 1523 109:7114:1056 1914 1184 2960 
378 1520 239:2675:624 1269 782 
1487 112 189:3203:510 800 1893 
1198 728 1404:5209:1980 1125 2104 
469 719 636 525 43 480:6900:482 936 1482 2128 924 948 
103 979 1068 519:6675:845 1442 1584 2804 
875 1484:2445:1941 504 
1309 1226 1115:5870:2652 2284 934 
1282 439 477 1365 550 959:8000:2728 1902 310 196 1736 1128 
177 1465 516 833 589 427:7652:1284 2096 662 890 1952 768 
1113 271 1453 1197 381 377:8060:508 1732 1184 1716 1684 1236 
1153 1297 348 664 421 1403:6960:294 1264 696 1268 1698 1740 
146 861 485 229 971 967:7531:2145 1416 778 802 2060 330 
1011 435:2741:1142 1599 
252 168 58 1134 12 768:5855:1422 884 1311 658 588 992 
698 149 332:5323:1700 2390 1233 
948:1680:1680 
892 742 792 775 505:4584:1014 1365 1269 350 586 
180 589 972:2623:369 1464 790 
1132 396 1299:4852:936 2344 1572 
880 609 1219 1535 1292:9158:1902 1988 1221 1527 2520 
980 576 1092 1196:4745:942 390 1748 1665 
670 160 1369 1485 1308:7067:960 1488 1875 780 1964 
883:2188:2188 
933:1875:1875 
773 1156 1166 124 1372 956:6681:480 682 2075 1030 1976 438 
634 164 840 1409:4421:1410 1635 1088 288 
746 1435 686 936:7097:2169 1968 996 1964 
453 876:3220:2008 1212 
214 330:3609:1566 2043 
630 54 1009:5236:1560 2008 1668 
700 923 467 1276 1526 1443:7679:2028 1020 1388 774 897 1572 
7 910:1652:948 704 
806 644 41 623 567 1243:6507:1383 628 600 1690 1302 904 
188 704 808:3351:1482 897 972 
404 907 358:6148:968 2464 2716 
1421 179 1493 917 728 1310:9192:2160 2124 1506 606 750 2046 
1460 1204 389 385 767 778:6801:830 1347 1308 858 1060 1398 
1501 925 735 1318:2981:1006 453 810 712 
1141 525 868 998 1474 552:5437:744 1596 1332 669 772 324 
466 117:2518:1036 1482 
995 46 362 533 1515:7395:630 1887 2148 1740 990 
1365 962 333 23 1165:5082:294 981 789 966 2052 
583 1498 1055:2979:852 1266 861 
752 536 332 1195 1045:5784:441 1420 1233 1348 1342 
1457 1201:3867:1914 1953 
1507 1185 116 991 1494:8042:1655 1072 2277 2412 626 
1059 1082 279 1342 1126 922:10237:1200 1805 1038 2900 669 2625 
1305 1382 179 1375:3257:312 1085 1062 798 
1259 1015 439 250:4937:778 1221 1902 1036 
609 1086:2473:1491 982 
1152:1900:1900 
1551 1429:1605:651 954 
1206 1162 520 77 1539 1189:10048:1971 828 2164 2028 2652 405 
640 1343 727 656 1199 118 340:9452:1868 1611 1137 2139 1431 822 444 
107 1382:1291:640 651 
623 1486 1336 1386 1370:6103:1014 642 1857 1180 1410 
1007 192:1615:778 837 
990 1479 797 1300 751:6693:1782 1112 1227 1056 1516 
85 1148 931 728 1177:6341:944 2016 1044 1125 1212 
295:1767:1767 
1387 1477 927 1110 1187 1543:8156:2628 2084 238 1012 1236 958 
1456 547 331:3606:1356 1230 1020 
974 984 1500 1190 774:4359:426 435 1356 744 1398 
192 1107 664:2961:558 1452 951 
488 1137 921 1131 22 1334:6808:882 978 992 1359 1209 1388 
1177 388 1171 1048 1470:6694:909 1251 1998 788 1748 
399 129 738 1054:2782:660 558 1026 538 
962 346:2145:981 1164 
502 1124 535 1251:6427:2356 612 1485 1974 
1218 1162 280 436 1284:4716:686 828 696 594 1912 
866 1408 1471:5183:2019 2004 1160 
1155 793 256 1092 156:6057:1488 2032 920 1311 306 
1182 1165 1309 360 676 433:8776:1088 1539 1989 956 1836 1368 
608 1351:870:256 614 
812 902 352:2599:1878 364 357 
76 246 1228 625 63:6439:604 2484 834 906 1611 
1295 879 741 1444:3380:1388 603 423 966 
38:726:726 
587 1503 1060:4779:1704 1563 1512 
321 171:3935:1290 2645 
1387 306 528 73:5861:1971 1502 704 1684 
1547 772:2724:1272 1452 
1004 295 12 1527 1298 855 345:11506:1725 2945 1176 2440 1032 1362 826 
1141 1418:1581:744 837 
103 725:1290:507 783 
799 623:2918:1566 1352 
523 333 916:3738:1332 526 1880 
150 839 90 340 256 146:4541:1204 351 414 222 920 1430 
1115 379 1282 600:9102:1401 2091 3410 2200 
830 880 863:4265:1347 1268 1650 
1186:1208:1208 
986 170 580 963 559 1489:8739:1935 1680 1392 1350 1398 984 
1016 1332 1088 926 323 905 849:6970:696 384 2528 210 1264 1296 592 
1405 683 1305 716 1432 1055 799:8136:507 2070 416 1312 1404 861 1566 
724 520 969 819:7107:2192 1623 1288 2004 
574 570 953 963 1479:6168:1008 1230 2024 1350 556 
636 1206 497 214 170:9198:1976 2628 1348 1566 1680 
1293 78 207 683 1320 450:6862:556 766 924 828 1976 1812 
804 509:1756:772 984 
1031 815 1025 1474 1324 1374:6442:654 519 777 772 2688 1032 
1168 379 1162 1039 1364 842:7639:2976 1394 552 465 596 1656 
356 406:3016:1800 1216 
1411 956 207:1791:660 438 693 
526 1242 865:3449:1212 758 1479 
949 720 277 1325 976:3957:826 296 1374 810 651 
549 853:3012:987 2025 
676 1192 882 466:4219:1224 534 1425 1036 
1183:594:594 
1017 307 24 1539:7289:2064 1345 1228 2652 
973 1223 1139 1029 547:4875:693 348 1671 933 1230 
183:876:876 
1496 1319 583 1485:3166:894 900 852 520 
426 636 1086 936 986:7187:330 1976 982 1964 1935 
166 204 1092 277:4745:888 1172 1311 1374 
297 14 384 1299:3248:489 993 194 1572 
1433 950 973:4014:1419 1902 693 
101 1256:1007:260 747 
11 514 1523 148 1369 581:9231:1378 1292 888 2121 2500 1052 
465 1540 5 760 265 48:9215:1680 1914 1206 670 2644 1101 
325 402 757:1934:592 864 478 
35 1017 828 1410 940 58 628:7808:1110 1548 687 656 1548 1311 948 
2 890 75 485:3339:411 1389 372 1167 
46 1308 1026 982 339 1454:9778:1887 1964 774 1130 1315 2708 
499 362 1065 449 379 922:9720:1509 2148 1011 1386 2091 1575 
480 636 1485 1202 14 929 486:8281:1264 1482 780 2271 1324 300 860 
1289 886 1402 1505 1089:6753:702 1677 1413 1533 1428 
93 1422 979:3775:352 1260 2163 
390 1453 1236 1033 1482 1332:8055:1390 2368 2464 1095 354 384 
290 1486 949 228:3426:632 963 1239 592 
1126 550 361 943 473:3552:669 868 784 856 375 
574 863 248:3612:1512 1650 450 
724 814 264 447 524 880 104:11211:2192 642 2164 2020 912 1268 2013 
777 28 277 194 84 1159:11631:2100 2154 1374 2388 1530 2085 
627:900:900 
1008 1378 735 292 1340:3629:322 584 810 975 938 
3 812 1062 978:4569:489 1878 1302 900 
1478 702 165 1001 65:7549:1419 2205 1180 1407 1338 
1147 1464 1220:2334:516 1104 714 
272 960 212:4182:2076 1203 903 
815 1437 848 6 1187:6059:692 987 2090 642 1648 
496 252 1234 1045 69:6940:447 1896 324 2013 2260 
1301 885 1161 1451:4808:704 792 2016 1296 
329 446 269 1091 435 1311:9870:1316 2094 1066 1989 1599 1806 
582 1392 83 1558 1448:8175:2079 480 2199 1197 2220 
343 433 1442 67 1288 499:6366:824 1368 610 987 1068 1509 
480 1555 20 1189 280 64:6439:948 1566 1524 405 1392 604 
320 1089:3880:2452 1428 
390 546 1395 1112 1069 840 397:8551:1390 1503 1728 2046 321 816 747 
322 1464:2817:1713 1104 
133 489 127 1148 426:4790:408 1604 936 1512 330 
466 516 499 643 1252 10:7301:1554 993 2012 678 1275 789 
180 603 80 636 207 1389 719:7798:369 448 1370 1482 693 2032 1404 
763 546 756 1206 1056:9468:1772 1503 1896 3285 1012 
383 421 1309:5814:1464 1698 2652 
467 117 234:5942:2082 1976 1884 
138 121 1409:3540:988 2264 288 
1539 684 69 1556 541 1017:8354:1989 256 2260 1473 1344 1032 
680 451 8 1057:4142:530 1296 1482 834 
880 385:1840:1268 572 
1026 1369:4048:1548 2500 
787 410:1319:849 470 
1502:972:972 
537 494 1409 1380:4972:902 1050 192 2828 
177 94 1542 1059 1496 693:5497:963 444 525 800 1341 1424 
75 258:1408:496 912 
1410 1127 1084:3500:656 1856 988 
1283 374 158 368:3060:438 1072 1132 418 
105 418 801:5262:1950 1794 1518 
1287 1403 82 904 249:5275:992 870 1964 558 891 
681 704 315 964:4043:1242 897 356 1548 
928:1248:1248 
718 1221 672 855 518 1288 512:8834:1305 1084 1260 1816 735 534 2100 
1048 965 1269 786:6311:1182 1136 3108 885 
1435 593:3018:1968 1050 
676 326 443 266 1502 433:7005:1836 1338 456 891 1458 1026 
336 813 1449 580 1389 80 1555:8373:606 807 600 1392 2032 1370 1566 
933 889 247 1362 1266:5168:1875 596 1026 546 1125 
626 848 393 1202 1452 1368:10274:960 1672 400 3028 1650 2564 
1491 836:2088:1374 714 
829 667 64 646 590 1169:6888:798 1928 906 876 682 1698 
629 733:1465:424 1041 
997 124 1145:3762:2580 618 564 
1180 298 454 1303 1020:4768:2127 1551 326 372 392 
444 787 1330 1392 471:4160:1368 849 1028 480 435 
55 1436 1113 44 920:4816:2488 332 381 1204 411 
1011 208 857 641:8136:2284 1744 1140 2968 
1223 794 418 1306 491 900:7048:232 657 1196 1395 2560 1008 
94 264 1246:2691:222 1623 846 
237 460 4 814 1063:6859:1476 568 1842 1284 1689 
1323 1413 864 1047:5650:1102 1926 897 1725 
1316 368 684:1772:552 836 384 
1437 1366 351 828 1050 595:6862:1316 2040 964 458 714 1370 
867 518 634:2636:716 980 940 
75 125 108 251:3922:496 856 750 1820 
831 521 105 382:6603:542 2600 2600 861 
1047 725 1214:4300:2300 1044 956 
698 841 1451 209 1524:4668:1275 1041 648 996 708 
895 905 1421 1111:3705:357 1296 1620 432 
489 140 256 79:4635:1203 1320 1380 732 
701 312 961 745 955 1404:7792:715 1197 1060 616 2100 2104 
1073 297 174:3582:2628 326 628 
730 1312 1256 374 530 1379 1096:7789:1236 855 996 536 1398 1352 1416 
1559 1303 487 483 1280 877:5140:562 372 1428 1092 804 882 
1320 344:2848:1976 872 
1064 1087 284 1347 1130:3687:416 600 558 921 1192 
1477 940 218 840 252:7062:1563 1032 1755 816 1896 
1117 541:2378:1370 1008 
108 358 275 164 1240 119 874:10550:750 2716 2444 1635 1257 842 906 
178 83 1291 1408 1231 495:8769:702 2199 1392 1503 2109 864 
345 1447 698 948:7839:1239 2795 2125 1680 
465 888:2711:2240 471 
1272 629 186 1234 885 1001:5781:1302 212 1636 432 792 1407 
1308 227 449 1552:8157:1964 744 3465 1984 
1469 693:2564:1140 1424 
926 216 1491 1448 1219 776 266:10796:420 2648 1832 2220 1628 1454 594 
1012 702 286 562:5196:1024 2940 1008 224 
1405 1228 905 1394:4218:338 1668 1296 916 
546 995 845 895:3267:1503 630 777 357 
1075 1086 44 1292:6285:1116 1473 1806 1890 
765 670 320 437 260:5005:1095 1280 1226 698 706 
1342 859 882:6043:2900 768 2375 
1186 10 1165:3234:906 789 1539 
114 1016 334:1656:672 696 288 
912 750:2000:962 1038 
1472 1083:1750:1572 178 
966 351:2832:1386 1446 
1326 604 1226 637 1353:6140:1248 904 2284 495 1209 
141 750 1066 823 926 737:7256:2148 692 1620 1791 315 690 
97:424:424 
1139 417 1039:3552:2228 1014 310 
873 230:2238:1302 936 
1340:1407:1407 
261 44:3062:1256 1806 
487 764 1053 437 781 910:8820:1428 1989 1023 698 2274 1408 
820 377:1635:399 1236 
907 1516 274:8709:2464 2640 3605 
957 1500 418 641 185:7350:1659 1356 1794 2226 315 
462 1283 628 1504 35:3455:1140 292 711 572 740 
1224 1021:1364:472 892 
1530 675 59 1547 532 1008:7370:720 1340 952 1272 2764 322 
671 442 1557 1048:4605:1080 1668 675 1182 
871 376:3564:1884 1680 
1017 1360:3776:2064 1712 
778 401:1658:1398 260 
1493:1506:1506 
528 484 1400 1370:4576:352 1998 346 1880 
168 85 1533 1050 1487 684:4145:663 944 1338 476 340 384 
66 249:3523:2632 891 
1401 1118 1074:5310:846 2308 2156 
1274 365 149 359:4645:524 2223 1434 464 
96 506 889:4572:1608 2070 894 
1278 1394 73 895 240:5406:2136 916 1684 238 432 
1379 470:2394:1352 1042 
696 559 1262 647 576:5015:399 2097 572 1557 390 
683 174 1382 1499 1322:6065:1242 1256 651 508 2408 
1538 790 1039 956 1260 777 800:8580:2524 568 465 657 390 2800 1176 
387 1303 1273 667 317 434 257:7874:1401 496 2428 1446 1266 534 303 
1413 198:1806:1284 522 
797:1227:1227 
331 421 1429 55 131 487:10417:2550 1132 1908 1244 2155 1428 
766 789 400 1049 833:6504:324 1394 828 2178 1780 
1382 860 1416:3564:651 1362 1551 
323 694 51 1166:5375:1264 1686 765 1660 
990:1782:1782 
1429 974:1238:954 284 
508:2181:2181 
1136 414 1036:5273:2648 1479 1146 
870 641:3279:1053 2226 
1337:206:206 
671 455:1752:1080 672 
484 761 1050 434 778 1320:7926:2664 867 714 801 1398 1482 
817 788:1149:855 294 
272 588:3180:2076 1104 
991 1241 1158 1047 565:7364:2412 1767 956 1725 504 
1224 1301 99 881:3572:944 704 862 1062 
765 935 359 1314:4130:1460 1608 696 366 
767 1310 228:2603:795 1364 444 
1470 694 572 994 472:4902:874 1686 1311 423 608 
578 335:3548:832 2716 
1451 968 991:3825:1296 720 1809 
119 1274:1628:842 786 
1490 436 1444 70 1291 502:6235:528 1188 966 519 1856 1178 
386 1461 1484 681 186 1528:6757:1200 1416 378 828 1636 1299 
323 678:3860:2528 1332 
1538 549 1398 1115 1072 429 400:7965:2524 987 1182 934 688 822 828 
896 1412 1005 589:5185:1518 682 1521 1464 
70 892:1360:346 1014 
264 1260 1452:3542:1082 260 2200 
8:988:988 
1416:1034:1034 
314 1244 934:2177:678 884 615 
68 944 1033 484:7962:2472 700 1460 3330 
937 1547:3787:2091 1696 
1256 1186 171:4018:996 906 2116 
777 440 1209 433 1455 733:8012:2100 504 1473 1026 1868 1041 
677 473 922 772:5107:1668 250 2100 1089 
624 620 1003 916 1432:3956:870 402 572 1410 702 
687 1256 547 264 221:6989:804 996 1640 1623 1926 
1246 31 160 637 1273 404:6070:564 534 1488 330 2428 726 
1283 1187 838 954:4204:292 1236 1344 1332 
101 1443 95:2212:390 786 1036 
1054 744 328 191:4641:538 2163 932 1008 
1130 1367 631 1534:5517:894 2568 564 1491 
475 271 1134 985 1035:5804:2470 1732 658 540 404 
967 378 1093 717 461 1204:7785:330 832 2196 2094 986 1347 
561 1170 1487 1243:2221:465 964 340 452 
318 594 883 268 611:5278:1380 330 2188 921 459 
718 209 1417 1534 1357:9052:1305 1328 2788 1491 2140 
835:2492:2492 
885:1056:1056 
725 1107 1118 76 1324 908:7919:1044 968 2308 1208 2016 375 
682 212 888 1044:2702:444 903 471 884 
106:1563:1563 
666 356 1498 1360 505 1448:7620:328 1350 1266 1284 1172 2220 
642 1012:2433:897 1536 
746 596 646 630 359:3961:1446 354 657 1040 464 
1491 729:3164:1832 1332 
542 1046 496 679 343:4111:1080 642 298 855 1236 
46:1887:1887 
207 510 28 51:3599:462 218 2154 765 
1362 774 1489 1113:3720:819 1864 656 381 
1456 986 104 674 1523 1240:9767:1017 2580 2013 1716 1184 1257 
1129 713 990 1279:6992:938 1884 1782 2388 
222 1124 442:4284:2157 459 1668 
1434 858:1612:352 1260 
22 1191:3172:1612 1560 
1074 459:1432:1078 354 
1188 412 289 712 190 745 1461:10511:1364 1036 753 2277 3675 462 944 
589 612 223 872 655 452:8541:1464 800 2352 1401 828 1696 
1009 220 1002:4539:1668 1338 1533 
1235 526:1983:771 1212 
1462 1246 1042 1491 1341 1391:6156:381 846 621 916 2568 824 
334 956:870:432 438 
816 933 756:4029:1206 1875 948 
74 523 373 423 407 550 1160:8369:891 1332 1551 550 1767 868 1410 
1152 1335 1412 210 992 869:6368:1425 1272 1364 885 630 792 
1445 336:1268:258 1010 
1558 542 1019 1241:6502:1197 810 2728 1767 
800:1176:1176 
107 1155 806 922 1159 423:8744:960 1116 1383 2100 2085 1100 
371 1473 724 974:3936:504 1362 1644 426 
774 957 620 1390 614 77 913:11177:1864 1659 536 1038 2740 2028 1312 
970 1273 791 814 11:8839:1120 2428 1572 963 2756 
1204 667 1503:4910:898 1928 2084 
191 867 1437 728 445 401:6198:1512 1074 987 1125 1240 260 
159 1407 991 1268 1557 941:9100:948 460 2412 810 675 3795 
296 972 1128 832 549 506:6948:261 1185 1323 1122 987 2070 
1377 749 439 23 1444 589 1531:9817:1527 1960 1902 1288 1288 1464 388 
186 1141 165 109:5288:1636 992 1180 1480 
1344 1274 259 735 958 502:6382:831 786 1077 540 792 2356 
425 542:1563:753 810 
1084 841 265 76:4122:494 1041 1983 604 
13 289 578 1521 306 849 911:7569:1425 753 1248 258 2253 888 744 
1248 778 1454 466 1315:7105:1244 1398 2031 1036 1396 
896 1025 1501:4566:1518 1036 2012 
409 286 709 187:3741:2205 504 318 714 
280 1368 486:4601:1392 2564 645 
586 609:2498:510 1988 
361 51 1193 1056 200:5000:392 1020 652 1012 1924 
573 223:4248:2484 1764 
244 227 1515 567 883 639 477:10181:1530 1860 594 2170 1094 2468 465 
176 1145:2550:1704 846 
1534 1212:1200:994 206 
1435 1245 270 213:5494:1968 1680 1652 194 
1378 363 426 1062 193:4875:438 636 330 1302 2169 
567 244 733 51 140:4939:868 1530 1041 510 990 
1232 1442:1345:430 915 
1016:464:464 
940 630:3104:2064 1040 
21 1456:2310:1293 1017 
1233 1190 547 104 8 1217:10029:544 992 1640 2684 2964 1205 
85 788 172 101 644 1120:4420:708 196 1692 390 471 963 
1197 555 112 1160:5903:2288 1605 600 1410 
1494 585:2115:939 1176 
1228 812 675 1378 762 691:13789:2085 3130 2680 730 2872 2292 
142 1417 1374 1145:7458:1760 2788 2064 846 
915:2172:2172 
965:852:852 
805 1188 1198 156 1404 988:10423:2665 682 3300 408 2104 1264 
666 196 872 1441:3508:492 1368 934 714 
778 1467 718 968:6874:1398 2776 1740 960 
485 908:2056:1556 500 
246 362:4011:1863 2148 
662 86 1041:3833:1260 2180 393 
732 955 499 1308 1558 1475:10012:704 2800 1006 1473 1197 2832 
39 942:2503:1689 814 
1082 838 676 73 655 599 1275:9051:1083 1344 2448 842 1656 1230 448 
1152 563 1278 902 646 1389:7341:1425 1272 2136 546 438 1524 
843 1452 114 1428:5184:1464 1650 504 1566 
1326 1016 600 876 1166 550 893:6692:936 464 1320 909 1245 1302 516 
686 1362:1815:996 819 
1528 180 629:1863:1299 246 318 
690 979:3646:762 2884 
552:216:216 
929 380 563:2062:400 708 954 
749 188 1276:3472:980 1976 516 
1086 976 493:4290:1964 868 1458 
1226 410 820 1203:3889:1713 940 399 837 
383:1464:1464 
287 1242 267 211 887:4353:864 1137 640 1020 692 
1341 1445 1029 892 37 979 908:8607:1926 258 933 2028 924 2163 375 
1555 1365 390 333 1009:8318:1566 294 3475 1315 1668 
213 1155 1498:3839:291 1860 1688 
1425 889:2341:1149 1192 
77 48 1096 747:4951:1014 1468 1416 1053 
1352:1359:1359 
154 404:1821:1095 726 
54 437 447 963:5366:1004 1047 1515 1800 
1310 667 224 31 1240 1356:6423:2046 964 1200 801 838 574 
1249 168 390 1493:6291:810 442 2780 2259 
640 1410 634:3798:934 984 1880 
990 387 969 913 31 187 157:7253:1188 1401 966 656 534 476 2032 
48 44 840:4964:1468 2408 1088 
1346 1169 846 1335:7774:1728 2830 1520 1696 
787 584 1033 883 933:7757:1132 1467 1095 2188 1875 
151 1453 638:6333:2096 2368 1869 
234 1150 1120 611 261 378 201:9558:1413 2328 1284 765 1884 624 1260 
1357 142:2390:1070 1320 
741:564:564 
275 365 1373 1557 75 431:9008:1222 2964 2756 900 620 546 
212 1554:2618:602 2016 
439 302 1005 389 318 861:8745:1902 1872 1521 654 1380 1416 
478 1327 1044 1414 772 329:7269:2080 1322 442 1020 1089 1316 
115 818 202 132 674:4438:236 735 915 1408 1144 
1190 841 957 781 458:4948:496 1041 1106 1516 789 
235 258 1014:2968:1836 912 220 
245 628 638 1154:5052:1116 711 1869 1356 
1404 761 732 222 1431 1547:7776:2104 578 704 1438 1680 1272 
1344 262 898 29:3869:831 747 939 1352 
1 1383 646 1549 867:6420:2132 1377 657 1180 1074 
544 155 804 587:7892:2100 2748 772 2272 
1170 327 365 1253 438 847:8145:1928 306 1482 990 1396 2043 
65 1353 404 721 477 315:4964:1338 1209 726 870 465 356 
1028 1024:3519:1254 2265 
591 268 757 75 578 29 212:5632:618 921 478 372 1664 676 903 
156 405:2229:306 1923 
56 438 449 965:5342:387 1047 2772 1136 
1214 572 542 33 1241 1358:7980:717 1748 540 494 2945 1536 
600 1542 327 456 932 11 699:7657:1760 525 204 1455 1104 2067 542 
1433 1150 1106:4141:946 2328 867 
1306 397 181 391:3521:1395 996 640 490 
31 441 824:2366:534 204 1628 
1213 1329 8 830 175:9356:2705 626 2470 1347 2208 
704 727 338 987:4100:897 1137 210 1856 
134 1436 621:3354:1844 498 1012 
1547 1104 594 245 361 184:6339:1696 1712 440 837 392 1262 
1340 125 668 731 1367 498 1307:8714:1407 856 1364 2166 1284 896 741 
808 165:1614:729 885 
1320 1303 1447 498:5447:1482 496 1677 1792 
371 61 1203 1480 211:4734:252 540 1116 786 2040 
1536 1093 997 648:6720:468 2196 2580 1476 
1350:680:680 
152 402:2289:1425 864 
52 435 32 961:4751:800 1599 1557 795 
1211 568 125 1174 824 941:9512:1390 1248 1712 1664 1221 2277 
166 292 1394:3548:1332 1300 916 
632 96 932 1554 965 123:9458:592 1206 1104 2520 1136 2900 
186 636 486 536 519 663:6861:818 1482 430 1065 2103 963 
640 103 939 3 972 130:5862:1868 507 411 652 1580 844 
1109 1253:1608:288 1320 
986 117 926 1176 1092:6849:1935 1482 420 1264 1748 
1236:2464:2464 
1342 899 803 454 570 394:8340:2900 1496 1364 652 820 1108 
707 1516:3256:1276 1980 
1006 1416 241 1396:6311:1110 1551 1542 2108 
374 1489 980 630:5332:1340 656 1256 2080 
926 537 1186 970:5265:315 1804 906 2240 
816:804:804 
1219 683 1519:2524:814 1242 468 
460 416:3164:568 2596 
97 147 131 274:4653:424 342 1724 2163 
447 31 307:2854:1515 801 538 
1556 181 258:3025:1473 640 912 
1266 796 1472:2970:675 723 1572 
538 787 704 594 111 548:5480:312 566 598 440 1914 1650 
172 1047 1137 588:4372:1692 1150 978 552 
943 1553:2600:1284 1316 
1128 1377 1294 1184:4332:1323 1018 1041 950 
1317 795 1350:2966:1752 704 510 
628 1544 1101:3009:711 780 1518 
362 212:3352:2148 1204 
812:1878:1878 
1336 1440 1024 9:8695:2476 1503 3020 1696 
55 171 1553 1230 161:6114:2488 1058 987 417 1164 
1490 1008 1031 228 1291:4081:792 483 654 296 1856 
357 979:2471:1029 1442 
839 956 779:1676:351 657 668 
1324 1308 1451 503:6244:2016 1964 972 1292 
376 66 1208 1485 216:9008:840 2632 2108 780 2648 
1541 1098 1002 653:5151:1048 1052 1533 1518 
1355:480:480 
157 406:2740:1524 1216 
57 440 36 966:3039:330 378 945 1386 
1313 670 227 1275 926 1042:6127:2184 640 1488 672 315 828 
1252 171 393 1496:4921:1275 1058 800 1788 
1510 734:1043:555 488 
967 257 1533 1489 1260 817 307:5020:220 404 1784 984 520 570 538 
1283:584:584 
717 341 85 827:6148:3490 1422 708 528 
1346 1302 660:4178:1296 1364 1518 
593 377 587 1036:5104:1400 1236 1704 764 
530 154 1042 227 637 1019 1030:9571:2097 1095 828 744 660 2728 1419 
1510 1239 291:3245:740 1227 1278 
274 750 973:4269:2884 692 693 
1093 1516 994 1549:5638:2196 1980 282 1180 
770 714 1390 1546:4017:1456 1437 692 432 
1107 358 608:3517:968 2037 512 
548 1170 581 1297 920 664:8016:2200 1928 1578 948 411 951 
834 685 734 718 861 1471 229:9087:2256 1236 366 1740 1416 870 1203 
302 1138:4396:2496 1900 
179:1593:1593 
362:2148:2148 
675 1284 42 1357:6041:2010 1434 1527 1070 
625 902 1191 576 919:4981:1208 728 1170 390 1485 
612 517 167 284 107:5502:1600 2492 212 558 640 
706 729:2642:1310 1332 
383 74 1215 1078 223:5066:1464 594 584 1248 1176 
1160 1530 887 444 1492 1143:7560:1880 720 1384 1824 1104 648 
388 610:2859:1251 1608 
1284 441 65 1367 551 547:9220:1912 306 1338 1926 2508 1230 
1323 1467 518 834 591 15:9134:1653 2776 735 1692 618 1660 
904 316 1031 655 399 1141 1137:6232:837 708 654 1242 495 992 1304 
322 372 355:3752:1142 2208 402 
532 821 205 549 678:6565:1382 662 1536 987 1998 
685 242 146 1355 1471 1295 558:8344:1236 1972 2145 480 870 1041 600 
725 1268:1332:522 810 
180 1068:1557:369 1188 
592 682:1707:1374 333 
931 49 205 1054:5346:1044 1959 1536 807 
575 825 742:5038:2092 1581 1365 
66:2632:2632 
472 1241 465 1487:4384:456 1178 2240 510 
1078 130 446 203 1184 995 20:9690:1248 1688 2094 363 1425 840 2032 
1055 519 1355 419 1388 546 169:9849:861 1402 600 2500 582 2004 1900 
915 1352 549 1198 982 1192 83:10595:2172 1359 1316 1320 1695 534 2199 
1392:480:480 
843 200 1315 1219 870:5959:976 962 1396 1221 1404 
1356 20 1123 374 623 540 430:5590:861 1016 742 1340 676 267 688 
1433 790 347 1395 1046:5072:1419 284 678 1728 963 
1392 936 187 437 354 243:4811:480 1473 476 698 838 846 
896 573 965 283:6995:2024 1863 1136 1972 
78:1149:1149 
348 1423 1446:4173:1160 2305 708 
1340 1336 161 171:5925:1407 1238 1164 2116 
937 294 265 1313 964:7571:1394 462 1983 2184 1548 
524:608:608 
967 551 828 1117 501 844 974:7772:330 1881 916 2055 512 1794 284 
435 591:2217:1599 618 
266 915 698 908 1358 1208:7871:891 2172 1700 375 1152 1581 
166 948 825 1247:4837:888 1120 1581 1248 
588 426 1381 405 349:5494:1104 220 1592 1282 1296 
123:1450:1450 
313 1028 652 396 1138 1134 373:8747:1566 836 624 1758 1425 987 1551 
469 319 369 352 496:3814:964 849 1227 476 298 
842 465 209 952 948 1330:10530:1656 2800 664 2096 2800 514 
1235 991 415 226:4153:514 1809 1566 264 
964:774:774 
889 579:1618:1192 426 
1527 1405:2168:1830 338 
1182 1138 496 53 1515 1165:6163:544 1425 447 1929 792 1026 
1222 606 535 1078 1554 219:7767:1293 1497 1485 624 1512 1356 
83 1358 170 1086 643 133 1342:10131:2199 1536 1120 1473 1356 272 2175 
1042 1558 104 1246 1109 254:5647:414 1197 2684 846 288 218 
673 390:3522:1437 2085 
1522:612:612 
546:1503:1503 
1372 157 700 763 1399 530:7136:988 1016 1521 886 628 2097 
1046 536 187 983:3012:1284 710 714 304 
1208 726 1163 360 1009 792 1002:9506:1581 2200 450 717 1668 846 2044 
796 620 1441 786 104 193:7379:723 268 952 531 2013 2892 
933 184 434 351 240 1316:6861:1875 1893 801 1446 432 414 
694 783:3075:1686 1389 
1033 151 307 1156:5021:1095 2096 807 1023 
1523 774 1024 941:6828:888 1398 2265 2277 
274 777:5684:2884 2800 
1027 145 301 1150:3566:1320 794 288 1164 
1103 354 604 521:5213:678 1257 678 2600 
1020 658 121 957 21:9184:392 2470 2264 2765 1293 
1047 1030 1174 225 541 298:10334:2300 1419 1248 2808 1008 1551 
738 362 1250 435:6374:684 2864 1227 1599 
1067 772 489 445 1360:6318:1348 1452 802 1860 856 
725 1534:2274:783 1491 
1025 1434 259 1414:3402:777 528 1077 1020 
392 1507 998 648:4164:472 1324 892 1476 
636 526 43 66 1235 326 109:9870:1482 1212 616 1974 1028 1338 2220 
568 1443:2658:1872 786 
695 638 1314 1470:5434:2010 1869 244 1311 
118:822:822 
615 1557:1167:717 450 
1291 569 1191 602 1318:5662:1856 1094 1560 796 356 
882 1492 250 1468 892 702:7017:1425 1104 1554 450 1014 1470 
862 46 456 839:4558:1467 1887 970 234 
626 530:2118:720 1398 
597:1488:1488 
743 353 1003 786 996 1446:4951:489 1540 572 708 462 1180 
557 1326 550 428:3167:729 624 1302 512 
1066 118 434 191 28 983 7:10227:2160 1096 801 1512 2154 608 1896 
1140 604 1440 504 1473 631 254:6358:1455 452 2004 680 908 423 436 
1317 1340 537 42 1384 1180 71:12017:1752 1407 1353 2036 1824 2127 1518 
284 1160 1249 700:4755:744 1410 1080 1521 
1343 1326 1470 521:6770:1611 1248 1311 2600 
1436 394 84 1226 1503 234:11211:664 2216 2550 2284 2084 1413 
1207 1363 1067 785:4226:1047 974 1011 1194 
1380 924 175 425 341 231:10017:2121 2008 2944 502 948 1494 
1298 561 1464 782:5365:1032 465 2208 1660 
1065 915 965 948:4612:1011 1629 852 1120 
645 1160 1264 848:5560:2452 940 1332 836 
1151:333:333 
153 829 985 276 1551 1507:8806:1476 1995 540 2820 651 1324 
193 1441 1025 1301 32 975:7566:1446 714 1036 528 1038 2804 
798 89 1364 1321:4109:1014 1176 596 1323 
1004 921 811 328:5713:1725 992 2064 932 
977 549:1543:556 987 
632 282 399 222 1044 389:6835:592 680 495 2876 884 1308 
769 991 536 1345 36 1511:7490:306 2412 710 2169 945 948 
76 979:2348:906 1442 
227 1182 206 150 826:6746:1116 1088 1472 2408 662 
1385 1315:2689:1293 1396 
830 453:2351:1347 1004 
181 669 1545:1990:480 682 828 
979 403:2273:1442 831 
1539 736:2118:1326 792 
619 4:2536:1308 1228 
1393 671 1293 704 1420:4434:1008 1080 1112 598 636 
887 1496 255 11 993 804:6831:1038 1788 345 1378 1510 772 
866 51 461 843:5234:2019 765 986 1464 
631 535:1554:564 990 
601:1161:1161 
747 358 1007 791 1001 1450:9704:702 2716 1167 1572 1407 2140 
385 1155 379 256:5731:1144 1116 2091 1380 
1504 262 19 1415 812 1394:9792:858 747 3045 1432 1878 1832 
1544 1288 473 468 1265 862:4846:520 801 375 1272 411 1467 
1402 426:2685:2355 330 
1146 1169 366 1429 1212:6163:1892 1132 1296 1431 412 
1462 925 204 826 237:4816:381 302 1172 993 1968 
1443 1199 623:2809:1179 954 676 
190 440:2583:2205 378 
417:2535:2535 
1452 930 1486 1057:4843:2200 846 963 834 
554 1230 1386 1090:3416:1716 278 590 832 
448 364:2106:530 1576 
1104 794:2150:1712 438 
961 185 62:2854:1060 420 1374 
715 1297 1241 359 515 1364 1081:8484:1228 948 2356 464 694 1192 1602 
1447 1191 375 371 1168 764:8693:1118 1170 1680 504 2232 1989 
528 232:2164:352 1812 
555 339:1596:1070 526 
368 644 934 318 661 1204:6429:836 471 615 1840 1320 1347 
701 671:2049:429 1620 
155 472:1982:1374 608 
1124 1041 931 448:3170:459 524 1392 795 
1097 669:2631:1608 1023 
752 402 519 342 1164 508:7495:441 648 2103 894 1228 2181 
412 888 1111 656 1465 156 73:7526:777 471 576 2139 2096 204 1263 
323 1438 928:4760:2528 984 1248 
699 549 599:2620:813 987 820 
580 443 1146 530 459:6645:1392 684 1419 2796 354 
1518 1169 1285 1108:6460:2256 2264 744 1196 
1499 390:2593:508 2085 
467 1010 1072 151:6070:2082 1908 1032 1048 
323 400 756:3948:1896 1104 948 
34 1016 827 1409 939 57 627:4502:939 696 528 288 411 440 1200 
474 98 986 171 581:10812:2668 696 3225 2645 1578 
1529 647 803:6003:2400 1557 2046 
90 1259:1330:552 778 
440 1143 527:3508:504 1296 1708 
1159 384:2279:2085 194 
1182 1552 910 467 1515:7380:816 1984 1408 2776 396 
730 275 1084 1333 1250:5631:927 1833 988 656 1227 
1317 980:2256:1314 942 
1207 497 214 171 1500:7323:1396 1348 2088 1587 904 
1293 78 621 684 1320 451 1260:5164:834 766 506 384 988 1296 390 
118:1096:1096 
628 438 1021:2301:711 698 892 
255 944 195 445 361 251:6083:345 525 1400 1860 588 1365 
1318 581 1484 802:4164:534 1578 504 1548 
1085 935 985 968:4211:1182 2144 405 480 
1543 36 1284 868:5650:958 1260 1434 1998 
78 1127 777 894 1131 395:9091:1532 1392 2800 436 1359 1572 
959 822 1525 812:5931:846 996 2211 1878 
1488 1165 96 972 1475:8614:1652 2052 1206 1580 2124 
263 965 163 1225 1009 805:7706:2019 568 1362 1023 1668 1066 
579:284:284 
1478 1301 978 1467:4062:946 528 1200 1388 
409 619 1068 918 968:8101:2205 1744 1188 2244 720 
659 283 1171 356:7042:1056 1972 2664 1350 
693 410 366 1282:5350:1068 940 1296 2046 
1415 932 955:5076:2148 828 2100 
946 1356 180 1335:4504:1578 861 369 1696 
314 1429 919 569:5118:678 1908 891 1641 
447 1522 1545 1156 247 31:8393:2525 1020 1656 1023 1368 801 
384 1153:585:291 294 
454 610 1459 1176 1133 904 461:7109:489 1206 768 948 610 1116 1972 
386 1528:2066:1200 866 
197 553 191 1212 490:7020:2280 1424 2016 412 888 
627 677 660 804 1316 74:6790:900 2224 2024 772 276 594 
244 666 144 700 271 1453 783:9250:1530 492 188 1521 1299 2368 1852 
178 827 610 820 1270 1120:5771:702 704 1608 399 1395 963 
175 957 834 1257:7722:2944 1106 1692 1980 
597 435 1390 414 358:7111:1984 1066 1038 986 2037 
132:704:704 
322 1037 661 405 1148 1144 382:7000:1142 208 880 1923 1512 474 861 
478 328 378 361 505:4381:2080 699 624 392 586 
851 474 218 961 957 1340:8327:1362 2668 1170 530 1659 938 
1244 1000 424 235:3501:442 992 843 1224 
788 1265:803:392 411 
589 1331:1974:976 998 
793 882 333:3263:1524 950 789 
529 1484 922:3467:1640 252 1575 
1301 845 96 346 263 152:5971:528 777 1206 1164 1346 950 
1122 385 1288 606:4502:580 858 1068 1996 
836 886 869:2624:714 1118 792 
1192:534:534 
992 177 173 969 566 1082:5978:1260 963 1060 966 646 1083 
1295 1106 130 1535:5250:1388 1156 1688 1018 
224 286 923 53:5248:900 756 1020 2572 
1172 1528 1166:4074:1548 866 1660 
829 1399 690:2248:798 942 508 
1509 1026 1463 660 1309:6708:1689 774 738 1518 1989 
1120:1284:1284 
1502:1458:1458 
953 311 1426 1330 980:7505:2024 828 2940 771 942 
1266 1516 1432 1322:4854:675 1320 1053 1806 
1455 933 1489:5352:1868 2500 984 
396 767 124 1239:4015:1172 795 412 1636 
966:1386:1386 
1502 1047:2697:972 1725 
1342 581:4279:2175 2104 
394 897 348 531 194:5113:1662 408 928 324 1791 
677 527 577:3911:1668 1281 962 
973 557 834 1123 507 754:7748:693 972 2256 1113 1768 946 
950 308:3087:1902 1185 
808 1418:1044:486 558 
538:312:312 
981 565 841 1131 515 858 987:7714:708 504 1388 1812 694 1680 928 
448 604:1473:795 678 
279 928 712 922 1371 1221:9630:1557 1248 3036 1575 1401 813 
179 962 839 1261:3178:1593 654 351 580 
602 439 1394 419 362:8090:1592 1268 1832 1250 2148 
137:1254:1254 
326 1042 666 410 1152 1148 387:6677:892 414 328 705 1425 1512 1401 
1087 937 987 970 509:8139:1200 2091 1856 1680 1312 
205 1507 692 688 1070:7465:1536 993 1188 1744 2004 
1421 615:2638:2160 478 
19:1827:1827 
1434 951 1388:3172:528 1480 1164 
1278 102 113:3561:1068 1254 1239 
206 1108 426:2441:1104 897 440 
1418 842:2214:558 1656 
6 1175:1910:642 1268 
1059 443:1484:800 684 
299 177 599 77 632 1348:7378:1256 963 1230 2535 444 950 
640 436 1299 1149 1199 1183 912:7678:1401 594 2096 483 954 1188 962 
107 889:2152:960 1192 
463:916:916 
1225 1169 287:2966:682 1132 1152 
649 565 869 386 409:5993:1464 336 1188 800 2205 
740 923 1000 1356 994 457:5709:1098 765 1488 861 282 1215 
1194 391 1040 823 1033 1483:9200:2216 735 1028 1791 1460 1970 
814 1169 393 271:3873:642 1132 800 1299 
1519 277 447 1429 826 264:7973:468 1374 2020 954 993 2164 
1279 876:2700:1791 909 
135 1144 1327 990 201:5766:1522 474 1322 1188 1260 
1443 1227 1023 328 178 228 212:7500:1179 1641 1244 699 936 296 1505 
791:786:786 
798 914 737 415:5670:2535 1401 690 1044 
55 504 355:2948:1866 680 402 
565 854 238:2367:672 588 1107 
606:1497:1497 
1504 1327 1005 1494:4702:572 1983 1521 626 
435 645 1094 945 995:10399:2132 3065 2812 1760 630 
589 212 1101 285:5565:1952 602 2024 987 
531:432:432 
1447 59 1041 438 1434:3800:1118 714 393 1047 528 
691 554 1257:5592:2292 1716 1584 
841 504 1274:3711:1041 1360 1310 
828:916:916 
162 479:3075:1503 1572 
1448 1365 1254 772:6379:2220 294 2776 1089 
1421 578:3824:2160 1664 
759 409 526 349 27 418:7701:664 2205 808 864 1964 1196 
66 1541:3546:1974 1572 
536 1279 1275 99 110 626 316:8264:1065 2388 896 1293 1194 720 708 
1076 833:2630:1740 890 
1438 956 1392:1629:492 657 480 
970 1379 204 214:5323:1680 676 879 2088 
980 337 1452 1356 1007:5136:628 280 2200 861 1167 
1396 61 1163 414 664 580 470:7508:1581 270 300 1972 951 1392 1042 
1200 12 927 484 1533 1183:8061:1364 882 476 2664 1784 891 
428 651:1096:512 584 
630 1373 1369:4982:1040 2067 1875 
1346 996 1113 936 614:4744:864 462 381 982 2055 
874 391 414 1169:5047:1208 735 1972 1132 
1379 1123:2127:1014 1113 
135 1010 1100:4759:2283 1908 568 
1426 1237:3918:2940 978 
1004 201 850:4496:2300 1260 936 
894 1277 1287 245 1493:6978:436 1422 992 1116 3012 
1214 918 635 592 1507:6543:956 2244 518 1832 993 
872 26:1387:934 453 
1307 492 901 1284 881:6173:494 999 2184 1434 1062 
1124 415 132:2054:306 1044 704 
1068 1091 702 1351 1134:7001:1584 1326 2205 1228 658 
1481 944 223 845 256:5306:1035 350 1764 777 1380 
1121 545:2327:1562 765 
123 878:2899:2175 724 
472 761 146:3179:456 578 2145 
719 809 259 442 519 875 416:11448:1404 964 718 1668 2804 1294 2596 
952 869 759 276:7304:1572 1584 1328 2820 
869:1188:1188 
176 80 1289 1405 1229 492:6819:1278 2055 936 507 711 1332 
217 440 1542 793 1043:4066:378 252 525 2032 879 
1303 1392 843 1026:2865:248 480 976 1161 
250 567:3290:1554 1736 
1536 1453 1342 860:7786:702 2368 2900 1816 
48 764:3457:1468 1989 
1492 1315 993 1482:4100:552 1047 2265 236 
837 633 1082 933 983:5637:894 552 1083 2500 608 
577 200 1502 687:5433:962 1924 1944 603 
847 1417 707 424 381 1296:10460:2043 3485 1595 1124 1263 950 
1406 191:1724:212 1512 
790:426:426 
422 511 1520 145 222 578:8939:1446 512 1269 1588 2876 1248 
261 45:1547:1256 291 
488 351 1054 438 368 910:5957:1323 1446 807 698 627 1056 
469 625 1474 1191 3 918 475:9166:964 906 1158 1170 815 1683 2470 
1278 874 1390 1494 1078:5421:1602 906 1038 939 936 
82 1411 968:2853:1473 660 720 
245 694 544:4098:837 1686 1575 
478 754 1044 428:4154:1560 1419 663 512 
28 904 994:3693:2154 1116 423 
1320 1131:2882:1976 906 
995 192 841:3065:840 837 1388 
885 1267 1278 236 1484:4413:528 942 1602 963 378 
1107 812 529 485 1401:6991:1936 2504 820 1167 564 
765 17:2772:1095 1677 
1298 482 892 1275:4154:774 680 2028 672 
1062 553:2014:1302 712 
546 862 619:4832:2004 1956 872 
773 24:1281:360 921 
1068 307 1462:2645:1584 807 254 
313 802 120:3760:1044 1032 1684 
1452 1209 633:3046:1650 982 414 
200 450:3255:1443 1812 
100 483 494 1009:6236:1170 1092 1750 2224 
1356 713 587 78 1286 1403:6994:861 1256 2272 766 534 1305 
1296 214 851 1539:7459:1425 1566 1816 2652 
1100 1456 680:2361:284 1017 1060 
433 1429 959 77 234 1496:7767:1026 1431 564 1521 1884 1341 
887 483 1413 1103 687 550:6935:692 1092 2568 678 603 1302 
926 1509 1452 570 726 17:8660:210 2252 1650 1230 2200 1118 
1277 1140:2877:1422 1455 
1187 398 1181 644 1383 447:5464:1648 300 612 471 918 1515 
577 82 1424 1220 112 1520 12:8919:1443 1964 1396 1071 600 1269 1176 
1517 142 219:3440:324 1760 1356 
1228 758 1434:3257:834 1719 704 
652 568 458 1534 412:5241:936 1248 789 1491 777 
1068 292 169:3699:1584 975 1140 
1265 1421 1126 843:3624:411 1080 669 1464 
1438 982 234 483 400 290:6545:738 1695 1884 728 552 948 
1259 523 1425 743:4739:1556 999 1532 652 
1123 973 1023 1007:4199:1484 693 1244 778 
703 1219 1323 907:6514:2264 814 2204 1232 
1113:381:381 
211 887 1043 334 51 8:7110:1530 1384 879 576 765 1976 
251 1499 1083 1360 91 1033:5856:910 762 356 856 1512 1460 
388 967 1536 827 544 501:4846:1251 220 936 352 1575 512 
1398 356 46 1188 1464 195 1138:10816:1182 1350 1887 1364 2208 1400 1425 
1048 472 1427 865 395:6361:1576 304 2316 986 1179 
170:1120:1120 
419:1875:1875 
326 1362:1711:892 819 
808 925 1162:1734:729 453 552 
66 929 779 829 812 542 1152:10110:1974 400 1002 1995 2504 810 1425 
1398 861:2598:1182 1416 
366 1481 971 622:4742:864 1380 2060 438 
195 499 16 39 794 299 83:10895:1050 2012 2984 1689 438 1256 1466 
1152 829 1318 636:4816:1425 1197 712 1482 
469 919 769 819 802:5212:964 891 306 1503 1548 
134 1022 206 616:4406:1383 1160 1104 759 
217 1132 689:2250:378 936 936 
417 1066 849 1059 1509 1359:8750:1521 2160 1184 1200 1689 996 
1202 414 1196 1073 1495:9956:2271 1479 2220 1314 2672 
424 154 763 1079:4041:1124 730 1329 858 
890 274:2831:1389 1442 
430 1052 464 1179:5121:1032 753 1887 1449 
1242 533:2442:1137 1305 
1469 1253 1049 1498 1348 1398:9416:1140 990 2178 844 1900 2364 
244 866:4732:2040 2692 
823 940 763:4668:1791 1548 1329 
81 530 380 430 414 557 1167:7130:1155 1398 472 688 1479 486 1452 
896 120 1556:3763:1518 1263 982 
88 1176 294 451 155 1430:7551:302 1264 462 972 2748 1803 
1320 904 767 1470:4425:1482 837 795 1311 
1493 51 288 1110 455 1330:8166:3012 510 1090 1518 1008 1028 
602 1411 102 19 1467:6949:796 990 1254 1827 2082 
1507 452 1461 86 1307 518:6415:662 1696 944 1635 988 490 
821 18 1081 864:5914:1324 1792 1602 1196 
180 896 422 166 909 905:6733:369 1518 1446 888 1216 1296 
1241 293 609 366 1348:7505:2356 894 1491 864 1900 
815 1198 1208 166 1414 998:7668:692 1320 2635 1332 1020 669 
676 206 882 1038:4776:1836 1104 1425 411 
196:1368:1368 
1384 756 446 30 1451 596 1538:9799:1368 1422 2094 741 1296 354 2524 
962 1278 1035 872 269 852 796:6269:981 1602 808 934 1066 396 482 
843:1464:1464 
633 1136 587 770 433 1203 427:9257:276 2648 1136 1456 1368 837 1536 
782 1086 603:3881:1245 1964 672 
131 1433 617 613 996:5200:1293 1419 618 1408 462 
1250 540:1405:1227 178 
1063 846 1056 1506 1356 1406:8449:2252 912 1518 1908 1435 424 
416 293 716 194:5318:1947 596 984 1791 
287 1375 493:4206:1152 1596 1458 
593 616:1965:700 1265 
271 1519 1103 965 110:5462:866 624 1130 852 1990 
580 230:2558:1856 702 
251 234 1522 574 890 646 484:9709:1820 942 408 2520 926 1095 1998 
1499 963 241 863 274:7213:508 1350 1542 1650 2163 
1480 1237 660:3771:786 1467 1518 
977 228 477:1481:417 444 620 
1203 947:1596:1116 480 
737 827:1164:460 704 
1061 86 1174 292 861 55:8089:879 2180 1248 650 1888 1244 
718 1101 1111 69 1317 901 1178:11688:1305 2024 288 2260 1752 1638 2421 
762 185 1140:4852:2872 525 1455 
1380 631 881 797:4974:2121 564 1062 1227 
521 398 820 298:5150:1950 600 532 2068 
954 1536 1480 598:2714:666 468 1048 532 
1254 1184 169 645 868 412 1221:9910:1388 1425 1140 1839 1998 1036 1084 
131 1406 1362 1133:3146:1293 424 819 610 
807:1310:1310 
1156 1446 830 1173 158 220 857:7315:682 708 1796 1248 849 892 1140 
1430 721 438:3640:1202 1740 698 
1443 960 1397 594 1243 1027:5148:1179 1203 548 220 678 1320 
338 428 1437 62 138 494:8434:210 640 1316 2748 2470 1050 
275 59:1936:1222 714 
502 365 1068 452 381 924:11307:1767 2964 1188 1696 1684 2008 
482 638 1390 1107 1477 835 392:10557:544 1869 1038 1452 2605 1869 1180 
1292 888 1404 1508 1092:7737:1890 628 1578 1893 1748 
96 1425 982:4050:1206 1149 1695 
258 708 558:3441:912 2079 450 
491 768 1057 441:4548:1920 1488 834 306 
42 918 1007:4938:1527 2244 1167 
1334 1144:1704:1388 316 
1009 206 855:5144:2224 1104 1816 
898 1281 1291 249 1497:6942:939 1557 1392 1188 1866 
1218 923 640 596 1414:5373:1715 1020 1401 472 765 
779 30:1743:1002 741 
1079 1488 313 1468:4579:1287 826 1566 900 
1186 543 100 1149 799:5080:604 867 1560 483 1566 
787 677:3073:849 2224 
1016 1120 703:3910:928 1284 1698 
230 719 36 540 1549 174:3987:468 1404 630 267 590 628 
30 785:1290:494 796 
380 669 53:4001:708 1364 1929 
619 70 253 330 685 323:8902:1744 519 474 2724 1545 1896 
1375 466 250 460:5391:1197 2072 1554 568 
916 100 510 893:4283:1880 1560 327 516 
583 487:1804:852 952 
651:438:438 
1371 622 872 788:3534:1401 438 1401 294 
1385 609 486 908 386:5344:1293 1491 860 500 1200 
249:891:891 
809 419 1068 852 648 1512:5937:482 1875 1188 528 1476 388 
350 1359 1542 1205 417 1199 662:6264:939 498 525 1494 1014 954 840 
300 1376 1399:3007:1102 963 942 
1288 113 123:4673:534 1239 2900 
630 1119 437:5288:2080 1812 1396 
1356 114 1429 853:4512:861 672 954 2025 
503 780 1069 454 797 926:5431:969 2168 321 326 1227 420 
1440 1144 861 818 175 1290:8410:1002 632 1416 490 2944 1926 
335 198 901 285 215 757:6324:2037 522 1638 987 423 717 
472 1320 1038 1408 765 322:7253:608 988 274 2004 1095 2284 
805 1347:2827:1599 1228 
1404 1148:3090:1578 1512 
1131 62 938 1441:6478:1812 2748 1204 714 
1218 1201 1345:7934:1715 2604 3615 
109 1051 1395 379 442:9414:2960 270 1728 2788 1668 
1405 895 546 662 486 163 652:5669:338 357 1503 840 645 1362 624 
1032:200:200 
859 549:2011:1024 987 
1498 1375:2064:1266 798 
1153 1109 466 23 1485 1136:4688:294 288 1036 966 780 1324 
369 845 1068:3342:1636 518 1188 
1188 53 1089 86:5539:1023 1929 952 1635 
768 712 1388 1544:5387:1488 2277 582 1040 
1202 453 703:6041:2271 1506 2264 
1365 643 1265 676 1392 1015 759:6415:294 1017 411 1836 640 1221 996 
587 383 832 682:6424:2272 1464 2244 444 
534 530 913 923 1439:5970:1212 2097 1312 765 584 
596 1166 457 174 131:5454:354 1245 1620 942 1293 
1253 38 167 644 1280 411:3638:660 726 424 471 1072 285 
1193 1097 748 864:3348:326 1206 1218 598 
11 1353 5:5572:2756 806 2010 
979:2884:2884 
992 1547 705 742 72 815:7928:1260 1272 656 1365 2510 865 
172 782 1098 854:6144:2256 1660 1052 1176 
1100:426:426 
518 141 1444 628 624 1421 1017:9118:735 2148 1288 474 1305 1620 1548 
1367 1417 1400 1543 595:9986:2568 2788 865 2395 1370 
1214 39 49:3473:478 1689 1306 
948 266:2308:1120 1188 
492 1075 605 1281 293:5020:666 837 1287 1038 1192 
429 706 995 379 722 852:7068:1096 1965 630 1394 1587 396 
762 319:4004:2872 1132 
1361 119:2674:990 1684 
1102 992 510:3052:1356 1260 436 
1242 426 836 1219:4129:1516 440 952 1221 
399:495:495 
304 1259 283 227 903:6173:975 1556 1972 744 926 
1249 833 695 1398 783 712:12246:1350 2225 2010 1773 1852 3036 
163 1438 1394 1165:4746:1362 984 1374 1026 
839:585:585 
889:894:894 
826 1208 1219 177 1425 1009:7230:1324 1054 1628 963 1149 1112 
686 216 892 1462:4377:996 1986 1014 381 
110:1194:1194 
510 1452:1977:327 1650 
1283 147 1183 180 1310:3578:438 342 1188 246 1364 
363 973 1289 1459 883 280:4333:636 693 702 512 1094 696 
351 733:2005:964 1041 
182 1057 1147 598 781 444:7392:1364 556 1032 798 2274 1368 
614 637 248 897:3943:2740 495 300 408 
44 1346 531:3426:1806 1296 324 
1382 1033 1149 973:2761:651 1095 322 693 
494 290 740:2780:1050 632 1098 
523 800 1089:4191:999 1764 1428 
490 673 750 1106:4709:888 1916 1038 867 
1213 1357 408 724 481 1463:11798:2164 2675 1263 2192 1659 1845 
1253 824 448 1336 521 930:8656:1320 1221 530 1857 2600 1128 
2 318 488 1470:4539:548 920 1323 1748 
1071 1000 1543:5382:1482 1984 1916 
242 1025 902 1324:5903:1479 518 546 3360 
665 502 1457 482 425:5927:1172 1178 2552 272 753 
103:338:338 
389 1105 729 473 1215 1211 450:7272:981 714 999 500 876 1390 1812 
96 546 396 446 429 572:6931:804 1002 1172 2094 548 1311 
647 110 946 10 979 40:9170:2076 1194 1578 1052 2884 386 
1019 1163:1964:1364 600 
27 836 1086 1002:5684:1473 714 1964 1533 
1502 726 603 1025 503:7755:1458 2750 896 1036 1615 
832 562 1171 1488 100:6255:1122 336 1998 1239 1560 
932 529 1458 1149:4170:828 1230 1629 483 
622 113 1321 1438 117:5338:584 1652 882 738 1482 
1296 813 836:3897:1900 807 1190 
1119:1208:1208 
1429 493 1462:4233:1908 1944 381 
370 326 97 1212:2302:340 1338 212 412 
623:1352:1352 
1449 234 777 839 1476 606:6793:300 942 2800 468 786 1497 
371 341 1390 1040 1157:5990:252 948 1038 1028 2724 
614 504 21:4708:2055 1360 1293 
33:741:741 
1541 60 415 1198 1075 1497 975:10781:1048 1422 1566 2640 837 1866 1402 
492 409 299 1374 1397 1008 99:9135:999 2940 1570 1032 548 322 1724 
1128 1365 629 1532:2916:1323 392 424 777 
473 269 1132 982 1032:5716:500 2132 624 2260 200 
1139 323:3010:1114 1896 
1219 150 1026 1529 980:7605:1221 2408 1548 1800 628 
216 1279 1063 859 1309:10145:2648 2388 1689 768 2652 
803 427:2814:2046 768 
1519:312:312 
933 650 607 1522 1493:6624:1875 828 1050 612 2259 
41 291:1578:300 1278 
324 334 850:2518:1384 432 702 
581 1403 747 65 155:8439:1578 1740 1053 2007 2061 
1247 1457:3176:624 2552 
92 795 179 108 651 1127:5374:474 352 1593 1125 438 1392 
1204 562 119 1167:4959:1796 448 1263 1452 
1404 495:2010:1578 432 
608 1550 1480:2006:384 1098 524 
1407 870:1283:230 1053 
375 1490 980 631:3575:840 1056 1256 423 
205 508 25 48 804 308 92:7998:1536 2181 1116 734 772 1185 474 
1161 838 1327 645:7843:2016 1344 2644 1839 
478 928 778 828 811:6649:2080 936 1398 687 1548 
519 143 1031 216 625:7455:2103 926 872 2648 906 
16 692 848:5129:2984 891 1254 
1385 1274 792 815 426:4561:862 1048 1692 519 440 
1211 423 1205 1082 1505:8029:2085 825 1992 1083 2044 
433 163 772 1089:5610:1368 1362 1452 1428 
899 283:2108:1122 986 
1318 382 1351 1188:3339:534 861 921 1023 
1251 542:2514:1974 540 
1478 1262 1058 1507 1358 1407:5518:1419 429 1012 662 1536 460 
253 875:2415:474 1941 
833 949 772:3300:1335 1239 726 
90 539 390 439 423 566 1176:6839:414 1348 1390 1268 825 646 948 
905 130 7:3510:1296 1266 948 
98 1186 304 460 164 1439:5917:696 1208 650 852 1635 876 
1329 913 776 1479:4938:939 984 2181 834 
1502 60 297 1119 464 1339:7869:1944 948 326 1812 1887 952 
611 1420 111 28 1476:6507:306 954 1914 2154 1179 
1516 461 1470 95 1316 527:6683:2640 986 874 777 552 854 
830 27 1090 873:6744:1796 1964 1248 1736 
613 237 1539 724 720:9039:1408 984 3315 2740 592 
110 786 1356:2011:796 354 861 
101 18 1466 983 1420 617:5161:390 1792 951 456 954 618 
1556 181:2444:1964 480 
1051 1007:1437:270 1167 
1154 1364 256 106 156 139:6583:1356 596 1380 2084 204 963 
1281 145 1181 179:4831:1038 1588 612 1593 
376 958 902 20 176:5054:1260 528 546 1016 1704 
1045 629 492 1195 579 509 1052:6938:2013 424 999 1011 426 1312 753 
766:432:432 
100 416:3766:1170 2596 
972 889 1192 710:3903:1185 1192 534 992 
1359 516:2569:1245 1324 
1478 1128 1245 1068 746 356:8406:1419 1323 1680 1188 1446 1350 
536 785 702:4819:1420 1194 2205 
1511 841 26:2789:948 1388 453 
413 63 180 3:4203:1320 2148 246 489 
722 333 982 766 976 1425:7560:1587 1315 2260 432 434 1532 
1176 1359 1022 233 1015 893:5125:632 747 1160 1428 814 344 
1152 457:2165:950 1215 
120 663 1140 1362:4015:1263 963 970 819 
823:1194:1194 
1179 830 946 769 447:5084:966 1347 1052 204 1515 
321 344 1099:3748:1290 1308 1150 
234 617 627 1143:4698:1884 618 900 1296 
1393 750 721 211 1420 1536:8193:1008 1038 2175 1530 1272 1170 
207 896:1474:462 1012 
1196 47 430:4439:1665 1398 1376 
1349 1173 436 1339:4897:1569 1664 1188 476 
490 940 790 840:3678:888 1548 426 816 
1020 617 1546 1237:3007:392 824 324 1467 
710 201 1409 1526 205:4750:744 1680 192 598 1536 
1286 804 827:2010:534 772 704 
52 1207:2647:1600 1047 
1423 368 1377 2 1223 435:4580:922 836 1018 274 464 1066 
318 1394 1417 614 119 1460:8026:1380 1374 1394 1370 1263 1245 
255 611:919:460 459 
482 1331 1048 1004 362 332:7000:272 998 788 1150 2148 1644 
522 798 1088 472 815 944:5948:879 1521 1896 608 519 525 
1458 1162 880 836 193 1308:8933:1086 1104 1902 476 2892 1473 
353 216 919 303 233 776:8829:924 1986 891 1419 1428 2181 
490 1339 1056 1426 783 340:7445:1184 476 1012 2940 1389 444 
823 1366:4938:2388 2550 
1422 1166:2505:1260 1245 
11 1246 177 1053 1556:7541:3445 1128 963 1023 982 
1024 1047 244 1307 1090 887:10324:2265 2300 2040 741 1248 1730 
1269 1346 144 1340:5654:2331 1728 188 1407 
1002 786 996 1445 1295 1345 1329:9707:2555 708 462 387 1041 3615 939 
284 1293 1476 1552 350:6085:558 1112 1179 1984 1252 
361:392:392 
943:1284:1284 
1382 926:644:434 210 
460:852:852 
1503 367 1403:3569:1042 1222 1305 
1179 469 187 557 1472:4887:1932 964 476 729 786 
740 1549:1617:732 885 
1132 371 1525:3837:1248 378 2211 
700 377 866 184:6627:1521 1236 1346 2524 
317 367 350:2692:844 1222 626 
527 816 200 544 1086:5624:854 804 1443 1050 1473 
680 651 141 1350 1466 1290 967:6089:795 292 1432 680 634 1926 330 
1134 1263:1631:987 644 
272 1160:4178:2768 1410 
1143 488 1364 1453:4814:972 1764 894 1184 
1530 1260:1110:720 390 
771 994 538 1347 39 1514:4356:567 423 312 921 1689 444 
131 1340 1456 135 957 301:8416:1293 1876 1017 2283 1659 288 
584 807 351 1161 1410 1327:11576:1956 1048 1928 2688 1312 2644 
721 372 488 311 1547 478:8701:870 2944 1323 828 1696 1040 
28 1503:4238:2154 2084 
1241 1237 62 72 588 278:9608:1767 1956 2061 1004 828 1992 
1195 725 1401:2922:1011 783 1128 
618 535 425 1500 379:5536:798 990 753 904 2091 
1034 259 136:3715:1587 718 1410 
1184 714 1390 1546 1250:5410:950 1916 692 216 1636 
1340:938:938 
335 1167 857:4434:1358 1936 1140 
89 965 1054 505:3713:882 852 807 1172 
861 1470:3164:1416 1748 
1198 1114 1004:6326:2640 2536 1150 
1268 425 49 1351 536 532:7804:1080 1004 1306 921 1420 2073 
1307 1451 502 818 575 1557:7008:741 1296 1767 735 1569 900 
203 918 542 286 1029 1024:7060:363 2244 810 756 622 2265 
1121 1264 316 632 388 1370:9775:3124 2220 708 592 1251 1880 
1160 732 355 1243 428 838:5386:1880 704 268 678 512 1344 
153 1440 492 808 979 402:8614:1476 2004 1332 486 2884 432 
1018 1428:3627:495 3132 
259 1162 479 569 20 203:6065:1077 828 1179 1094 1524 363 
133 156 1325:1524:408 306 810 
50 46 843 439 955:10873:2820 1887 1464 1902 2800 
624 780 70 1345 1302:6634:1305 2168 692 1446 1023 
97 160 796 1485:2806:318 744 964 780 
1046 1402 1040:3404:963 1413 1028 
1273 563:3064:2428 636 
400 849 699 749:4024:828 1184 542 1470 
843 1358 1049:3196:976 768 1452 
183 1059 1148 599:4446:1314 800 1512 820 
955 6:3870:2800 1070 
1139 1389 1306 1196:5747:1671 1016 1395 1665 
1329 806 1362:3915:1252 1844 819 
640 1555 1112:5013:1401 1566 2046 
374 224:2004:804 1200 
1376 920:916:642 274 
454:489:489 
1134 597 1433:4038:658 1488 1892 
331:1530:1530 
774 198 8:3110:932 696 1482 
112 1489:1584:600 984 
582 1324 1320 145 155 671 361:12896:2772 2688 1976 1191 2061 1620 588 
779 1388 146 1461:3958:1002 582 1430 944 
535 812 1101 485 829:7138:1485 1878 1012 1167 1596 
329 1538 96 1478:5576:987 1893 804 1892 
1464 116 565:4950:2760 1518 672 
212 915:2532:903 1629 
931 155 33 455 1491 488:8041:1392 2061 988 1344 1374 882 
1155 908 958 942:3469:1488 375 792 814 
735 1251 1355 939:3150:1080 1316 480 274 
1145:846:846 
146 822 978 269 1544 1501:9297:2145 1328 900 2132 780 2012 
283 1531 1115 1392 123 1065:7148:986 291 1868 480 2175 1348 
793 323 999 10 859 576 533:7301:1016 1896 1004 1052 768 260 1305 
347 357 873:4012:904 1372 1736 
663:963:963 
1166 1123 480 37 1499:4738:1245 1113 948 924 508 
557 806 723:2148:486 1383 279 
1102 100 815 853 183 926:6465:1017 1170 519 2025 1314 420 
283 892 1208 965:5940:1479 2028 1581 852 
316 1019 403 333:4651:708 2046 1108 789 
1245 563 1066 517:6746:1680 954 1620 2492 
873 1482:1538:1302 236 
796 713 1016:4404:964 2512 928 
61 1266 451 447:3891:405 675 1296 1515 
144 1059 1030:2901:282 1200 1419 
344 993 777 987 1436 1286:9552:1308 3020 2800 1392 498 534 
341 1123 1000 1423:5889:948 1113 1984 1844 
1007 1177 601 1556 994 524:6310:1167 1515 774 1964 282 608 
69 451 48 978:4668:1695 972 1101 900 
510 161 277:2865:327 1164 1374 
181 165 1452:3445:320 1475 1650 
356 219 922 306 236 779:8165:1350 1356 1575 2253 963 668 
396 1245 962 918 689 246:10996:2344 1680 1308 2244 936 2484 
322 1264 49 592:7031:1713 1332 2612 1374 
698 376 864 182 272 1280 1464:8004:1275 840 598 1023 2076 536 1656 
1011 263 512:5307:1713 2019 1575 
452 1488 485 57 1238 568:6322:1272 1239 778 330 831 1872 
1278 36:2328:1068 1260 
1019 909 426:4956:3410 1216 330 
1158 343 753 1136:5087:717 1648 736 1986 
975 266 1541 353 1269 826 316:11341:2103 891 2096 1232 3885 662 472 
384 1526 1389:2316:194 598 1524 
1493 118 1339:2768:1506 548 714 
1409:288:288 
263 114 164 147 290 900:7445:2692 840 1635 342 1264 672 
278:1992:1992 
1460 910 1093 1170 1526:4961:1245 1056 1098 964 598 
1536:936:936 
142 59 1410 927 1364 561:4972:1320 952 984 357 894 465 
1500 125:3092:1808 1284 
995 951:1740:630 1110 
782 632 682 666 395:2721:830 444 333 328 786 
383 765:2436:976 1460 
992 1082 532 715 379:9524:945 1805 3455 1228 2091 
929 713 509 1372 1222 1272:7376:300 2512 984 988 1724 868 
969 180 962 426 1262 326:3963:966 246 654 330 429 1338 
742 526 322 772 1301 1351:7990:1365 1616 2284 1452 352 921 
1138 776 239 1075 139:6258:1425 2181 1173 837 642 
1165 1148 1292 343 659 416:10256:1026 1512 1890 1648 1584 2596 
1285 856 480 1368 553:7820:1488 1356 632 2564 1780 
1006 430 1385 823 353 1029:5974:740 1032 862 1791 616 933 
903 593:2902:1852 1050 
1542 1419:978:525 453 
510 67 1116 766:4043:327 1316 1968 432 
227:1116:1116 
234 1336 587 837:5771:1884 1857 1136 894 
734 917 580 1350 574 37 874:7916:488 606 1856 510 2016 1232 1208 
930 1233 751 774 1529:6104:846 544 1516 1398 1800 
317 394 749 387 1409 687:8183:1266 2770 1960 1401 384 402 
217 427 876 726:4089:378 1152 909 1650 
67 477 860 870 1386:4526:658 465 1816 702 885 
159 835 991 695 412 369:9310:948 1869 1809 2680 777 1227 
627 1330 715:2642:900 514 1228 
577 1347 571:2555:962 921 672 
1004 28 1530 648 804 95:8520:1150 2872 960 1476 1544 518 
1354 1217:1626:903 723 
1504 1167 379 1161 625 1461 525:9364:572 1936 1394 2016 906 944 1596 
139 56 360 1435 1458 655 160:7448:642 387 956 1476 1629 1242 1116 
915 593 1081:5165:1629 1400 2136 
709 1318 77 1391:2100:318 356 1014 412 
563 839 1129 513 856:4027:954 351 938 428 1356 
357 7 124 1505:5724:1372 1896 412 2044 
180 829 613 823 1272:5193:246 798 1056 1791 1302 
516 1231 1268:3270:1324 1406 540 
1352 709 266 1314 965:3439:906 424 891 366 852 
952 842:4304:2096 2208 
762 1278 1382 966:5732:2872 1068 868 924 
1172:1548:1548 
174 850 1006 296 14 1528:6061:942 936 1110 348 993 1732 
310 1558 1045 1322 53 995:8666:399 798 2684 1806 1929 1050 
820 350 1026 38 886 604 560:6004:266 939 774 968 1677 678 702 
277 287 803:4284:1374 864 2046 
601 690:1923:1161 762 
414 1410 940 58 214 1477:7498:1479 984 1032 874 1566 1563 
187 1342 714 404 667 530:9774:952 2175 1437 968 1446 2796 
1429 27 876:3827:954 1964 909 
1260 351:1354:390 964 
578 441 1144 528 457:3947:1248 306 474 704 1215 
1516 1167 1283 1106:6170:2640 1936 438 1156 
941 725 521 970:6628:3036 522 1950 1120 
465 88 1390 575 571 954 964:11449:2800 453 1384 2092 1120 1665 1935 
1363 1347 1490 542:4561:1461 1228 792 1080 
1554 512 202 1344 63 352:8949:2016 2100 1220 1108 2148 357 
1228 1384 1088 805:5658:1251 912 1896 1599 
1400 945 196 445 362 252:6827:519 1320 1368 1240 1432 948 
26:453:453 
575 1490 1047:4086:1569 792 1725 
309 159:3340:2076 1264 
758:1719:1719 
404 508 92 1513:4389:726 2181 474 1008 
395 884:2256:786 1470 
216 665 516 566 549 692 1205:7583:1986 586 993 646 987 891 1494 
599 676 1032 669 133:5274:1230 1836 300 1364 544 
29 479 329 379 362 506 1115:9119:1352 786 658 1394 2148 1380 1401 
69 1504:3118:2260 858 
104 1379 1335 692 249 153 1362:8043:1342 1352 1272 891 891 1476 819 
1268 852 715 1418:3096:810 528 921 837 
330 1538 97 334 1156 500 1376:9201:2724 1893 318 432 1023 1848 963 
307 783 1006:3112:1076 926 1110 
712 1549 613 24:4844:2277 590 1056 921 
803 747 1423 21:5314:2046 1053 922 1293 
1536 227:1584:468 1116 
260 271 787:3923:1059 1732 1132 
577:1443:1443 
1243 733:1372:678 694 
1043 800:2643:879 1764 
1405 922 1359:2135:338 1050 747 
1249 74 84:3018:810 1188 1020 
983 300:2660:456 2204 
814 210 1207 737 1413 11:7395:963 885 1047 460 1284 2756 
880 464:5057:3170 1887 
570:1230:1230 
15 890 980:3890:1245 1389 1256 
884 1493 251 8 1404 800:11749:1960 3012 1365 1482 1578 2352 
1277 461 457 1254:6691:1422 1972 1215 2082 
434:1068:1068 
22 1390 415 262 938:6234:1209 1038 2088 996 903 
238 1180 1524:5596:1107 3545 944 
1451 914:2840:972 1868 
5 1534 1024 675:7871:1608 1988 2265 2010 
971 168 817 601:5347:2060 884 855 1548 
1183 754 378 1266 451 861:7388:1485 1892 624 675 1296 1416 
78 1366 418 734 904 328:5637:766 1530 1794 244 837 466 
1041 1451:1689:393 1296 
1018 282 1184 502 592 42 225:9946:495 680 950 2356 1832 1527 2106 
229 1331 583 832:5352:1604 1497 568 1683 
816 479 1248 472 1494 772:8730:804 1965 2488 456 1565 1452 
1029 813 609 1058 909:7935:1555 1345 1491 2024 1520 
1395 553 176 1478:5343:1152 1068 1704 1419 
50 726 1295 586 303 260:7499:2115 1100 1041 765 1419 1059 
1071 655 932 1221 605:6984:1976 1656 552 1084 1716 
391 508:3643:735 2908 
807 231 1186:3186:786 1494 906 
780 1003 547 1356 48 1523:6021:1626 429 820 861 1101 1184 
140 1349 1465 144 966 311:7564:990 2092 1572 282 1386 1242 
593 816 361 1170 1419 1336:8006:1400 1206 392 1928 604 2476 
730 381 497 320 1556 487:6697:618 1263 674 1226 1964 952 
38 1512:1017:726 291 
1250 1246 71 81 597 287:6995:1227 1128 1518 770 1488 864 
1204 734 1410:3147:1347 488 1312 
628 544 434 1510 388:4183:711 1050 801 370 1251 
1044 268 145:1850:442 614 794 
798 236 1324 442 598 302 19:10518:1521 963 2688 834 798 2496 1218 
1251 847:4017:1974 2043 
1018 1201 864 76:4385:330 1953 1196 906 
80 1395 1232:3743:1370 1728 645 
223 446 1548 800 1049:8772:1764 2094 384 2352 2178 
895 1399 849 1033:3214:238 628 888 1460 
1302 354 670:4320:1364 1676 1280 
1352 337 400 1036 167:3931:1359 280 828 1146 318 
443 121 610 1485 17:5557:456 1698 1206 520 1677 
1206 1416:2348:1314 1034 
990:1188:1188 
507:884:884 
1360 983:1312:856 456 
297 1200 517:4968:489 1364 3115 
1436 49 1031:3111:498 1959 654 
244 1347 598 847:5599:1530 1228 798 2043 
365 787:4837:3705 1132 
1386:590:590 
920 1503 1447 565 721 11:6889:548 1042 1677 504 1740 1378 
291 807 910 494 357:5280:1278 524 1056 1050 1372 
1100 1056 827 384 1433:3885:426 1518 704 291 946 
648 1336 587 837 754:8391:1476 1857 2272 894 1892 
221 1097 1187 637 820 897:5839:2568 804 1236 495 532 204 
654 1091 288 937:7154:742 1989 1635 2788 
1400 971 595 1483 668:7699:346 1545 822 1576 3410 
1121 545 1500 938 468 1144:6553:1562 1020 1356 1505 636 474 
922 612:2900:2100 800 
875 99 1535:4899:2588 1293 1018 
1114 1058 176 332 1181 898:7973:1268 2024 1278 1233 918 1252 
163 866:3162:1816 1346 
107 1128 406 1028 440:5853:960 1323 1520 1672 378 
87 1402 826:2630:1026 942 662 
1142 393 643:3627:1671 600 1356 
1369 1113:2256:1875 381 
27 903 992:4270:1473 1852 945 
1143 1459 1215 639 450:5419:972 512 876 1851 1208 
1016 706 290 566:3368:464 1310 948 646 
1506 1329 593 1496:4505:1272 939 1400 894 
437 647 1096 946 996:6479:1047 2076 944 2104 308 
177 214 1102 287:5742:963 2610 1017 1152 
307 24 394 1310:4882:807 921 1108 2046 
1443 960 983:2838:1179 1203 456 
112 1266:1075:400 675 
22 525 1534 159 1380 591:8613:806 2128 1491 948 2828 412 
475 1550 15 770 275 59:8333:1976 1464 1245 728 2444 476 
315 671:1436:356 1080 
428 384 1299 1270:3583:384 291 1048 1860 
68 1543 1432 950 1387 584:10163:1854 1916 1053 1902 1971 1467 
51:510:510 
1349 1253 904 1020:3595:1046 1320 837 392 
1174 265 48 258:4828:832 1983 1101 912 
308 691:2509:790 1719 
918 1007 458 641 304:7673:1122 1556 1052 2968 975 
855 638 435 1298 1148 1198:11402:1816 3115 1599 1032 2520 1320 
894 106 888 352 1188 252:4485:327 1042 314 357 1023 1422 
1445 1229 1025 1474 1324 1374:7399:387 711 777 772 2688 2064 
220 842:2994:1338 1656 
819 642:2400:1503 897 
542 353 935:3570:810 616 2144 
1237 1154 1044:3975:1956 1356 663 
1210 782 405 1294 478 888:7471:1352 1245 1282 1041 2080 471 
106 1394 445 761 932 355:6239:1042 1374 1860 867 828 268 
1068 1478:3080:1188 1892 
1045 309 1212 529 619 70 253:9625:2013 2768 309 1640 1744 519 632 
159 1262 513 762:4061:1264 429 214 2154 
843 506 1276 500 1521 799:9319:976 3450 774 1386 645 2088 
743 539 989 839:2808:489 1348 620 351 
1409 593 589 972 982 1498:6897:192 700 1464 1580 1695 1266 
154 1522 547 77:6212:1825 816 2050 1521 
1396 315 951 82:4662:1054 534 1110 1964 
721 810 261 444 521 877 101:7946:870 440 1884 1824 1950 588 390 
760 278:2997:1005 1992 
987 584 1513 1203 787 650:6253:928 1467 1344 837 849 828 
169 1124 148 92 768 924 215:10215:1520 459 2828 632 1984 2510 282 
674 298 42 785 780 19:11570:2288 2068 1018 1592 2168 2436 
1165 921 345 156:3213:1026 744 1239 204 
1554 272 561 1504 289 832 894:7279:1512 2076 465 572 753 1683 218 
1328 858 1534 546 1395:7434:876 1260 1491 1503 2304 
879 1008 1484:1952:804 644 504 
392 269 692 170:4345:708 1066 891 1680 
1136 1306 730 127 1123 653 1329:9025:2648 1395 1236 624 1484 1012 626 
700 1443:2193:1014 1179 
904 994 444:3327:1395 564 1368 
1410 168 1483 1320 717 1299:8031:1312 663 1576 988 1396 2096 
1546 1290 475 471 1267 864:5898:216 1926 1482 435 942 897 
1307 332:1810:988 822 
1051 1074 271 1334 1118:6086:360 1078 1299 1041 2308 
1464 928 206 828 239:5635:1656 624 1104 687 1564 
1105 528:1242:714 528 
96 345 262 152 1227 106 861:9593:1608 1239 747 1900 1641 1042 1416 
618 442 1263:2427:532 1251 644 
109 92 1380 431 747:5865:2220 632 1414 546 1053 
192 1347 718:3063:837 921 1305 
605:1287:1287 
1065 422 1537 1028:6341:674 2892 1521 1254 
1265 356:1311:411 900 
582 445 1148 532 462:11863:2772 2480 2016 3455 1140 
60 1268 1385 1208:5472:1422 1080 862 2108 
946 729 526 975:6085:2104 666 1212 2103 
469 93 1395 580 576 958 969:7025:723 528 2304 928 520 1056 966 
1415 1465 1448 34 643:9312:1432 1572 3700 1252 1356 
1166 1548 1559:1904:830 512 562 
899 217:1500:1122 378 
1435 553 709:3460:1968 1068 424 
1245 1135 652 675 286:6762:1260 1488 1248 2010 756 
186 969 846 1268:3454:818 644 912 1080 
706 543 1498 523 467:8056:2620 578 2110 666 2082 
144:282:282 
333 1049 673 417 1159 1155 394:9718:789 1452 958 2028 2085 744 1662 
1462 1446 31:2253:508 944 801 
161 451 1393 178 721 783:6221:873 972 1008 702 1740 926 
860 218 188 1237:7271:908 2925 1482 1956 
544 461 351 1426 305 1060 151:10463:1575 986 1446 1470 1902 1512 1572 
36 1417 681 26:4265:630 2091 1242 302 
525 735 1184 1034 1084:6236:1596 1080 950 2116 494 
362 399 1288 472:4052:2148 495 801 608 
1104 395 112 482 1398:5138:1712 1572 400 272 1182 
665 1475:3296:1172 2124 
1357 1101 285 281 1078 674:9454:2140 1518 1316 1828 936 1716 
142:1320:1320 
928 724 1174 1024 1074 1057:9187:624 1644 1664 2265 2156 834 
641 1477 541 1511:6471:3710 1042 1008 711 
732 262 938 1508:3946:704 747 602 1893 
156:408:408 
555 1497:3471:1605 1866 
96 1131 129 1258:5131:2010 1812 837 472 
1322 852 1528 126 1389:5557:1204 396 1299 626 2032 
1002 1478:3463:2044 1419 
1472 802 1545:4776:1572 1548 1656 
57 1265 1382 61:1717:330 548 434 405 
3 1172 263 726 523 1386:6908:652 1548 2019 1100 999 590 
1072 296 1318:2424:1720 348 356 
1255 373 529 1378 1095:5481:735 2068 1230 584 864 
1232 616 959 1502 7 643:8167:860 1265 846 1944 1896 1356 
460 111:3404:852 2552 
1259 1402 454 770 527 1508:8801:1167 1884 489 1456 1281 2524 
840 1396 967 590 1479 663 1073:10782:1088 2108 220 1364 1112 1605 3285 
291:852:852 
970:2240:2240 
1409 954:1287:288 999 
488:1323:1323 
1530 394 1430:4425:960 1662 1803 
1264 621:2091:1332 759 
134 997 848 898 881 611 1220:7532:1383 1935 836 939 1062 306 1071 
1466 930:2079:951 1128 
434 1549 1040 690:4015:534 1180 1285 1016 
264 567 85 108 863 368 151:8352:1623 1736 944 750 1100 627 1572 
1220 897 1386 704:3454:1071 306 1180 897 
538 987 837 887 871:6940:624 1856 1192 1384 1884 
1550 414 1450:4548:1464 1479 1605 
1284 641:2440:956 1484 
1337:412:412 
411 22 671 455:4013:380 1209 1080 1344 
195 232 1121 305 715:10428:1400 1359 3905 2536 1228 
879 1035:1008:402 606 
1555:2088:2088 
1405 97 13 1461 979:6181:507 424 950 1416 2884 
177 1398 610 1392:4611:963 2364 804 480 
1275 1032 456 266:2797:448 300 1455 594 
1005:1014:1014 
522:1172:1172 
319:849:849 
1411 1501 951 1135 1211 9:7089:660 2012 740 744 2085 848 
1451 968 1405 602 1251 1035:5406:972 720 338 796 1974 606 
443 533 1541 167 243 599:7638:456 1740 2096 424 1692 1230 
283 67:1973:986 987 
510 373 1076 460 389 932:6104:436 1551 1740 568 981 828 
490 646 1495 1212 24 940 497:8278:1184 657 2004 309 1228 1548 1348 
1299 896 1412 1516 1100:7827:1572 2024 1023 2640 568 
104 1433 990:5214:2013 1419 1782 
400 1463 1247 1043 1492 1343:6301:552 1476 1248 586 828 1611 
300 1496 960 238:5122:1102 1341 1203 1476 
1137 560 371 954 484:5082:978 936 504 666 1998 
257 1505 1089 1366 97 1039:6107:202 1533 1904 1530 318 620 
297 973 1129 833 550 507:6270:652 693 1407 890 1302 1326 
1476 847 537 121 1542 687 71:9715:1179 2724 1353 1132 700 603 2024 
887:1038:1038 
831 681 731 714 444:5820:542 1242 2166 958 912 
268 984 607 351 1094 1090 329:7744:614 290 1050 1446 2109 1248 987 
521 372 422 405 548:8059:1300 2208 2169 1282 1100 
126 122 505:2687:626 1182 879 
1521 1344 1022 1511:2433:258 831 870 474 
452 662 1111 962 1012:6228:1272 1680 432 1308 1536 
703 229 1118 302:6339:1132 1604 1731 1872 
736 453 410 1325:4209:1188 1506 705 810 
1458 976 999:5089:2715 868 1506 
892 1302 127 1281:5556:1521 1023 936 2076 
136 1411 223 1138 695 186 1394:12889:2115 1650 2352 1900 2680 818 1374 
1095 53 157 1298 1161 306:8829:576 1929 2032 774 2016 1502 
1435 726 443:3640:984 2200 456 
304 1379 1402 599 104 1446:8452:1300 1352 942 1230 2684 944 
143 499:2898:1389 1509 
370 1219 936 892 250 220:7820:340 1628 982 1014 2072 1784 
507 783 1073 457 800 929:7560:1326 1389 1971 810 1764 300 
840 397:1563:816 747 
1439 197:3156:876 2280 
1180 1070 587:7212:2836 2672 1704 
1319 504 914 1297:5076:900 1360 1868 948 
477:465:465 
381 1336 361 304 980:5496:1263 1857 784 650 942 
1308 892 755 1458 842 771:9534:1473 2028 1629 1629 2208 567 
222 1497 1454 1225:9095:2876 2488 2708 1023 
898:1252:1252 
948:1680:1680 
885 1268 1181 139 1387 971:6085:1320 540 918 963 1314 1030 
746 276 952 1521:5719:2169 2115 1048 387 
169:1140:1140 
244 1492 1076 1352 83 1026:9451:1020 552 2320 1812 2199 1548 
850 380 1056 1212 917 634 590:7834:936 1180 1012 515 606 1880 1705 
307 1462 834:3713:1076 381 2256 
631 721:2163:423 1740 
970 88 244 1093:5310:1680 453 1530 1647 
1363 614 864 781:6687:1461 2055 897 2274 
504 1526 804 1426:5919:1360 1196 1158 2205 
1034 59 2 678:4181:1587 714 548 1332 
152 215 851 1540 791:6242:1425 423 908 1914 1572 
1494 425 1300 1390 841:5126:1252 1004 792 1384 694 
461 244 454 904:5321:2465 1530 489 837 
22 910 94 504 887 897:4207:806 704 333 1020 1038 306 
1107 158 474 645 69 927 365:13962:1936 1132 2001 2452 2260 476 3705 
1084 961 1383 861 1417 574 612:8575:494 795 1836 944 1394 1512 1600 
1123 429:2854:1484 1370 
259 189 732 1208 1431:5672:1077 1893 528 1054 1120 
838 515 1004 322:6969:1344 1041 2300 2284 
455 505 488:2140:672 586 882 
486 762 1051 436 779 1322:6983:860 2154 270 891 1002 1806 
818 789:2826:735 2091 
273 589:2766:814 1952 
465 1062 952 469:3759:1120 868 1048 723 
106 1541 405 1441 438 10:7059:1563 1048 1923 952 1047 526 
656 1105 956 1005 989 718:7961:2139 1428 876 2028 620 870 
1028 186:3317:2090 1227 
269 1478 36 273 1095 440:6959:2132 1419 945 1221 864 378 
343 820 1042 587 1396 87 4:7614:824 399 621 1136 2108 684 1842 
254 1369 859:2454:436 1250 768 
117:1482:1482 
977 1000:2401:417 1984 
241 1489 1073 1349 81:7420:1028 1312 1971 1569 1540 
1503 1473 964 614:6074:1042 1816 1161 2055 
188 78 1153 32 787 1436 1220:5575:1482 1149 294 1038 566 332 714 
1144 408 1311 628:5093:474 1263 2408 948 
761 811 795:2943:867 1548 528 
1117:2055:2055 
102 512 894 491 1421:7330:1254 2100 436 1920 1620 
621 991:2568:759 1809 
724 575 625 608 338:4165:1096 1569 906 384 210 
1469 708:4985:1520 3465 
521 1024 475 658 321:9068:1300 3020 1976 1482 1290 
451 901 751 801:5771:972 1638 1137 2024 
884 894 1410 1100:3316:1470 436 984 426 
1017 988 478 129 245 69:8960:1548 2528 2080 837 837 1130 
1224 10 139 615 1251 382 1191:8071:944 526 963 956 1974 1148 1560 
1314 1018 736 692 49:5697:610 495 792 1188 2612 
1428 972 223:3532:1566 790 1176 
446 1161 1199:6044:2792 1344 1908 
1282 639 196 1245 895:6947:2728 1234 1368 1260 357 
785 37 286 203 93:3765:1194 924 756 363 528 
815 132 636 86 269 1491 702:9381:346 704 1976 1635 1599 916 2205 
379 683:3333:2091 1242 
1022 712 296:3611:1160 2277 174 
812 263 446:7315:2504 2019 2792 
1531 1061:1267:388 879 
813 10 659 443 653:7663:807 1052 2640 1140 2024 
1025 597:2524:1036 1488 
680 331 447 270 1092 437:7437:795 1530 1515 1239 1311 1047 
234 457 1 810 1060:6307:1413 810 2132 440 1512 
1417 1506 957 1140:5780:1394 1272 1659 1455 
1313 365 681:7118:2912 2964 1242 
588 1531 1460 445 921 1144 688:5941:552 194 1245 1860 744 474 872 
628 584:1941:474 1467 
318 168 218 202 345:7105:1840 663 2340 610 1652 
709 333 77 819 815 1198:6887:318 1052 1014 2004 519 1980 
1102 859 283 93:4026:678 1024 1972 352 
929:300:300 
447:1010:1010 
1299 923:1813:1048 765 
236 1139 457:4254:963 1671 1620 
1449 873:1602:300 1302 
37 1206:2238:924 1314 
483 1186 571:2592:1092 604 896 
1203 427:1605:837 768 
48 1323 135 953 510 1559:7938:1468 1102 2283 2024 218 843 
1161 1090 75 551:7480:2688 1664 620 2508 
681 1023:2589:1656 933 
1136 1093 864:4893:2648 1647 598 
797 581 377 826:5226:1636 2104 824 662 
1502 1246 431 427 810 820:4739:972 846 546 1536 440 399 
1443 495 811 568 1550 1360 385:9382:1572 864 1548 1872 1098 1284 1144 
884 1306 784 1340 911 534:7620:1960 1860 300 938 744 1818 
299 349 332 62 671:9627:942 1728 822 3435 2700 
455 1197 49 432 28:7750:1344 1716 1306 1230 2154 
1151 1095 213 272 1120 838:6496:222 1152 291 2076 963 1792 
1238 822 685 1388:4268:831 1328 1236 873 
1411 1527 1351 1028 1517 835:5941:660 1220 614 1254 324 1869 
609:994:994 
498 788 172 515 1058:5658:896 294 2256 694 1518 
525 16 1224 1341 1164 841:9013:1596 2238 944 1926 921 1388 
178 1427 1010 1287 18 961:6079:936 1737 954 496 896 1060 
370 75 1350 1306:2571:340 496 340 1395 
797 314:2244:1227 1017 
1024 620 1550 1240 824 687:7212:2265 402 1464 1257 1221 603 
205 1160 185 128 804 960 251:8231:2048 1410 315 400 1544 1604 910 
808 431 176 918 914 153:9237:972 728 852 3366 2335 984 
1201 958 382 192:3513:1302 792 861 558 
931:1044:1044 
448:530:530 
1271 682 1398 1022:5109:2724 333 1182 870 
895 13 583 1431 1148:6771:238 1425 852 2240 2016 
1188 572 915 1044 1521 599:5806:1023 874 1629 663 387 1230 
900 257 1372 1276 927:4436:1008 202 1976 774 476 
1316 1538 1083 334 584 500 390:6184:414 1262 178 576 978 1386 1390 
1120 1490 847 404 1453 1103:7996:1284 792 2724 968 1776 452 
571:896:896 
803 1319 1423 1007:5789:2728 900 1383 778 
75 1310:1612:248 1364 
551 1533 1344 368 312:6083:1881 1338 831 836 1197 
1394 351 42 1183 1460 191 1134:9565:916 1446 1527 1188 1660 1512 1316 
1141 565 376 958 488:4611:744 336 1680 528 1323 
492 781 166:4938:1332 2274 1332 
642 731 182 365 442 798 22:8960:1196 1444 1364 1482 1251 1014 1209 
1504 195 112 2 1077:5881:858 1400 400 411 2812 
545 1554 179 1400 611 1393:6636:510 2016 2124 519 459 1008 
1301 392 176 1530:3420:528 708 1704 480 
26 22 819:3515:302 1209 2004 
1147 825 1314:3370:774 2108 488 
895 1038 90 309 66:6720:357 411 552 2768 2632 
995 1005 1521 1211:5340:840 2028 387 2085 
1285 643 613 104 1312 1429:6638:1116 678 1408 1342 1140 954 
1322 240 877 7:5310:1806 432 1176 1896 
1126 1482 706:3643:669 354 2620 
939 644:725:411 314 
48:1101:1101 
1463 980 1003:2478:1107 942 429 
897 1307 131 1286:3052:306 741 1293 712 
1380 870 520:4797:2121 1053 1623 
656 1519 1370 1420 1403:6750:2139 624 1410 1272 1305 
473 1442 600 224 1526 710 706:8131:375 1220 880 600 1196 1240 2620 
38 21:2019:726 1293 
88:453:453 
487 1429:2859:1428 1431 
441 1063 475 1190:3973:306 1689 1482 496 
1157 687 1363 375 1223:4547:1362 603 974 1260 348 
805 934 1410:3731:1599 820 1312 
318 195 617 95:4026:1840 1050 618 518 
189 1277 395:6230:3155 1896 1179 
592 615:2111:916 1195 
269 1517 1101 964 109:7789:1599 432 2024 774 2960 
482 132:1952:544 1408 
136 1424 475 791 548 386:10622:2820 2792 988 1572 1650 800 
212 1393 1137 322 318:6609:1204 1008 1304 1713 1380 
798 954:2013:1014 999 
1181 965 761 1210 1060:6649:1224 852 867 1690 2016 
675 86 802 425 169:8133:2010 2180 1548 1255 1140 
952 375 186 768 298:6602:1572 1260 1227 992 1551 
400 689 73:3615:1104 1248 1263 
639 90 273 350 705 1488:6771:1851 552 1221 1252 656 1239 
1298 389 173 383:3268:516 981 795 976 
120 530 913:4437:1684 2097 656 
1302 1418 97 919 264:4563:1364 558 424 594 1623 
696 719 330 979:7584:532 1404 2043 3605 
632 1255 666 1381 1005 749 1492:7093:444 980 656 1194 1521 1470 828 
373 822 672 722:6553:1551 996 1890 2116 
1533 718 714 1096 1107 65:11271:1784 1740 1916 1888 1936 2007 
983:760:760 
953:1518:1518 
1392 483:1208:480 728 
710 987 1276 660 1003:5000:744 1392 774 1518 572 
600 504 155 271 94:5582:1760 1360 1374 866 222 
1273 791 813:3683:1821 786 1076 
1117 1500 1096:6203:2055 2260 1888 
851 169:2122:1362 760 
661 605 1281 1437:5072:1760 1287 1038 987 
998 249 499:3572:669 891 2012 
438 1060 472 1187 811 555:8257:1396 2016 456 1236 1548 1605 
725 575 625 608 752 1361 119:5781:1044 1046 906 512 441 990 842 
1028:1254:1254 
59 935 1024:5123:714 2144 2265 
1174 1491 1247 671 482:4992:1248 916 936 1620 272 
1048 738 322 598:4948:1182 684 2284 798 
1538 1361 625 1528:4024:1262 990 906 866 
469 679 1128 978 1028:4781:723 1140 882 1200 836 
306 343 1231 416:9721:2253 2060 2812 2596 
339 56 426 1342:3571:789 387 220 2175 
1475 992 1015:4290:2124 945 1221 
143 1298:1700:926 774 
53 557 8 191 1412 623:7786:1286 972 1976 1512 1364 676 
203 507 24 47 802 307 91:7014:484 1326 921 932 1032 807 1512 
169 286 109 1344 275 1151:7476:1140 1008 2220 831 1833 444 
1134 1384 1301 1191:3597:987 912 528 1170 
1121 998 1421 899 1357:8452:3124 446 1620 1122 2140 
366 349 79 689 1005 1175 599:7674:1296 1296 732 1248 1014 1268 820 
56 1491 356 1392 389:5305:387 1374 2250 640 654 
37 1351 1189:2385:924 921 540 
180 403 1505 756 1006:5739:369 831 1533 1896 1110 
949 1453 903 1086:5955:826 1776 1389 1964 
311 627:2856:1656 1200 
933 1182 1099 1403 920:7061:1250 1360 2300 1740 411 
1166 1243 40 1236:4933:1245 452 772 2464 
989:310:310 
386 596 1045 896 946:7569:1600 354 2013 2024 1578 
163 1052 236:3532:1816 753 963 
816 720 371 487 311:4432:1206 592 378 1428 828 
1392 910 933:3059:480 704 1875 
1156 341 751 1133:4592:1023 1896 758 915 
973 264 1539 351 1267 824 314:9162:693 1623 2652 1446 1256 814 678 
382 1524 1387:3017:574 472 1971 
1490 116 1337:3481:792 2277 412 
1407:345:345 
261 112 161 145 288 898:5949:1256 600 873 1191 1090 939 
1284 695 1411 1034:6169:1912 2010 660 1587 
908 26 595 1444 1161:5626:375 453 822 1288 2688 
1298 682 1025 1154 73 709:4360:774 444 777 678 1263 424 
526 177:2175:1212 963 
1055 106 422 593 16:8977:861 1563 2169 1400 2984 
1271 961 545:3452:1362 1325 765 
512 695:4110:2100 2010 
585 1434 1151 1521:2337:784 704 333 516 
1122 1011 529:4094:580 2284 1230 
56 1358 543 539 1335:5700:387 1152 867 2022 1272 
1175 466:1987:951 1036 
1402 1185 982 1431 1281 1331:8539:1413 804 1130 1120 2076 1996 
274 896:3681:2163 1518 
873 696:1701:1302 399 
596 407 989:2152:354 1178 620 
224 912 163 413 330 220:8860:900 1443 1816 1320 2043 1338 
1286 550 1452 770:5128:534 1302 2200 1092 
1053 903 953 936:4912:1023 1389 1518 982 
1511 5 1253 837:4264:474 1608 990 1192 
47 1095 746 862 1099 363:9066:1398 864 2169 1956 1725 954 
310 1413 664 913:5035:532 2568 951 984 
714 897 560 1330 554 17 853:11712:1916 306 936 771 2288 2795 2700 
1007 1310 827 850 48:6013:778 2728 704 702 1101 
1144 607 1443:3463:316 1575 1572 
131 807 1377 667 384 341:5809:1293 786 1527 964 291 948 
521 1463:3057:1950 1107 
61 1097 95 1224:3231:540 1206 777 708 
1191 721 1397 1553 1257:5655:1560 1305 548 658 1584 
1277 1206 191 667:7811:1896 1971 2016 1928 
1476 1140:2634:1179 1455 
1210 1366 657 374 744 101:6637:1014 1530 1134 536 2163 260 
222 924 309 238:7169:2157 1506 2768 738 
371 875 325:3333:504 1941 888 
49 1363 787 598 1180:7581:2612 1461 849 532 2127 
535 812 1101:5387:1485 1878 2024 
502 685 762 1117:7212:1767 1236 2154 2055 
1128 1271 323 639 396 1377:12646:1764 2724 1896 2468 1758 2036 
1264 836 459 1348 532 942:8781:1776 952 236 1425 2764 1628 
160 1447 499 815 986 409:7681:744 1677 1509 346 1935 1470 
235 273 1161 346 755:8743:2448 814 2688 1164 1629 
676 514 1469 493 437 1113:6912:1224 1292 760 2430 698 508 
477 581:3776:620 3156 
1529 993:4820:1800 3020 
423 74:1991:1100 891 
1222 1365 417 733 490 1472:8521:1724 392 1521 1735 1184 1965 
117 833 456 200 943 939:7357:1482 1335 1455 962 1712 411 
1080 504:1816:796 1020 
71 320 237 127 1202 81 836:9943:1012 2452 1476 1248 2271 770 714 
141 45 1254 1370 1193 360:7376:2148 291 2082 1410 489 956 
307 1410 661 911:3787:807 984 880 1116 
428 850:1214:512 702 
1449:300:300 
126 1080 105 49 725 881 172:11600:1252 1194 2600 2612 1044 1770 1128 
255 1557 741 737 1534:3624:345 675 423 690 1491 
1374 664:1666:1032 634 
482 932 782 832:5140:408 828 1660 2244 
915 925 1441 1131:4306:1629 604 714 1359 
1048 1019 509 160 276 100:9627:1576 2728 1312 1116 2115 780 
1256 41 170 646 1283 413 1222:7343:996 300 1680 876 438 1760 1293 
1189 1345 1050 767 723 80:7560:405 2892 714 530 279 2740 
200 903 288 217:4364:962 1389 1635 378 
764 853 304:5652:2652 2025 975 
28 1342 1180 577 1159:10686:1436 2900 2127 1443 2780 
1344 928 790 1493:4594:831 936 568 2259 
776 454 943 261:6894:2181 489 1712 2512 
394 444 427:2788:1108 912 768 
327 604 893 277 620 1163:4286:408 678 516 1832 402 450 
757 728:1842:717 1125 
212 528:1306:602 704 
1084 1000 890 408:5840:741 1984 1852 1263 
1057 628:2101:1390 711 
904 808 459 575 398 1220 565:5067:558 729 354 1569 450 1071 336 
515 1457 1387 371 848:8106:1388 1914 2628 504 1672 
155 1058:3579:2061 1518 
1488:1239:1239 
756 606 656 639 369 978:7354:948 998 2139 1851 818 600 
1267 679 1394 1018:3972:1256 1140 916 660 
1457 748 465:4020:1276 1624 1120 
326 1401 1424 621 126 1467:7107:1338 846 1396 506 939 2082 
165 521:2835:885 1950 
392 1241 958 914 272 242:6667:472 1178 528 934 2076 1479 
529 805 1095 479 822 951:7488:1230 2132 864 786 996 1480 
862 419:3342:1467 1875 
948 1558 316:3821:1680 1197 944 
998 1541 459 682 226:3324:669 1572 354 333 396 
503 1325 669 1545 77:4374:969 540 1023 828 1014 
1266 1062:2186:450 1736 
14 717 101 30 573 1049:7586:993 1396 520 741 2484 1452 
713 484 41 1089:5798:1256 2664 450 1428 
1495 1013 1035 233 1295:6841:2004 1068 606 1428 1735 
692:1188:1188 
150 1198 849 965:6470:1806 2640 888 1136 
112 1454 106:4671:400 2708 1563 
1236 1512:2755:2464 291 
1462 260 1042 920 1342 820:5310:508 1059 621 548 2175 399 
334 384:1011:720 291 
1389 933 185:2476:1016 1250 210 
407 1123 1160:3919:1767 742 1410 
1243 601 158 1206 857:6243:452 1548 1132 1971 1140 
941 831:3090:2277 813 
654 1170 1274 858:4074:1484 964 786 840 
1191 748 238 1447 5 1386 1064:8233:1560 1624 1107 2236 804 590 312 
1327 312:3180:1983 1197 
29 745 368 113:3213:676 462 836 1239 
242 918 1487 778 495 452:7324:1972 2244 680 932 648 848 
1263 847 1124 1413 797:7389:644 2724 459 1926 1636 
292 408:2984:1300 1684 
708 132 1087:4387:2079 1408 900 
681 904 448 1257 1507 1424:7861:1242 1116 530 1188 993 2792 
85 988:1972:708 1264 
1128 884 722 119 701 645 1321:9044:1323 1470 2116 842 572 1839 882 
576 1198 609 1324 948 692 1435:12443:520 2640 1988 2688 2240 891 1476 
765 615 665:3002:1460 956 586 
965 549 825 1114 499 842:9010:568 1316 2108 1902 2012 1104 
1099 390 107 63 979:8327:1725 2085 1280 1074 2163 
436 1125 376:3870:891 1299 1680 
43 598 170 1351:3190:924 532 1120 614 
698 137 1225 343 499 203 1478:8756:1275 1881 1364 824 1509 484 1419 
1249 845:1587:810 777 
1016 1199 862 74:4228:928 1431 978 891 
84 1372 423 739 496 333:6600:1530 1976 825 1296 447 526 
1046 1042:1584:963 621 
1069 14 1023 1206:3780:214 662 933 1971 
1476 528 844:4275:1179 704 2392 
1526 511 573 1210 340:4491:897 384 1863 1014 333 
794 617 295 784 101 191:6446:657 412 2945 400 520 1512 
238 1313:2563:1107 1456 
991 681 265 541:7531:1809 2070 2644 1008 
1384 1207 471 1374:3426:912 1047 435 1032 
412 622 1071 921 971:4886:777 584 988 992 1545 
152 189 1078 262:5157:950 2524 936 747 
185 1460 272 1188:3211:315 830 1384 682 
585 835 751 641 159 182:9024:1176 2492 758 2968 948 682 
1363 681 1184 635:5651:1948 1242 1425 1036 
991 42:4448:2412 2036 
761 1011 928 1231:5648:578 1713 1248 2109 
1364 428 1398:3770:894 512 2364 
262 1177 1148:3168:747 909 1512 
1362 559 1208 991 1104 1554 1404:11479:1092 2097 1581 1809 1284 1512 2104 
26:302:302 
1324 1229 879 996:3274:1344 711 603 616 
143 1484 136:4924:1852 252 2820 
263 1192 883 467 329:5865:1346 356 1094 2082 987 
1072 1442 799 356 1405:5684:688 1220 2088 1350 338 
523 67 876 1126 1043:3295:999 658 606 446 586 
796 247 430 93:3995:723 1368 1376 528 
602 1212 1528 1285:3010:1194 206 866 744 
872 456 636 925 309 652:9598:1868 1940 1482 604 2768 936 
200 1475 1432 789:7770:1443 2832 1404 2091 
876:1212:1212 
926:420:420 
766 1149 1159 117 1365 949:7823:540 483 2780 1976 392 1652 
724 254 930 1086:4838:2192 327 846 1473 
394 617 161 970 1220:7760:1662 618 1455 2240 1785 
1480 12 1020 1203:2243:524 588 294 837 
1473 525 841:4184:1362 2128 694 
751:1137:1137 
398 502 86 1507:4845:450 1767 1635 993 
781:2274:2274 
851 1527 125 974 691 647 419:7973:908 1830 856 426 1146 1557 1250 
988 678:3860:2528 1332 
489 844 482 1504:3515:1203 1196 544 572 
366 123 1104 915 1497:7719:1296 1450 856 1629 2488 
641:1484:1484 
1040 1450:2911:771 2140 
42 225:4142:2036 2106 
1377 1094 1051:4190:1018 2812 360 
1348 439 222 432:5829:950 1902 2157 820 
72 482 865:3886:1506 408 1972 
143 1351 1468 147 968 313:5920:1389 1228 675 342 720 1566 
596 819 363 1172 1422 1339:6371:472 1503 636 1548 1260 952 
733 383 500 323 1558 489:6744:694 1464 924 1264 1596 802 
40 1515:1173:579 594 
510 1253 1249 73 84 600 290:6588:327 660 540 1263 1530 1320 948 
594:330:330 
1154 351 1000 784 994 1443:6828:1017 1928 1488 400 423 1572 
1193 1376 1453 251 1033 910:6045:326 642 2368 910 1095 704 
26 475:1784:302 1482 
209 138 681 1157 1380:7404:996 1976 1656 1362 1414 
1201 465 1367 685:8088:2604 1680 2568 1236 
1065 915 965 949:4318:1011 1629 852 826 
645 1161 1265 849:4799:2452 1344 411 592 
1182 739 229 1437 1554 1377 1055:8623:1088 1728 1604 1316 1008 1018 861 
1318 303:1953:534 1419 
1335 1079:2559:1272 1287 
90 966 1055:3410:414 1848 1148 
1382 1193:1194:868 326 
960 157 806:4972:1604 1524 1844 
946 1329 1340 297 1546:4211:1052 939 1407 489 324 
1169 874 591 547 1462:5905:2264 1208 412 1640 381 
730 1539:2916:927 1989 
739:1296:1296 
527 1082:2430:1708 722 
90 327 1149:1065:276 306 483 
317 633:2240:1688 552 
1353 44 1519 1409 926:4532:1209 2408 312 288 315 
125 1346 557 1339:3780:1284 1296 486 714 
1223 980 404 214:2944:232 942 726 1044 
953:1012:1012 
470:1042:1042 
1293 607 1323 946:5367:1112 1575 1102 1578 
917 35 605 1453 1170:7097:404 1110 1287 2368 1928 
1210 594 937 1066 1543 621:6664:1014 440 1394 1620 1437 759 
535 186:2712:1485 1227 
1064 115 431 602 26:3408:312 354 546 1592 604 
1434 1030 402 92 1234:3551:528 1419 648 632 324 
438 594 1443 1160 1530 887 444:8137:1396 330 1179 1410 960 1038 1824 
1247 844 1360 1463 1047:8019:936 2392 1284 1107 2300 
51 1380 937:4977:765 2121 2091 
348 1411 1194 991 1440 1290:9238:464 1320 2216 1809 1503 1926 
248 1444 908 186:3152:300 966 250 1636 
1084 508 319 901 431:4682:741 1454 849 1092 546 
532 822 206:4173:2073 996 1104 
682 772 222 406 482 838 62:8548:222 1452 2157 1216 544 896 2061 
819 336:2109:1503 606 
989 679 263 126:4198:310 570 2692 626 
1066 1303 566 1469:5791:2160 496 1615 1520 
410 207 1070 920 970:5103:1175 924 1336 548 1120 
1173 358:2869:832 2037 
1156 87 963 1466 917:6065:1023 1368 1800 1268 606 
1032 537 321 797 1246:5164:300 1353 1720 1227 564 
870 1492 903 61 1242:4999:1053 552 1852 405 1137 
454 210 1192 1003 27:4596:489 1180 534 429 1964 
1356 940 1217 1506:5963:1148 1548 723 2544 
734 384 501 324 1146 491 1366:8094:488 291 768 1038 1419 2560 1530 
394 871 1093:4805:2216 942 1647 
1214 78 1114 111:5048:717 1149 1268 1914 
794 737 1413 12:4026:876 690 1284 1176 
1131 382 631:2784:1359 861 564 
1390 668 1290 701 1417 1041 785:11963:1038 3410 2568 572 2788 393 1194 
612 408 858 708:7336:1200 1684 1680 2772 
172 687:3060:2256 804 
477 1486 111 188 544 182:8607:310 1284 1914 1976 2100 1023 
1137 228 11 222:5646:978 444 2067 2157 
774 1517 369 751:2724:932 216 818 758 
591 296 13 1527 884 441 346:7263:618 435 950 1830 1960 306 1164 
907:1848:1848 
1281 439 476 1364 549:6645:1557 1268 1312 1192 1316 
588 426 1381 405 349 1025:5518:828 330 796 1923 864 777 
493:1458:1458 
313 1029 652:3746:1566 1244 936 
506 63 1112 762:8410:1380 2148 2728 2154 
224:900:900 
170 419:3555:1680 1875 
70 453 463 979:5367:519 1506 458 2884 
925 576 692:1583:302 390 891 
307 1063:1933:807 1126 
380 657 946 330:5463:708 1134 1578 2043 
807 896:2566:1048 1518 
466 1142 1298 1003:4131:2072 1114 516 429 
360 277:2310:478 1832 
919 610:1992:1188 804 
1558 1435:2181:1197 984 
1266 623 180 1229 879:3608:450 1352 492 711 603 
867 757:1791:1074 717 
1096 1200 784:2739:1416 1023 300 
893 1397 847 1030:4420:344 822 1362 1892 
255 571:1241:345 896 
1126 1043 1347 864:3966:669 1172 1228 897 
1513 671:3300:1680 1620 
1360 851 501 618 441 119 608:5343:856 1362 768 532 306 1263 256 
1550 268 558 1500 285 414 890:7583:1464 921 450 1356 987 1479 926 
910 614:2074:704 1370 
487 1136 920 1130 22 1430 1480:8891:1904 1324 411 1192 1209 1803 1048 
1513 1176:1936:672 1264 
1344 1403 693 411 781 138:8205:831 1740 1424 190 3032 988 
258 961 345 275:5192:912 795 1652 1833 
408 911 362:4948:1684 1116 2148 
182 1497 921 634 1217:5144:1023 1244 744 1410 723 
571 848 1137:3230:672 1254 1304 
538 721 798 1154:3804:468 1305 1014 1017 
1261 1405 456 772 529 1511:6109:348 676 1455 1452 1230 948 
1301 872 496 1384 569 978:6818:352 1868 298 912 2188 1200 
1414 172 342 1324:5730:1020 1128 894 2688 
854 1397:1684:588 1096 
309 1197:4484:2768 1716 
413 650 1472 817 134 224:5883:1760 552 1179 570 922 900 
1163 1052 570:2834:600 1004 1230 
1302 487 483 1279:5810:1023 1904 1092 1791 
460:852:852 
1508 1319 343 287 963:7712:2524 1200 1648 1440 900 
263 1206 1549:5532:2019 2628 885 
1476 939:1727:1179 548 
30 1 1050 700:4861:494 2132 714 1521 
274 164 1239 118 873 1522 1306:10110:2163 2180 1636 822 1302 612 1395 
1230 494 1396 714:5012:417 1050 2108 1437 
847 897 880:3515:2043 204 1268 
1203:1116:1116 
1100 285 695 1077 674 46:9266:426 987 2010 2812 1144 1887 
162 1117 141 85:8080:2004 2740 2864 472 
1321 1250 235 711 934 478:9986:1323 1227 2448 2088 820 2080 
1235 1006 563 53 1262 1378:5303:771 1110 1272 1286 572 292 
30 93 729 1418:3262:741 352 1332 837 
1076 1431 1069:3848:1740 1680 428 
1302 593:1723:1023 700 
466 1115 899 1109 1558 1409 1458:10445:2590 1401 1870 288 1197 384 2715 
1406 31 108:2511:318 1068 1125 
1129 1300 723 120 1117 647 1323:8762:1876 792 372 842 2740 1038 1102 
597 1339:1706:992 714 
800 890 341:6688:2940 1852 1896 
1403 161 1476 1314 710 1293:6472:2175 873 1572 244 496 1112 
1443 1187 371 367 1164 760:6896:786 1236 504 2444 921 1005 
1533 1289 713 524 1106:6884:2230 702 1884 912 1156 
640 929:1234:934 300 
917:808:808 
879 330 513:3275:804 2043 428 
1308 332 1420:4482:1473 2055 954 
1065 1314 1231 1121 638:9182:1011 366 2812 3124 1869 
1051 275:1402:180 1222 
508 212 1487 1444 801 358 262:9499:2181 1204 340 966 2024 2037 747 
921:992:992 
355 393 1281 465:5518:402 800 2076 2240 
1098 389 106 476 1391:5126:1052 1308 1042 1312 412 
659 1468:2787:2112 675 
290 1347:1869:948 921 
785 103 606 57 240 1461 673:6745:796 338 1996 330 432 1416 1437 
556:1212:1212 
446 735 119 463 1006:6884:2094 1080 1684 916 1110 
570 61 1269 1386 1209 886:10306:1640 405 3108 885 1473 2795 
737 1425 676 926:4478:690 1532 1836 420 
443 866:3148:456 2692 
413 1528 1432 1082 1199:6502:880 866 1404 1444 1908 
643 160:2133:1017 1116 
870 466 1396 1086 670 533:7575:702 1554 1581 1473 960 1305 
909 1492 1435 553 709 1558:6071:912 1380 984 1068 530 1197 
1260 1123:1503:390 1113 
1073 284 1066 530 1366 430:9122:1971 558 1080 2097 2040 1376 
463 1526 1310 1106 1555 1406 1456:5895:687 598 1364 867 1044 318 1017 
1403 28 105:6127:1305 2872 1950 
644 1320:1459:471 988 
1486 138 587:3655:963 988 1704 
648 937:4756:1968 2788 
1056 933 1356 833 1389:7502:2024 1250 861 1335 2032 
301 284 14 623 940 1110 534:7734:288 558 662 1352 1032 2024 1818 
88 1523 388 1423 421:5834:302 888 1668 1844 1132 
1530 1286 1124:1713:720 534 459 
206 455:2448:1104 1344 
1250 489 85 601:4299:1227 1203 708 1161 
179 1227 878 994:5431:1593 2188 1086 564 
1148 652 436 232:4194:1008 936 891 1359 
1102 286 282 665:2740:1017 504 340 879 
919 209 1484 1441 798 769 259:6620:891 1328 378 714 2028 204 1077 
1332:512:512 
766 390 1278 462:5531:324 2085 1602 1520 
1095 799 516 473 1388:5275:1152 2088 662 500 873 
753 4:2946:1104 1842 
1053 1462 287 1442:3488:1023 381 864 1220 
420 1535 1026 676:5638:1236 1018 1548 1836 
972 583 1232 1016:4736:1580 1136 860 1160 
862:978:978 
1265 729 7:2695:274 999 1422 
506 462:2900:1380 1520 
143 193 80 223:7840:1852 2169 2055 1764 
493 77 353:5910:1944 3042 924 
593 44 227 304:6271:1400 2408 1488 975 
670 813 1423 181 1495:5173:960 807 922 480 2004 
867 877 1393 1083:3589:1432 882 1008 267 
461 111 228 51:5092:1479 2552 296 765 
673 284 933 717 927 1376:9181:1437 930 2500 2792 238 1284 
1224 1407 1070 281 1064 941:6888:472 345 2672 914 208 2277 
1103 408:2136:452 1684 
71 614 1091 1313:8872:2024 2740 2652 1456 
1037 1220 883 95:3358:416 1071 1094 777 
1249 1393 444 760 517 1499:7747:810 1344 1368 1340 1869 1016 
145 860 484 228 970 966:8167:1191 908 1998 444 2240 1386 
1107 531:1292:968 324 
1355 1245 763 1199 397:5513:360 1680 1772 954 747 
297 1079 956 1378:3073:326 1287 876 584 
1133 557 1512 950 480:3897:1220 486 291 1268 632 
870 254:920:702 218 
111 1546 410 1446 444 1159:7631:2552 216 705 944 1824 1390 
248 1111 961 1011 994 724:4623:450 576 795 1142 564 1096 
798 261 1098 65 1034 191:10533:2028 2512 1052 1338 1587 2016 
1170 1314:1934:1446 488 
349 411 1048 178 987 1237 1154:8142:1728 190 1182 702 1856 1467 1017 
135 1410 1367 724 695 185:11141:3044 984 1926 2192 2680 315 
834 1177 1306 225:8535:2256 909 1860 3510 
1208:2108:2108 
1314 871 775 426 542 365:5074:488 1884 350 330 540 1482 
1391:824:824 
1270 642 332 1474 1337 482:6798:1860 897 1644 1544 309 544 
779 1455 53 901 618:5791:668 1401 1286 1638 798 
1072 456 385 928 1405 69:6310:1032 970 858 1248 507 1695 
1208 1165 936 493 1541 1192:9502:1581 2052 1473 1944 2096 356 
1248 632 975 1518 23 659:8239:1866 592 2103 1128 966 1584 
476 127:2904:1968 936 
595 739 470 786 543 1525:6376:822 1296 1563 354 867 1474 
1388 718 1461 313:4638:873 1305 1416 1044 
828 385:1545:687 858 
1427 186:3782:1737 2045 
1169 1059 576:4784:2264 2000 520 
1308 493 903 1285:5922:1473 1944 1389 1116 
466:1554:1554 
370 1325 349 293 969:4880:510 1080 1728 596 966 
683 68 1555:4140:1242 1854 1044 
1482 946:1932:354 1578 
1234 525:1920:324 1596 
1461 1245 1041 1490 1340 1390:6306:1416 840 262 528 1876 1384 
333 955:2189:789 1400 
816 932 755:3120:1206 828 1086 
73 522 373 422 406 549 1159:9224:1263 586 1551 2169 912 658 2085 
985 210 87:1974:405 885 684 
81 1169 287 443 147 1422:5534:1540 1132 576 684 342 1260 
61 764:2394:405 1989 
5 1440 304 1340 338:5224:804 1503 1300 1407 210 
1446 1203 1041:1938:708 837 393 
254 1357 608 857:4228:436 2140 512 1140 
755 938 601 1371 595 58 894:9304:2172 903 1548 1401 1096 1748 436 
951 1254 771 794 1550:6393:740 2776 756 657 1464 
1185 648 1484:2516:536 1476 504 
172 848 1418 708 426 382:7074:1692 1672 837 2079 220 574 
465 1407:2025:1680 345 
103 1138 136 1265:4933:845 1425 2115 548 
1232 762 1438 36 1298:4738:430 2154 492 630 1032 
1388:582:582 
775 1185 9 1164 536 226:5245:525 536 1272 1228 1420 264 
815 652 49 631 575 1251:5685:346 1248 1306 423 1046 1316 
615 719:2360:956 1404 
982 206 1228:4198:2260 1104 834 
1165 283 439 1288 1005:6608:1539 1479 1268 801 1521 
526 869 1315 1378 456:6093:1616 1188 1396 438 1455 
137 1518 1196 127 1002:7458:2508 1128 1665 624 1533 
996 193 842 626:5970:462 2892 1656 960 
1476 806 1549 400:3999:1179 1383 885 552 
98 1013 570:2317:696 801 820 
298 947 731 941 1390 1240:9491:1551 480 2888 2277 1038 1257 
295 1077 954 1377:5952:1178 1406 1332 2036 
717 555 1510 534 478:7559:2792 1070 925 1212 1560 
156:204:204 
405:2564:2564 
312 934:1812:1197 615 
1417 974 464 115 231 54:8108:2788 568 2516 236 996 1004 
1456 441 504 1140 271 1080:5951:1017 306 680 1455 1299 1194 
821 644:1464:993 471 
545 355 938:2492:1020 268 1204 
172 861 112 362 278 168:6346:1128 1416 600 1432 1328 442 
1137 401 1304 622:2456:978 390 504 584 
852 902 885:1734:396 546 792 
1208:1581:1581 
1008 192 602 985 581 1511:5885:483 1116 1592 405 1578 711 
167 1122 146 90:4140:424 580 2860 276 
1325 1255 240 716 939 483:4500:810 735 432 656 411 1456 
406 522:1791:912 879 
142 246 57:5195:1760 3105 330 
752 1440 692 941 858:6669:441 1503 1188 2277 1260 
325 1201 1291 741 925 1001:6494:1184 1953 1392 423 604 938 
1338 855 1292 489 1138:5672:802 908 1260 802 1900 
1515 33 389 1171 1049 1471 949:9382:396 741 981 2664 2904 870 826 
563 480 370 1445 1468 1079 170:8387:1272 1580 850 258 900 1287 2240 
1102 1339 603 1506:4773:1017 952 896 1908 
621 471 521:3144:759 435 1950 
267 970 354 284:4394:480 1680 1676 558 
1196 514 1017 468:5454:1665 969 1548 1272 
824 1433:1760:814 946 
747 664 967:2685:1404 951 330 
1473 1217 402 398:3399:1362 723 864 450 
95 1011 981:3198:777 1713 708 
295 944 728 938 1387 1237:10218:2356 875 1500 903 2628 1956 
597:1488:1488 
42 917 1007:2791:1018 606 1167 
1333 730:1583:656 927 
497 108 757:3054:1348 750 956 
801 1184 780 152 1400:7161:1518 1425 1626 1900 692 
1121 411 128 499 1414:5220:3124 380 200 1006 510 
682 1491:1707:333 1374 
216 1370:2734:1324 1410 
29 532 1541 166 1387 598:9371:676 2764 2096 1332 1971 532 
275 579 96 119 875 379 163:8845:1222 426 1608 842 1294 2091 1362 
1134 812 1301 619:5749:987 1878 704 2180 
549 999 849 899 882:6257:1316 1506 888 1122 1425 
1371 995 1005 189 599:6845:1868 840 1014 1893 1230 
945 342 1338 868 1544 142:6628:1320 894 802 1332 520 1760 
1322 1012 596:3696:1806 1536 354 
1209 659 842:4713:1473 1584 1656 
932 1514 1458:2469:828 555 1086 
1352 1269 1159 676:8924:1812 3108 2780 1224 
1422 580:3072:1680 1392 
1424 1247 924 1413:6652:2094 624 2008 1926 
865 662 1111 961 1011:6364:1479 1680 432 1060 1713 
605 229 1531 716:4660:858 2005 485 1312 
778 1348 639 356 312 1228:9564:1398 1900 2468 1350 1197 1251 
1435 220:2322:984 1338 
1196 819:2613:1110 1503 
133 1035 353:2382:544 606 1232 
1442 866:2629:610 2019 
30 1199:1695:741 954 
380 1083 467:3751:708 267 2776 
1099 323:2414:1150 1264 
1122 1492 850 407 1455:5867:580 828 702 2356 1401 
496 413:2058:298 1760 
642 746:3365:1196 2169 
913 137 1158:3671:1312 1881 478 
214 370 1218 935:4021:1044 340 1029 1608 
673 590 893:2976:1437 1023 516 
1399 1143 327 323:4430:1256 972 306 1896 
839 810:681:351 330 
294 610:2301:693 1608 
1013 1263 1180 1069 587:5703:1068 483 2127 321 1704 
1246 1323 121 903:6419:1128 2204 1698 1389 
786 957 381 1336:5686:354 2212 1263 1857 
1549 694 78 8 551 1027:8851:885 1124 1532 1482 2508 1320 
1104 461 18 1067:5183:856 1972 1344 1011 
1304 395:1290:504 786 
1450 1379:2957:1605 1352 
864 275 991:4531:897 1222 2412 
795 566 123 1171:5817:352 1292 2175 1998 
994 499:1429:423 1006 
312 589 878 262 605:6143:1197 1464 1448 747 1287 
752 575:2533:441 2092 
475 286 868:5144:1976 504 2664 
103 791 42 292 209 98:5054:338 1179 1527 650 664 696 
331 1234 552:1776:1020 324 432 
1471 83 1065:4080:870 2199 1011 
279 1381 632 882:5018:1557 1592 444 1425 
399 822:1656:660 996 
1421:1080:1080 
1052 76 20 696 852 143:6546:753 1510 2032 665 660 926 
1306 1168:4092:1860 2232 
1455 1118 330 1112 576 1412 476:9580:1401 1731 1362 2046 390 682 1968 
90 7 311 1386 1409 606 111:7938:276 1422 1656 885 288 1497 1914 
544 1032:1975:1575 400 
689 1365:1132:936 196 
1222 419 1068 852 1062 1511:7627:1293 2500 1188 396 1302 948 
1262 1445 1522 320 1102 979:5895:286 387 816 1226 1017 2163 
1442 94 543:2903:1525 222 1156 
190 893:2721:2205 516 
910 134 11 433 1469 467:9443:1408 1383 2756 1368 1140 1388 
984 1034 920:1912:580 1058 274 
797 1340:3512:1636 1876 
1396 1140:3036:1581 1455 
1543 1220 151 1027 1530:5919:1916 1071 1572 880 480 
998 1021 218 1281 1064 860:7001:669 892 1755 1557 312 1816 
634:1410:1410 
1533 1356 1034 1522:3748:892 861 1587 408 
464 674 1123 973 1023:7145:1887 2288 1113 924 933 
209 991 868 1290:7039:664 1809 1998 2568 
1045 469 1424 862 392:5624:1342 964 1396 978 944 
998 860 5 948:4917:669 1362 1206 1680 
382 1204 548 1424 1514:6174:861 1347 1650 2094 222 
1145 941:3600:564 3036 
595 1538 1467 452 928:6693:822 1893 2082 1272 624 
725:522:522 
795 1471 69 918 635 591 362:6603:352 870 1130 1683 518 618 1432 
932 622:1396:1104 292 
433 788 426 1448:3582:1368 294 440 1480 
407 164 1145 956 1539:8384:1767 2180 1128 657 2652 
1212 796 1073 1362:4574:515 723 1971 1365 
240 357 180 1002 347 1222:4724:288 686 246 1533 678 1293 
582:1386:1386 
1025 609 472 1175 559 489 1032:7626:777 1988 608 951 1398 1604 300 
56 1452 849 1431 1375 493 649:10512:387 2200 592 2240 1197 1944 1952 
1339 496 120 1422 607 602:6795:952 447 842 1260 2100 1194 
1492 1475 61 573 889 646 70:7156:1104 1416 405 1863 1192 657 519 
38 1059 337 960 371:4067:726 1200 560 1203 378 
1479 1236 660:4200:834 1848 1518 
1073 324 574:6186:2628 1038 2520 
514 1550 547 118 1300 630:7111:969 1464 1230 1096 792 1560 
1340 98:2330:938 1392 
984 874 391:1629:290 604 735 
421:1698:1698 
327 1363:1665:204 1461 
810 926 1163:945:330 315 300 
67 930 780 830 814 543 1153:7023:987 846 2168 898 963 867 294 
961 624 1393 618 81:5712:795 1305 1008 1064 1540 
990 1133 185:3711:2376 915 420 
355 698 1241 1303 382:5280:402 1700 2356 248 574 
63 1444 1122 52 928:6934:2685 966 435 1600 1248 
922 119 768 552:5704:2100 1684 1488 432 
1134 705 329 1217 402 812:5931:1316 492 658 723 864 1878 
127 1414 466 782 952 376:6855:624 1020 1554 1245 1572 840 
992 1402:2829:945 1884 
1066 330 1233 550 640 91 274:11428:1620 2724 272 1736 1401 1512 2163 
180 1282 534 783:5139:492 2046 1212 1389 
767 430 1199 423 1445 723:5902:1325 1032 1908 1100 258 279 
233 83:4836:1904 2932 
582 1524 310 852 915 1551 682:7187:2772 708 266 396 2172 651 222 
1415 1133 1089:5272:2148 1220 1904 
1289 380 163 373:4042:702 944 1362 1034 
829 14 423 806:3662:1197 993 550 922 
593 497:1724:1050 674 
1263 1313 1296 1026 77 394 564:8380:483 2184 1425 774 2028 1108 378 
1009 221 1003 880 1303 780:8446:1668 1926 286 1902 496 2168 
295 345:4597:2945 1652 
1350 894 145:1352:340 218 794 
368 1083 707:1762:627 178 957 
487 138:3880:1904 1976 
1286 1429 481 797 554 1535:9080:534 1908 1659 1227 1716 2036 
181 897 520 264 1007 1003:5037:480 408 1082 1082 1556 429 
1144 567:2052:316 1736 
135 384 301 191 1266 145 900:6487:1522 291 288 1512 675 1191 1008 
108 12 1221 1337 1160 424:5663:1125 882 813 309 1410 1124 
371 1474 725 974:2745:378 1158 783 426 
615 492 914:3356:956 999 1401 
692 848 138 1413 226:6516:1188 1672 1976 1284 396 
1348 1278 262 739 961 506:8193:1425 1602 747 864 795 2760 
1536 1493 1264 821 311 1520 78:10836:702 3012 1332 1324 1242 1692 1532 
178 1426 1010 1287 18 960:8674:468 2205 1908 744 1344 2005 
785 315 991 2 851 568 525:7688:1194 534 1206 548 1362 1248 1596 
242 252 768:4389:1479 1422 1488 
1126 471 1347 1436:2502:669 580 921 332 
1513 1243:1686:1008 678 
754 977 521 1330 22 1497:8285:1419 695 1300 771 1612 2488 
158 1061:2011:1132 879 
1201 957 795 192 774 718 1394:8783:1953 1659 528 558 1864 1305 916 
1174 585 1300 924 668 1411:7732:1248 1568 1056 1506 1364 990 
722 865 1474 233 1547:7400:1587 1479 1158 1904 1272 
832 1348 1038:3382:1683 1425 274 
269 1048 1138 588:5233:1599 1182 1900 552 
1328 1312 1455 506:6615:1314 1140 1401 2760 
380 70 1212 1488 220:4599:472 692 412 1239 1784 
1535:1527:1527 
416 572:2821:1947 874 
798 582 792 1241 1092:8099:1521 2079 1269 2356 874 
322 359 1248:6039:2855 696 2488 
502 153 269:5867:1767 1968 2132 
174 157 1445:2539:628 1524 387 
1478 623 7 1495 479 956:7532:946 676 1896 2004 1572 438 
487 44 995:4942:1904 2408 630 
300 350:2041:1102 939 
210 899 150:3144:590 748 1806 
1375 787 1502 1126:3970:1197 1132 972 669 
1469 999 117 687 1535 1252:8544:1140 2008 1482 603 2036 1275 
1239 823 1100 1389:5067:818 1791 426 2032 
1086 350 1252 570:6162:1473 939 1700 2050 
703 753 737:2894:1698 736 460 
1344 928 791 1494 878 807:6705:1385 624 1572 1252 1086 786 
1224 581:2286:708 1578 
94 958 808 858 841 571 1180:8364:444 792 972 1260 1388 672 2836 
651 1421 645 11:6872:584 1080 2452 2756 
102:1254:1254 
685 1134 984 1034 1017:7489:1545 1316 435 2645 1548 
628 252 1554 738 734:5646:948 948 2016 1368 366 
692 222 898 1468:4349:891 2157 626 675 
116:2277:2277 
515 1458:2670:1041 1629 
56 1092 89 1218:3738:516 1311 882 1029 
1282 812 1488 86 1349:7250:1364 1878 826 1090 2092 
1438:492:492 
336 1265 956:1472:404 411 657 
90 966 1055 506:4593:276 1386 861 2070 
419 469 453 182 792:6658:1875 723 1004 1364 1692 
1318 1314 553 149:3758:534 244 1068 1912 
1012 783 340 1388 1039:3621:1024 926 333 873 465 
696 612 916:3142:532 1200 1410 
1421 1166 350 346:5508:2160 1245 939 1164 
862 833:2357:1467 890 
1363 414 730:4176:1461 1479 1236 
1412 1542 460 1096 227:4932:1023 525 852 1416 1116 
503 1325 670 1546 77:4476:969 810 960 216 1521 
1266 1476:2022:450 1572 
14 717 101 31 574 1050:6440:993 1396 520 801 2016 714 
1127 484 41 1089:4138:928 1332 450 1428 
1496 1013 1036 647 1296:6652:1341 801 1528 1557 1425 
693:1424:1424 
1489:984:984 
297 1412 903 553:4610:326 1364 1852 1068 
224 528 45 68 823 328 112:5148:600 528 291 1236 1194 699 600 
1083 761 1249 567:4384:267 867 1080 2170 
498 947 797 847 831:5787:1344 360 1227 2043 813 
468 1211 62:4782:636 2085 2061 
135 39 1248 1364 1188 451:9051:2283 1689 1866 894 1023 1296 
302 1404 655 905:5988:1872 1578 1242 1296 
642 519 942:4520:1196 2103 1221 
719 875 166 1441 253:7186:1872 2588 1776 476 474 
1376 1208 193 669 892 436:8104:963 1581 2169 682 1521 1188 
806 456 573:4104:922 1940 1242 
13 63 46 190:8967:1900 1611 2516 2940 
1006 1017 1533 1223 807 1083:5513:1110 1548 1338 464 786 267 
1260 551:1644:390 1254 
1073 857 1067 1516 1366 1416:8833:1971 760 674 1320 2040 2068 
1547 65 421 1203 1081 1503 981:9827:848 2007 1698 1116 1602 2084 472 
595 415 305 1380 1403 1014 105:9667:548 1044 2536 1414 1305 220 2600 
1134 1371 635 1537:5412:987 1868 1036 1521 
576 372 1235 1085 1135:5692:650 2208 514 1576 744 
1497 1241 426:4585:2488 1767 330 
1352 909 399 50 166 1547:5928:906 1216 660 1410 888 848 
395 1084 335:4636:1179 741 2716 
938 2 972 129 1311:5400:903 274 1580 837 1806 
206 522 279 1261 1071 96:7497:1104 879 2076 348 1482 1608 
1208 1218:2610:1581 1029 
975 1158 1235 33:5262:2804 956 514 988 
43 1331 382 699 869 293:6070:616 1996 861 813 1188 596 
1006 1415:3974:1110 2864 
246 1149 467 556 7 190:9252:1242 483 2082 1818 1422 2205 
47 1216:2170:1398 772 
396 1099 483:4364:1758 1150 1456 
643 1146 597 780 443 1213 437:9120:678 1892 992 2168 912 1082 1396 
793 1096 614:5467:1524 1888 2055 
922 666 1409 1405 909:3605:1575 492 288 338 912 
1266 796 1472 483 1332:4786:675 964 1179 1456 512 
816 945 1422:4206:1206 1320 1680 
427 304 726 204:4331:1152 650 1650 879 
859 298 1386 504:3923:512 1551 1180 680 
495 1198 582:4740:648 1320 2772 
1215 439:2778:876 1902 
1520 1237 50 965 522 12:9103:2115 978 2820 1136 1172 882 
1172 1102 86 563:7417:2064 1356 2725 1272 
1372 1035:1594:988 606 
1262 552 270 226 1555:4096:572 432 1652 396 1044 
1315:1396:1396 
50 566 256 1398 117 406:10100:2820 969 1840 1773 1482 1216 
1282 294 1142 860:6655:2046 462 2785 1362 
1329 407 1096 347 597 514 403:6567:1252 1178 944 678 992 969 554 
174 1450 1406 763 320 224 1433:9164:1570 1070 424 1329 2452 900 1419 
125 828:1971:1284 687 
69 1504 368 1404 401:4662:1130 858 836 1578 260 
1510 1267 1104:3394:740 942 1712 
193 415 1518 769 1018:7017:2169 2088 1692 408 660 
865 1368 819 1002:6596:986 2564 1002 2044 
226 542:1476:396 1080 
1195 1111 1415 932:6097:1685 720 2864 828 
23 739:2584:1288 1296 
1332 822 473 589 413 90 579:4621:256 996 375 976 1320 414 284 
959:564:564 
476:1312:1312 
1329 953:2457:939 1518 
266 1169 487:7261:1485 3396 2380 
1479 903:1945:556 1389 
67 1236:2548:1316 1232 
416 1119 503:4360:1298 2416 646 
1398 23 1245 456 1238:6758:1182 1610 1680 1455 831 
433 483 466 196:5992:1368 728 2072 1824 
163 679 783 367 229:6758:1362 570 1389 1833 1604 
311 1426 916:6476:1656 2940 1880 
124 174:1766:824 942 
723 1532:1222:186 1036 
1533 1529 354 365:6759:1338 1200 1257 2964 
1174 1130 487 458 1506 1157:8112:832 894 1428 1052 2544 1362 
1213 598 941 1070 1546 624:7929:1623 1064 2277 1336 324 1305 
539 189:3915:2022 1893 
1067 118 435 605 29:6500:1011 822 1599 1716 1352 
1437 1034 405 95 1237:7000:987 1587 1923 1036 1467 
382 752 109 1224:3292:574 294 1480 944 
952:1572:1572 
1391 935:1484:412 1072 
68 1371 555 551 1348:8166:1854 1401 1605 1881 1425 
1187 478:2276:1236 1040 
1414 1198 994 1443 1294 1344:7190:765 1980 423 1179 1735 1108 
286 908:1131:756 375 
885 708:3135:1056 2079 
609 419 1002:5296:1491 1250 2555 
236 925 176 425 342 232:6277:963 604 1704 753 894 1359 
1298 562 1465 783:5840:1032 336 2620 1852 
1065 916 966 949:4633:1011 1410 1386 826 
645 17 1265 849:5428:2452 1677 411 888 
93 330 1152:3820:352 2043 1425 
1269 320 636:7536:3108 2452 1976 
1389 1319 303 780 1002 547:8100:1524 900 1419 1084 1533 1640 
140 1348 1465:4841:1320 1425 2096 
939 1082:1992:548 1444 
179 816 1504 755 1005 922:9659:2124 1206 572 1629 2028 2100 
633 283 400 223 1458 389:6231:414 1479 552 1176 1629 981 
769 1406 536 1346 37 1512:4310:204 530 1065 1296 924 291 
504 328 1149:1629:680 466 483 
1536 1266 317 633:4076:936 900 1688 552 
701 391 1533 1396 541 1483:6466:286 735 1338 1581 1344 1182 
581 951:2688:1578 1110 
535 585 568 298:7435:1980 784 3120 1551 
362 877 981 565 428:4628:2148 588 708 672 512 
1171 1127 898 455 1504:8596:2664 1856 1252 1680 1144 
622 1310 561 811 728:7276:584 2728 775 2064 1125 
292 1168 1257 708 891 968:9139:1300 2232 1188 2079 1860 480 
725 1162 359 1008:3212:1044 828 696 644 
778 1520:2624:932 1692 
106 981 1071 522:4396:1563 472 1482 879 
877 1487:1856:1176 680 
1214 1131 1021:2975:717 1812 446 
1284 442 479 1368 552 962:6971:1912 1251 786 1282 432 1308 
180 1467 519 835 592 429:7599:246 2082 2103 1246 1374 548 
1142 1138:3096:1671 1425 
705 383 872 190 693 144 327:6263:492 976 934 2205 1068 282 306 
173 423:1620:795 825 
170 456 466 982:7985:1680 1455 2590 2260 
1329 686 657 147 1356 1472:5965:939 1660 756 570 861 1179 
832:1683:1683 
892 583 167 443:2974:1014 852 424 684 
1109 373 1275:3252:288 2068 896 
759 489 1098 1415 27:6277:664 1203 789 2148 1473 
956 553 1482 1173:3546:876 1068 354 1248 
646 137 1345 1462 141:7140:657 2508 1446 381 2148 
1320 837 860:3894:1482 596 1816 
1143:972:972 
1453 517 1486:4608:1776 1869 963 
394 350 121 1236:6751:2216 939 1132 2464 
550:1736:1736 
531 1473 258 801 864 1500 631:7401:432 1362 608 2024 1196 1356 423 
984 940:2644:580 2064 
21 71 54 197:7099:1293 1518 2008 2280 
370 1512 231:1797:510 291 996 
18 201 278:5016:1344 1680 1992 
1493:3012:3012 
760 611 661 644 374 983:3760:670 459 1320 471 536 304 
757:717:717 
291 380 1389 14 1235 447:6017:852 944 1016 662 1028 1515 
330 1406 1429 1040 131 1472:6165:2043 318 954 771 1293 786 
267 1037:792:480 312 
494 1343 1060 1016 787 344:5839:700 1074 1008 464 849 1744 
950 534 810 1100 484 827 1370:9010:2536 1212 440 710 1998 704 1410 
514 1084:1387:646 741 
248 897 681 891 1340 1190:6773:450 408 1656 1860 1407 992 
245 1027 808 1230:3163:558 1320 729 556 
1081 505 1460 898 428:5392:2136 586 1660 626 384 
106:1042:1042 
295 1011 1048 378 1121 1531 355:8685:1767 2284 1182 416 2343 291 402 
86 69 1357:4955:1090 2260 1605 
535 1477 1407 391 868:6126:1485 1563 345 735 1998 
1514 1004 558 674 498 175 664:8463:222 1725 450 1144 1344 2944 634 
1044:442:442 
871 561:2349:1884 465 
372 728 366 1387:6679:2944 1125 1296 1314 
346 103 1085 895 1478:4883:776 676 1182 357 1892 
1151 735 1012 1301:3494:444 810 1536 704 
180 296 120 941 286 1162:5291:492 348 842 2277 504 828 
1242 1492 1409 1298:2751:1137 552 288 774 
1432 909 1465:3537:1053 912 1572 
373 743 100 1215:3763:1034 489 780 1460 
1222 1112 629 652 263:7400:1293 2728 424 936 2019 
409 1245:3465:2205 1260 
286:756:756 
1178 469:2903:2421 482 
1502 1286 985 1434 1284 1334:5914:1458 534 270 352 1912 1388 
1056 1412 1050 513 1349 414:6538:1518 682 476 321 1569 1972 
1096 879 1090 1539 1389 1439:7176:1416 402 832 1326 2032 1168 
1004:2875:2875 
1386:885:885 
837 194 1309 1214 864:7913:894 1791 3315 717 1196 
15 1117 368 521 438 328:5939:1245 1370 627 1300 698 699 
1157 1394 658 2 878:7708:2724 1374 1976 548 1086 
166 815 599:4552:2220 692 1640 
838 1354 1458 1042:6780:2240 1204 2715 621 
12 1248:3664:1176 2488 
1184 1128:2714:950 1764 
1123 628 412 208:4146:1113 948 777 1308 
1078 262 258 641:4580:1248 498 608 2226 
895 185 1460 1417 774 745 235:8121:357 420 1245 2091 1864 308 1836 
1308:1473:1473 
742 366 1254 438:7003:1365 2160 2082 1396 
1071 775 492 449 1364:6710:1976 700 666 2772 596 
729 1538:3523:999 2524 
1028 1438 263 1418:5127:1254 738 2019 1116 
396 1511 1001 652:6536:1758 1185 2345 1248 
210:885:885 
217 1319 570 820:2623:504 900 820 399 
803 466 1236 460 1481 759:8512:1364 2072 1848 852 1380 996 
703 499 949 799:5033:1132 1509 826 1566 
253 263 779:3337:316 2019 1002 
569:1641:1641 
1072 1028 386 356 1405:5325:1032 836 1600 1350 507 
463 712 629:3511:916 2277 318 
1535 866 50:6170:2036 2019 2115 
437 87 204 27:4474:1047 1368 586 1473 
649 260 909 693 903 1352:9914:1952 1765 1216 1780 1389 1812 
1200 1383 1046 257 1039 917:4802:1023 1377 1284 202 310 606 
1079 384:1772:1287 485 
47 590 1066 1289:4509:1398 1023 1620 468 
410 234 1469:2552:470 942 1140 
1442 28 637 953:7117:1220 2872 495 2530 
447 1390:2553:1515 1038 
401 1023 435 1150:4527:520 1244 1599 1164 
647 1323 335 1184:5646:1557 1102 2037 950 
388 638 555:5677:1668 1869 2140 
694 1437:2111:1124 987 
898 987 438:2914:939 928 1047 
1403 162 332 1314 711 149:8675:1305 2004 1644 244 1566 1912 
507 1250 102 485 81:6153:1768 1227 836 1167 1155 
1107 1050 168 324 1173 890:6721:968 952 663 1038 1248 1852 
1291 875 738 1441:6764:1856 2588 1368 952 
1464 22 1403 1081 12 887:8212:2208 1612 870 1602 882 1038 
871 1120 1037 1341:5085:1884 963 312 1926 
735 13 635 46:4694:1080 950 777 1887 
729 259 935 1504:4006:999 1077 1072 858 
152:1425:1425 
552 1494:950:324 626 
1325 189 1225 223 1352:6149:810 1893 1364 1176 906 
406 1015 1331 1502 926 322:5650:608 1221 1497 972 210 1142 
751 789 119 862 1271 96:9097:1516 2091 1263 978 2043 1206 
1145 901 739 136:5454:564 2184 1296 1410 
486 252 955 339 269 812 1288:9234:645 1422 2100 789 1599 1878 801 
823 1405 1349 467 623 1472:7749:1791 507 1569 2082 1014 786 
862 873 1389 1079 663 939:7891:1467 1302 2032 1716 963 411 
407:1767:1767 
620:402:402 
1180 377 1026 810 1020 1469:7190:2127 1648 1161 440 294 1520 
1220 1403 1479 277 1059 937:8408:1071 1740 1390 916 1200 2091 
190 839 623 833 1282:8141:2940 468 1352 1335 2046 
750 1172 650 1206 363 400:6786:1038 1548 1104 1314 954 828 
118 101 1389 440:3766:1096 260 2032 378 
664:634:634 
91 1393 578:3768:1512 1008 1248 
1504 1060 551 201 318 141:9280:1144 2016 2508 1260 920 1432 
1543 528 590 1227 358 1167:7942:1437 352 1023 1641 2037 1452 
791 908 731:2998:1179 375 1444 
49 498 348 398 382 525 1135:9951:2612 1344 696 450 861 2128 1860 
961 186 63:3770:1060 1636 1074 
56 1144 262 419 123 1398:10791:516 790 996 2500 3625 2364 
137 1385 969 832 1535:8356:2508 1724 966 1122 2036 
1558:1596:1596 
853 1009:3693:2025 1668 
1529:2400:2400 
1379 70 1545 1435 952:7004:1352 346 1242 1968 2096 
571:672:672 
1469 1293 970 1459:3786:760 834 1680 512 
814 610 1060 910 960:6694:963 1608 1512 1408 1203 
651 275 19 761:6039:292 2444 2436 867 
824 1394 684 401 358 1273:8731:1221 2290 640 650 2716 1214 
1383 169:2058:918 1140 
1241 865:2657:1178 1479 
178 1081 399:2964:702 1602 660 
1391 815:931:412 519 
1537 1148:2529:1521 1008 
1031 415:2002:436 1566 
1145 369 246 669 146 702 1417:11306:1128 1227 1863 1364 2860 1470 1394 
546 569 180 829 612 409:8026:1503 1094 492 1197 800 2940 
892 342 525 189 958 182:8405:1014 1192 1596 2524 1056 1023 
1137 642 426 222:4036:652 897 330 2157 
1091 276 272 655:6025:1989 1410 1384 1242 
1005 296 13 1528 885 856 346:7717:1521 348 1425 1299 1056 904 1164 
1322:1806:1806 
756 379 1268 452:5121:948 2091 810 1272 
1182 886 603 560 1475:6832:1088 2236 448 936 2124 
743 1552:1977:489 1488 
1042 1452 277 1431:5885:621 1650 1374 2240 
410 1525 1015 666:5773:705 2948 1628 492 
224:900:900 
230 1333 584 833:3741:936 492 978 1335 
817 480 1249 474 1495 773:7677:570 1264 810 2001 2672 360 
283 133:1751:1479 272 
632 17 360 903 965 44 732:7430:592 1677 478 1389 1136 1806 352 
914 444 1120 132 102 1377:6695:1401 912 963 1056 836 1527 
737:460:460 
1136 1546:2418:1986 432 
687 138 321:3576:804 1482 1290 
1504 1034:2445:858 1587 
274 1443 534 318 528:7068:2163 1179 1818 1380 528 
58:1311:1311 
312 1188 1277 728 911 574:7453:1596 682 1422 1125 1116 1512 
842 865 475 1124:4677:1104 1479 1482 612 
648 272 16 758:7590:984 2076 2238 2292 
1332 1488 779 496 452 223:5795:384 1239 1002 298 1696 1176 
246 535 1478 263:8375:2484 1980 1892 2019 
1494:939:939 
1151 642 292:1470:222 598 650 
1441:952:952 
1424 1314 831 1268 465:4917:1396 488 813 540 1680 
9 365 1147 1025 1447:7722:1272 2964 1032 777 1677 
439 489 473 202 812 1128:8042:1902 1203 500 610 2504 1323 
479 1515 512 1228 1265 595:7365:1572 792 2100 1668 411 822 
1179 1029 1079 1063 792 1402 160:10259:1932 933 1716 2252 1269 1413 744 
233 1069:2225:1904 321 
107 64 1393 950 440 1552 110:10938:960 1510 1344 3170 378 1984 1592 
1349 307 1555 1139 1416 147 1089:9439:1046 807 1044 2228 2068 342 1904 
1000 423 234 817 347:5348:1488 1100 942 1140 678 
120 1368 952 1229 1518 902:7246:842 1923 2096 711 1128 546 
160 836 992 696 414 370:6125:1488 952 1260 266 1479 680 
710 400 1542 1405 550 1492:5168:744 828 525 507 1736 828 
590 960:2226:1023 1203 
791 641 691 674 404:6359:786 2226 1719 1144 484 
1536 774:2566:702 1864 
587 1090 541 724 387:7656:1136 1664 1344 1644 1868 
518 967 720 770:3113:735 330 592 1456 
950 961 1477 1167:5977:1902 1060 1563 1452 
1084 1054 545 195 312 135:6861:741 1076 1275 1050 1197 1522 
1463 541 1230 481:3855:1107 672 417 1659 
791 1146 371 248:2560:786 946 378 450 
1496 254 425 1406 803 242:7944:1341 436 1255 212 2728 1972 
1354 950:3439:903 2536 
112 1121 1304 967 179:5915:600 3124 378 220 1593 
1420 1204 1000 305 156 205 189:9545:954 1347 1488 1902 306 1024 2524 
881 199 702 153 336 1557 769:7080:708 594 2940 1476 606 450 306 
348 652:1632:696 936 
991 681 265:4787:1809 1656 1322 
878 329 512:4535:1448 987 2100 
40 1128:2095:772 1323 
782 1538 629 412 622:5813:1245 2524 424 1036 584 
176 54 476 1512 509 81:6951:1278 1004 2624 291 984 770 
727 1176 1026 1076 1060 789:8325:1137 1264 774 1740 2016 1394 
82:1473:1473 
336 1212 1301 752 935 598:4389:808 206 528 441 1608 798 
769 792 403 1052:3982:204 1692 831 1255 
672 296 40 783:4145:1260 261 772 1852 
1259 1415 706 423 379 150:11648:1167 2864 2620 1100 2091 1806 
270 559 1502 287:5856:1239 2097 1944 576 
510 1518:2128:436 1692 
759 1435 447 1296 1013:6480:996 1476 1515 1425 1068 
437 780 909 1385 464:6247:1396 1084 1216 1293 1258 
145 1526 790 134 1010:4488:1588 598 426 922 954 
590 201 850 634:5392:1364 1680 468 1880 
620 1362 214:2380:268 546 1566 
730 287 1335 986 1102 1339 603:8105:1236 576 848 2580 1017 952 896 
769 1312:1161:306 855 
1369 1113:2256:1875 381 
1516 1193 124 1000 1503:6277:2640 489 618 1488 1042 
970 993 191 1253 1037 833:9238:1120 3020 2016 990 312 1780 
1313 1390 188 1384:5468:2184 1384 988 912 
1267 1024 448 258:4296:628 2265 795 608 
997:1290:1290 
514:646:646 
1367 991:3093:1284 1809 
1138 401 1304 622:2903:1425 390 504 584 
755 805 788:2891:1629 1066 196 
1111:432:432 
96 505 888 485 1414:4890:1608 879 471 1167 765 
614 984:2490:2055 435 
718 568 618 601 331:5721:870 1872 798 1161 1020 
1463 701:1536:1107 429 
514 1017 468 651 315:4954:646 2064 1272 438 534 
445 894 744 794:5226:1860 327 2163 876 
878 888 1404 1094:5763:1448 628 1578 2109 
1011 981 472 122 239 62:8738:2284 1180 760 1576 1564 1374 
1218 3 132 609 1245 376 1185:8411:1029 326 1056 1988 1260 1680 1072 
1307 1012 729 685 43:5350:988 1536 666 1236 924 
1421 966 217:2256:1080 924 252 
439 1155 1192:3992:2536 744 712 
1275 633 190 1238 889:6113:896 552 2940 831 894 
779 30 280 196 86:5790:1002 741 1044 1368 1635 
808 126 629 80 263 1484 696:6261:486 626 424 2055 2019 252 399 
579:284:284 
290 566 855 240 583 1126:5692:1264 969 1362 576 852 669 
593:1400:1400 
1525 1055:3809:2948 861 
70 1412 64:2107:519 682 906 
604 1120 810 394 671:4268:678 642 220 1108 1620 
138 1413 1370 727 284 188:7847:1976 1284 1410 1137 558 1482 
767 1309 228:3376:795 1989 592 
9 791 668 1090 568:7975:1272 1179 1364 1664 2496 
674 431:2262:1716 546 
1547 967 990:3384:1272 330 1782 
216 1370:2734:1324 1410 
29 532 1541 166 1387 599:7905:1352 1382 1048 1332 1971 820 
901 98 1161 944:6292:2184 1392 2016 700 
1527 684 308 52 795 791:6697:2440 384 790 1200 704 1179 
931 355:1098:696 402 
172 89 1537 1054 1491 688:8045:1692 1176 1521 538 1374 1744 
1530 156:1266:960 306 
1025 981:1485:777 708 
812 662 712 696 425:5557:1252 1260 2277 266 502 
3 413 795:1910:326 880 704 
1185 1301 1538 802 146:10486:1340 352 3155 2064 3575 
676 699 310 959:4043:1836 813 266 1128 
106 1408 593:4116:1563 1503 1050 
1519 1076 566 217 333 156:4094:468 1160 969 504 789 204 
1484 562 1251 502:4455:378 336 1974 1767 
735 812 1168 806 269:9179:810 1878 2976 1383 2132 
1195 1178 1322 373:9437:1011 4035 1806 2585 
343 33 1175 1452 183:6482:824 988 1268 1650 1752 
1508 1065 969 620:3978:1262 1348 966 402 
291 83 1159 1182 793 1442 1225:9755:1278 2199 2780 544 1016 915 1023 
1150 413 1316 634:6080:2328 1320 552 1880 
767 817 800:2826:795 855 1176 
1123:1113:1113 
1020 205 201 997 594 1110:7281:392 1536 1680 1935 220 1518 
1226 1037 61 5:4044:2284 416 540 804 
155 217 854 1542:3895:2061 252 882 700 
623 713 164 347 424 779 417:9336:676 2512 1090 904 1124 1002 2028 
773 663 180:2013:360 1284 369 
913 97 507 890:3575:984 318 884 1389 
677 581:2720:1668 1052 
648:1476:1476 
793 404 1053 837 1047 1496:8295:1016 1210 1364 1192 1725 1788 
335 1344 1527 1190 402 1184 1061:7642:2037 554 1830 744 648 950 879 
478 395 285 1360 1383:6609:2080 1179 658 856 1836 
992 216 1237:4224:1260 1986 978 
1175 293 449 1297 1014:4509:951 894 1386 948 330 
438 782 1324 1387 465:7414:1047 1245 2688 1314 1120 
49 1431 1108 39 915:8324:1306 2240 897 2252 1629 
1398:1773:1773 
579 856 1145 529 872:5726:426 1356 846 1230 1868 
842:2208:2208 
1341 1497 1202 919:7089:1926 1244 3028 891 
1291 1514 1058 309 559 476 365:10242:1392 222 1012 2768 1398 1968 1482 
1095 1465 822 379 1428 1078:12647:1152 1572 1660 2788 3915 1560 
546:2004:2004 
1279 876 1392 1496 1080:6416:1791 1212 480 1341 1592 
83 1412 969:4188:2199 1023 966 
283 1346 1130 926 1375 1225:8509:1479 2160 1490 420 1596 1364 
280 1476 940 218:5763:696 1179 1548 2340 
1116 540 351 933 463:5697:1476 356 1928 1250 687 
237 1485 1069 1346 77 1019:7230:984 780 428 1296 1014 2728 
277 953 1109 813 530 487:7243:1374 1518 288 538 2097 1428 
1455 827 517 101 1522 667 51:7516:1401 704 1869 260 816 1446 1020 
1033 1349 1106 944 340 923 867:6772:1095 1569 1156 525 333 1020 1074 
914:1868:1868 
704 1207 658 841 504 1274 498:7706:598 1396 988 1388 1020 524 1792 
937 854 1157 675:7026:2091 882 2043 2010 
1421 578:3408:2160 1248 
661 312 429 252 1487 418:6791:1320 1197 548 1422 510 1794 
701 1337 468 1277 1527 1444:5735:572 309 636 1422 1830 966 
125 242 65 887 231:8486:2140 986 2676 692 1992 
664 687 298 947:2751:634 603 1034 480 
1410 568 605 1493 678:9533:656 1248 1287 3012 3330 
718 555 1510 535 478 1154:7078:870 2140 370 1980 1040 678 
1093 51:2157:1647 510 
1109 321 1103:2256:288 1290 678 
1277 1433 724:3937:1422 1419 1096 
81 1556 302 1377 1400 597 102:9527:770 1473 2496 1527 519 1488 1254 
535 1024:4505:1485 3020 
1247 777 1453:5404:936 2100 2368 
422 671 588 478 1553 432:8390:1446 1080 828 2080 1316 1640 
56 931 1021 472:2208:387 696 669 456 
924 1534:3494:1506 1988 
1261 1178 1068:4484:464 3228 792 
1234 392 429 1318 502 912:5805:216 708 548 534 2356 1443 
1347 105 1420 1258:3636:1228 1300 636 472 
788 1331:1791:294 1497 
1387 1131:3330:1971 1359 
1114 45 921 1424:6010:2536 388 992 2094 
1184 1328:3652:1900 1752 
363 425 1062 192 1001 1251 1168:9861:636 1004 1302 837 1876 1974 2232 
1417 1388 878:4456:2788 582 1086 
183 233:3218:1314 1904 
782 33:1571:830 741 
1082 1491 316 327:3115:1083 916 708 408 
1136 1092 449 6 1469 1119:10861:1986 1311 2772 856 1520 2416 
1272 657 586 1129 47 270:6776:1302 1134 765 938 1398 1239 
1312 124 1039 596 87 1295:4949:1140 618 775 354 1368 694 
1086 470 399 942 1419 83:7290:1473 1042 495 1628 453 2199 
1125 1082 853 410 1458 1109:8168:1299 1444 2025 940 2172 288 
1165 549 892 1435 1498 576:7146:1539 1316 1521 984 1266 520 
490 141:3036:888 2148 
1556 315 71 1053:5899:1964 712 1518 1705 
1126:669:669 
208 618 903 914 1430:6125:872 798 1852 1401 1202 
684 840 545 262 218:4873:512 1088 1020 498 1755 
1341 1270 255 731 954 498:7374:1284 1395 460 1444 999 1792 
1281 771 422 538:4965:1038 567 2892 468 
99 1441 1237:4156:1724 476 1956 
219 735 839 423 286:4724:1356 540 468 1100 1260 
1028 985 756 313 1361:5172:1254 270 1422 1566 660 
1168 419 668 585:7840:2976 1250 2046 1568 
342 964:1668:894 774 
825 941 765:4588:1581 2277 730 
82 532 382 432 415 559 1168:9445:1473 1382 574 820 1566 1398 2232 
995 219 96:3854:840 1808 1206 
90 1178 296 452 156 1432:6309:276 3228 174 1272 306 1053 
1418 905 768 1471:5709:837 1728 1984 1160 
383 33 150 387 1208 553 1429:9246:1464 741 1204 1401 1581 1424 1431 
360 836 1059:2632:956 476 1200 
862 141 763 174:4727:1467 1432 886 942 
274 856 800 1476 74:6084:1442 904 1764 786 1188 
390 679 64 407 950:9101:2780 855 1208 2356 1902 
553 376 54:3560:712 840 2008 
27 170 780 1096:6195:1473 1680 1626 1416 
493 1435:2934:1458 1476 
33 1069 66 1196:4948:988 321 1974 1665 
1260 790 1466 64 1326:3619:390 426 951 604 1248 
1416:1034:1034 
313 1243 933:3823:1044 904 1875 
547 1556:2703:1230 1473 
797 1473 71 920 637:4604:818 1362 1518 411 495 
1187 572 501 1044 1520 185:5346:1236 874 768 884 1269 315 
1227 1183 954 511 2 1210:6444:2188 1188 1332 512 548 676 
1074 1364 748 1091 76 138 775:7773:1078 894 1218 1989 906 988 700 
542 259:1887:810 1077 
1064 848 1058 1507 1357 1407 1391:5698:416 1254 1012 662 1070 460 824 
256 346 1355 1538 56 412:6390:920 1552 360 2524 516 518 
1438:984:984 
309 1118 489:4609:2076 1731 802 
498 535 1424:5173:896 1485 2792 
581 232 348:4086:1578 1812 696 
253 236 1524:2308:316 1284 708 
96 799 183 113 656 1132:8279:1206 1044 1314 1239 2852 624 
795 566 123 1171:5817:352 1292 2175 1998 
995 499:1636:630 1006 
409 686 975 360 606:8219:2205 996 2804 717 1497 
713 203 1412 1528 1352:6502:1884 484 1023 1299 1812 
830:1796:1796 
879:804:804 
816 1199 1209 167 1415 999:8498:1608 954 1964 318 2148 1506 
677 207 883 1039:4467:1668 693 1641 465 
101:390:390 
660 350 1492 1355 500 1442:6579:2024 1252 1104 360 924 915 
678 834 125 1400 212:7881:2664 2256 1712 346 903 
1335 1264 249 725 948 492:7770:1272 1776 1188 522 1680 1332 
415 532:3639:1566 2073 
831 255 66:2203:542 345 1316 
319 955 86 895 1145 1061:7344:1132 1400 1635 595 1410 1172 
1379 869 520 636 460 137 626:7688:676 1188 1623 988 852 1881 480 
10 287 576 1518 304 433 909:7304:1315 864 260 2256 975 1026 608 
1343 873 1549 147 1409:3873:1074 1302 885 228 384 
1023 1499:2006:1244 762 
32 920 8:4463:2076 411 1976 
78 1286 1403 82:4204:1149 712 870 1473 
704 315 964 747 544 1407:5207:598 534 1161 1404 1050 460 
1093 317 1339:3938:2196 1266 476 
1276 394 550 1399 1116:6470:774 1662 1302 1256 1476 
1156 540 883 1426 1489 567:8591:1023 267 1641 2940 984 1736 
481 132:2715:1659 1056 
1280 1423 475 791 548 1529:9752:804 1844 1482 1572 1650 2400 
1319 891 514 1403 587 997:8498:1200 930 646 870 2272 2580 
328 312 42 651 967 1138 561:6229:699 1197 1018 730 220 1900 465 
19 1454 318 1354 351:6956:1218 2031 1840 903 964 
1557 1314 1151:1710:900 366 444 
365 1468 719 968:5763:2964 675 1404 720 
769 952 615 1384 609 72 908:7662:204 1572 478 912 1988 2008 500 
129 884:1817:837 980 
478 767 152:4035:2080 530 1425 
628 717 168 351 428 784 422:9340:474 2792 442 1928 512 300 2892 
958 875 765 282:4985:792 2588 1095 510 
502:1767:1767 
342 1218 1307 758 941 1018:6945:1192 686 741 1719 2277 330 
1355 872 895 506 1155:4986:360 1401 357 1380 1488 
1531 1195 406 1188 1065 1488 966:5597:194 1011 608 1023 1011 826 924 
580 497 387 1462 1485 1096 187:6864:928 1011 1868 381 780 944 952 
556 513:1640:1212 428 
97 147 130 274:4802:424 228 1266 2884 
853 543 127 404:4191:1350 867 1248 726 
1070 747 1236:5872:2004 1404 2464 
720 864 1473 231 1546:4521:444 897 1362 1494 324 
163 906 1316 140 151 667 357:8694:1816 464 552 990 1572 1928 1372 
360 970 1286 1359:2691:717 1120 356 498 
531 393 1096 481 410:4232:324 600 944 1659 705 
1469 1119 1236 1473:6380:1520 1812 1232 1816 
634 245 894 678 474 1337:6623:940 837 436 2664 1334 412 
1087 1270 934 145 927 391:5976:1200 1395 820 1588 238 735 
1224 421 1484 1268 1064 1513:6722:944 2830 378 810 416 1344 
1517 981:1268:324 944 
411 62:2346:285 2061 
1210 1354 405 721 478 1460:10155:1352 1505 1923 1740 1560 2075 
1250 821 445 1333 517 927:7329:1636 993 1240 492 2492 476 
259 242 1530 581 897 1068 492:9208:1436 1479 480 2630 204 1980 999 
1507 1384 248 1284 282:4424:662 1368 450 1434 510 
1487 1244 1082:2256:510 663 1083 
296 1398 649 899:4219:348 1773 976 1122 
699 882 545 1315 539 2 838:8815:1084 1425 1020 698 2696 548 1344 
992 1295 813 836 33:4864:945 1388 1076 714 741 
1129 592 1428:5444:938 1374 3132 
116 792 1362 653 370 326:8683:2277 1269 819 2024 510 1784 
1138 722 998 1288 672:8006:1900 2116 669 801 2520 
283:986:986 
761 466:2132:578 1554 
1085 869 1079 1528 1378 1428:8239:1182 1188 1287 866 584 3132 
1462 1125 336 1119 996 1418 896:6003:254 1299 606 1812 462 558 1012 
510 427 317 1392 1415 1026 117:8104:218 1536 1688 480 1432 774 1976 
550 1039:1922:1302 620 
1109 227:1032:288 744 
491 190 639:5241:1920 1470 1851 
234 245 761 451 35 311 601:8748:1884 1116 1156 648 740 1656 1548 
1453 877 688 1270:4333:1184 882 872 1395 
1191 575 918 1047 1523 602:7668:1170 1569 1122 1725 888 1194 
419 69:2945:1250 1695 
1557 315 485 1467:5443:450 356 1167 3470 
438 301 1004 388 318 860:8301:1745 384 1725 1251 1380 1816 
478 1326 1044 1414 771 328:5665:2080 624 442 1020 567 932 
908 1450:2105:500 1605 
325 1507 1251:4447:1480 993 1974 
76 32 1361 918 408 59 175:13206:906 2595 1320 2805 1684 952 2944 
372 62 1204 1481 115 1057:7143:1472 1374 1796 1035 354 1112 
882 412 1088 100 948 666 622:6997:950 777 1264 1560 1680 328 438 
436 349 865:3666:891 1296 1479 
663 752:1083:642 441 
476 1472 1002 120 276 1539:9820:1968 1179 1022 842 2820 1989 
929 526 1455 1145 729 592:5765:400 1212 934 846 999 1374 
815 1491 89 938:3972:519 1374 1176 903 
459 709 626:1510:472 318 720 
746 1368 779 1398 1021 765 1508:10408:1446 2564 1336 1182 892 1095 1893 
486 935 786 835:5453:645 1608 708 2492 
919 929 1445 1135:3091:1188 400 387 1116 
234 1149 1120 610 261 377 200:9914:1413 644 1284 2010 1884 1236 1443 
1356 141:2722:574 2148 
740:1464:1464 
274 364 1373 1556 75 431:9298:1442 1970 2756 1964 620 546 
1456:1356:1356 
84 560 783 327 1136 1386:7390:2550 936 1389 306 1324 885 
250 367 604 1425:5597:1554 1833 678 1532 
371 221:2946:378 2568 
1373 917:1782:1378 404 
451:972:972 
1079 358 980:3587:1287 1358 942 
813 584:2274:807 1467 
1451 1501 1485 70 680:4446:648 1006 1040 692 1060 
1299 124 134:3049:1048 618 1383 
544 1033 350:3922:1575 1095 1252 
28 1343 766:3444:2154 1074 216 
1083 334 583:1835:267 432 1136 
198 620 98 653 225 1406 737:7408:522 402 1044 1518 2808 424 690 
780 564 774 1223 1074:4944:1626 378 1398 464 1078 
401 438 1327:3420:390 1047 1983 
484 135 251:6862:1998 3044 1820 
155 139 1427:4074:1374 963 1737 
605 1547 1476 461 938:5819:1287 1272 1179 1479 602 
1506 65 1446 1123 54:7711:2544 1338 708 1113 2008 
1383 901 924 121 1184:7553:1377 1638 1506 1132 1900 
678:1998:1998 
478 155 644 1520 52 1060:6986:1560 1374 471 1269 800 1512 
112 2 1077 1514:2413:400 274 1406 333 
1297 921:1376:632 744 
332 1234 552:1578:822 324 432 
1544 968:1500:780 720 
109 132 1301:5072:2960 1408 704 
26 436 818 415 1345:6889:604 891 735 1044 3615 
599 755 46 1321 133:7566:1230 1629 3145 882 680 
1088 73 549 772 316:6306:1896 1263 987 1452 708 
356 179 1415 346 1221 167:7064:900 1062 2148 1552 1084 318 
691 995 512:4134:1719 840 1575 
1245 429 425 808:3290:1260 548 753 729 
402:648:648 
1548 1358 383 1471 589:5624:384 1152 1464 1160 1464 
1491:1374:1374 
1398 1408:3867:2364 1503 
156 1165 1348 1425 223:5708:306 1539 950 1149 1764 
330:1362:1362 
913:1312:1312 
1253 1182 167 643 866 410:6549:660 816 424 1017 2692 940 
1193 683 334 450:2794:326 828 432 1208 
11 1353 1149:4367:2756 806 805 
647 751 335 198:6311:1557 1516 2716 522 
541 1030:2900:1008 1892 
1100 218:1596:426 1170 
385 181 630:2738:858 320 1560 
511 788 1077:3490:384 294 2812 
478 661 738 1094:6455:1560 1760 1026 2109 
1247 299 615 372 1353:5991:1248 942 717 1472 1612 
821 1204 1214 172 1420 1004:8888:662 2245 717 1692 1272 2300 
364:1182:1182 
1256 15:2158:498 1660 
790 308:2006:426 1580 
731 1114 711 82 1330 914 777:11982:2166 2536 1044 1964 771 1401 2100 
296 1251:1490:174 1316 
1477 995 1018 629 1278:4608:1563 630 495 318 1602 
675:2010:2010 
1471:870:870 
279 1394 885 535:4883:1038 1832 528 1485 
206 510 27 50 805 310 93:5939:736 327 1473 1410 1066 399 528 
742 1231 549:5822:1365 2812 1645 
1468 227 1541 965:5111:675 1488 2096 852 
502 1444 229 358:6295:1767 1288 1203 2037 
1461 86:3523:1888 1635 
955 912:3324:1400 1924 
496 545 529 259:2644:596 510 820 718 
322 1252 942 526 389:4999:1142 850 814 1212 981 
1131 1502 859 416 1464:8579:1359 1944 1024 2596 1656 
679 224 1033 1283 1199:7134:1140 1200 1825 584 2385 
1266 929:750:450 300 
1156 446 163 120 1449:9108:1364 3490 2270 1684 300 
1242 28 570 633 1269 400 1209:8348:1137 1436 1230 414 1554 1104 1473 
1260 551 268 224 1140:6126:520 2508 1228 900 970 
1250 35 164 640 1277 408 1217:10492:1636 1110 1635 2335 948 2105 723 
1280 1437 1141 858 814 172:6030:804 987 744 840 963 1692 
195 898 282 211:4379:1400 939 510 1530 
595 1416 761 79 168 1177:4731:822 1551 578 732 442 606 
228 118 1194 1217:2823:444 548 1108 723 
382 1097 721:3807:861 1206 1740 
804 575 132 1181 831:4957:772 1046 1408 918 813 
405 708:4002:1923 2079 
1047 738 321:3611:1725 1026 860 
934 385 568:4174:820 858 2496 
96 1184:3033:1608 1425 
839 36 685 468 679:4941:351 1260 1236 954 1140 
1148 622:2454:2016 438 
898 803 453 570 393 1215 559:11890:1252 2728 1506 1640 800 1168 2796 
509 1452 1381 366 842:7178:984 1650 1592 1296 1656 
220 1429 1545 224 1046 391:7563:1338 2385 1242 900 963 735 
674 896 441 1250 1500 1416:8661:2288 1518 204 1227 1356 2068 
1320 810 461 577 401 78 567:6549:988 330 1479 962 390 1532 868 
1509 228 517 1459 245 787 850:8197:2252 592 1869 768 1116 1132 468 
1284 814 1490 502 1351:5442:956 963 528 1767 1228 
835 964 1440:6044:2492 1548 2004 
348 225 648 125:5366:928 2106 1476 856 
316 1404 425:3801:944 2104 753 
622 645:2744:292 2452 
299 1547 1131 994 139:6016:942 1696 1812 282 1284 
512 162:4104:2100 2004 
166 1454 505 822 578 416:9826:1776 2708 586 1328 832 2596 
242 1423 1167 352 348:6367:1972 922 2420 357 696 
925 1081:2055:453 1602 
245 1308 1092 888 1337 1188:6414:558 1964 1748 471 309 1364 
145 1341 805 83:8490:1191 2568 1066 3665 
1079 503 313 896 426:5363:1287 646 2088 1012 330 
844 467 1356 540 950 1333:7907:2392 2082 861 178 1902 492 
920 1091 515 1469:5107:274 2652 1041 1140 
28 731 115 45 587 1064:6945:2154 1444 472 291 2272 312 
1238 595 152 1200:4652:1108 1096 1425 1023 
1437 528:1668:1316 352 
1171 755 618 1321 705 635:9654:3330 1629 798 2205 656 1036 
183 1458 1414 1185:4787:1314 2172 765 536 
859:1024:1024 
908:375:375 
748 1131 1141 99 1347 931:6957:812 1812 992 1724 921 696 
112 1094 905 1487 1017 135 705:12211:800 2812 1728 510 2064 3805 492 
553 176 1064 249 659:5740:1068 852 520 1188 2112 
49 725 881:4457:2612 783 1062 
1418 1308 825 848 459:5747:558 1473 2108 1254 354 
1245 456 1238 1116 1538:6287:840 970 1108 1476 1893 
467 196 806 1122:5361:2776 912 1383 290 
1030 317:2685:1419 1266 
1292 570 1192 603 1319:5404:1890 1230 712 672 900 
786 1396 154 1469 893 703:6350:531 2108 1095 1140 344 1132 
45:388:388 
1087 365 987:3610:1200 1482 928 
821 178:1695:993 702 
105 554 405 455 438 581 1191:8317:1950 1144 1282 672 1047 1052 1170 
1018 242 119:2816:495 1479 842 
113 1201 319 475 179 1454:9102:826 2604 566 1482 1593 2031 
1344 928 791 1494:4197:831 1248 1179 939 
405 56 172 409 1231 576 1452:9922:1923 387 1128 2205 2109 520 1650 
382 859 1081:3262:1148 512 1602 
788 66 688 100:3652:294 1316 872 1170 
297 879 823 1499 97:3451:326 402 1791 508 424 
413 702 86 430 973:6789:880 2205 1635 1376 693 
440 1488 1139 1255 1079 756:5701:378 1239 1114 735 1287 948 
116:2277:2277 
516 1458:2622:993 1629 
56 1092 89 1219:3930:516 1311 882 1221 
1282 812 1488 1547 1252:6616:1364 1878 826 848 1700 
1438:492:492 
336 1266 956:1736:404 675 657 
90 966 1056 506:6078:414 1386 1518 2760 
959 11:3602:846 2756 
728 617:2324:1500 824 
956 1060 644:3144:657 2016 471 
1160 611 794:3215:1880 459 876 
884 1466 1410:3394:1470 1268 656 
987 904 1207 725:4599:1392 1116 1047 1044 
1374 531:2388:2064 324 
712 362 479 302 1537 371:8865:2277 2148 786 1248 2028 378 
751 1388 518 1327 19 1494:7873:1516 873 735 1983 1827 939 
176 292 115 937 282:4612:1704 650 354 1394 510 
714 737 348 997:4924:958 690 696 2580 
1460 521 558 1447 631:5380:830 1300 450 2236 564 
768 605 2 585 529 1205:5974:992 1716 274 1176 820 996 
568 672:3762:1872 1890 
63 1084:2105:1611 494 
915 686 243 1291 942:5632:1086 664 1269 1392 1221 
515 819:2544:1041 1503 
642 1158 848 432:3150:598 478 1254 820 
1149:483:483 
983 273 1549 1505:5572:608 2035 885 2044 
939 1189 1105 995 513:3540:411 540 1428 840 321 
1172 1249 47 829:6413:1548 540 2330 1995 
582:1386:1386 
393 603 1052 902 952:4298:600 896 502 728 1572 
133 170 1058 243:5435:408 2240 1518 1269 
263 1538 350 1266:5171:1346 2524 626 675 
1399 916 939:3665:1570 1410 685 
67 1222:1951:658 1293 
1438 384 1392 17 1239 450:5482:492 388 640 1118 1636 1208 
431 1506 1529 726 231 15:7991:546 1908 1200 1100 1992 1245 
271 626:1779:1299 480 
497 1346 1063 1019 377 347:8840:1011 1728 1689 2046 1236 1130 
1050 634 911 1200 584 927 1056:7984:714 940 1488 1364 978 476 2024 
517 674:3534:1246 2288 
1130 221 4 214 1343 1193:7072:894 1284 1228 1566 1611 489 
553:1068:1068 
1556 874 963:4179:1473 906 1800 
770 1379 137 1452 1290 687:8427:1456 1352 1881 1650 1284 804 
1260 444 440 1237:4059:390 1824 378 1467 
417:1521:1521 
1466 1277 301 245 921:4843:951 1896 384 1116 496 
1357 1047 631 908 1197 581 924:7952:1605 1150 423 500 1716 1052 1506 
589 12 1381 406 1494 612:7790:1952 882 1592 912 1252 1200 
725 1135 1518 1528 486 176:7200:522 1116 1692 1732 860 1278 
1179 603 1557 996 526 1202:6611:966 896 900 770 808 2271 
979 669:4287:3605 682 
933 157 34:4650:2500 1524 626 
1172 1116 234 390 1238 956:9688:1548 1968 1884 2085 1108 1095 
1259 843 706 1409:4133:1167 1464 1310 192 
692 369 858 176:4236:891 1227 840 1278 
309 359 342:2444:1384 464 596 
519 808 193 536 1079:7500:1402 486 3615 710 1287 
673 643 134 1342 1459 1282 959:9341:1437 678 922 2900 512 2046 846 
1126 1255:1872:892 980 
167 1055:1179:318 861 
1136 480 1356 1446:4870:1986 1264 1148 472 
1523 1252:2163:888 1275 
384 860 1083 627 1437 128 45:4716:291 1362 356 900 1316 200 291 
295 1410 900:4348:2356 984 1008 
671 521 571:5656:2160 2600 896 
1301 1231:3516:704 2812 
272:2076:2076 
309 1318 1501 1164 376:5490:2076 534 1006 614 1260 
1530:720:720 
555:1605:1605 
1478 263 806 771 1408 538:5712:946 1346 1383 567 1002 468 
302 273 1322 972 1089:6957:1248 814 1806 1185 1904 
436 1511:1662:1188 474 
770 1286 976 560 739:3282:728 356 434 468 1296 
354:1676:1676 
237 1325 443:4452:2460 1080 912 
543 566:1870:578 1292 
221 1469 1053 915 60:7150:1284 1520 1364 1086 1896 
530 180:3165:2796 369 
184 1472 524 840 596 434:4785:1262 1179 912 544 354 534 
1050 1046:1677:714 963 
976 1479 930 1113:2344:434 556 846 508 
1285 337 653:4072:1488 560 2024 
1335 320 383 1019 150:7814:1272 1226 1464 2046 1806 
524 201 690 8 97:4430:608 1260 762 1482 318 
1189 1399:1212:270 942 
1097 1440 11:5966:1206 2004 2756 
268 1050 928 1350:3256:614 714 1248 680 
1104 528 1483 921 451:4784:1712 352 1576 496 648 
842 226:1368:1104 264 
1518 382 1418 415 1131:6307:1692 574 1116 1566 1359 
1208 1524 1281 1118 515:6105:1581 944 1038 1154 1388 
269 1066 662 1178 1282 866 729:13104:1599 1620 1260 3228 2046 2019 1332 
1105:714:714 
916 712 1161 1012 1062:9053:1410 2277 2016 2048 1302 
86:2180:2180 
492 848 486 1507:3688:999 836 860 993 
369 126 1108 919 1501:8006:2045 1565 1196 1188 2012 
1272 855 1132 1421:6194:1736 1362 936 2160 
300 417 240 1061 406 1282:8357:2204 2028 288 879 912 2046 
1265 1515 1432 1321:3320:548 396 1053 1323 
1129 1552 1029 27:4990:1407 1488 622 1473 
709 653 1329 1485:3348:424 1518 626 780 
1046 297 547:2771:642 489 1640 
1306 584 1206 617 1333 956 700:8285:1395 1467 1971 618 656 657 1521 
527 324 773 623:4804:1708 1384 360 1352 
378 374 756 767 1283:4228:832 804 948 1060 584 
896 853:3037:1012 2025 
137 586 437 487 470 613:6243:1254 765 698 1428 1042 1056 
274 54 476 1512 509 81:7836:2163 1004 2624 291 984 770 
727 1176 1027 1077 1060 790:7867:1137 1264 1760 1406 2016 284 
1100 257:729:426 303 
947 437 88 204 441 1263 608:3562:240 1047 453 879 204 483 256 
1510 655 39 1527 512 988:8829:555 828 2252 1830 2100 1264 
651 422 1537 1027:6025:292 2892 1521 1320 
851 355:1630:1362 268 
997 1340:4456:2580 1876 
381:842:842 
1473 5 1013 1197 1273 71:8206:908 1608 534 1716 2428 1012 
1513 1030 1467 664 1313 1097:8850:1008 1419 2082 951 2184 1206 
1187 505 595 45 229 305 661:7662:824 586 1096 291 1203 1902 1760 
545:510:510 
988 572 435 1138 522 451 994:8928:1896 1311 2132 1425 586 1296 282 
116 1511 908 1491 1434 552 708:8346:2277 948 250 1832 528 432 2079 
1301 459 82 1384 569 565:5982:704 236 982 1368 2188 504 
1454 1438 23 633 949 706 129:9313:2708 492 966 414 1652 1965 1116 
1558 1022 300 922 333:5533:1197 870 1102 1575 789 
1251 1395 446 762 519 1501:13359:1974 2304 2094 2872 2103 2012 
1291 862 486 1374 559 968:8783:1856 978 645 1548 2796 960 
300 283 13 622 939 1109 533:7180:2204 1479 950 584 274 384 1305 
1548 1425 290 1325 323:5375:256 1149 1264 810 1896 
1529 1285 1123:4029:1800 1116 1113 
205 454:2188:1536 652 
1249 488 84 600:4543:810 1323 1530 880 
178 1226 877 993:6888:702 2284 882 3020 
1147 651 435 231:4047:516 438 1599 1494 
1101 285 281 664:4041:1518 658 914 951 
1015 305 22 1440 797 768 258:10009:1221 2536 1209 1503 1636 992 912 
1331:1996:1996 
765 389 1277 461:4612:730 981 1422 1479 
1332 689:880:256 624 
1288:1068:1068 
1532 623 406:2703:777 1014 912 
646 17 1265 849:3852:876 1677 411 888 
1555 234 1055:3318:1044 1413 861 
1269 320 636:7536:3108 2452 1976 
1389 1319 304 780 1003 547:6552:1524 900 975 1084 429 1640 
820 470 587:4575:266 2605 1704 
274 124 174 157 301:4718:1442 618 942 1524 192 
1433 257:1722:1419 303 
24 207 284:2634:921 1155 558 
1293 823 1499:3641:834 1791 1016 
564 814 731 621 138 575:6722:252 963 1444 1012 1482 1569 
198 1074 1164 614:5231:870 1078 1228 2055 
970 22:3135:1120 2015 
1360 24 1127 378 627 544 434:6575:1284 614 928 1040 600 1575 534 
1436 794 351 1399 1050:4310:332 876 1446 942 714 
1217 1134 1024:3790:964 1316 1510 
1190 348 1530 1274 458 454:4727:992 928 480 786 1052 489 
1327 1471 425 741 498 1480:6711:1983 1160 753 423 1344 1048 
222 938 562 306 1048 1044:6836:2157 602 336 1502 1576 663 
1428 1185 609:3879:2349 536 994 
176 426:1608:1278 330 
76 459 469 985:2086:604 354 723 405 
1235 592 149 53 1262 1378:6956:771 2290 956 1929 572 438 
638 23 1510 495 971 1194 738:12694:2492 1288 740 1080 2060 3324 1710 
961 678 1048:5035:795 2664 1576 
1345 436 220 16:5167:1446 891 1338 1492 
70 66 862:4449:519 1974 1956 
1368 1191 869 1358:5590:1282 1560 1980 768 
509 958 808 858:5020:1312 1056 972 1680 
1039 1049 7 1255:5681:620 2904 1422 735 
256 1172 1142 633 283 400 223:10295:1380 2064 2228 552 1479 828 1764 
1379 164:2311:676 1635 
763:1329:1329 
297 387 1396 21 98 453:9272:326 1868 2108 1724 1740 1506 
137 1479:3620:2508 1112 
1192 1122 107:2394:534 580 1280 
1505:1533:1533 
313 1428 918 569:7500:1044 3132 1683 1641 
446 1521 1544 1155 246 30:7226:2094 258 780 1116 2484 494 
1382 328 1336 1519 1183 394:5132:651 932 1238 312 891 1108 
278 1353 1376 573 78 1420:9577:2656 1612 642 1863 1532 1272 
215 570:1653:423 1230 
441 1290 1007 963 321 291:6376:204 1926 778 900 1290 1278 
481 757 1047 431 774 903:8268:2212 717 1725 364 1398 1852 
911 468:1752:1116 636 
900 1510 268:2791:1008 555 1228 
950 1493 411 634 179:7449:1902 2259 285 1410 1593 
552 1374 719 36 126:4847:324 1548 1404 945 626 
1218 1014:1126:686 440 
1524 669 53 1540 525 1002:9708:708 1364 2572 1914 2128 1022 
361:784:784 
1410 1221 245 189 865:6694:984 1084 1116 2524 986 
1011 1354:3488:2284 1204 
771 395:1353:567 786 
1487:340:340 
902 619 575 1490 1461:5108:546 1308 1046 792 1416 
9 259:1925:848 1077 
292 303 818:3129:975 1419 735 
608:384:384 
1209 1068 425 1540 1444:5972:1473 1188 753 1914 644 
1348 599 849 766:3867:1425 1230 888 324 
489 366 789 266:6907:1203 1728 2788 1188 
1019 43 1545 566:5994:2046 1232 2070 646 
1223 1152 137 613 836 380 1189:7144:232 1425 1881 1408 714 944 540 
1312 603 320 276 47:5904:570 448 1839 2115 932 
13 649 1338 589:5482:950 1464 1604 1464 
639 822 899 1255 892 356:7400:1851 1328 1122 735 1014 1350 
1189 386 1035 819 1029 1478:7440:405 1600 606 2004 933 1892 
1229 1412 1489 287 1069 946:5050:474 682 1312 576 428 1578 
61 510:597:270 327 
244 174 716 1193 1415:5214:1530 942 984 326 1432 
1236 500 1403 721:7330:2464 1386 1740 1740 
1101 951 1001 984:4695:1518 1480 1407 290 
680 1196 1300 884:3942:1060 1110 792 980 
1090:1248:1248 
92 768 924 214 1490 1446:5752:474 992 1506 1044 792 944 
575 852 1141 525:5360:2092 396 744 2128 
126 1001 1091:5467:939 1876 2652 
1241 1557 1314 738 548:5298:2356 450 366 1026 1100 
598 1114 804 388 665:4551:798 1268 772 834 879 
132 1407 1364 721 278 182:7287:1408 230 894 1740 1992 1023 
858 1401 319:3239:1260 564 1415 
3 785 662 1084 562:3314:489 796 840 741 448 
766 522:1203:324 879 
94 1541 1059 1082:4188:333 1572 1200 1083 
865 489:2281:1479 802 
216 705 23:2958:1986 328 644 
1112 536:2429:1364 1065 
114 869:1296:504 792 
463 752 137:2862:687 294 1881 
703 153 336 413 769 407:7738:1132 1476 606 1760 408 2356 
1115 1325:1744:934 810 
1558 277 566 1508 293 422 899:9643:1596 1374 969 1893 894 2169 748 
1235 765 1441 40 1302:3835:514 1095 476 386 1364 
1012 1489:3360:2048 1312 
1482 813 1555:2727:354 807 1566 
1528 1179 1295 1532:5965:1732 2415 1041 777 
207 856 640 436 1299:6596:924 1808 1401 891 1572 
450 1286 350 1319 477 101:5053:1812 534 1252 600 465 390 
1376 1359 1502 554:5705:963 996 1458 2288 
8 524 214 1356 75 364:8179:1976 912 2088 861 372 1970 
1240 252 1100 817:3770:1257 948 710 855 
268 957 208 458 374 264:6032:921 1659 1308 526 536 1082 
38:726:726 
914 631 587 1502 1059:6653:1868 423 1704 1458 1200 
21 271:2594:862 1732 
304 1459 830:3090:975 768 1347 
628 717:2805:711 2094 
967 85 241 1090:4480:330 944 1542 1664 
1360 611 861 778:4557:1284 459 1416 1398 
501 1523 801 1423:6372:1024 1480 2024 1844 
1031 55 1557 675:4760:654 1866 900 1340 
149 211 848 1536 788:6024:1912 1530 1254 936 392 
1491 421 1297 1387 838:6179:916 1132 1264 1971 896 
951 1388 585 1234 1018 1228 119:7563:1480 873 1568 216 495 1668 1263 
1428:2349:2349 
865 769 420:2609:1479 306 824 
1122 1332 127 1535 27 10:6154:580 256 1248 2036 982 1052 
551 114 1149 147:3203:1881 336 644 342 
751 907:2606:758 1848 
874 485 1134 917 714 19 1427:10095:604 778 658 808 1916 2436 2895 
106 594 1470 415 1424 49:7036:1042 330 874 2088 1396 1306 
1464 661:2536:1656 880 
545 1487:1275:765 510 
596 1218 629 1248:3922:472 1372 212 1866 
1311 841 1517 529 1378:4383:1204 1041 324 1230 584 
862 991 1467:7144:1956 2412 2776 
375 253 675 153:5062:1260 316 2010 1476 
905 343 1431 549:5887:864 1236 2800 987 
1038 23 499 722 266 1076:7104:411 966 1509 1587 891 1740 
1417 1068 1184 1421:7086:2788 1188 950 2160 
96 745 529 325 1188:5373:1206 616 1640 888 1023 
242 1078 142 1112 269 1451:10864:1479 936 1760 2728 2665 1296 
1265 1248 1392 443:5141:411 3110 480 1140 
316 6 1148 1425 156:4499:472 856 1512 1149 510 
1481 1452 942 593:5568:690 2200 1628 1050 
264 153 1229 108 863 1512 1295:6354:1082 1476 711 750 1100 194 1041 
1123 386 1289 607:5349:1113 1200 936 2100 
837 887 870:2639:894 692 1053 
1193:489:489 
993 178 587 970 567 1496:8560:2265 702 1704 1680 868 1341 
55 1010 34 1536:4872:1244 1908 1252 468 
1482 147 1249:1354:472 342 540 
1412 690 1312 723 1439:4080:1023 762 1140 279 876 
906 1516 274 31 1012 823:8022:348 1980 2163 801 1536 1194 
94 1396 581 577 960:6619:333 1581 1578 1924 1203 
1213 504:2983:1623 1360 
1026 810 1020 1469 1320 1369:5801:774 220 196 760 1976 1875 
1500 19 375 1157 1034 1456 934:9729:904 1827 1260 2724 1587 1017 410 
368 258 1333 1356 967 58:3972:627 912 328 574 220 1311 
808 898 349 532 195:6832:729 1252 1728 2073 1050 
432 228 1091 942 992:6131:1640 592 1326 1628 945 
1098 282:1299:789 510 
711 162:3591:2088 1503 
79 235 1084 801:4218:488 1224 988 1518 
358 661:3357:2037 1320 
302 1444:1892:1248 644 
113 469 107 1128 406:5398:1239 964 960 1323 912 
543 593 576 720 1329 87:4356:867 1050 520 296 939 684 
160 582 60 616 187 1369 699:8929:1116 2079 948 759 714 2500 813 
191 840 623 833 1283 1133:7085:1512 1088 1352 1780 438 915 
91 873 750 1172:4978:1008 868 1038 2064 
610 448 1403 427 371:5183:1206 530 2175 768 504 
1453 410 514 98 1519 664 48:6760:1776 470 969 1392 468 951 734 
1405 1216 240 184:4058:676 1544 576 1262 
1349 334 397 1033 164:5334:1569 288 747 1095 1635 
537 215 704 21 111:4998:902 423 897 862 1914 
1203 1413:1842:558 1284 
987:928:928 
504:680:680 
324 1454 1077:6930:1384 2031 3515 
1204 1161 518 75 1537 1188:6224:898 2016 735 372 1521 682 
1244 628 557 1100 19 241:5756:663 711 729 284 1827 1542 
105 1380 193 1108 665 155 1364:13311:1950 3535 2892 1196 1172 1374 1192 
1064 22 126 1268 1131 276:8028:520 2015 939 1080 1359 2115 
1354 472 628 1477 1194:6522:903 608 711 2084 2216 
1233 618 961 1504 8 645:6160:408 1064 795 572 1482 1839 
559 209:4124:2796 1328 
1357 1501 552 868 625 49:10123:1605 2012 324 2664 906 2612 
842 1397 968 592 1480 665 1074:10272:1656 1096 480 1832 1048 1465 2695 
389:654:654 
972:1580:1580 
1411 955:2760:660 2100 
489:1203:1203 
1531 396 1432:3199:388 1758 1053 
1265 622:849:411 438 
1319:1200:1200 
653 437:2722:2024 698 
759 1302:2019:996 1023 
1358 1102:2169:1152 1017 
1086 17 892 1395:6415:982 1677 2028 1728 
495 346 396 379 522:5334:432 1164 1758 1394 586 
100 96 479:5145:1170 2010 1965 
1398 1221 899 1388:5226:1773 1084 1496 873 
426 636 1086 936 986:8433:440 1976 1473 1964 2580 
580 204 1092 276:6961:928 1465 1748 2820 
539 243 1518 1475:6292:1348 1692 1128 2124 
1172 1062 580:5192:2064 1736 1392 
1312 496 906 1289:2501:855 596 348 702 
469:964:964 
374 1328 353 297 973:4576:804 1752 1232 326 462 
687 71 1559:2683:603 1518 562 
1486 949:2202:963 1239 
454 11 1059 710:5426:326 2756 1600 744 
284 587 105 127 883 387 171:9418:558 1136 1300 1248 2188 1401 1587 
1505:1022:1022 
540 496 1412 1382:2392:178 447 682 1085 
180 97 1545 1062 1499 696:4320:492 424 1242 868 762 532 
77 260:3947:2535 1412 
1413 1130 1086:4440:1284 1192 1964 
1286 377 161 371:2717:356 1236 873 252 
108 518 900:2868:1125 735 1008 
1290 1406 85 907 251:6321:2568 212 944 1232 1365 
684 707 318 967:2573:256 957 920 440 
588 211 1513 698:4365:552 1530 1008 1275 
1174 1330 621 338 295 66:8881:1664 1028 1265 525 1767 2632 
378 1320 105:3848:416 1482 1950 
657 840 917 1273 911 374:6197:1134 1088 606 1821 744 804 
1207 405 1054 837 950 1400:7906:1047 2564 807 894 1902 692 
1247 1430 1507 305 1087 964:7080:624 1803 1324 1268 900 1161 
1540 432:2916:1276 1640 
262 192 735 1211 1434:4406:747 837 1080 1390 352 
1255 518 1421 739:5603:980 735 2160 1728 
872 922 905:3315:1401 1050 864 
782 1325:2740:1660 1080 
1381 1125:2493:1194 1299 
1108 39 915 1418:7279:1196 2252 2715 1116 
1081 1225:2966:1602 1364 
322 959 89 898 1148 1065:6999:1713 1128 1176 626 1008 1348 
1421 1244 922 1411:5924:1620 884 2100 1320 
562 1011 861 911:4581:336 1713 1416 1116 
1092 1102 60 1308:5660:1748 1017 1422 1473 
782 686 337 453 276:5267:1245 1328 280 1004 1410 
1358 875 898:3698:1152 1294 1252 
1202 27 1181:5419:3028 1473 918 
130 1033 350:4144:2110 1095 939 
929 766:524:200 324 
1488 1099:3377:1652 1725 
983 367:2289:456 1833 
1342 620 1242 654 1369:7081:2175 402 1516 1113 1875 
373 423 406:2192:1034 550 608 
307 583 872 257 600 1143:6492:1076 852 1868 404 1320 972 
736 707:2145:1188 957 
191 508:4420:1512 2908 
1063 980 870 387:6415:1689 1570 1755 1401 
1036 607:3103:1528 1575 
691 341 458 281 1103 447:7720:1719 1422 789 1371 904 1515 
351 827 1050 594 1403 95 12:6396:1446 528 952 330 1740 518 882 
261 1376 867:4907:2512 963 1432 
735 585 635:2112:810 784 518 
519 381 1084 469 398:5280:2103 1263 741 723 450 
1457 1107 1224 1047:6776:2552 1452 472 2300 
1362 1385 582 87 1429 1225 116:10640:819 1293 2772 684 1431 1364 2277 
1425:1149:1149 
875 233 204 1252 902:5128:1294 952 879 1275 728 
1389 467 1156 407 656 573 463:9337:1524 1388 682 1767 1426 1863 687 
1492:828:828 
373 530:2949:1551 1398 
756 540 750 1199 1049:6087:1422 267 1038 1908 1452 
377 414 1303:3087:1236 1479 372 
460 111 227:4520:852 2552 1116 
131 115 1402:2629:862 354 1413 
581 1523 1452 437 914:6097:1578 888 1650 1047 934 
807:786:786 
445:1860:1860 
1117 541 351 934:3957:1370 1008 964 615 
484 1027 1090 168:5008:1998 1320 1248 442 
1496 27 1036 1219 1296 94:6965:894 1964 764 1221 1900 222 
1536 1053 1490 687 1336 1119:6324:702 1023 528 402 1857 1812 
431 520 1529 154 231 587:11123:364 2705 2400 1460 2490 1704 
289 82 1158 1180 791 1440:6411:753 1473 478 1418 786 1503 
722 173 356 19:6274:1587 1060 1800 1827 
896 626 1235 1551 1308:5118:1012 720 771 651 1964 
996 592 1108 1212:3341:462 1374 1196 309 
686 176 1385 1501 1325:6079:996 1704 1293 1006 1080 
900:1344:1344 
950:1902:1902 
789 1172 1183 140 1389 972:8642:2788 1032 1188 1320 1524 790 
650 180 856 1426:4582:1104 369 904 2205 
763 1451 703 952:7875:1329 1620 2830 2096 
470 892:4112:2084 2028 
230 347:1380:702 678 
646 70 1025:2126:657 692 777 
619 842 386 1196 1445 1362:7896:1744 2208 800 1665 387 1092 
24 926:1131:921 210 
823 660 57 640 583 1259:6185:1194 2024 220 1401 568 778 
623 727:2489:1352 1137 
990 214 1236:5174:2376 1566 1232 
1173 291 447 1296 1013:6029:1248 1278 1010 1425 1068 
437 780 1323 1386 464:6725:1047 1626 2204 590 1258 
145 1429 1107 38 913:5462:1588 954 1452 484 984 
1004 201 850 634:7791:2875 2100 936 1880 
1216 788 411 1300 484 894:5039:772 294 190 792 2664 327 
88 258 1240:2471:302 912 1257 
231 454 1556 807 1057:5175:1494 326 1473 1048 834 
1317 1406 857 1040:3485:876 318 1520 771 
264 580:4020:2164 1856 
1397 89 6 1453 971:5988:548 1176 428 1776 2060 
72 1293 505 1287:4172:2008 834 586 744 
1171 927 351 162:4137:1332 357 1446 1002 
997:1935:1935 
515:694:694 
1241 652 1367 991:6385:2356 936 1284 1809 
864 1540 552 1401 1118:6272:598 1914 324 1128 2308 
1255 639 982 1111 29 569:7841:735 2468 1695 288 1014 1641 
1222 1179 536 93 1555 1206:8494:862 1449 1420 704 2088 1971 
1262 646 576 1119 37 259:6833:572 1095 390 2416 924 1436 
124 1399 211 1126 683 174 1382:7008:618 1256 1530 669 1656 628 651 
1082 40 144 1286 1149 294:3878:1444 579 376 534 483 462 
1372 490 646 1495 1212:6407:1482 1184 657 2672 412 
1252 636 979 1522 26 663:7238:1275 1976 2163 408 453 963 
480 130:2214:948 1266 
1392 1376 1519 571 887 643 67:7474:640 963 468 672 1730 1356 1645 
1082 960 1382 860 1415:7123:1444 802 651 1362 2864 
327 311 40 650 966 1136 560:7505:306 1242 579 1104 924 2648 702 
114 1550 414 1450 447:6021:336 1098 1972 1605 1010 
1556 1313 1150:5403:1473 2184 1746 
239 461 6 815 1064:4298:1173 1479 642 692 312 
231 1414 865 1048:5279:1992 1020 1479 788 
364 414 397 541 1150 1466:6127:1182 1479 996 672 1164 634 
934:615:615 
724 813 264 447 524 880 518:7929:1096 1076 1082 1515 912 1268 980 
1054 971 860 378:5515:807 2060 1816 832 
1027 598:2558:1760 798 
681 332 448 272 1093 438:8040:1242 1233 795 2076 1647 1047 
342 818 1041 585 1394 86 3:6348:894 735 524 784 1832 1090 489 
252 1367 858:6144:1896 2568 1680 
629 479 529:3636:424 1572 1640 
510 372 1075 460 389:5205:327 2208 837 852 981 
1448 1098 1215 1038:4881:2960 789 584 548 
776 559 356 805:7670:2908 2796 900 1066 
1306 1302 127 137:5521:1395 682 936 2508 
903 260 231 1279 930:6226:1389 706 1494 1791 846 
1319 397 1086 337 587 503 393:5305:900 498 982 420 1136 969 400 
1520:1269:1269 
401 557:876:390 486 
784 567 777 1227 1077:7296:300 1302 2100 2188 1406 
307 345 1233:2723:1076 1239 408 
488 138 255:3759:1323 1976 460 
159 142 1430:4635:632 2200 1803 
1065 994 1537 456:5402:1011 423 2028 1940 
1265 928:1210:274 936 
1154 445 162 119 1448:8583:1356 2480 2004 1263 1480 
1241 26 569 632 1268 399 1208:6935:1767 302 1641 444 540 660 1581 
66:1974:1974 
576 386 969:3060:650 800 1610 
203 892 143 392 309 199:5723:363 1521 1389 472 1384 594 
1265 529 1432 750:4083:411 1230 1404 1038 
883 933 916:4301:1641 1250 1410 
696 1238:1230:399 831 
1029 1039:1709:1244 465 
652:936:936 
1112 469 26 1075:3859:1364 1205 453 837 
1312 403:1694:1140 554 
629 492 1195 579 509:3738:318 999 1011 426 984 
616 107 1315 1432 1255:5119:759 1280 1047 1053 980 
1471 722 972 889 1192 710 733:7463:870 2116 1185 894 712 992 694 
1236 1109 600 250 367 190:9470:3080 384 1760 1554 1222 1470 
1313:2184:2184 
48 564 254 1396 114 404:6030:1468 378 436 2108 672 968 
1279 1435 1140 857:5370:1791 984 1455 1140 
1326 1549 1093 345 594 511 401:5452:1248 590 1098 1652 220 384 260 
1403 761 318 1366 1016:5632:870 1156 1380 1530 696 
1362 907 158 407 324 214:6147:819 1848 566 1178 692 1044 
770 447 936 254:5007:1092 1515 1964 436 
387 437 420:2456:934 698 824 
320 597 886 270 613 1156:8935:2452 1488 1677 1239 1056 1023 
750 721:2343:1038 1305 
302 521:3848:1248 2600 
924 1174 1091 980 498:7692:1506 1248 2652 942 1344 
1157 1234 32 814:6318:2724 432 1557 1605 
697 868 292 1247:5043:468 2664 975 936 
605 1547 1477 462 938:6385:1287 1272 2084 1140 602 
982 245 1148:4609:2260 837 1512 
362 971 1287 1044:4116:2148 1030 496 442 
613 1555 1484:2874:1056 1566 252 
1411 875:2931:990 1941 
477 34 1082 733:4047:310 1252 1444 1041 
306 610 127 150 905 410 194:10305:2253 1206 1248 1806 1296 705 1791 
1165 843 1332 650:4087:1539 1464 256 828 
153 136:3591:1476 2115 
203:242:242 
602 1545:2022:1194 828 
1278 143 1178 176 1305:7279:1602 1389 3228 852 208 
456 1065 1382 1455 879 276:6080:1455 1011 868 934 402 1410 
34 443 826:2406:626 456 1324 
1215 1332 11 832 177:6954:1168 384 2756 1683 963 
707 730 341 990:5208:957 927 948 2376 
137 1439 624:4062:1881 876 1305 
1549 1106 597 247 364 187:6610:1180 1156 1984 1026 788 476 
1343 31 574 636 1273 403 1212:6712:1611 534 1008 1482 1214 554 309 
810 168:993:330 663 
95 544 394 444 428 571 1180:6806:777 1050 1108 912 384 448 2127 
1173 1356 1433 231 1013 890:6955:1248 861 1892 1494 534 926 
1466 357:2006:634 1372 
21 563 1040 1262:3561:1293 954 1028 286 
1347 665 754 205 388 51 723:7347:614 1172 1892 1536 1251 510 372 
814 704:1860:963 897 
1043 1147 731:3819:879 774 2166 
1247 698 881:3939:1248 1275 1416 
1257 1067 92 36:4194:1584 1348 632 630 
185 248 884 15:3745:315 300 1470 1660 
1134 1490 1128:3543:987 792 1764 
1361 651:1612:1320 292 
56:387:387 
1470 988 1424:4864:874 1896 2094 
905 1314 139 149:4415:1296 244 963 1912 
915 272 1387 1291 942:8661:1629 1384 2628 1392 1628 
1227 1477 1394 1284:5949:1641 1042 1832 1434 
1417 895 1450:4053:2091 357 1605 
91 1046 71 14:5986:2016 1284 2024 662 
1250 1179 164 641 863 408:10421:1227 1449 1635 2226 2200 1684 
953 510 1559 1209 1326:5222:1012 436 562 1964 1248 
783 1086 604:4031:1389 1964 678 
1336 520 516 899:5595:1857 1623 993 1122 
1003 493:1258:286 972 
657:1134:1134 
1217 414 1063 846 1057 1506:8674:723 1972 1689 912 834 2544 
1256 1439 1516 314 1096 973:7418:747 584 3300 678 1416 693 
89 538:1056:588 468 
272 201 744 1220 1443:7720:2076 1260 2884 714 786 
1124 1361 625 1527 845:6027:612 990 1208 2440 777 
685 469:1718:1236 482 
791 1334:2220:1179 1041 
1390 1134:2025:1038 987 
1118 48 924 1427:6287:1731 734 1506 2316 
527 378 428 411 554:3196:854 624 384 190 1144 
132 128 511:2068:1056 500 512 
1430 1253 931 1420:3872:1202 990 1044 636 
458 668 1117 968 1018:7027:789 2728 2055 960 495 
612 235 1124 308:5045:800 2448 612 1185 
645 362 319 1234:4877:1839 2148 566 324 
1464 982 1005:4872:1656 1695 1521 
898 1308 133 1287:3812:939 1473 408 992 
1381 871 522:3486:1194 1413 879 
543 526:2079:867 1212 
1189 440 690:1799:405 378 1016 
1351 629 1251 663 1378 1002 746:8462:921 318 1974 963 584 1533 2169 
573 369 819 669:5115:1863 1227 1002 1023 
133 649:2360:408 1952 
633 84 267 344 699 337:5539:552 1530 480 1744 813 420 
634 1389 480 264 474:7506:1410 1524 948 1623 2001 
418:1794:1794 
258 1133 1223 674 857 934:5442:608 1220 348 1716 1140 410 
294:462:462 
1419 84 1186 437:3228:604 1020 906 698 
1103 327 204:1694:904 204 586 
760 1342 1286 404 560 1409 1126:6532:1005 2175 890 484 702 384 892 
31 1333 518 513 1310 907:5976:534 492 735 321 2046 1848 
1350 374:1484:680 804 
1094 1117 314 1377 1160:8606:2812 1370 1017 1527 1880 
1507 970 248 871 282:4656:993 1120 450 1413 680 
1147 571:1188:516 672 
138 388 305 195 1270 149 904:7806:988 834 1268 1050 1395 1434 837 
208 113 1321 1438 1261 525:7084:1308 1239 1323 738 348 2128 
375 1477 728 978:6164:1680 2084 1500 900 
282 1503 714 1497 1374 238:7726:680 1563 1437 1244 2064 738 
182 1536 841 691:4485:1023 702 1041 1719 
32 28 825 421 937:14417:2595 2872 2635 2830 3485 
605 762 52 1327 1284:10300:1716 2872 2000 1322 2390 
79 142 778 1467:5558:732 880 1864 2082 
1028 1384 1021:3291:1254 1368 669 
1352 642:1957:1359 598 
515 1164 948 1158 49 1458 1508:9298:1388 614 1120 717 1306 1629 2524 
1358 1541 60:4670:1152 2096 1422 
1081 1252 676 72 1069 599 1275:9171:2136 1275 3060 1004 428 820 448 
646 1388:1311:438 873 
850 939 390:4264:936 548 2780 
675 113 1428 1266 662 1245:8235:2010 1239 1566 900 1680 840 
1198 436 33:3365:1980 891 494 
1056 734 1223:2470:1518 488 464 
579:426:426 
1139 336 1399 1182 978 1428:7758:1671 808 942 1088 900 2349 
1432 895:1178:702 476 
1544 1515 1005 656:4972:520 792 1521 2139 
1358:1152:1152 
160 410:1821:1116 705 
60 443 454 969:3409:948 684 489 1288 
1219 576 133 37 1246 1362:4922:1221 260 544 1232 846 819 
1256 174 397 1499:3138:747 628 747 1016 
646 1416 640:3857:438 1551 1868 
118 1073 97 41 717 873 164:10143:1096 1971 424 600 2792 2170 1090 
721 344 88 831 827 65:6263:1305 1308 302 813 528 2007 
1114 870 294 105:4314:1268 1053 693 1300 
1503 221 511 1453 238 781 843:14390:2084 2568 640 2368 1476 3790 1464 
1276 567:1642:774 868 
1089 873 1083 1532 1383 1433:7154:1428 1302 178 518 1836 1892 
1466 1543 340 1123 1000 1422 900:8207:634 1916 333 1484 1488 1680 672 
514 431 321 1396 1419 1030 121:7296:646 364 1720 1054 302 946 2264 
1053 1290 554 1457:7793:1023 2568 2288 1914 
495 291 1154 1005 1055:5848:864 1704 678 2028 574 
1161 345:2583:1344 1239 
1144 75 951 1454 905:6454:474 496 1480 2708 1296 
1041 239 1301 1085 881 1331:8755:393 1955 880 1970 1062 2495 
798:1521:1521 
1541:1048:1048 
576 532 1447 1418:5817:260 2764 1677 1116 
901 418 855 52:6992:1638 2392 1362 1600 
262 1150:2493:747 1746 
1134 478 1354 1444:4614:987 2080 903 644 
1520 1250:2496:1269 1227 
858 1081 625 1337 29 1504:6537:1260 1602 1208 309 1014 1144 
166 1068:2124:1332 792 
1208 964 802 199 781 725 1401:9790:2108 1161 1548 594 3032 783 564 
695 107 822 446 190:7300:1340 960 664 1396 2940 
996 1312 1069 493 304 886 830:5657:462 570 428 972 650 1677 898 
1482 760 1383 697 1412 1036 780:7175:236 1340 1377 468 1364 764 1626 
290 501 950 800:6332:1264 768 2536 1764 
141 550 933 944 1459:6271:1432 1302 2500 525 512 
714 870 575 292 248:7035:1916 1404 2615 650 450 
1274 1203 188 664 887 431:6924:1048 837 1976 951 1384 728 
1349:1046:1046 
883 1466 1409 527 683 1532:7546:1641 1585 192 1281 2070 777 
1137 1000:3458:978 2480 
950 161 943 407 1243 307:6883:1902 873 856 1767 678 807 
1500 1284 1080 1529 1380 1430:13174:1808 1434 1592 1800 3535 3005 
1094 372 994:5302:2812 2208 282 
828 185:1002:687 315 
112 561 412 462 445 588 1198:6580:600 310 518 760 1860 552 1980 
1025 249 126:2294:777 891 626 
120 1208 326 482 186 1461:6893:842 2108 892 408 1227 1416 
1351 935 798 1501:6095:921 2144 1521 1509 
1198 462 1364 682:5416:2640 1140 1192 444 
815 865 848:2341:519 986 836 
1171:1998:1998 
156 152 948 545 1061:5157:408 1425 1680 765 879 
53 729 885 176 1451 1407:7189:1929 1332 792 1704 972 460 
93 1341 925 1201 1491 875:8334:352 2568 604 1953 916 1941 
229 905 1475 766 483 342:8068:1604 1728 2832 216 1092 596 
523 1465:2571:999 1572 
63 1099 96 1226:6792:2148 1725 1206 1713 
1192 722 1398 1554 1259:5689:356 1587 1182 1008 1556 
1445:258:258 
343 1273 963:3995:824 1821 1350 
97 973 1063 514:4098:424 693 1689 1292 
869 1479:2300:1188 1112 
1481 1026 277 527 443 333:6390:1035 1161 1832 854 456 1052 
889 566 1055 373:5377:1192 969 1148 2068 
656 506 556 539:9491:3565 2760 1818 1348 
746 1262 952 536:4014:1446 286 1572 710 
1156:1023:1023 
990 280 1556 1512:4447:1782 1392 982 291 
946 1196 1113 1002 520:7306:2104 1665 381 1533 1623 
1223 448:1143:348 795 
435:1599:1599 
880 318 1406 524:4550:1268 1840 530 912 
1110 95 572 794 339 1148:7001:1518 777 1748 657 789 1512 
649 6 1121 611 262 378 615:7624:1464 642 3124 306 747 624 717 
126 829 213 142:3404:939 1197 388 880 
276 779 230:4524:2820 1002 702 
1511 1268 692 502 1085:4502:711 540 891 1178 1182 
370 60 1202 1479 210:6816:340 1896 2271 834 1475 
1535 1506 996 647:5581:1018 2544 462 1557 
220 110 1186 64 820 1469 1252:6343:1338 1194 906 604 266 760 1275 
1177 440 1343 661:5195:909 378 2148 1760 
794 844 827:2205:657 1196 352 
1150:2328:2328 
134 544 927 524 1453:7227:1844 2100 595 912 1776 
708 864 155 1430 242:10084:2772 1196 3435 1202 1479 
1267 1197 182 658 881 425:7583:942 1716 1023 1482 1416 1004 
445 562:2196:1860 336 
1105 861 285 96:3921:714 1416 987 804 
1494 212 501 1444 229 772 834:6674:939 903 768 644 1203 1089 1128 
491 701 1377 389 1238:6887:2560 429 2036 1308 554 
25 315 1257 42 171 648:8269:837 712 1584 2036 2116 984 
822 179 1294 1198:5938:664 1593 1041 2640 
505 422 312 1387 1410 1021 112:6844:586 1446 1596 1314 656 446 800 
1141 1378 642 1545:4727:992 584 1495 1656 
486 282 1145 996 1045:4062:860 680 564 616 1342 
1152 336:1556:950 606 
1135 66 942 1445 896:6904:1116 2632 1628 516 1012 
1032 230 1292 1076 872 1322:9885:300 936 2520 2320 1401 2408 
789:3485:3485 
1532:518:518 
566 523 1438 1409:3563:1292 999 984 288 
892 409 846 43:6605:1521 2940 912 1232 
253 1141:1218:474 744 
1125 469 1345 1434:4784:1299 964 2169 352 
1511 1241:2478:711 1767 
373 849 1072 616 1425 117 34:8033:1551 888 1376 759 1532 988 939 
283 1398 889:6021:2465 2364 1192 
660 510 560:2547:1518 327 702 
962 147 143 939 536:4961:1308 570 1389 274 1420 
3 1505 623 779 70 1345:7410:489 2044 1014 1002 692 2169 
1332 916 1192 1481:4434:640 1880 534 1380 
710 360 477 300 1535 466 1342:10211:992 956 620 1653 1018 2072 2900 
370 846 1483:2470:680 608 1182 
530 1312 1189 54 1090 87:8473:2796 855 540 2008 1248 1026 
557 540:1150:972 178 
1203 454 704:2801:1116 489 1196 
221 644 122 677 1393 1430 760:10000:1926 471 1182 1668 1344 2404 1005 
804 588 384 1247 1097:3943:772 828 291 1248 804 
457 1079 490 1206 830 574:9054:1620 1716 888 1971 1347 1512 
497 547 530 673 1283 41:8248:1348 1230 3495 1437 438 300 
1420 1164:1875:954 921 
78 954 1043:3360:1149 1332 879 
1370 1180:4477:2350 2127 
947 144 794:1852:600 376 876 
837 1220 1230 188 1436:4064:596 1071 417 1482 498 
1157 861 578 535 1450:9029:2724 1888 832 1980 1605 
718 1527:3135:1305 1830 
1017 1427 252 1406:5131:1548 1737 1422 424 
482 39 1088 641:7278:272 2252 2528 2226 
725 615 133 156 1325 416 199:5728:783 717 544 306 540 1947 891 
1348 1171 848 1337 655:6526:950 2664 1672 412 828 
429 1504 1527 724 229 13:7025:822 858 1220 1096 1604 1425 
268 624:1791:921 870 
592 1441 1158 1017 375 345:6272:1374 476 478 1032 1260 1652 
1048 632 908 1198 582 925 1054:7684:1182 296 500 2640 1386 604 1076 
1494 612 769:2758:1252 1200 306 
1305 1195 712 735 346:7162:416 1348 3036 810 1552 
343 1028 906 1328:3876:824 836 464 1752 
1009 766 603 1558 583 526:5912:1668 540 448 1596 852 808 
1215 454 50 566:4126:876 489 2115 646 
298:1551:1551 
1190 481:1850:744 1106 
1417 1200 997 1446 1296 1346:10505:2091 1023 2580 708 2375 1728 
192 814:1800:837 963 
888 711:2194:628 1566 
519:1402:1402 
1434:880:880 
1417 1307 825 1261 459:5246:2091 988 1581 232 354 
3 359 1141 1018 1440:5236:652 928 992 660 2004 
433 483 466 196 805 1121:10628:1026 1092 2590 912 2665 2343 
472 1508 506 1221 1259 589:8646:608 2524 2070 813 1167 1464 
1173 1023 1073 1056 786 1395 154:10549:1664 1244 2628 2024 531 1728 730 
1062:1302:1302 
1485 1162 93 969 1472:4541:1040 828 528 966 1179 
1037 1060 257 1320 1103 900:6135:312 2016 303 1482 678 1344 
1282 1359 157 1353:5267:2046 996 1016 1209 
1236 993 417 228:6546:2464 2265 1521 296 
1512 896 1239 1368 287:5799:388 1518 818 1923 1152 
740 390 507 330 1152 497:9463:1098 2085 1326 2043 1900 1011 
780 1002 547 1356 47 1522:7874:1626 1533 1640 861 1398 816 
920 184 1087:3204:411 1893 900 
300 910 1226 983:4507:1653 1408 1142 304 
334 1037 421 350:4260:432 312 2264 1252 
1263 581 1084 535:5877:805 2104 988 1980 
890 1500:2293:1389 904 
814 730 1034:3477:963 927 1587 
1539 1284 468 464:7060:1989 1912 1272 1887 
162 1077 1048:4794:1503 2109 1182 
361 1011 794 1004 1454 1304:8008:588 2284 876 1725 2031 504 
262 1044 921 1343:4301:498 663 992 2148 
797 235 1323:5328:1227 2448 1653 
1134 1024 541:5344:1316 3020 1008 
1273 458 867 1250:6402:2428 1315 1432 1227 
431:546:546 
335 1290 314 258 934:6337:2037 1926 1356 608 410 
648 33 1520:3063:1476 741 846 
1447 911:2234:1118 1116 
415 1530 1021 671:5279:1044 960 1115 2160 
245 549 66 89 844 349 132:8592:837 987 2632 588 1196 1296 1056 
1201 879 1367 685:6360:1953 603 2568 1236 
519 968 818 868 852:6653:2804 720 735 1998 396 
560 183 1071 256 666:5886:702 876 1976 1840 492 
403:831:831 
1295 53:3266:694 2572 
829 347:1875:1197 678 
1056 653 24 1272 856 719:8326:1518 1518 1228 1302 1356 1404 
238 1193 217 161 837 993 284:10153:1845 652 378 1455 1490 3775 558 
743 367 111 854 850 88:8077:489 1833 3190 1176 936 453 
1006:740:740 
817 613 1062 912 962:6470:855 1408 1302 1924 981 
654 277 21 764:6287:742 1832 1724 1989 
827 1396 687 404 361 1276:5512:528 2108 804 968 588 516 
541 1483 268:3447:1344 1182 921 
1217:482:482 
181 1084 401:1741:480 741 520 
1394 817:1771:916 855 
1539 1150:3153:1989 1164 
1034 418:2852:1058 1794 
1148 372 249 671 149 704 1420:13892:2520 2944 1188 2700 2390 1196 954 
548 571 182 831 615 411:5698:1650 672 1705 813 478 380 
894 345 528 191 961 185:5789:218 1652 528 2016 1060 315 
1140 645 428 225:5299:970 1839 384 2106 
1094 279 274 657:5723:2109 1038 1442 1134 
1008 299 16 1530 887 858 349:8217:483 1256 2238 720 1384 840 1296 
1324:2016:2016 
758 382 1270 455:5319:1719 861 1395 1344 
1087 792 509 465 1380:7909:1200 1692 656 2240 2121 
745 1554:1974:462 1512 
1045 1455 279 1434:5675:2013 1401 1557 704 
412 1527 1018 668:5923:777 2440 660 2046 
227:1488:1488 
233 1335 586 836:4400:1904 1272 510 714 
819 483 1252 476 1498 776:10781:1002 1820 1700 1968 2110 2181 
720 516 965 815:2376:296 993 568 519 
269 279 795:3846:1066 2076 704 
585:1176:1176 
1088 1045 402 373 1421:7273:1896 1342 864 1551 1620 
479 729 645:4410:1572 999 1839 
1552 882 66:4887:1488 1425 1974 
1275 1098:1685:896 789 
1404 16 998 395 1391:6282:1578 2238 669 1179 618 
746 608 1214:3270:2169 384 717 
895 558 1328:2997:357 450 2190 
785:1592:1592 
119 436:3169:1684 1485 
1405 1322 1212 729:4495:676 2408 412 999 
1475 633:3246:2832 414 
716 366 483 306 1542 472:5186:656 1296 728 1502 700 304 
23 1498:2232:966 1266 
1236 1232 56 67 583 273:5826:1848 860 387 658 852 1221 
1189 719 1395:3978:270 1404 2304 
613 530 420 1495 374:5830:1056 1398 1236 1336 804 
1029 253 131:3169:1244 632 1293 
1209 1365 1069 786:2521:1473 196 321 531 
1381 926 177 427 343 233:5918:1194 420 1284 768 824 1428 
1202 466 1369 686:8410:3028 1554 2500 1328 
1066 917 967 950:3824:1620 606 330 1268 
646 1162 1266 850:2571:876 552 675 468 
1183 740 230 1439 1555 1379 1056:7994:1188 1464 936 1168 1044 676 1518 
1320 305:3384:1482 1902 
22 737 361 105:4460:806 920 784 1950 
234 910 1480 770 488 444:6569:1413 704 1048 728 1764 912 
624 8:2293:1305 988 
1300 165 1200 198 1327:4711:792 885 1364 348 1322 
797 221 1176:4101:1227 1926 948 
770 993 537 1347 38 1513:8005:1092 3020 902 921 726 1344 
78 980:1777:1149 628 
1217 974 811 208 791 637 1313:7092:723 426 1548 872 1572 495 1456 
1190 601 1317 940 684 1427:8164:744 1548 1752 1548 256 2316 
784 1394 152 1467:4487:300 1374 1425 1388 
1364 1054 638 915 1204 588 931:8692:894 538 1869 2172 1347 828 1044 
1480 1291 316 1404 522:6802:786 1856 944 2630 586 
1521:387:387 
1045 1428 1438:5883:2013 3132 738 
779 96:2610:1002 1608 
1467 906 436 1112 1268:7261:1388 580 1485 2728 1080 
1186 1115 100:4636:1208 1868 1560 
1146 357 1139 1016 1439:4875:946 686 1671 696 876 
367 97 707 1023:4235:2444 212 957 622 
833 218:2505:1335 1170 
374 996 407 1123:4146:804 462 1767 1113 
1186 476:2218:906 1312 
1412 1196 992 1441 1292 1342:9529:1023 1665 945 476 2520 2900 
187 809:1916:952 964 
883 609:3679:2188 1491 
607 417 1000:4573:1575 1014 1984 
234 923 174 424 340 230:5312:1413 765 1256 843 333 702 
1199 463 1366 684:4542:1431 687 2040 384 
1064 914 964 947:3114:312 1401 1161 240 
643 15 1263 847:4031:1356 830 483 1362 
1552 231 1053:3168:992 1494 682 
1267 318 634:6220:1570 2300 2350 
1387 1317 302 778 1001 545:10989:3285 1752 1872 1398 1407 1275 
817 468 584:2820:570 1272 978 
937 1080:4380:2788 1592 
177 814 1502 754 1003 920:5758:1284 963 972 1419 572 548 
631 281 398 221 1457 387:7335:423 1371 300 1926 1914 1401 
767 1404 534 1344 35 1510:6948:530 2104 1818 831 1110 555 
75 977:1052:496 556 
1117 1287 711 108 1104 634 1310:9816:2740 744 1566 750 1712 940 1364 
681 1424:2922:828 2094 
885 975 426:3489:1056 2103 330 
1391 149 1464 1301 698 1281:7744:824 1434 2208 352 850 2076 
1527 1272 456 452 1249 845:6836:1220 1302 1455 1272 810 777 
1288 313:2901:1335 1566 
1055 252 1315 1099:6391:1148 1896 1047 2300 
1002 839 462 206 949 945:9210:1533 585 2280 1840 1652 1320 
1185 236 552 309 1291:5599:1072 963 324 1384 1856 
758 1141 1151 109 1357 941:11708:2292 744 555 3700 2140 2277 
716 246 922 1078:5358:984 1863 1575 936 
140:1320:1320 
796 487 70 1491 539 1481:7534:482 1428 519 1374 2696 1035 
959 676 1046:4296:564 2448 1284 
864 753:2369:897 1472 
674 1190 1294 878:4549:2288 496 1041 724 
1084:741:741 
85 761 917 208 1483 1439:6564:708 1156 606 1744 1182 1168 
222 1470 1054 1330 62 1004:8588:1438 1311 1076 514 1374 2875 
261 937 1507 798 515 471:7713:1256 2788 1324 1014 1041 290 
652 36:1566:936 630 
1328 192 1228 225 1355:5463:1314 837 1668 1404 240 
408 1018 1334 1504 928 325:4166:842 495 1041 572 624 592 
754 791 122 864 1274 99:8183:1892 1572 1182 1196 1048 1293 
1147 904 742 138:3985:516 1116 1365 988 
392 255 958 342 272 814 1291:8534:944 460 792 894 2768 1284 1392 
1311 1255 373 529 1377:6756:1204 735 1551 1230 2036 
862 1404 1467:6347:1467 2104 2776 
1151 789 252 1088 152:5521:333 1394 948 1896 950 
1225 1275 1258 1402 453 769 526:6517:1023 672 354 942 2008 306 1212 
1385 183 965 842 1265 742:7874:1724 1314 852 2208 411 1365 
257 307:1850:505 1345 
856 107:1864:904 960 
413 1156 7 390 1545:7313:1320 1023 948 2780 1242 
956 74 230 1079 796:5680:876 1188 936 1716 964 
1441 426 902 1125:2651:476 330 546 1299 
16 520 1528 153 1375 586:9462:1492 2164 1732 1968 1596 510 
567 84 107 765 270 54:7688:1302 2040 960 730 1652 1004 
330 407 762:5154:1362 2356 1436 
41 1022 833 1415 945 63 633:7570:450 870 1335 1432 1320 1611 552 
481 104 993 177 587:9009:1659 1342 3020 1284 1704 
324:1384:1384 
1216 1533:2556:772 1784 
751 268:2058:1137 921 
977 574 1503 1194 777 640:9869:556 1512 2084 2216 2100 1401 
159 1114 138 82 758 914 205:14076:1580 1902 1976 2455 2292 2335 1536 
288 32 775 771 9:5582:2180 1038 525 567 1272 
1348 1504 795:2446:950 1144 352 
152 69 373 1448 1471 668 173:10644:950 1695 2068 2220 870 2046 795 
928 606 1094:5432:624 1996 2812 
968 725:1503:720 783 
1330 848 1284:3262:514 836 1912 
1174 1557 9:2580:832 900 848 
908 225:2481:375 2106 
38 1035 565 1241 1397:4070:484 808 504 1178 1096 
389 252 955 339 269 811:8439:981 1422 2100 789 1599 1548 
429 1277 995 1365 722 279:6519:1096 948 420 392 1587 2076 
859 1402:2652:768 1884 
1458 1202:3900:1629 2271 
47 1282 213 1089 34:5779:1864 2046 291 952 626 
1060 1083 280 1343 1126 922:6944:1512 356 696 1611 669 2100 
1305 1382 180 1376:2068:312 868 246 642 
1318 1129:1650:712 938 
896 93 742:4372:2024 528 1820 
786 1168 1179 137 1385:10467:531 3720 2415 2508 1293 
713 430 386 1302:5883:1884 1376 1600 1023 
84 1532 1049 1072:7271:2040 1295 2904 1032 
856 893:1872:1356 516 
1500:1356:1356 
491 1406 963:2948:1280 318 1350 
75:496:496 
1483 175 91 1539 1057:8898:1182 2944 1008 2652 1112 
72 255 1476 688 1470:4754:1004 345 786 1308 1311 
401 251 301 284 428:2541:260 1365 288 372 256 
6 1 384:2415:428 1599 388 
1401 1224 901 1390:5012:846 944 2184 1038 
542 991 841 891:5055:810 1809 1041 1395 
974 985 1500 1191:3357:426 405 1356 1170 
664 569 219 336 159:5079:951 2188 904 404 632 
1338 855 878:3559:1203 908 1448 
1182 6 1161:3016:816 856 1344 
915 233:3124:2172 952 
114 1509 906 1488 1432 550 706:9394:504 2252 232 1652 1053 1736 1965 
1299 457 80 1382 567 563:8951:2620 1620 1370 651 1736 954 
1339 1482 534 850 606 30:6073:714 354 1818 702 1497 988 
920 331 1047 670 414 1157 1153:9541:411 1530 1725 1280 1479 2724 392 
337 387 371:2059:280 1401 378 
368 645 934 318 661 790:6416:836 1839 615 1380 1320 426 
701 258:1341:429 912 
1300 58:2276:528 1748 
834 351:3138:1692 1446 
775 1158 754 126 1374 958 821:7012:525 956 946 1252 1548 792 993 
242 1197:2623:1479 1144 
1424 941 964 575 1224:7809:2094 2277 1161 1569 708 
1354 578 41 877 1499:6116:1204 2080 600 1470 762 
1208 1258 1242 1385 436 753 509:7906:1581 354 1137 862 1188 1472 1312 
104 726:4213:2013 2200 
703 526:3880:2264 1616 
237 819:2970:1968 1002 
882 79 728 512:6101:1900 976 1125 2100 
666 289 1178 362 772:8339:656 502 3228 2864 1089 
633 163 839 995:2874:414 1362 468 630 
153:1476:1476 
713 403 1545 1408 553 1495:8260:1256 831 1242 1503 1424 2004 
592 963:2724:1374 1350 
696 547 597 580 310:6278:399 1640 1984 1856 399 
1538 777:4693:1893 2800 
590 1093 544 727 390:11043:682 2745 2625 1516 3475 
423 873 723 773:3595:1100 1736 279 480 
953 963 1479 1072:5690:2024 1800 834 1032 
1086 1057 547 198 314 138:5224:982 556 820 522 1356 988 
1465 544 1232 483:4359:1572 1050 645 1092 
793 1149 373 251:4254:1016 322 1551 1365 
1499 257 427 1409 806 244:6115:762 202 1536 192 1383 2040 
1356 953:2379:861 1518 
115 1123 1306 970 181:3879:236 1113 930 1120 480 
1423 1207 1003 308 158 208 192:6486:1383 1047 429 790 849 872 1116 
884 201 705 155 339 2 771:6167:980 840 656 2061 789 274 567 
351 655:3170:1928 1242 
1091 781 365:6503:1989 3032 1482 
881 332 515:5149:1770 1644 1735 
43 1131:2591:1232 1359 
146 1487:2655:2145 510 
373 649 938 323 666 795:6834:1551 1464 903 1896 492 528 
802 359:2244:1548 696 
1402 160:2430:942 1488 
1046 936 453:4754:1284 1964 1506 
1185 370 779 1162:3582:1072 680 1002 828 
1002 293 10 380 1295 852 343:6165:1533 894 526 472 1388 528 824 
976 572 1088 1192 776 639:9371:434 1748 1896 534 2908 1851 
1015 40 1541 659 815 106:7528:814 772 2096 2112 692 1042 
769 1152 1162 120 1368 952 1229:9052:306 1900 552 1684 2564 1572 474 
813 237 47:3215:807 1476 932 
406 883 1519 650 1459 151 67:9241:912 1641 624 1104 1024 2620 1316 
1003 960 317 1432 1336:5407:429 802 1266 1053 1857 
394 644 560:3389:2216 471 702 
1467 797 1539:4635:2082 1227 1326 
1512 1163 1279 1516:4822:388 600 1194 2640 
191 840 624 420 1283:6518:2016 1088 1740 1236 438 
527 1243 866:3752:1281 452 2019 
949 720 277 1326 976:4083:826 296 1374 936 651 
550 853:3327:1302 2025 
677 1193 883 467:7300:1668 815 2735 2082 
1184:950:950 
1017 308 25 1539:7528:2064 1975 837 2652 
973 1223 1140 1030 547:5145:693 348 1455 1419 1230 
1206 1283 81 863:5632:2628 584 770 1650 
844 1014 438 1393:3691:1196 440 1047 1008 
1510 655 39 1526 511 987:6436:555 828 2252 897 512 1392 
1064 422 1537 1027:6768:312 3615 1521 1320 
1361 452:2168:1320 848 
679 542 1245 629 558:5088:1140 1080 2100 318 450 
200 876 935 226 1501 1458:9443:1443 1515 2144 660 1509 2172 
240 1488 1072 1349 80 1022:7598:432 1239 1376 1046 2055 1450 
847 377 1053 64 913 630 587:8216:1362 1236 682 1208 984 1040 1704 
304 314 830:3339:975 1017 1347 
620:402:402 
444 1080 437 1552 1456:6453:1368 1194 1047 1488 1356 
340 816 1039 583 1392 84 1559:5230:333 1206 620 568 640 1020 843 
347 1462 953:3436:904 508 2024 
724 574 624:4026:1644 1512 870 
507 370 1073 457 387:6423:1326 510 1971 1215 1401 
1543 1193 1310 1133:5152:1916 652 1364 1220 
871 654 451 900:5784:2355 1113 972 1344 
18 1320 505 501 883 894:6540:896 1482 879 768 2188 327 
1517 568 885 641 65 1434 458:9445:432 2496 528 2226 2007 704 1052 
1080 958 1380 858 1413 984 608:9189:1592 1056 2828 840 1926 435 512 
211 860 644 854 1303:5738:2040 1816 628 882 372 
771 1193 671 1226 384 421:6347:567 489 2160 1142 291 1698 
138 122 1410 461:5555:1976 788 1312 1479 
685:1236:1236 
1084 1080:1935:741 1194 
648 325 814 132 635 86 269:7528:1476 888 642 1056 777 1090 1599 
212 365:3126:903 2223 
112 495 505 1021:3312:600 648 1172 892 
1271 628 599 89 1298 1414:5606:1362 474 1640 588 1032 510 
1211 129 765 1454:6134:2085 558 1460 2031 
1112 1468 692:3227:1364 675 1188 
925 629:514:302 212 
503 1152 935 1145 37 1445 1495:8767:969 950 1608 1128 924 516 2672 
249 1125 1215 665 848 512:6637:1188 866 1168 586 1254 1575 
682 705 316 965:2433:333 492 472 1136 
112 1414 599:2595:600 765 1230 
863 514 630:4855:2200 1615 1040 
982 1126:2587:1695 892 
223 859 1548 799 1049 966:10666:2940 1024 384 1566 2904 1848 
676 327 443 267 1502 433:5562:1836 306 456 480 1458 1026 
337 813 1450 580 1389 81 1556:9034:420 807 2140 1392 2032 770 1473 
934 890 247 1362 1266:5589:615 1389 1368 1092 1125 
421 671 588:4712:2264 1620 828 
727 1470:2069:758 1311 
55 931 1020 471:3784:1866 1044 294 580 
827 1436:1016:352 664 
1261 1178 1068:4484:464 3228 792 
1234 392 15 1317 502 498:6984:432 708 830 1314 2356 1344 
1274 1417 468 785 541 1523:7914:786 2788 954 1194 1008 1184 
1386 1130 315 311:3850:1180 894 534 1242 
827 798:2556:528 2028 
282 598:1574:510 1064 
904 1153 1070 960 477:5483:1116 294 2004 1604 465 
1234 1311 109 891:5715:432 2408 1480 1395 
774 945 369 1323:7495:1864 2200 1227 2204 
585 1527 1457 441 918:6986:1176 1830 2552 306 1122 
1058 322 1225:4760:2024 1713 1023 
709 439 1048 1364 1121:8054:318 2536 1182 894 3124 
906 502 1018 1122:3210:348 1767 660 435 
596 86 1295 1411 1235:5593:354 2180 1041 990 1028 
1451 702 952 869 1172 690 712:9970:648 1470 1572 1188 1548 508 3036 
1458 1108 1225 1048:5274:2172 897 1023 1182 
372 156 366 815:4735:2944 408 864 519 
30 918 103 513 895 906:3149:494 1122 507 321 357 348 
1018 70 386 556 1538 935 373:9939:660 692 1200 1818 1893 1608 2068 
872 1295 773 1328 486 523:5107:1401 1041 360 876 430 999 
287 337 321 50 660:6988:864 420 860 2820 2024 
1182 420 17:3170:816 1236 1118 
749 427 916 233:6406:1470 1152 1880 1904 
464 513 497:2146:1258 214 674 
397 674 963 347 690 1233:6136:996 1716 1350 904 762 408 
869 226:1716:1188 528 
1336:1238:1238 
257 40:781:202 579 
483 760 1049 433 777 906:7858:1092 1340 2178 684 2100 464 
816 373:2757:1206 1551 
1415 173:3208:2148 1060 
962 213 463 380 270 1345:6075:981 291 687 708 1239 2169 
723 812:2876:372 2504 
1062 180 336 1185:3204:1302 492 606 804 
1552 706 956 873:5412:1488 1965 657 1302 
1469 693 157 993 57:6413:760 1424 1524 2265 440 
1082 1066 1209 261 577 333:10084:1444 2160 1473 2512 1443 1052 
774 397 141 884:4807:932 747 2148 980 
946 1516 807 524 480 1396:9114:1578 3300 1310 608 1264 1054 
564 1506 291:3690:504 1908 1278 
1460 1337:1866:1660 206 
1114 1070 428 1543 1447 1097:10907:1268 2004 512 1916 2795 2412 
1154 538 467 1010 1487 151:6707:1017 312 1388 1908 510 1572 
1356 846 497:2784:861 912 1011 
518 501:1748:980 768 
1067 318 568:4550:674 1380 2496 
507 1129 541 1256 880 624:8606:1768 1876 1008 747 1902 1305 
794 644 694 677 821 1430 188:9041:876 471 1686 2224 993 1803 988 
261 1097:4120:2512 1608 
39 1553 910 881 371 22 138:8949:1689 1316 1056 1416 378 1612 1482 
1378 335 26 1167 1444 175 1118:12889:438 2716 453 2420 1610 2944 2308 
1028 452 1407 845 375:4758:1672 848 460 518 1260 
150:1204:1204 
339 1055 1092 422 1165 16 399:9092:789 574 1311 2892 1539 1492 495 
909 759 809 792 522:4063:912 996 723 846 586 
868 491 235 978 974 213:6362:1998 1920 1224 600 426 194 
1261 1018 441 252:1981:232 495 306 948 
1025 1088:2041:777 1264 
10:1052:1052 
416 772 409 1431:8480:2596 1089 3675 1120 
390 147 1129 939 1522:4480:1390 456 1407 411 816 
1195 779 1056 1345:6760:1348 1002 1518 2892 
224 340 163 985 330 1206:6971:1200 444 908 405 2043 1971 
1286 1536 1452 1342:5377:534 468 2200 2175 
1053 1475 953 1509:5140:1023 1416 1012 1689 
168 1123 147 91 767:5149:663 1484 456 2016 530 
1424 1353:4109:2094 2015 
771 394:1675:567 1108 
122 611 1486:3392:1970 459 963 
921 344:1804:496 1308 
1480 677:2160:1048 1112 
1289 873 1150 1439 823:7682:936 1736 1746 876 2388 
318 434:2448:1380 1068 
734 158 1526:2395:366 1132 897 
707 1343 474 1283 1533 1449:7143:638 1611 2668 438 1338 450 
111 1014:3740:3190 550 
1153 1324 748 145 1141 671 1347:7512:392 2016 1624 794 992 1080 614 
621 1363:2454:506 1948 
922 1011 462:4953:2100 1713 1140 
1427 185 1500 1338 735 1317:7533:2316 315 1808 802 540 1752 
1467 1211 396 391 1188 785:8183:1388 2085 1758 735 1023 1194 
1325 349:2646:1350 1296 
1069 1092 289 1352 1135:4902:428 874 753 1359 1488 
848 126 749 160:4394:1672 626 980 1116 
368 938:1321:418 903 
751 535 745 1194 1044:6458:1137 1980 462 2216 663 
312 1201:3150:1197 1953 
362 1184 529 1404 1494:6481:2148 1425 1230 1052 626 
1125 1335:2138:866 1272 
576 1518 1447 432 909:6156:390 1692 2236 1230 608 
952 216 1119:5370:1572 1986 1812 
332 942 1258 1015:4033:1644 814 354 1221 
600 463 1166 550 479:5733:1320 687 1245 1302 1179 
1538 1189 1305 1128:5036:2524 540 208 1764 
866 650 446 895:7185:3365 552 2792 476 
487 111 1413 597 593 976 986:11105:1428 1914 2568 992 1400 868 1935 
1386 1369 1512 564:4180:885 2500 291 504 
590 866 1155:5234:682 2692 1860 
739 816 1172:4566:1296 1206 2064 
473 629:693:375 318 
207 856 639 849 1299 1149:8208:693 1808 2468 1184 1572 483 
204 986 863 1286:4238:586 1290 1650 712 
626 464 1419 443 387:4679:960 1258 604 456 1401 
1469 427 531 114 1535 680 65:8714:1520 1536 324 336 1527 795 2676 
977:417:417 
507 357 407 391 534:5382:884 1029 1767 490 1212 
112 108 490:2788:400 1500 888 
1507 1330 1008 1497:3160:662 771 483 1244 
438 648 1097 947 997:6985:1396 1968 1206 480 1935 
1488 1112 442 288:5902:1652 1364 1251 1635 
552:432:432 
1468 80 1062 459 1455:6247:450 2740 1302 354 1401 
1225 809 672 1375:4833:1023 723 1890 1197 
1126 1363 627 1530 847:6556:892 1461 1200 960 2043 
687 471:1094:804 290 
794 1336:2514:657 1857 
1393 1137:1986:1008 978 
1540 1217 148 1024 1527:8126:2552 723 2121 1510 1220 
994 1017 215 1277 1061 857:6731:423 2064 423 1422 879 1520 
1240 1317 115 1311:5051:1257 1752 236 1806 
1291 1048 472 282:2906:928 1182 456 340 
1021:669:669 
538:312:312 
1391 1015:1839:618 1221 
328 1231 549:4220:466 2109 1645 
1541 965:1900:1048 852 
102 19 1467 984 1007 618:8561:1254 2436 2082 435 1556 798 
142 1044 362 452 1460 85:6388:880 663 1432 1696 1245 472 
39 1208:3306:2252 1054 
389 1091 476:7247:1308 3315 2624 
1042 492 675 339 1108 332:7444:621 1332 2010 1052 1196 1233 
1287 792 576 372:5034:744 1692 390 2208 
36 1338 523 519 902:6497:945 1203 999 2804 546 
1155 446:3210:1116 2094 
968 752 962 1411 1261 1311:5072:720 441 981 660 464 1806 
1442 1519 316 1099 976 1398 876:7352:610 468 944 2300 651 1773 606 
310 200 1275 1298 909 1558:4611:399 1443 448 516 608 1197 
918:1683:1683 
1438 995 486 136 253 490:6570:984 840 860 2820 474 592 
706 1515:4067:3275 792 
240 1394:1662:288 1374 
53 556 7 190 1411 623:9477:1286 2424 1896 2205 990 676 
300 603 121 144 899 404 187:7433:1653 672 2264 282 1122 726 714 
1159 836 1325 643:4896:2085 714 1080 1017 
574 1023 873 923 906:5798:2016 933 1736 765 348 
517 141 1029 214 623:7647:1869 1432 1244 2088 1014 
14 690 846:3329:1655 762 912 
5 1480 1370 887 910 521:7938:1608 524 1410 1038 1408 1950 
45 947 265 354 1363 1546:6340:291 360 1322 2095 1948 324 
1014:330:330 
1089 74 551 773 318:6060:1428 891 1881 480 1380 
357 180 1416 347 1222 168:5392:1372 492 1551 452 862 663 
397 1206 1455 1372 118 1193:6362:498 1971 1868 988 548 489 
947 770 448 937 255 344:6007:360 728 1060 2091 460 1308 
294 1369:1943:693 1250 
1047 737 321 598:3432:1150 460 1290 532 
1537 1360 624 1527:5258:1014 1284 1740 1220 
468 678 1127 978 1028:6900:1272 2664 928 1200 836 
305 245 1134 318:4751:1268 1116 987 1380 
338 56 426 1341:2848:315 387 220 1926 
1474 992 1014:2433:1158 945 330 
345 967:1156:826 330 
828 944 767:1917:687 700 530 
1268:810:810 
602 386:1596:796 800 
415 692 981 365 708 1251:10704:2088 891 708 2964 2079 1974 
748 719:2622:1218 1404 
327 310 454 1063 1379:4666:204 532 326 2252 1352 
410 420 936:3414:705 1236 1473 
637 726:1980:330 1650 
450 1446 976 94 250 1512:5539:1812 708 434 222 2072 291 
1000 597 1526 1216 800 663:7262:992 1488 897 1158 1764 963 
1040 64 8 684 840 131:6863:771 1510 1976 384 1360 862 
248 1390 1253:2928:900 1038 990 
1357 1540 1203:3183:1070 1276 837 
1080 837 261 72 654 598 1274:8143:796 894 2512 1506 1113 798 524 
1151 562 1277 901 645 1388:7027:333 448 1896 1638 1839 873 
745 1354 112 1427:3957:616 1204 400 1737 
1380 778 1067 452 795:6491:2121 1398 1348 1272 352 
764:2652:2652 
1263 1420 1124 841:3090:483 954 612 1041 
1436 981 232 481 398 288:5061:498 708 1359 1106 300 1090 
1117 1354 618 1521 838:6567:2740 903 1064 516 1344 
678 462:3424:2664 760 
784 1327:2283:300 1983 
1383 1128:2700:1377 1323 
1530 1208 139 1015 1518:5446:960 1581 963 814 1128 
985 1008 205 1268 1052 848:7181:405 805 2048 1080 753 2090 
1231 1308 106 1302:6970:2109 2455 1042 1364 
1282 1039 463 273:3330:1364 465 687 814 
1012:1536:1536 
529:820:820 
1382 1006:1544:434 1110 
319 1222 540:2587:849 1293 445 
1532 956:1653:777 876 
37 287 204 94 1169 1192 803:8334:616 864 879 333 1698 534 3410 
108 1156 807 923 1160 424:6829:1125 1364 786 1020 1410 1124 
198:522:522 
1385 343 447 31 1452 597 1539:10249:862 1236 1010 801 2200 1488 2652 
963 1279 1036 460 270 853 797:8309:1350 1194 1528 568 826 2025 818 
844:1794:1794 
634 723 174 357 434 790 428:6590:1410 465 942 1372 1335 426 640 
881 770 191:4384:1416 1456 1512 
132 1020 205 614 997:6524:704 294 1536 2055 1935 
837 541:1268:596 672 
1064 847 1057 1507 1357 1407:7595:312 2043 1112 993 2675 460 
1537 1200 412 1194 1071 1494 971:7355:1014 1023 518 1662 1482 626 1030 
489 406 295 1371 1394 1005 96:9222:1604 912 1767 1401 916 1014 1608 
581 231 348 171 1407 338:6628:1578 1992 696 1587 460 315 
1363:1461:1461 
96 385 1327 112:5994:1206 1144 2644 1000 
938 761 439 928 245 335 1344:11152:1204 867 1902 1560 1116 3395 1108 
289 978 229:1904:502 600 802 
548 120 1301:3394:2200 842 352 
153 1428 1385 742 299 203 1412:9106:984 3132 862 1365 1256 484 1023 
1318 902 765 1468:2850:534 546 1095 675 
379 30 146 383 1205 550 1425:10820:2091 741 2145 1464 1494 1736 1149 
356 833 1055:3551:1800 890 861 
762 40 662 73:6483:2154 965 1680 1684 
696 852:662:266 396 
1079 862 659 1108 958:6551:1287 1956 1056 1196 1056 
1445 602 226 1528:3279:258 1194 528 1299 
196 872 1442 733 353 309:8261:1824 1868 1220 1041 924 1384 
489 1432:2256:1203 1053 
30 1066 63 1192:5178:1235 1620 1611 712 
1159 689 1365 1521 1226:5727:2085 1248 294 387 1713 
1412:682:682 
310 1240 930:2788:266 1676 846 
64 940 1029 480:6096:1208 2064 1244 1580 
737 588 638 621 351:4627:460 828 1869 506 964 
25 21 818:2831:558 1293 980 
1147 824 1313:6449:774 2035 3640 
797 941 1550 308 65:8555:1227 2277 1464 1580 2007 
994 1004 1520 1210:5006:423 2300 1269 1014 
1127 1098 588 239 355 179:7054:1856 1315 1380 1173 268 1062 
1237 23 152 628 1264 395 1204:9380:1467 1288 1900 474 1332 1572 1347 
69 25 941:4894:2260 1116 1518 
225 874 658 868 1317:10902:2808 1208 2470 2664 1752 
785 1207 685 1240 398 435:6214:1194 1047 1236 838 300 1599 
249 233 1520 572:5143:1188 952 1692 1311 
699:542:542 
1098 1094:2898:789 2109 
661 339 828 145 649 99 283:8884:1320 526 687 1191 1464 1724 1972 
975 226 475:4475:2103 396 1976 
945:1320:1320 
735 825 276 459 536 891 529:11362:810 2635 2115 472 1420 1860 2050 
1065 982 872 389:6120:1011 2260 1868 981 
1038 610:1891:685 1206 
693 344 460 283 1105 450:7947:1068 1308 852 1479 1428 1812 
1396 647 897 814:4407:1581 1557 306 963 
537 414 837 315:4753:1353 1972 894 534 
970 1552 1496 614:6709:1120 1984 2235 1370 
1103 88 564 787 331 1140:5343:678 453 378 849 1530 1455 
324 95 1210 701 351 468 291:6761:1038 777 1014 572 1446 636 1278 
118 408 1350 135:6504:1096 1684 680 3044 
1464:1656:1656 
914 272 242 1291 941:7466:934 1384 1479 1392 2277 
502:1178:1178 
529 806 1095 479 822 951:6369:1230 1383 864 786 996 1110 
862 419:3342:1467 1875 
1461 219:3224:1416 1808 
1105 995 512:2709:714 420 1575 
159 542:1758:948 810 
769 858 309 492 155:8936:408 1680 2768 1332 2748 
392 188 1052 902 952:5722:944 1976 502 728 1572 
1155 339:1533:744 789 
1138 69 945 1448 899:9527:1425 2260 1760 2960 1122 
136 1199 982 778 1228:9489:2820 1908 1695 1398 1668 
307 1143 207 1176 334 1515:5755:1345 972 924 948 576 990 
1233 1216 1359 411:3079:408 1544 747 380 
381 71 1213 1490 221:9837:842 2024 2705 1056 3210 
1546 1103 1007 658:4158:216 904 1556 1482 
231 121 1196 1219 830 1479 1263:8441:1494 1698 2220 814 898 834 483 
1187 451 1354 672:6344:1648 972 1204 2520 
805 855 838:3403:1599 908 896 
1160:1410:1410 
258 1413 371:3216:912 1926 378 
574:1008:1008 
391 1506 997:6740:980 3180 2580 
204 254:913:586 327 
803 54:3372:1364 2008 
1517 1513 337 348:2820:324 1008 560 928 
1254 1210 568 538 29 1237:8390:2082 1014 2496 468 1352 978 
1293 678 1021 1150 68 705:7677:834 2664 669 1164 1854 492 
619 269:2907:1308 1599 
1147 199 515 685 109:8286:774 1188 1388 1236 3700 
1135 1517 1114 486 176 1318:7201:1488 324 1902 645 2130 712 
679 622 1298 1454:4125:1140 438 516 2031 
1015 267 516:2287:814 480 993 
456 1078 489 1205 828 572:7883:1940 1248 1203 1494 687 1311 
495 545 529 672 1282 40:7612:648 510 820 2520 2728 386 
891 302 1018 642 386:7016:930 2496 495 1495 1600 
1411 1168 592 402 985 515:6097:990 2232 916 648 270 1041 
156 539 549 1065:4326:306 2022 987 1011 
1315 672 229 133 1342 1458:6855:1047 1260 1604 408 1450 1086 
1255 173 396 1498:4711:735 530 1758 1688 
742 1512 736:3240:1365 291 1584 
214 1169 193 137 813 969 260:12377:2610 1698 2169 2508 1076 1610 706 
816 440 184 830 825 64:6780:1608 378 1262 1347 1581 604 
1210 966 390 201:4987:676 1386 2085 840 
939:411:411 
457:810:810 
1183 594 1309 933:4125:594 330 1326 1875 
663 380:1350:642 708 
1512:291:291 
20 1495 1385 902 1339 536:8517:2540 2004 1293 546 714 1420 
4:1228:1228 
913 818 468:2355:984 735 636 
1171 1283 175 25 75 58:7249:2664 438 1472 1116 248 1311 
1420 1297 162 1198 195:7443:636 1264 1503 2640 1400 
1401 1157 995:3990:846 2724 420 
209 1311 562 812:6576:1328 2408 336 2504 
795 458 1228 452 1474 752:6978:352 1315 1668 1272 1930 441 
1009 793 589 1038 888:5957:2224 2032 976 411 314 
533 156 1458:3777:1740 408 1629 
266 383:2843:891 1952 
682 106 1475:4541:333 2084 2124 
552 802 718:3285:432 1548 1305 
1527 858 42:4718:2440 1260 1018 
429 80 196 19:6301:822 2740 912 1827 
641 252 901 685 895 1344:9362:2226 2370 2184 1236 238 1108 
1192 1375 1038 250 1032 909:5337:712 1197 548 2072 200 608 
1071 376:2668:988 1680 
40 582 1059 1281:4896:579 2079 1200 1038 
840:544:544 
1195 846 962 786 463:3281:674 912 654 354 687 
241 264 1019:4529:1542 1623 1364 
153 536 546 1062:7274:1968 1065 2505 1736 
1409 766 737 227 1436 1553:3653:288 216 920 744 498 987 
1349 267 903 34:4530:1569 320 1389 1252 
1153 1509 733:3816:392 1689 1735 
468 1464 994 112 268 1531:4811:954 1656 282 400 1228 291 
921 518 1447 1138 721 584:7105:496 735 1677 1425 1305 1467 
961 1543 1487 605 761 52:6369:530 1916 680 1287 1156 800 
1312 1174:2103:855 1248 
1461 1124 336 1118 582 1418 482:7729:1888 459 606 1731 2079 558 408 
96 13 317 1392 1415 612 117:9227:804 1425 1688 480 2148 1200 1482 
550 1038:1850:1302 548 
695 1371:3411:2010 1401 
1538 190 639:5214:1893 1470 1851 
520 796 1086:3278:1082 723 1473 
746 1102:3186:2169 1017 
853 410:3640:2700 940 
1452 210:2280:1100 1180 
1096 986 503:5437:1888 2580 969 
556 1298 150 1212:3847:1818 516 1204 309 
939 1309 666 223 1271:10019:548 3315 492 2940 2724 
1492 743 992 909:3174:828 489 945 912 
1409 633 96 932 1554:5400:384 690 1206 1104 2016 
1119 1102 1246 297 613 370:5893:1812 1017 846 652 1056 510 
713 337 81 823:4762:1256 560 1155 1791 
583 393 976:2120:852 400 868 
307 996 247 497 413 303:4795:807 462 1026 674 880 946 
1272 536 1439 757:4252:1302 1065 1168 717 
1039 890 940 923:4067:620 1389 1548 510 
716 88 1336 920:3745:1312 302 1857 274 
67 304 1126:2525:658 975 892 
294 610:2301:693 1608 
1427 119 35 1483 1001:7613:1737 1684 740 1576 1876 
980 644 535 1317:5145:942 471 1980 1752 
1070:1336:1336 
881 677 1126 976 1026:7498:1416 2780 669 1085 1548 
621 244 1546 731:5144:506 2040 432 2166 
890 1460 751 468 424 1340:7263:1389 1660 1516 636 1124 938 
1450 235:2906:1070 1836 
1211 834:3082:1390 1692 
148 1051 368:3227:2121 270 836 
1457 881:2338:1276 1062 
45 1214:769:291 478 
395 1098 482:2512:1179 789 544 
1114 338:1478:1268 210 
1137 1507 865 422 1470:8315:978 1655 1479 2892 1311 
685 230 1039 1288 1205:6505:1236 936 775 1068 2490 
1272 935:2476:868 1608 
1161 452 169 126 1455:6950:2016 848 1900 1252 934 
1420 499 1187 438:4243:954 1006 1236 1047 
671 748 1104 742 205:7963:1620 1218 1712 1365 2048 
1114 1258 309:5658:2536 354 2768 
452 1089:3600:1696 1904 
1251 822 446 1334 519 928:10117:2632 996 1396 1041 2804 1248 
97 413 584 1468:3671:424 880 1467 900 
1166 1096 80:6288:1660 1888 2740 
241 1023 900 1322:5066:1028 622 1008 2408 
663 500 1455 480 424:5365:1284 924 1401 632 1124 
198:348:348 
448:1060:1060 
354 976:1489:838 651 
837 953 777:3812:894 1518 1400 
94 544 394 444 427 571 1180:7908:333 1050 1662 912 1152 672 2127 
574 651 1007 645 108:6680:1512 438 778 2452 1500 
1017 1161 212:4612:2064 1344 1204 
894:436:436 
982 672 256:5135:1695 2520 920 
772 223 406:4128:1452 1764 912 
1491 1021:2043:1374 669 
262 1431 522 306 516:7863:747 2240 879 3004 993 
46:1887:1887 
397 1272 1362 813 996 659:5536:996 868 819 807 462 1584 
829 852 463 1112:5822:1197 528 687 3410 
636 259 4 746:6076:988 1077 1842 2169 
1320 1476 766 483 440 211:6374:1482 1572 432 728 630 1530 
234 523 1465 250:6866:1884 1332 2096 1554 
1482:354:354 
933 290 261 1309 960:9594:1250 948 3140 2652 1604 
520:1082:1082 
963 547 824 1113 497 840 970:7199:1350 1230 1628 381 674 816 1120 
431 587:2250:546 1704 
813 597 807 1256 1107:6772:807 1488 1310 747 2420 
467 1502 500 1216 1253 583:9106:2776 1944 1386 1158 990 852 
342:1192:1192 
635 658 269 918 702 498:9297:777 1976 1599 1683 1470 1792 
981 432 615 278 1048 272:9373:708 1640 717 2656 1576 2076 
1227 731 515 311:8842:2188 3610 1388 1656 
1181 365 361 744:5892:918 2223 588 2163 
435:1599:1599 
1484 1294 319 1407 525:3792:378 1041 849 460 1064 
1525:2211:2211 
1048 1431 1441:4136:1182 2240 714 
782 100:2415:1245 1170 
1471 909 439 1115 1271:8761:580 1520 2536 1401 2724 
126 829 116 46 589:7451:626 1197 2277 1887 1464 
153 1202 852 969 1206 469:9988:1968 3028 528 1288 1971 1205 
320 1422 673 923:6200:1839 1680 1916 765 
659 1441 905 183:3748:1056 952 864 876 
1009 1325 1082 505 316 898 842:6753:1668 540 1444 586 472 939 1104 
1495 773 1395 806 1522 1145 792:7115:1336 480 1728 922 816 564 1269 
303 513 962 813:4704:1892 428 1308 1076 
153 563 946 956 1472:5485:984 954 2104 657 786 
51 727 883 587 304 261:9053:765 1516 1641 2272 975 1884 
504 194 1336 1199 344 1286:8439:680 1791 2476 1908 872 712 
480 851:2448:632 1816 
435 484 468 198:7123:2665 1998 1590 870 
164 680 784 368 231:5084:1635 530 300 627 1992 
973 930 701 258 1306:3949:693 1128 286 912 930 
1492 1409:1212:828 384 
1147 1142 1525 1536 493 184:10036:516 1671 2211 1170 1944 2524 
533 1209:2287:1305 982 
28 477:1901:1436 465 
360 489 965 43:4028:956 1604 852 616 
1175 493 582 33 216 293 649:9951:634 972 2772 741 1986 894 1952 
740 629:1416:1098 318 
1382 1072 656:3949:434 1376 2139 
1172 623 806:3945:1548 1014 1383 
896 1478 1422:3744:1012 1892 840 
1316 1232 1122 640:2283:414 645 290 934 
1298 576 1198 609 1325:6493:1032 520 2640 1491 810 
792 1402 160 1474 898 709:7600:1269 2355 1488 1544 626 318 
1282 467 463 846:5727:2046 2082 687 912 
440:378:378 
1488 1299 323 1411 529:6847:1239 1572 1896 1320 820 
1432:1053:1053 
1339 1349:2521:952 1569 
194 1203 1386 1463 260:5737:1791 837 590 1107 1412 
1502 1286 1496 387 237 287 271:8498:1458 534 1788 934 1476 576 1732 
1377 694 784 235 418 1542 753:9118:1018 2248 400 1836 1794 350 1472 
844 734:2282:1794 488 
1073 1177 761:3747:1971 909 867 
1277 728 911:3936:948 1500 1488 
1013 1329 1086 510 321 903 847:7220:801 626 1964 218 860 1389 1362 
1402 680 1302 714 1429 1053 797:7391:942 1060 1023 958 1908 682 818 
307 518 967 817:2592:807 490 440 855 
158 567 950 961 1476:5985:566 1302 2536 795 786 
634 790 495 212 168:4577:1880 568 864 602 663 
1291 1220 205 681 904 448:8027:1392 1071 2560 828 1116 1060 
1327 818 468 585:4187:1322 735 954 1176 
146 1488 1284:5598:2860 826 1912 
169 685 789 373 235:7848:1140 618 2091 1551 2448 
202 1317 807:3058:1220 1314 524 
112 162:2303:800 1503 
711 1520:2736:1044 1692 
1424 1420 245 255:4027:2094 636 837 460 
1021 378 349 1397 1048:5024:892 832 1296 822 1182 
1333 25 1500 1389:4094:656 558 1356 1524 
1223 1100 1523 1000 1556:4544:464 426 1184 1488 982 
701:572:572 
118 568 418:3864:822 1248 1794 
1014 399:715:220 495 
255 132 555 32 588 1303:6617:345 704 2140 2076 1104 248 
295 1158 1008 1058 1041 771:5281:1767 956 644 1012 524 378 
63 845 309 1145 209 1178 336:9458:2148 777 2076 564 664 2421 808 
1022 1045 242 1305 1088 885:7804:870 2684 986 312 1896 1056 
1365 1441 239 1435:3012:294 952 782 984 
1319 1075 499 310:3624:600 1116 1509 399 
1048:1182:1182 
876 566:2181:1212 969 
1178 1255 53 835 712:12280:2421 980 3215 1869 3795 
80 63 1351 402:5383:2740 1074 921 648 
163 1317 689 379 1521 1384 529:9126:1362 1752 936 2091 387 1368 1230 
1065 903 299 882:4116:674 1389 628 1425 
1119 503 433 975 1452 116:10215:1812 646 1026 2804 1650 2277 
1256 1212 983 540 1491 1142:5229:996 412 608 267 1832 1114 
1295 679 1023 7 70 706:6546:1041 1140 933 948 519 1965 
523 174:1941:999 942 
1436 1419 5 614 930 687 111:10467:664 453 1206 2740 1410 804 3190 
1126 1003 1426 903 1459:5796:892 286 2205 1389 1024 
371 354 84 693 1009 1180 604:8423:378 1257 1530 712 2224 1418 904 
198 1074 1163 614 797 460:6508:696 1078 600 2055 1227 852 
631 654 264 913:3930:423 1113 1082 1312 
1189 600 1316 939 683 1426:6896:405 1760 552 411 828 2940 
783 1392 151 1465:3965:1389 480 1048 1048 
956 540 816 1106 490 833:6994:657 356 2010 1156 1480 1335 
1090 381 98 54 970:8418:1248 1684 1740 1506 2240 
1423 1552 470 1107 237 1047:9087:1383 1488 1563 1452 1476 1725 
644 2 1117 1021 671 788 611:6692:471 411 2740 446 1620 392 612 
728 112 41:2400:1500 600 300 
1526 1404:2475:897 1578 
1234 592 149 1197 848:6930:216 1832 1912 1716 1254 
835 725:2652:1869 783 
1037 1033 272 1426 384 488 72:7016:312 730 1384 1470 291 1323 1506 
1077 501:2174:1406 768 
78 834:2277:1149 1128 
428 717 101:3566:384 2792 390 
675 764 215 398 475 831 469:8356:1340 2652 282 600 1976 542 964 
908 825 714 232:4752:375 1581 1437 1359 
452:1272:1272 
292 1168 1257 708 891 968:9464:1625 2232 1188 2079 1860 480 
822 845 456 1105:4324:664 777 1455 1428 
1471 628 666 1554 739:5580:870 474 492 2016 1728 
1119 875 713 110 692 636 1312:9697:1208 1941 2512 796 1188 1482 570 
1092 503 1218 842 586 1329:7080:1311 1292 1372 1656 510 939 
25 1295 54 1368:6450:837 1041 2008 2564 
347 1289 74:2505:678 936 891 
1467 918 1101 1178 1533 1171 635:13318:2776 1683 1518 3228 1338 1998 777 
1514 934 1371:2554:333 820 1401 
948 1358 183 193:6654:1680 768 1314 2892 
958 316 1431 1335 985:4917:528 472 2240 1272 405 
1375 39 1142 393 642 559 449:8318:1197 1126 1114 800 598 2097 1386 
1178 1548 906 463 1511 1162:6768:3228 384 464 916 948 828 
407 629:2780:2356 424 
1302 460 84 1386 570 566:6730:1364 852 1020 885 1640 969 
1342 1485 537 853 610 34:9051:2175 1040 1353 2025 1206 1252 
826 237 953 576 321 1063 1059:8263:993 1476 1518 260 1290 1126 1600 
612 822 1272 1122 1172 1155:8279:1600 1328 1736 435 2064 1116 
739 1162 639 1195:5142:1728 552 1851 1011 
830 360 1036 1192:3744:1347 717 1146 534 
4 254:2387:1842 545 
287 1442 813:2874:1152 915 807 
603:672:672 
1063 420 1535 1026:6437:1689 2060 1527 1161 
1360 451:2360:1712 648 
678 540 1243 628 557:4609:1998 267 904 711 729 
58 1266 1383 1206:5757:1311 900 918 2628 
1041 825 524 973:3314:655 1054 912 693 
1064:208:208 
1374 438 1407:3404:1548 1396 460 
271 1187 1157:4578:1299 1236 2043 
1274 471 1120 904 1114 5 1413:8290:524 290 963 837 1902 1206 2568 
1093 1183 634 817:4036:1647 594 940 855 
539 988 838 888 872 601 1211:9997:1348 1896 1792 314 1401 1161 2085 
1019 682 1451 675 553:6115:2046 333 972 1340 1424 
1462 1191 243:3497:635 1170 1692 
226 702 925:2602:528 1470 604 
729 7 629 40:2844:999 948 318 579 
723 666 1342 1498:3487:279 492 1450 1266 
146:2145:2145 
546 1488:2329:1503 826 
1319 597 1219 630 1346:6220:1200 1488 1628 1040 864 
813 1423 181 1496 919 730:4315:807 922 480 894 594 618 
90:414:414 
1032:400:400 
1415:2148:2148 
866 223 1338 1242 893:7785:2019 1764 2005 1137 860 
1282 1505 1049 300 550 467 356:11125:2046 1022 1452 2755 868 2082 900 
1086 1456 813 370 1419 1069:5065:1964 678 1076 680 453 214 
537:1804:1804 
770 1286 1389 973:5257:1820 712 2032 693 
41 1276:816:300 516 
517 1499 1310 334 278:7499:1869 1016 2046 576 1992 
1360 318 8 1150 1426 157 1100:11078:856 1380 1482 2328 2940 1524 568 
1107 531 342 924 454:4353:1452 216 1192 1004 489 
458 747 132:3249:789 1404 1056 
698 148 331 408 764 1546:8744:1275 2121 1530 842 2652 324 
1110 1320:3494:1518 1976 
561 1503 1432 417 894:6051:620 1563 1404 2028 436 
937 201 1104:4635:2091 1260 1284 
685 415 1024 1340 1097:6616:927 1566 1510 1407 1206 
381 897 1001:3445:1263 306 1876 
615 66:2691:717 1974 
1541 139 988 705:5342:1048 642 3160 492 
566:646:646 
276 552 842 226 569 1112:9015:2820 324 1656 528 1641 2046 
579:568:568 
1511 1041:1472:948 524 
696 1451 542 326 536:4908:399 1296 810 1338 1065 
1005 577:3471:2028 1443 
660 310 427 250 1072 417:7176:1518 399 1152 1554 1032 1521 
699 922 466 1276 1525 1442:8405:813 1575 1554 1032 2211 1220 
104 1007:3180:2013 1167 
1146 903 740 137 720 663 1339:8244:1419 1389 1830 1254 592 1284 476 
1119 530 1246 869 613 1356:8870:2416 1398 564 1584 1760 1148 
698:850:850 
1257 454 1517 1301 1097 1546:4222:1188 652 324 528 1206 324 
1550 1014:1538:1098 440 
845 202 173 1221 872:5393:777 610 1325 813 1868 
339 1028 279 529 445 335:7697:789 1254 1557 820 1240 2037 
1304 568 1471 789:5501:378 1872 1160 2091 
1169 1019 1069 1052:5133:2264 2046 321 502 
748 120 1368 952:5437:1624 842 1923 1048 
99 336 1158:2185:862 606 717 
1275 326 642:3577:896 1784 897 
550 1492 1422 407 883 1105 650:8263:868 828 1260 1767 1641 1071 828 
590 546:2185:682 1503 
280 130 180 163 307:5729:1740 1266 369 1816 538 
276 20 763 759 1141:6975:2115 1016 1772 1328 744 
825 1395 686:4500:2108 1728 664 
1408 925 1362 559 1208:5330:1503 302 546 1398 1581 
853 730 1152:4177:1350 927 1900 
254 930 1086 790 508 464:6716:327 564 1473 284 2181 1887 
1433 804 494 78 1499 644 28:8752:1419 1158 1050 766 1016 471 2872 
1010 1326 1083 921 318 900 844:6254:1431 936 267 496 920 1008 1196 
891:1860:1860 
681 1184 635 818 481 1251 475:9730:828 1900 518 980 2212 1316 1976 
914 831 1134 652:4408:1401 1084 987 936 
1398 555:3969:2364 1605 
639 289 406 229 1464 395:7501:1851 1004 608 1203 1656 1179 
678 1315 445 1254 1504 1421:11762:3330 698 2480 2776 858 1620 
103 219 42 864 209:4870:845 904 1527 598 996 
641 664 275 924:5665:1484 951 1222 2008 
1290 448 485 1374 558:6060:1284 795 1167 2064 750 
695 532 1487 512 456 1132:8138:1340 2764 340 2100 970 624 
495 599:1878:648 1230 
1548 1011:2097:384 1713 
842 613 170 1218 869:6825:1104 704 2800 1029 1188 
442 746:3420:1251 2169 
1085 775 359:2171:1182 525 464 
875 326 509:5238:2588 1338 1312 
134 1222:3137:1844 1293 
876 74 723 506 716:5851:909 1188 372 2070 1312 
1089 660:3422:1904 1518 
743 394 510 334 1155 500:6482:489 2216 327 576 1488 1386 
1428 679 929 846:4416:2349 855 300 912 
569 446 869 347:6921:1641 2792 1584 904 
1002 26 1528 646:4667:2044 453 1732 438 
1303 1232 217 693 916 460 1269:7523:248 645 378 1068 940 1136 3108 
1236 1392 683 400 356 127:6648:1848 480 1242 1104 1350 624 
247 537 1479 264:4573:1026 1353 1112 1082 
1496:1341:1341 
946 304 274 1323 973:6211:1052 650 2163 1653 693 
1362 441 1129 381 630 547 437:6294:819 306 938 1263 1040 1230 698 
5:1206:1206 
444 600:2688:1368 1320 
1323 840 863:5220:2204 816 2200 
1264 88 1243:2614:1332 604 678 
95 997 315:3327:1036 1935 356 
731:2888:2888 
1293 598 448:1883:556 532 795 
986 849 1552 936:6275:1935 888 1488 1964 
1515 1192 123 999 1502:6659:792 712 2175 2008 972 
1067 1090 287 1350 1036 832:7712:1011 1664 576 510 1146 2805 
1312 1389 187 1383:5248:855 2540 476 1377 
1266 1023 447 258:4121:450 1244 1515 912 
617 1093:1716:618 1098 
1160:1880:1880 
1 1436:1931:1599 332 
1214 1170 527 84 1546 1197:6738:478 1446 1708 1530 432 1144 
1253 638 567 1110 28 251:9147:990 1869 1302 1012 2154 1820 
115 1390 202 1117 674 165 1373:9646:354 692 915 2740 2288 590 2067 
598 461 1164:3198:798 1479 921 
748 411 1180:4131:1624 380 2127 
45 1026 837 1420 1363 481 637:7885:291 1161 894 1272 1948 1659 660 
485 108 1411 595 591:5340:1556 750 1320 1096 618 
1540 658 1227:7354:3190 1976 2188 
1350 1240 757 1194 391:3983:340 838 717 1108 980 
33 389 1171 1048 1470:7496:988 1308 2664 788 1748 
366 416 399 129 738 1054:6471:1296 1947 495 558 1368 807 
502 1538 536 1251 1289 619:9929:2356 2524 1065 1974 702 1308 
956 1006 989 719 1328 86:6070:657 1110 465 1872 876 1090 
1368 1112:4610:2564 2046 
222 725:2679:2157 522 
975 93 249 1098:3872:2103 352 891 526 
954 205 455 372:7223:999 1536 1008 3680 
1162 800 264 1100 164:8364:1104 2352 2705 568 1635 
637 1246 4 1319:3783:495 846 1842 600 
670 959 343 686:4050:640 846 1236 1328 
820 909 360:2400:532 912 956 
1422 180 351 1333 730 168:5807:1680 369 1928 328 618 884 
1183 780:2517:891 1626 
950 1133 796 8:5415:2536 915 482 1482 
18 1306 357 673 430 268:8947:1344 2325 1372 1916 1376 614 
981 976:1359:708 651 
221 710 28 531 1540 165:5654:1284 744 1436 324 1276 590 
22 777:2609:1209 1400 
468 757 142:2752:954 478 1320 
618 707 158 341 418 774 412:10685:798 1276 566 1896 2990 1864 1295 
768 658 175:4188:992 988 2208 
1380 205:3657:2121 1536 
1530 155 232:4827:720 2748 1359 
1446:708:708 
714 564 614 598 327 937:6242:1437 252 2055 798 306 1394 
179 734 1450 1487:3900:2124 366 1070 340 
1200:682:682 
1527 285 42 1437:5432:2440 658 1018 1316 
1038 967 1510:1591:411 440 740 
455 1291:2400:1008 1392 
216 332:3630:1986 1644 
632 56 1424:3054:444 516 2094 
1347:921:921 
272 1214 1557:3707:2076 956 675 
1484 948:2618:378 2240 
779 136 107 1155 806:6191:1002 1410 1280 1116 1383 
273 962 213 463 379 269:5411:1221 981 291 458 1394 1066 
114 1016 334:2344:840 928 576 
1326 750:1662:624 1038 
1472 1083:1750:1572 178 
967 351:1666:220 1446 
863 1419 576:3324:2200 604 520 
1169 659:2754:1698 1056 
653 969 726:4412:2024 1288 1100 
880 131:2561:1268 1293 
1175 414 10:3219:951 1479 789 
840 517 1006 324:5549:816 1869 1480 1384 
457 507 490:2691:1215 884 592 
487 764 1053 437 781 1226:9950:1904 1989 1023 1047 2274 1713 
820 791:1578:399 1179 
275 591:2863:1833 1030 
1147 1064 953 471:3907:1032 416 2024 435 
661 1217 788:2578:1320 964 294 
1410 967 871:2617:984 220 1413 
129:837:837 
96 1543 1061 1084:4263:1206 1437 879 741 
997 475 1030 188 225:8918:1935 1482 1419 1976 2106 
154:730:730 
941 737 42 1450 1500 1484:8814:3036 460 1527 1605 1808 378 
751 29 651 62:4312:1137 676 438 2061 
745 688 1364 1520:3635:462 1308 596 1269 
168:663:663 
568 1510:2242:1872 370 
522 1144 555 1271:4320:879 474 1605 1362 
1335 865 1541 552 1401:5351:848 1479 1572 324 1128 
885 1014 1491:3328:1056 440 1832 
399 276 698 176:4458:495 1410 1275 1278 
1048 166:2514:1182 1332 
549 332 542 992:3390:987 1233 540 630 
1061 1471 295 1450:5656:879 870 1767 2140 
429 1544 1034 685:6312:822 1300 2645 1545 
672 562 79 102 1271 362 146:10223:1890 448 976 1254 1362 2148 2145 
1275 1391 1214 892 1381 698:6073:672 824 478 2028 796 1275 
682 931 848 1152:4822:333 1392 1672 1425 
1382 446 1415:6307:651 2792 2864 
323 280 1195 1166:4848:1896 696 1011 1245 
1438 1328 845 1282 479:5372:738 1314 777 1364 1179 
121 477 1259 1136 1558:8012:2264 620 1945 1986 1197 
454 504 487 217 826 1142:6660:489 1020 1904 252 1324 1671 
493 1529 526 1242 1279 610:7518:972 1200 1212 1137 1791 1206 
300 30 639 956:6468:2204 741 3085 438 
150:1204:1204 
340 1055 679 423 1166 1162 400:5202:333 574 570 1100 1245 552 828 
144 593 443 493 476 620:4866:188 1050 456 1458 1312 402 
597 60 897 1519 930 87:6646:1984 1422 306 780 1128 1026 
1067 1210:2026:674 1352 
944 74 883 1133 1050:5776:525 891 2188 1220 952 
1173 517 1393 1483 933 1116 1193:9609:1248 1869 1008 1182 2500 1476 326 
421 897 1120 664 1473 165 82:8118:1698 306 1284 951 1816 590 1473 
332 1446 937:4443:1644 708 2091 
708 558 608:3478:2772 450 256 
1320 1249:2562:1482 1080 
291:1278:1278 
1383 328 1337 1520 1183 394:5360:1377 932 206 846 891 1108 
278 1353 1376 573 78 1420:7188:1992 1209 642 1242 1149 954 
215 571:1236:564 672 
442 1290 1007 964 321 292:6577:834 1926 778 774 1290 975 
756 140 483:3284:1896 660 728 
869 94 1529:2721:1188 333 1200 
1523 1053 171 327 31 1306:7137:888 1364 2116 306 1068 1395 
666:328:328 
1066 1475:4992:2160 2832 
1043 306 1209 527 616 67 250:10126:879 3004 982 1708 1012 987 1554 
157 1259 510 760:4422:2032 1167 218 1005 
840 503 1273 497 1518 797:9447:544 1615 1821 1011 2820 1636 
740 537 986 836:5294:1098 902 2580 714 
1406 591 586 969 980 1495:5623:212 412 765 1288 942 2004 
151 1520 544 74:6779:2096 1692 2100 891 
1310 95 224 700 1337 467:7325:2046 777 1200 1014 206 2082 
1346 1251 901 1018:5136:864 1974 1638 660 
165 1507 159:3106:1180 662 1264 
188 1118 808 392 254:4157:1482 1154 486 708 327 
317 688 724 281 1330:6055:1688 872 1096 1371 1028 
371 288:2432:252 2180 
517 621:2628:1869 759 
12 1033:1612:882 730 
767 538 95 1143 794:3507:530 312 1036 972 657 
464 768:3375:1887 1488 
591 1107 797 381:4064:618 968 1636 842 
714 685 175 1384 1500 1323 1001:10103:1916 927 1472 1824 904 1653 1407 
1264 1394:4066:1776 2290 
306 1194:5220:3004 2216 
355 1177 522 1398 1487:4776:402 1212 879 1773 510 
1231:2109:2109 
328 805 1027 572 1381 73 1547:9075:699 1599 1760 1311 1592 842 1272 
336 1451 941:4057:808 972 2277 
713 563 613:4522:2512 954 1056 
496 359 1062 446 376:5799:447 696 1302 2094 1260 
345:826:826 
705 422:2661:492 2169 
914:2335:2335 
257 600 1143 1206 284:5045:303 1760 1296 1314 372 
1249 927 1416 733:4276:810 357 2068 1041 
567 1016 866 916 900:7101:1736 928 2019 1410 1008 
608 231 1120 304 714:5529:512 996 1284 1300 1437 
104 780 937:5730:2013 1626 2091 
1473 1363 880 903 514:7717:1362 1461 2536 1389 969 
1300 511 1294 1171 35:5800:792 512 1388 1998 1110 
538 522 251 861 1177:5347:468 1172 910 1888 909 
1383 622 218 734:4180:1377 438 1755 610 
852 409 1457 1108 1224:5788:264 1470 1914 1196 944 
681 985 502:3684:1242 675 1767 
1235 419 415 798:5108:771 1250 1566 1521 
938 894 251 222 1271:9779:1806 327 1365 2876 3405 
578 495:1480:832 648 
622 1137 828:1631:292 652 687 
838 927 378:2206:1344 238 624 
1441 199 369 1351 748 89:5843:714 891 1636 614 812 1176 
1201 798:3474:1953 1521 
968 1151 814 26:2388:960 333 642 453 
133 1421 473 789 545 383:6322:272 2160 500 1394 1020 976 
999 995:2848:2008 840 
659 337 826 143 647 97 280:7653:1584 420 993 1389 1557 318 1392 
127 376:1884:624 1260 
410 420 936:3414:705 1236 1473 
636 726:3626:1976 1650 
972 1542 832:2612:790 700 1122 
1554 1072 1508 705 1354:6500:2016 1032 1893 656 903 
1556 421 1456:3131:982 1132 1017 
1232 937 654 610 1526:6895:860 2788 742 1608 897 
793 45:1815:1524 291 
1093 1503 327 1482:3467:1647 1042 306 472 
1200 558 115 1163 814:3167:682 600 472 450 963 
801 691:3237:1518 1719 
1030 1134 718:4184:1892 987 1305 
1234 684 868:3480:432 384 2664 
1243 1054 79 22:3762:904 1076 976 806 
172 235 871 2:4877:1692 1224 1413 548 
1121 1476 1114:6058:2343 1179 2536 
875 1444 735:3447:1941 966 540 
1457 974 1411 608 1257:4430:1914 284 660 384 1188 
1068:1584:1584 
1451:972:972 
902 259 1374 1278 929:5198:728 1436 1032 1602 400 
1214 1464 1381 1270:4808:717 1104 1592 1395 
1404 881 1437:3627:1578 1062 987 
345 715 72 1187:4594:826 614 1506 1648 
1012:2048:2048 
1451 995:1068:648 420 
529:1230:1230 
1157 436 1058:5133:2724 891 1518 
891 662:2655:1395 1260 
1261:232:232 
693 476:3036:1068 1968 
506 782 1071 456 799 1342:10683:2760 1245 1482 1455 1566 2175 
838 809:2308:1344 964 
827 677 727 710 854 1463 221:7961:704 2224 1137 992 882 738 1284 
294 716:2236:924 1312 
71 28 943 500 404 55 171:13987:1518 3590 1284 2310 1210 2488 1587 
58 1200 1063 208 1150:7785:874 1023 2252 1308 2328 
581 231 348:4266:1578 1992 696 
252 235 1523:4008:1896 1224 888 
875 1418 336:3663:1941 1116 606 
20 802 265 1101 166:9662:2032 2064 1322 2024 2220 
1191 1174 1318 369 685 442:7210:780 1248 534 1636 927 2085 
167 882 506 250 993:6985:318 950 1380 2072 2265 
1055:861:861 
323 173 223 206 350 959:8128:1896 795 2352 736 939 1410 
343 1472 1096:3438:1236 786 1416 
1223 1179 536 93 1556 1206:7740:232 1449 1420 704 1964 1971 
1262 647 576 1119 37 260:6171:429 1557 390 1812 924 1059 
124 1399 211 1126 683 174 1382:6791:618 1256 1530 669 1656 628 434 
1083 41 145 1287 1149 294:4083:356 450 1588 744 483 462 
1372 490 647 1495 1212:7801:1976 1184 1557 2672 412 
1060 1349 733 1076 61 124 760:7515:1008 1569 1041 1740 405 412 1340 
527 244:2384:854 1530 
1050 833 1043 1493 1343 1393 1376:7760:952 1335 586 1506 1074 1344 963 
242 331 1340 1523 42 398:8422:986 2040 1876 1184 2036 300 
1423:1844:1844 
974 225 475:4014:426 2106 1482 
511 1547 545 1260 1298 628:4848:512 1696 765 390 774 711 
965 1015 998 728 1337 95:5657:1136 1628 669 1500 206 518 
1377 1121:3870:1527 2343 
231 735:2034:1494 540 
749 693 1369 1525:5999:1470 1068 1250 2211 
173:795:795 
572 1515:1707:1311 396 
526 1148 560 1275:3874:1212 1512 702 448 
1339 869 1545 557 1406:4059:476 1188 1242 729 424 
890 1019 1495:6789:1389 2728 2672 
403 280 703 181:3705:831 696 1698 480 
933 371 1459 577:3614:1250 378 1024 962 
1066 51 527 750 294 1103:6075:1620 765 1281 1038 693 678 
1519 1076 567 217 334 571:4322:312 1160 1736 378 288 448 
1422 341 563 108 917:5424:1260 1422 636 1500 606 
1206 137 1013 1516 967:7747:1971 2508 1068 1980 220 
300 1363 1147 846 1295:6879:2204 1948 774 912 1041 
887 510:1256:1038 218 
727 45:1710:1516 194 
271 854 384 1060 72:5152:866 882 388 1008 2008 
485 774 158 501 631:4499:778 1398 1132 768 423 
98 2 1211 1327 1150 414:9936:1044 411 2780 1983 1746 1972 
264 1367 618 868:6345:1623 1926 798 1998 
482 904:1381:544 837 
1387 1503:3534:1971 1563 
1038:274:274 
1064 848 644 1508 1358 1408:8011:312 1254 628 1893 1920 2004 
418 1440 718 1340:6639:2392 2004 1305 938 
851 1433 1377 495:4322:908 946 2036 432 
31 668 1356 608:3825:534 2046 861 384 
755 938 1014 1370 911 375:8120:2172 1204 440 1880 744 1680 
1208 405 1054 838 1048 1497:9966:1581 2564 807 1344 1182 2488 
1247 1431 1507 305 1087 965:7022:624 1120 1324 1902 1200 852 
80 529:3695:2055 1640 
263 192 735 1211 1434:6828:2019 1116 1080 2085 528 
1255 519 1421 739:6971:980 2103 2160 1728 
1119 969 1019 1003:6396:2416 966 2728 286 
214 730 833:4273:1566 927 1780 
430 933 384:4608:1720 2500 388 
1446 205 1519 943 754 1336:6344:944 2048 312 856 946 1238 
1486 1230 415 411 793 804:6622:642 417 2088 285 2032 1158 
1260 698 454 1436 1247 271:4846:520 1700 326 498 936 866 
1396 727 1469 321 704 714:6624:1581 758 1140 1290 897 958 
1436 194 365 1346 743 182:7807:498 1791 2964 864 326 1364 
1294 890:2430:1041 1389 
1061 1244 907 119:4330:1172 663 1232 1263 
129 1417 468 784 541 378:7554:837 3485 1272 200 1344 416 
994 990:2205:423 1782 
655 332 821 139 642 93 276:7464:1242 1233 662 963 897 352 2115 
122 372:2996:788 2208 
405 415 931:4533:1923 1566 1044 
486 164 653 1528 60:5871:430 1635 1518 866 1422 
1152 1362:1769:950 819 
935:1608:1608 
453:1004:1004 
1306 929:1230:930 300 
243 1146 463:3181:846 1419 916 
1552 976:2139:1488 651 
117 140 1309:4461:1482 990 1989 
34 444 827 423 1353:5713:1252 1368 528 550 2015 
510 666 1515 1232 44:5249:327 492 990 430 3010 
1096 81 558 780 325:6077:1416 1155 450 2168 888 
364 187 1423 354 1230 175:7235:1576 952 1383 838 278 2208 
501 1310 2 1476 222 1297:6997:512 2046 548 786 2157 948 
954 777 455 944 262 351:7367:999 1400 1344 700 996 1928 
301 1377:2228:192 2036 
1206 1483:3153:1971 1182 
1433 231 1013 890 1313 790:8649:1892 1494 801 1852 2184 426 
208 258:2960:1744 1216 
807 58:2097:786 1311 
461 1204 55 438 35:8381:2465 1796 1244 1396 1480 
1060 1004 122 278 1127 844:10266:1008 2300 1182 1992 1392 2392 
1147 731 594 1297:6346:1032 3610 440 1264 
1417 1534 1357 1035 1523 841:10005:2788 2485 1605 606 1480 1041 
825 1074 991 1295:7190:1581 2156 2412 1041 
1353 1430:2411:1209 1202 
75:372:372 
585 396 978:3548:1176 1172 1200 
213 901 152 402 319 209:5016:291 1638 1425 432 566 664 
1275 539 1441 759:4642:672 2022 952 996 
1042 892 942 925:4172:621 2028 1221 302 
622 1552 1242 826:3375:584 992 1137 662 
36 1084 735 851 1088 352:6542:945 988 540 1816 1896 357 
202 1305 556 805:5586:1220 416 1818 2132 
703 886 549 1318 543 6 842:9281:2264 1677 1316 356 1156 856 1656 
898 1202 719 742 1497:11230:1252 3785 2340 1365 2488 
1036 499 1335:3969:764 1509 1696 
120 796 1366 656 373 330:10694:1684 1205 2040 2852 1551 1362 
413 1355:1680:1320 360 
1511 989 1545 1116:5274:1185 465 1656 1968 
613 1289 1445 1149:2394:1056 468 387 483 
354 604 520:4518:1676 678 2164 
660 1402:2425:1012 1413 
184 274 404:4393:1262 2163 968 
600 1555 579:2790:1320 1044 426 
1372 916 167 417 334 224:5006:1482 1410 212 1014 288 600 
779 457 945 263:6669:1002 1215 1760 2692 
643 493 543 527:4535:1356 1458 867 854 
637 1153 843 427:2758:330 196 1464 768 
760 730 221 1429 1546 1369 1047:10827:1675 927 1926 1908 216 1875 2300 
1310 1439:2922:2046 876 
728 351 1240:4997:1875 1446 1676 
811 461 578:4768:1548 1972 1248 
68 52 1339:3150:1236 1200 714 
1470 615 1557 1486 471 948:5352:1311 478 900 963 580 1120 
382 1497 987:5028:1148 2488 1392 
758 608 658:4524:2292 256 1976 
1370 1300:2730:1410 1320 
284 1120 184 1153 311 1492:7335:558 963 2524 392 2070 828 
1209 1193 1336 388:6849:1473 815 2476 2085 
261 1509 1093 1369 101:7550:1256 2252 1647 1875 520 
1523 1493 984 634:5449:592 3012 435 1410 
208 98 1173 52 807 1456 1240:6423:872 1044 1248 800 524 678 1257 
428 1331 551:4261:256 1497 2508 
1470 82 1064:3096:1311 1473 312 
278 1380 632 881:5471:1992 2121 296 1062 
399 821:1653:660 993 
1420:636:636 
1051 76 19 695 852 142:9106:270 1510 2436 3350 660 880 
1305 1168:2544:312 2232 
1455 1118 329 1111 575 1411 475:8262:1401 1731 987 432 1569 660 1482 
609 632 1387 891:5606:1988 444 1314 1860 
39 1341 525:5853:1689 2568 1596 
1037 1008 498 149 265 89:6857:416 644 1792 1434 1983 588 
1245 30 159 635 1271 402 1211:8730:1260 494 948 1036 2043 864 2085 
1178 1334 1039 756 712 69:9412:2421 1041 465 948 2277 2260 
189 892 277 206:5261:1262 1521 1374 1104 
753 842 293:4022:1472 1656 894 
17 1331 1169 566 1148:7293:1118 1996 1698 969 1512 
1235 819 682 1385:4011:771 1503 444 1293 
297 1505 64 1445 1123 53 929:9010:815 2044 1208 387 1484 2572 500 
973:693:693 
813 1195 1206 164 1412 996:6823:538 1348 1971 1635 1023 308 
769:408:408 
104 420:2990:1342 1648 
975 892 782 299:6632:2103 2028 1245 1256 
948 520:4423:2800 1623 
603 254 370 193 1015 360:6023:672 327 510 2169 1628 717 
740 962 507 1316 7 1482:5964:1464 1308 884 414 1422 472 
47 950:3766:1864 1902 
1186 943 683 80 663 607 1283:10137:906 1284 2070 2055 1284 2100 438 
801 424 168 911:3262:1012 843 663 744 
808 1484 82 931 648 604 376:5392:486 378 982 1044 984 678 840 
945 635:2278:1760 518 
446 801 439 1461:7284:2792 1012 2536 944 
323 80 1061 872 1454:8992:1264 2740 879 1401 2708 
232 242 758 448 32 309 598:12699:1812 2465 1719 795 2076 2768 1064 
1451 875 272 1268:4783:648 1941 1384 810 
1091 475 405 948 1424 88:9402:1989 1482 1282 2800 1396 453 
1228 40 955 512 3 1211:11967:1668 579 3500 2625 815 2780 
456 679:3850:2425 1425 
1255 412 36 1338 522 518:5497:980 777 630 1203 1172 735 
1408 1391 1535 586 902 659 83:9952:2004 412 1527 765 728 1584 2932 
1512 975 253 875 287:5928:388 2103 632 1941 864 
1492 1249 673:2326:828 540 958 
989 240 490:1785:465 432 888 
430 1466 463 34 1216 546:6499:1032 951 916 939 1158 1503 
253 237 1524 576 892:4797:316 1968 472 520 1521 
337 1491 863:3444:420 1374 1650 
653:1518:1518 
1112 470 27 1075:7643:2728 2605 1473 837 
1409 500:1308:384 924 
727 590 1293 677 606:7157:1516 1364 1112 1668 1497 
617 107 1316 1432 1255:4345:618 1280 414 1053 980 
830:1796:1796 
880:1902:1902 
720 1103 1113 71 1319 903:5865:592 452 508 2024 900 1389 
111 787 1357:5006:2552 849 1605 
1479 1369 887 1323 520:5847:834 1250 1038 1102 1623 
162 518 1300 1177 41:4898:1503 980 1056 909 450 
495 545 528 258 867 1183:5048:648 765 704 608 1432 891 
1446 604 641 1529:7118:472 678 2968 3000 
724:1644:1644 
753 591 1546:1732:1104 412 216 
752 974 519 1328 19 1494:7221:441 284 2103 1314 1827 1252 
1398 888 539 655 479 156 645:7316:1182 471 2022 828 1179 408 1226 
928:936:936 
542:540:540 
1268 680 1395 1019:5073:1080 795 1152 2046 
892 10 580 1429 1146:7459:1014 789 1856 1908 1892 
1185 569 913 1042 1518 596:7369:1072 2735 984 414 1692 472 
510 161:1091:218 873 
1039 90 407 577 1559:5213:465 414 1767 1443 1124 
1409 1006 377 67 1209:5914:288 1110 1236 1316 1964 
432 588 1436 1153 1524 881 438:7011:1640 828 498 294 944 1062 1745 
837 1353 1457 1041:4577:1192 1209 1914 262 
109 1344:2034:1480 554 
585 9 1377 402 346:6003:1176 1272 1527 864 1164 
1427 385 75 1217 1494 225 1167:8522:1158 858 248 964 1252 2106 1936 
1418 1175 599 409 992 522:6029:837 951 820 2205 630 586 
163 546 556 1072:6665:1362 1503 2424 1376 
1322 679 236 140 1349 1465:6744:1806 570 1284 990 1046 1048 
1262 180 403 1505:3550:429 246 831 2044 
676 126 309 1531 742 1524:8219:1836 1252 2076 291 1820 944 
1335 426 210 6:3210:1272 330 1180 428 
60 56 852:2337:1422 387 528 
1455 1278 956 1348:4143:934 1602 657 950 
800 596 1045 895 945:6515:2352 354 2013 476 1320 
163 1465 650:5470:2270 2096 1104 
246 1162 1132 623 273 390 213:8469:1863 1104 1248 1352 1221 1390 291 
1369 154:2345:1250 1095 
753:1472:1472 
287 377 1386 11 88 443:7153:576 1648 885 2756 604 684 
224 8:2576:600 1976 
451 314 1017 401 330 873:7142:972 1017 1548 260 2043 1302 
491 1339 1056 1426 784 341:8718:1280 1190 1012 2940 400 1896 
127 830 214 144 687:4315:624 1347 1566 376 402 
562 678 501 179:5450:560 1998 768 2124 
269 119:2441:1599 842 
815:692:692 
875 565 149 426:4040:1294 504 1912 330 
1092 769 1258:2191:1311 408 472 
742 886 1495 253 10:5641:1365 1677 1336 474 789 
939 949 1465 1155:4338:411 1239 1572 1116 
629 533 184 300 124:5491:424 1740 1262 1653 412 
723 746:3171:279 2892 
1028 400 90 1232 1095 240:4226:1672 552 276 430 864 432 
792 1374 1318 436 592 1441 1158:8244:1692 1548 890 594 1374 1190 956 
1524 1268 453 449 1245 842:7783:472 810 1506 2079 1260 1656 
1382 406:1780:868 912 
1126 1149 346 1409 1193:3318:892 322 1164 288 652 
1442 906 184 806 217:4466:915 232 1893 922 504 
1423 1179 603:2797:1383 966 448 
171 420:2823:1587 1236 
71 454 464 980:4330:1012 489 1887 942 
1229 587 144 48 1256 1373:7644:711 1704 376 1101 996 2756 
1266 185 407 1510:3392:675 210 1767 740 
657 1426 650:4443:1134 2205 1104 
128 1083 108 51 727 883 174:5129:200 267 1125 510 758 1641 628 
64 60 857:4624:1208 1896 1520 
1362 1186 863 1352:5410:546 1208 2750 906 
503 953 803 853:8744:1292 2024 2728 2700 
1033 1043 1 1249:5041:1460 1172 1599 810 
251 1166 1137 627 278 394 218:12108:1820 2075 1304 1500 1992 1662 1755 
1276 62:2577:516 2061 
758:1719:1719 
292 381 1390 15 92 448:6459:650 1684 1038 1660 632 795 
229 12:1978:802 1176 
456 318 1021 406 335 878:8846:1940 1840 669 912 2037 1448 
381 751 109 1224:4403:842 1137 1480 944 
1273 1203 187 664 886 431:7525:1821 837 952 951 2236 728 
1205 976 533 24 1232 1349:6928:1494 651 1740 614 860 1569 
63 700 1388:4005:1611 1521 873 
1373 531:3877:3445 432 
614 264 381 204 1440 370:9336:2055 2705 1684 879 1503 510 
653 1290 420 1229 1479 1396:8179:1012 2568 1236 948 834 1581 
58 960:2915:1311 1604 
1100 1270 694 91 1087 617 1293:8013:426 1395 2810 1008 1200 618 556 
567 1310:2914:868 2046 
771 861 311:3414:756 1416 1242 
1374 132 1447 1284 681 1264:8916:2064 1056 2236 956 828 1776 
1413 1157 342 338 1134 731:10057:2568 2724 1192 420 987 2166 
1503 1260 684 494 1077:4313:1563 260 384 700 1406 
611 900:1314:306 1008 
888:628:628 
850 301 484:3888:936 288 2664 
12 1100:1744:1176 568 
851 49 698 481 691:9625:1362 2612 1700 1659 2292 
1064 635:1297:520 777 
718 369 485 309 1130 475:9787:1740 1636 1167 2076 1192 1976 
379 855 1078 622 1431 123 40:9408:2091 1362 1248 438 2240 1450 579 
289 1404 895:3058:1004 1578 476 
666 516 566:2131:492 993 646 
409 1112 399 329:7809:2940 2728 825 1316 
1241 559 1062 513:6183:2356 2097 1302 428 
869 1478:2134:1188 946 
792 709 1012:3123:1269 318 1536 
838 1262 447 443:4143:1792 429 1010 912 
399 1248 965 921 279 250:8105:495 1866 852 744 2076 2072 
439 715 1005 389 732 861:6942:1902 921 1521 654 528 1416 
869 426:1518:1188 330 
858 1468 226:2463:1260 675 528 
908 1451 370 592 137:5282:375 972 680 1374 1881 
413 1235 580 1455 1545:4988:1320 514 1392 934 828 
1176 972:1817:632 1185 
1482 627 11 1498 483 960:7116:236 600 2756 1266 1456 802 
394 1509 999:5974:2216 2252 1506 
304 354:1488:650 838 
214 903 154:4050:1566 1389 1095 
1379 790 1506 1130:3748:1014 568 1272 894 
1278 568:2850:1602 1248 
1091 874 1084 1534 1384 1434:6911:1989 906 494 994 1824 704 
1467 1544 342 1124 1001 1423 901:8277:1388 1040 894 612 1407 1844 1092 
516 432 322 1398 1421 1032 123:9128:662 820 2284 1182 1080 200 2900 
1055 1292 555 1458:7150:861 2520 2140 1629 
496 293 1156 1006 1056:4664:298 1192 682 1480 1012 
988 399 1115 738 482 1225:6745:1896 660 1868 1026 272 1023 
582 1192 1508 1264:4585:2079 356 1262 888 
755 339 615 905 289 632:6537:2172 1052 717 1296 1004 296 
180 1455 1412 769:4132:492 1868 1364 408 
856:1808:1808 
906:580:580 
746 1129 1139 97 1345 929:10594:2892 1407 2785 318 2892 300 
703 233 909 1066:5658:1698 1428 912 1620 
127:936:936 
687 377 1519 1382 527 1469:6754:603 1648 624 651 1708 1520 
946 663 1034:4452:1052 1284 2116 
1233 324 108 1462:2689:272 1038 1125 254 
1512 751:1428:291 1137 
564 1067 518 701 364:4398:504 1011 735 572 1576 
67:987:987 
337 1413 1436:3346:280 2568 498 
1329 1325 150 161:4449:939 540 1806 1164 
926 283 254 1303 953:3413:210 986 327 372 1518 
514:646:646 
957 541 817 1106 491 834 963:9560:1659 1008 1140 867 1280 2256 1350 
424 580:1771:843 928 
807 590 801 1250 1100:5656:786 1023 1518 2045 284 
428 465 1353:3676:384 1680 1612 
511 161 278:4204:384 1164 2656 
182 165 1453:3638:682 1180 1776 
25 728 113 42 585 1061:6920:837 750 1652 1527 1568 586 
724 495 52 1101:4894:1096 1080 1200 1518 
924 429:2054:1506 548 
242 518 808 192 535:5760:1972 980 486 837 1485 
699 523:2416:1084 1332 
233 816:2560:952 1608 
46 1122 1558 756 1405 1188:5997:1887 435 1197 948 507 1023 
1279 597 686 137 320 397 656:10584:1194 992 1328 1881 1839 498 2852 
747 636:2535:1053 1482 
1389 1079 663:4124:1016 2145 963 
1179 630 813:4336:1449 2080 807 
1000 24 1526:4613:2480 1535 598 
1420 1337 1226 744:5710:954 309 2284 2163 
1545 769 232 1068 132 1102 259:7220:828 306 1359 1584 1408 1017 718 
549 332 129:2696:1316 822 558 
572 1088 778 362 638:6901:1311 1264 932 2148 1246 
912 203 1478 1434 792 762 253:8617:1443 484 1419 528 2115 2154 474 
769 1151 1162 120 1368 952 1228:8475:408 444 552 1684 2564 1572 1251 
739 909 333 1288:3366:864 912 789 801 
550 1492 1421 406 882:6627:1302 828 2160 912 1425 
926 190 1092:3936:420 2205 1311 
674 403 1013 1329 1086:5493:1716 831 534 939 1473 
370 886 990:4563:510 1677 2376 
1269 586 1090 541:6465:3108 765 1248 1344 
896 1506:3296:2024 1272 
872 1508 639 1448 140 57 360:9511:1401 1262 1851 2960 990 330 717 
1090 1046 403 374 1422 1073:7729:832 963 554 1072 1680 2628 
1129 513 857 986 1462 540:4944:1407 321 760 1935 254 267 
8:1482:1482 
1426 544 700:6543:2940 1575 2028 
1237 1126 644 667 278:6425:1467 892 628 1446 1992 
178 960 837 1260:3282:936 802 894 650 
697 535 1490 514 458:4154:936 990 1056 646 526 
136:1410:1410 
325 1040 664 408 1151 1147 385:4968:592 514 634 1263 333 774 858 
1359 331 381 364 508:8273:996 1530 1263 1576 2908 
854 477 221 964 960 1343:5837:882 620 1284 774 1203 1074 
1247 1004 427 238:4239:624 1725 1152 738 
597 1074:2566:1488 1078 
281 1317 314 1444 1067 398 1140:9357:1371 1752 1695 1288 1011 300 1940 
435 884 735 784:3376:1066 1470 540 300 
965 561 1491 1084:3432:852 465 1374 741 
655 145 1354 1470 149:7028:1656 1588 602 1748 1434 
748 771:2163:1218 945 
1054 12 116 1258 1121 266:7453:538 588 3036 354 2343 594 
685 402:1575:927 648 
1534:1988:1988 
559:2097:2097 
1384 169 712 775 1411 542:5769:912 760 2277 350 660 810 
1058 549 199 995:3993:2024 658 891 420 
1221 738 1175 372 1021 805 1015:8703:813 1368 951 2208 669 1066 1628 
809 632 1454 798 116 205:9573:723 296 2708 1521 2277 2048 
945 196 446 363 253 1328:7524:1320 1368 2094 954 474 1314 
706 795:3324:2620 704 
1045 163 319 1168:7937:2013 1816 1132 2976 
1535 786 1036 953:4722:1527 531 1146 1518 
1452 676 140 976 40:5961:1100 2448 990 651 772 
777 627 677 660 804 1413 171:11834:2800 1200 1668 2024 1158 1926 1058 
341 1177:3108:1896 1212 
219:1356:1356 
402:648:648 
1217 1267 1250 1394 445 761 518:7566:723 942 1227 1832 1240 867 735 
155 577 55:5851:2061 1924 1866 
1446 804:1244:472 772 
793 1403:2756:1016 1740 
1130 1047 937:4886:1192 2300 1394 
1200 358 395 1284 468 878:8658:1364 2716 786 1434 1272 1086 
96 1383 435 751 508 345:8383:804 1836 1599 1137 2181 826 
1058 1054:2325:1518 807 
621 299 788 106 609 60 243:7665:759 942 196 1563 1988 948 1269 
89 338:1008:588 420 
372 382 898:5031:2944 1148 939 
696 785:1858:266 1592 
922 1505 1035 153 723 13:6512:1575 1533 606 1476 372 950 
264 972 1488 1178 762 1039:11831:2705 1580 826 3228 2872 620 
1300 830 1506 104 1366:6793:792 1347 1272 1342 2040 
1077 1553:3799:2812 987 
1547 877 61:2983:1696 882 405 
34 1243 1360 39:4388:939 904 856 1689 
661 271 921 704 500 1364:6697:880 1299 744 1196 1386 1192 
1211 1394 1057 269 1051 514:6786:2085 1374 1112 1066 180 969 
1251 448 1511 1294 1090 1540:9395:2632 795 711 1041 1664 2552 
83 1104:3055:2199 856 
838 195 166 1215 865:6175:1344 700 1776 876 1479 
333 1021 272 522 439 329:7525:789 892 2076 879 1902 987 
785 102:2448:1194 1254 
1473 911 441 1117 1273:6602:908 1488 408 1370 2428 
32 735 119 48 591:5467:1038 1080 1263 1468 618 
156 1204 855 971 1208 472:7972:408 1347 1816 2060 1581 760 
322 1424 676 925:7365:2284 2792 1836 453 
726 909 572 1341 565 29 865:11838:2750 912 1748 1926 840 1690 1972 
1018 1322 839 862 59:5387:330 2408 468 1467 714 
1155 619 1455:4356:744 1744 1868 
240 819 1388 679 396 353:5752:432 1503 873 570 1758 616 
533 1475:3429:1305 2124 
73 1109 107 1236:4780:1684 288 960 1848 
1203 733 1409 7 1269:6597:1116 1041 384 948 3108 
1289 1218 203 679:3246:936 686 484 1140 
1488 1151:1048:826 222 
1222 1378 669 386 756 113:7176:1293 584 1364 800 1896 1239 
233 936 321 250:6175:1428 1473 1720 1554 
383 886 337:4049:1952 1677 420 
61 1375 799 610 1192:3929:405 798 1566 804 356 
450 726 1015:5090:1812 1650 1628 
513 697 773 1129:3024:321 936 360 1407 
1140 1283 334 651 407 1389:7339:1940 584 432 584 1767 2032 
1179 750 374 1262 447 857:7332:1932 1038 536 286 2020 1520 
1487 911:1456:340 1116 
75 1244:814:372 442 
522 1225 609:3842:1172 682 1988 
1241 465:3447:1767 1680 
1547 1264 76 992 549 39:7426:1696 888 906 1260 987 1689 
1102 1031 16 492:5987:1017 654 2984 1332 
1399 1062:1930:628 1302 
1288 579 296 253 24:3788:1335 710 348 474 921 
1278 63 606 669 1305 436 1245:7887:2136 1074 998 1023 208 1188 1260 
843 200:2907:1464 1443 
127 576 427 477 460 603 1213:5197:936 260 768 310 852 448 1623 
263 167 44:4851:2019 424 2408 
1122 1278 983 700:4132:580 1068 456 2028 
1295 839 90 340 257 146:5082:1388 351 552 444 202 2145 
1213 476 1282 600:8620:2164 1968 2728 1760 
830 880 863:3715:1347 1268 1100 
1186:1208:1208 
1083 268 264 1060 657 1173:7461:356 921 2164 2016 756 1248 
1289 1100 124 68:4622:1170 568 1030 1854 
218 280 917 47:4336:1170 696 606 1864 
1187 1263 61 1257:4703:1648 805 270 1980 
1141 897 321 132:2796:496 306 1290 704 
1530 248 538 1480 265 394 870:6531:480 450 468 786 1983 1662 702 
890 594:1146:926 220 
467 1116 900 1110 1 1410 1460:11699:2776 984 1344 2024 1599 1312 1660 
1493 1156:2188:1506 682 
1227 1383 673 390 761 118:9745:1641 1836 1916 2085 1445 822 
238 941 325 255:4913:1107 2277 1184 345 
388 891 342:3957:1668 1395 894 
65 1380 804 614 1197:7093:2007 1414 1158 1370 1144 
551 828 1117:5308:1881 687 2740 
518 701 778 1134:4158:735 572 1864 987 
1144 1288 339 655 412 1394:7633:790 1068 1052 1656 777 2290 
1281 852 476 1364 549 958:6752:2076 396 1312 596 1316 1056 
176 1464 515 831 1002 426:5844:852 1656 1041 542 1533 220 
252 289 1177 362 772:8229:1896 502 1515 2864 1452 
838 994:1319:896 423 
1514:444:444 
1364 56 1531 1421 938:4130:596 516 194 1620 1204 
136 1358 472 1254:5653:2115 1152 304 2082 
1235 991 415 226:4153:514 1809 1566 264 
964:774:774 
482:272:272 
1208 619 1335 958:5056:2108 1308 848 792 
928 46 616 1465 1182:6454:624 1887 759 2096 1088 
1222 606 949 1078 1555 633:7031:1293 1996 826 936 1566 414 
450 100:2982:1812 1170 
1075 127 443 614 37:7277:837 1248 912 2740 1540 
1446 1042 414 104 1246:6338:708 621 1479 2684 846 
663 21 1136:4242:963 1293 1986 
1543:958:958 
1394:916:916 
291 807 911:3552:1278 786 1488 
508 1011 462:7439:3635 2284 1520 
1524 282 39 1021 831 1414:4896:944 510 1689 446 542 765 
6 1308 492 488 871 881:7169:428 1473 999 1323 1884 1062 
1337 775 532 1514 1324 349:5448:309 525 2073 333 1344 864 
689 419 1028 1344:4166:624 1875 836 831 
886 482 1412 1102:4125:1677 408 1023 1017 
66 1275 1391 70:3801:1974 896 412 519 
693 303 952 736 532 1395:9970:712 1892 2096 1584 1382 2304 
1243 1426 1089 301 1083 546:6660:678 2205 1904 192 178 1503 
1283 480 1543 1326 1122 14:5648:438 1264 1437 936 580 993 
477 115 1136:2960:620 354 1986 
1336 348 1197 914:6010:1857 464 2288 1401 
1286 364 1053 304 554 471 360:6188:712 1182 1023 975 1144 435 717 
1010 727 683 41 1156 181 1390:9180:2385 758 2070 600 1023 960 1384 
64 767:1701:906 795 
7 1443 307 1343 340:5036:948 1179 1076 1611 222 
1449 1206 1043:3300:450 1971 879 
354 1456 708 957:6431:1676 1017 2079 1659 
758 941 604 1373 597 61 897:10472:2292 2277 904 2067 1984 540 408 
1050 1354 871 797 1552:6750:476 1204 2355 1227 1488 
1187 651 1487:2258:824 584 850 
175 851 1420 711 428 385:7372:2208 1816 954 1566 256 572 
565 1507:1497:504 993 
105 1141 139 1268:5117:2600 744 963 810 
1235 765 1441 39 1301:3915:514 1095 476 1126 704 
1391:412:412 
288 1218 908:3584:2180 1029 375 
518 755 18 921 239 328 1337:6597:980 2172 896 992 782 466 309 
1427 971 222:4345:1158 1030 2157 
445 1160 784:3100:1860 940 300 
964 735 292 1341 991:6024:774 540 975 1926 1809 
565 868:2502:504 1998 
692 1208 898 482:2859:594 1054 939 272 
1101:1012:1012 
462 1032 323 40 1554:5866:1140 300 2528 386 1512 
1365 1494 412 1049 179:7079:294 1252 1036 2904 1593 
456 1278 622 1498 30:6768:1940 2136 438 1266 988 
1219 1429:2722:814 1908 
1095:864:864 
80 489 872 469 1398:7599:2740 1203 1401 482 1773 
653 809 100 1375 187:6688:2024 964 1950 798 952 
1213 1142 127 603 826 370:6906:1623 1671 936 672 1324 680 
293 410:1599:894 705 
806 230 41:2308:922 936 450 
47 1522:2010:1398 612 
517 1260 1256 81 91 607 297:8988:2492 520 1245 1155 1512 1575 489 
1495 547 863 1299:7530:2004 1230 2200 2096 
1545:1242:1242 
1069 1452 1462:2795:214 2200 381 
900 218:3684:1344 2340 
30 1027 557 1233 1389:5727:494 2200 729 272 2032 
284 147 850 234 164 706:6615:558 342 702 1413 1635 1965 
421 1270 987 1357 714 271:9431:2264 930 928 2140 1437 1732 
754 1297:3156:1892 1264 
1353 1097:2415:1209 1206 
1080 11 887 1390:6081:1592 2067 1384 1038 
1150 1294:3716:2328 1388 
329 391 1028 158 967 1217 1134:5608:658 980 1254 566 440 723 987 
1383 1354 844:4232:1836 602 1794 
102:1254:1254 
1529 781 1030 947 837 354 791:10621:2400 2274 1419 360 894 2095 1179 
754 658 308 425 248:4987:1419 1976 790 502 300 
1330 847 870:4218:771 2043 1404 
1271 95 1250:4047:2043 777 1227 
102 1004 322:4539:1672 1725 1142 
901 738:3006:1638 1368 
1460 1071:2648:1660 988 
955 339:2889:2100 789 
1314 592 1214 625 1341:5650:488 1374 956 906 1926 
808 1418 176 1491 914 725:5953:729 1116 1278 1374 934 522 
1201 386 382 765:5109:1953 1200 861 1095 
456:1455:1455 
1505 1315 340 1428 546:7047:1533 1047 333 3132 1002 
1448:2220:2220 
1355 1365:654:360 294 
113 1122 1305 1382 179:4126:1239 435 208 651 1593 
1185 1035 1085 1068:3652:1072 606 1182 792 
765 136 1384 968:4958:1460 1410 1368 720 
116 353 1174:3382:1518 616 1248 
1291 342 658:4530:1856 1192 1482 
566 1508 1438 423 899 1122 666:5520:646 1262 738 825 1122 435 492 
606 562:1334:998 336 
296 146 196 179 323:6544:174 2145 1368 1593 1264 
1552 376:3168:1488 1680 
693 143 326 403:5812:1068 1852 1784 1108 
769 913 1522 281 37:4301:306 984 408 1371 1232 
966 977 1396 1086:5319:1848 417 1581 1473 
656 561 211 328 151:7185:3565 620 1020 932 1048 
750 773:1518:1038 480 
1056 428 118 1260 1122 267:5606:2530 384 822 650 580 640 
819 1402 1345 463 620 1468 1185:9791:1503 1884 3615 458 402 1125 804 
1551 1296 480 476 1273 869:7784:434 1425 948 1968 1821 1188 
1409 434:1185:384 801 
1153 1176 373 1436 1220:4501:392 632 1551 498 1428 
1470 933 211 833 244:7466:1311 1250 1530 1335 2040 
1110 534:2830:1012 1818 
964:1161:1161 
258 947:848:608 240 
1246 98 481:3820:564 1044 2212 
1400 1223 487 1390:3103:519 464 1428 692 
541 991 841 891:5600:1008 1809 1388 1395 
1071 668 39 1287:5467:988 2046 1689 744 
780 897 1134:2590:1626 306 658 
38 901 751 801 784 514 1124:7145:968 1638 1516 1518 400 646 459 
497 1267 491 1513:5880:1348 628 2560 1344 
1104 156 472 228 1210 1021 45:5314:1712 408 456 444 1014 892 388 
1081 545 1381 445 1414 572 195:7853:1068 510 1194 1860 510 1311 1400 
941 1378 575 1224 1008 1218 109:12191:3795 438 2092 708 483 1715 2960 
1418:837:837 
868 226 1341 1245 895:6566:1998 264 2568 1260 476 
1382 46 1149 400 649 566 456:6250:651 1258 322 1104 976 969 970 
1088 1458 816 373 1421 1072:9598:2528 1086 1608 2068 1620 688 
1417:1394:1394 
600 596 1393 989 1505 51:5227:1320 236 1008 620 1533 510 
640 63 1432 457 400 1076:10273:1401 2148 1404 1620 1380 2320 
1190 1186 11 21 537 227:7781:744 1208 2067 1293 1353 1116 
577 1253:2433:1443 990 
71 520:2635:1012 1623 
254 597 726 1203 281:4937:327 1488 1650 558 914 
1520 1343 607 1510 828:5354:1692 1074 1575 555 458 
407 18 667 451:5960:2356 1344 964 1296 
191 228 1117 301 711:4824:1008 592 1370 288 1566 
454 1036 980 98 254:3709:489 764 628 1392 436 
1130:894:894 
115 111 907 504 1020:5888:472 1914 1848 1360 294 
688 844 135 1410 1366:9366:1744 2392 3044 656 1530 
162 224 861 1549:4699:1503 600 1416 1180 
1110 1466 1104:4181:1518 951 1712 
1337 628:783:309 474 
32:2076:2076 
1447 964 1401:4353:1677 1548 1128 
1291 115 126:2998:1392 354 1252 
122 1024 342:5033:1576 2265 1192 
1334 758:2413:694 1719 
1480 1091:2112:786 1326 
1072 456:2143:688 1455 
312 190 612 90 645 1361:7318:1197 1470 1600 552 1839 660 
556 352 1215 1065 1115 1099 828:10094:2424 595 1460 1348 934 2875 458 
286 469 132 901 126:5165:504 482 1056 2184 939 
165 615 465 515 498 642:5709:590 717 1120 1041 1344 897 
619 82 918 1540 951 109:9965:1744 1473 2244 1914 1110 1480 
1088 1232:2124:1264 860 
965 96 905 1155 1071:7906:1136 1206 1728 1860 1976 
1215:1168:1168 
1321 878 782 433 549 373:6760:1764 1448 830 1026 658 1034 
686 1495:3000:996 2004 
985 1395 220 1375:5067:405 1728 1338 1596 
353 1468 958 609:4063:616 900 1056 1491 
583 101 27 1196 287 70:5878:852 390 1473 1665 1152 346 
760 423 1193:2594:1005 1100 489 
752 696 1372 1528:3127:441 399 988 1299 
176:1278:1278 
576 1518:1518:390 1128 
530 1152 563 1279:8513:2796 2375 954 2388 
1245 775 1451 463 1312:3935:840 525 972 458 1140 
893 1022 1499:2692:516 1160 1016 
406 284 706 184:5142:912 372 1965 1893 
277 1365 483:3316:1832 392 1092 
583 606:3063:568 2495 
358 48 1190 1053 198:5196:1358 1468 992 682 696 
570 221:3566:1640 1926 
241 225 1512 564 880 637 474:8213:2056 1404 194 630 1268 660 2001 
29 1050 328 950 361:4616:676 714 932 1902 392 
1470 1227 651:2697:1311 1094 292 
218 468:2709:1755 954 
118 501 511 1027:3990:822 768 640 1760 
973 624 741:2997:693 1740 564 
331 181 231 214 358:7116:1020 320 1494 1566 2716 
1489 314:2001:984 1017 
630 81 264 341:6686:1560 1540 2164 1422 
804 534 1143 1460 72:7201:1158 1818 972 1245 2008 
904 501 1430 1121:6030:1116 768 1803 2343 
594 85 1293 1410 89:3974:330 944 834 984 882 
1268 785 808:2578:810 796 972 
1091:1989:1989 
1401 465 1434:3614:846 2240 528 
342 298 69 1184:5523:894 1034 1695 1900 
498:1344:1344 
1324 109 652 714 1351 481:7470:1344 1480 936 1437 614 1659 
216 1265 915 1032:4563:1986 548 1629 400 
179 1521 173:3306:2124 387 795 
924 1533 291 48:5669:1506 1784 1278 1101 
1317 501 497 880:4995:1314 768 1011 1902 
474:2668:2668 
1523 1333 358 1446 564:4739:888 492 2037 944 378 
494 770 1059 444 787:5159:1050 1092 800 1368 849 
288 1496 55 1436:5429:2180 1341 1244 664 
111 760 544 754 1203:8248:2552 1340 2100 1419 837 
1223 381 418:3289:232 1263 1794 
1252:850:850 
1269 1292 489 1552 1335 1132 23:10313:2331 1890 1604 992 1272 936 1288 
1428:2349:2349 
879 236 207 1256 906:3033:603 642 693 747 348 
1295 374 1062 313 563 480 370:5935:1041 536 868 1566 636 948 340 
50 1165 1069 719:5762:1410 2052 428 1872 
293 183 1258 1281 892 1541 1325:6472:894 1314 354 1038 1014 1048 810 
1152 416 1319 636:7023:1900 1947 1200 1976 
866 916 900:4101:2019 1410 672 
679 1222:2148:855 1293 
1278 1023:2846:1602 1244 
1006 1495 813 1316:5112:1480 2004 1076 552 
1076 1122:2320:1740 580 
317 953 84 893 1143 1059:8404:2110 1518 1020 860 1296 1600 
770 421 537 360 38 527:6419:1092 1698 902 478 968 1281 
431 907 1543 674 1386 78 1552:9460:546 1848 1916 1716 1180 766 1488 
1027 984 341 1456 1360:5333:1320 290 1422 1017 1284 
418 668 584:5905:2392 2046 1467 
963 1519 677 714 44 787:9798:1800 468 1668 1437 3010 1415 
144 753 1070 826:4052:282 1104 2004 662 
177 880 265 194:6703:963 1902 2644 1194 
424 927 378:2105:1124 357 624 
1343 102 1416 840 651 1233:5697:1611 1672 1034 816 292 272 
690 701:1191:762 429 
1174:1248:1248 
302 312 731:4611:1248 1197 2166 
618:798:798 
1122 1078 435 406 1454:7739:435 1248 2132 1216 2708 
512 762 679:5109:2100 2154 855 
1488 818 3:2300:1239 735 326 
486 137 253 77:5148:645 2508 474 1521 
699 310 959 742 952 1402:6672:542 532 846 1820 1048 1884 
1152 1335 998 210 992 869:5421:950 1272 892 885 630 792 
1129 434:2006:938 1068 
97 640 1116 1339:3417:318 1401 984 714 
72 1081 1264 927 138:6218:2008 1602 888 238 1482 
1380 1164 960 1410 1260 1310 1293:8622:1414 921 1203 984 260 2728 1112 
62 151 1160 1343 1420 218:8615:1374 2096 1410 1611 954 1170 
308 198 1274 152 908 1557 1340:6637:1185 522 1048 1425 375 675 1407 
1167 431 1334 652:4322:1452 546 1388 936 
882 932 915:3063:1425 552 1086 
695 1238:2841:2010 831 
1038:411:411 
1005 1015:3656:2028 1628 
1138 1108 599 249 366 189:7753:1900 1196 1640 891 864 1262 
1248 33 162 638 1275 405 1215:10467:1866 494 1503 2492 672 2564 876 
1278 1434 1139 856 812 170:8263:1602 528 1671 904 1878 1680 
193 896 280 209:5842:1446 2024 1044 1328 
1506 1117:3914:2544 1370 
1000 384:1779:1488 291 
1360 541 1163 574 1289:5106:1284 1008 600 1512 702 
854 1463 222 1536 960 771:7167:882 1845 2157 702 1203 378 
1247 432 428 810:2880:936 1230 384 330 
405:1923:1923 
1550 1361 385 1473 591:6450:1098 1320 1144 2270 618 
1494:939:939 
1400 1411:1682:692 990 
159 1167 1350 1427 225:6583:948 1452 340 1737 2106 
1230 1081 1130 1114:4954:556 1602 894 1902 
810 182 1430 1014:4047:440 1364 1803 440 
161 398 1220:1953:582 300 1071 
1336 388 704:4742:2476 1668 598 
690 1393 777 707 1250 168 391:9028:1016 1680 2800 638 1227 442 1225 
188 132 808 964 158 1433:7331:1482 1408 729 1161 1132 1419 
171 1420 1004 1280 11:8565:1587 1272 1725 536 3445 
1433 1404 895 545:4053:946 2104 238 765 
9 1084 1521 718 1367 1151:5835:1272 741 258 1305 1926 333 
551 2 185 262 618:3283:1254 274 210 747 798 
230 1012 889:2898:468 1536 894 
1066 490 1445 883 413:5467:1080 888 645 1094 1760 
1019 881 26 969:4527:2046 1062 453 966 
403 1225 569 1445 1534:5153:1108 1023 1641 387 994 
1068 865:3160:1188 1972 
519 1462 1391 376 852:4758:2103 381 618 1260 396 
745:308:308 
816 1492 90 939 656 612 383:5921:804 828 276 411 1426 1200 976 
546:1002:1002 
1369 683 1399 1022:5654:2500 1656 628 870 
1462 992 110 680 1529 1246:7274:381 1260 1592 795 2400 846 
1136 720 996 1286:4266:2648 444 462 712 
261 378 201 1023 368 1243:6422:2512 832 840 933 627 678 
1227 1476 1393 1283:5149:2188 1179 1344 438 
1416 894 1449:2328:1551 327 450 
1217 727 85 1200:4106:964 1516 944 682 
1078 595 618 229:5185:1560 822 798 2005 
402 25 1328:2799:648 837 1314 
252:1422:1422 
1144 435:1540:474 1066 
1468 1252 1048 1497 1348 1398:8640:675 1275 1182 1244 1900 2364 
243 865:2748:1269 1479 
842 665:2535:1656 879 
566 376 959:3260:1292 840 1128 
290 979 230 382 299 189:6277:948 2163 702 574 628 1262 
1255 519 1422 740:5616:735 2103 1680 1098 
873 923 906:2415:1302 765 348 
686 1228:2247:996 1251 
238 1126:2145:1476 669 
1109 454 1330 1419:2164:288 652 771 453 
1496 1226:3625:1341 2284 
737 959 504 1313 5 1479:7000:690 1128 680 2184 1206 1112 
1422 1245 923 1411:3945:840 1680 765 660 
563 1012 862 912:6370:954 1536 1956 1924 
995 1006 1522 1212:3031:630 1480 612 309 
310 1226 1196 687 337 454 277:8895:532 2855 2220 1005 420 489 1374 
1336 121:2936:1238 1698 
720:444:444 
351 441 1450 75 151 507:8056:964 510 2140 496 2620 1326 
191 1533:2792:1008 1784 
418 281 984 368 297 840:5323:1794 1371 435 418 489 816 
398 554 1403 1120 1490 848 405:8817:600 1716 1305 963 1056 1254 1923 
804 1320 1424 1008:5442:1544 1482 2094 322 
1266 917 1033 857 534:4364:450 606 730 760 1818 
312 334 1090:2461:1197 432 832 
224 607 617 1133:4819:1200 1575 824 1220 
1383 740 711 201 1410 1526:6918:1377 732 2088 840 984 897 
1291 1420 338 974 105:5037:1392 954 315 426 1950 
382 1203 548 1424 1513:5752:861 837 1650 1396 1008 
1144 1354:1219:316 903 
452 928:1896:1272 624 
226 875:2984:396 2588 
223 1006 883 1305:4665:1764 740 1641 520 
646 483 1438 463 407:6012:876 1092 1230 458 2356 
84:1530:1530 
273 989 613 357 1099 1095 334:6980:1221 310 1056 1372 1725 864 432 
527 377 427 410 554:4856:854 1236 1152 470 1144 
131 127 510:2437:862 1248 327 
1429 1253 930 1419:4376:1908 1320 846 302 
190 240:2781:2205 576 
789 40:1973:1394 579 
1089 1499 323 334:4408:1428 508 1896 576 
1143 1099 456 13 1476 1126:8778:972 1725 1940 1900 1572 669 
1279 664 593 1136 54 277:7996:1791 951 1050 1324 1506 1374 
1319 131 1046 603 94 1302:5575:1200 1293 1284 672 444 682 
547 770:2686:1230 1456 
474 1443 601 224 1526 711 707:7829:1334 1179 774 600 897 2088 957 
1483:1182:1182 
507:1326:1326 
1333 118 661 723 1360 490:4219:328 548 1320 279 856 888 
225 1274 924 1041:4220:1404 786 1506 524 
188 1530 182:4213:2470 720 1023 
625 1141 831 415 691:5009:1208 496 542 1044 1719 
711 68 1183 1087:5286:1044 1854 1188 1200 
311 201 1277 1300 910 1:6281:1242 1260 948 528 704 1599 
841 292 475 41:4767:1041 1300 1976 450 
918 648 1257 15 1330:7577:2244 1476 1584 1245 1028 
1227 1331:3637:1641 1996 
592:1374:1374 
1268 133 1168 166 1295:6703:810 544 2976 1332 1041 
765 189 1144:4458:1460 2524 474 
738 961 505 1315 6 1481:6083:1368 1060 586 1047 642 1380 
46 948:3007:1887 1120 
1088 845 682 79 662 605 1281:7610:1896 777 444 488 1680 1287 1038 
1158 569 1285 908 652 1395:7120:717 2188 1488 375 624 1728 
752 1362 120 1435:3086:441 819 842 984 
1332 1022 606 883 1172 556 899:9196:384 580 1497 1641 1548 2424 1122 
1448 1259 284 1372 490:6513:2220 1167 558 1976 592 
364 54 1196 1376 107 1049 1392:10278:1576 1004 1110 1284 1600 2904 800 
1057 481 1435 874 404 1080:6638:556 2212 984 1208 484 1194 
857 547:1990:760 1230 
1159 822 34 816 693:7319:2085 996 1252 1206 1780 
61 44 1332 383:3592:540 1204 384 1464 
1502 1365 510:1981:1458 196 327 
1063 247 243 1040 636:8314:2815 1368 2115 1028 988 
1269 1079 104 48:8242:3108 1716 2684 734 
197 260 896 27:5543:1140 1412 1518 1473 
1166 1243 41 1237:5120:1245 1130 300 2445 
1120 877 301 111:3088:642 882 288 1276 
1509 228 517 1459 245 374 850:6819:2252 444 1246 768 837 804 468 
1284 814 1490 88 1351:3977:956 963 528 302 1228 
1440:1503:1503 
338 1267 957:2811:210 942 1659 
92 968 1057 508:4367:632 720 834 2181 
961 12:1971:795 1176 
1298 1215 1104:3056:1032 1168 856 
591 1307 52 1354 539 535:6736:412 988 1600 903 1348 1485 
1384 142 1457 880:4336:912 880 1276 1268 
947 531 808 1097 481 824 1367:7847:480 216 972 1608 1659 1628 1284 
512 1081:2652:1050 1602 
888 1337 1188:1960:628 309 1023 
96 959:2052:1206 846 
550 13 849 1471 882 40:7509:1736 1425 1184 1160 1425 579 
1066:2160:2160 
330:1362:1362 
808 59:1438:486 952 
1522 1518 342 353:4164:612 1128 1192 1232 
1162 1118 475 446 1495 1145:9793:552 1731 1482 2792 2672 564 
1201 586 929 1058 1534 613:6832:1953 1020 300 1012 1491 1056 
527 177:1817:854 963 
1055 107 423 593 17:6282:861 960 825 1400 2236 
1425 1022 393 84 1226:6372:1149 870 600 2040 1713 
370 740 97 1212:1696:340 732 212 412 
940:1548:1548 
1379 923:1186:676 510 
457:1620:1620 
1086 364 986:4687:1964 788 1935 
819 590:3368:2004 1364 
1287:496:496 
621 405:1788:506 1282 
434 710 1000 384 727 1270:6123:1068 744 1488 291 1137 1395 
767 737:1485:795 690 
222 538:2469:2157 312 
220 1296:2288:1338 950 
973 663 247 524:3401:462 963 1368 608 
1366 1189 453 1356:4652:1530 540 2008 574 
507 956 807 857:4351:1768 657 786 1140 
79 967:1306:976 330 
951 295 1171 1261:5339:1110 1767 1998 464 
1435 1164:3011:1476 1535 
675 898 442 1252 1501 1418:10011:2680 1252 1251 1700 2012 1116 
715 365 482 305 1541 472:6172:614 1482 408 1268 2096 304 
119 36:2523:1263 1260 
589 1332 1328 153 163 679 369:8648:1464 512 1752 1476 1362 855 1227 
786 1396 154 1469:3075:531 1054 730 760 
543 820 1109 493 836:3630:867 399 192 1458 714 
337 1546 104 1485:3374:560 432 1342 1040 
1020 111 1453 803 1252:6994:196 1276 1776 2046 1700 
478 1193 1230:2164:1560 326 278 
1314 671 228 1276 927:4098:244 2160 444 774 476 
914 804:3026:1868 1158 
724 1240 1344 928:4485:2192 838 831 624 
1134:987:987 
136 812 968 258 1534 1490:9968:2115 3130 960 1216 1491 1056 
175 1423 1007 1284 15 957:9302:1472 1383 1556 1434 1245 2212 
782 312 988 1558 848 566 522:7267:830 1197 1264 1197 1254 646 879 
336 346 862:3237:606 1164 1467 
652:1248:1248 
469 26 1488:2807:964 604 1239 
785 702 1006:4509:1194 2205 1110 
1511 1255 440 436:2841:711 735 504 891 
134 1049 1020:4581:1383 2904 294 
333 982 766 976 1425 1276:6959:1052 2260 432 651 1532 1032 
233 1016 893 1315:3560:952 696 516 1396 
996 1167 590 1545 984 514:5672:462 1936 682 1656 290 646 
58 441 37 967:2852:874 306 1232 440 
1217 574 131 1179 830 946:8424:723 2016 862 1449 1796 1578 
620 4 1492 477 953 1176 720:5551:268 1228 828 465 1518 948 296 
325:888:888 
768 192 2:2103:992 837 274 
9 1483:2454:1272 1182 
576 1318 1314 139 149 665 355:5402:390 712 488 963 1434 879 536 
676 1285 43 1358:4644:1836 1116 924 768 
709 998 382 725:2563:212 446 861 1044 
80 956 1045 496:5321:2055 657 2013 596 
852 1461:2416:528 1888 
1189 1105 995:2388:540 1428 420 
1162 319 357 1245 429 839:5352:552 849 1372 1680 548 351 
33 1347 1185:2466:741 921 804 
176 399 1501 752 1002:5403:1278 495 1509 588 1533 
1351 802 985:3488:1535 1548 405 
1361 1172 196 140:5868:1320 2064 1824 660 
1305 290 352 989 119:3029:312 632 357 465 1263 
396 74 563 1438 1528:4808:1172 891 954 492 1299 
1159 1369:3265:1390 1875 
943:1284:1284 
460:568:568 
1313 936:2929:1456 1473 
250 1153 470:4548:2072 392 2084 
2 983:867:411 456 
124 147 1316:1374:618 342 414 
41 451 834 430 1360:5664:600 972 1692 688 1712 
517 673 1522 1239 51:7521:2492 1916 1020 818 1275 
11 1113:1759:1378 381 
1408 647:3060:1503 1557 
460 963 414 597 260:7171:852 1800 1972 1488 1059 
743 593 643:2217:489 1050 678 
1040 623 900 1189 574 917:6439:514 1352 1344 405 2016 808 
1077 368 85 41 956:4637:2109 627 944 300 657 
1410 1539 457 1093 224 1033:8235:984 1989 1620 1647 900 1095 
1546 1103 1008 658 775 598:4957:432 904 322 1976 525 798 
814 65:2970:963 2007 
468 1211 62 445 42:8118:1272 2085 1374 1860 1527 
1067 1011 129 285 1134 851:7117:1348 1142 837 987 987 1816 
625:906:906 
573 1315 1311:4095:1242 1047 1806 
199 1435:1578:594 984 
675 99 1468 492 436:6201:2010 1293 675 1332 891 
1258:354:354 
303 1018 642 386 1129 1125 1507:7670:946 495 897 1200 1407 1732 993 
107 556 406 456 440 583:5019:640 1212 608 1455 252 852 
146 24 446 1482 479 50:9130:2145 614 2094 590 1572 2115 
697 1146 996 1046 1030 759:6408:702 1892 616 642 1892 664 
1069 227:1544:428 1116 
310 1518 77 314 1136 480:8110:532 1128 1521 1017 2648 1264 
384 860 1083 627 1437 128 45:4619:194 1362 356 900 1316 200 291 
295 1410 900:4348:2356 984 1008 
108 157:3024:1500 1524 
216 278 915 45 854:6531:1986 1992 1086 291 1176 
1557 488 1364 1453 904:4858:450 882 1192 1776 558 
921 1358 555 1204 987 1198 89:9436:992 1152 2140 898 1392 1980 882 
1494:1252:1252 
945 302 1417 1322 972:10225:880 1872 3485 2408 1580 
1361 26 1128 379 629 546 436:7271:990 302 882 2788 212 1503 594 
1165 1535 892 449 1498 1148:11579:2052 1527 2028 2772 1688 1512 
393 616:1812:800 1012 
1289 447 70 1372 557 553:6824:936 2020 346 1482 972 1068 
1329 1472 524 840 596 20:7957:1252 1965 912 816 472 2540 
224 940 563 307 1050 1046:6164:900 2064 954 807 476 963 
1142 1285 337 653 410 1392:7505:2228 1488 420 2024 705 640 
1182 753 376 1265 449 859:6983:1088 1104 840 411 2772 768 
174 1462 513 829 1000 424:4781:628 381 428 798 1984 562 
1039 1449:1065:465 600 
1016 280 1183 501 590 41 224:6072:696 1044 594 1024 1364 450 900 
228 1330 581 831:3228:592 771 1052 813 
814 477 1247 471 1492 770:5936:642 775 1248 435 1380 1456 
1028 811 608 1057 907:5640:1254 2064 256 834 1232 
1394 551 175 1477:7304:916 1881 2944 1563 
48 724 1294 585 302 258:9930:1101 2740 1041 1960 1872 1216 
1070 654 930 1220 604:7052:2672 1484 564 1428 904 
215:282:282 
398:600:600 
635 806:2621:777 1844 
1424 675 925 842 731 249 272:13733:2792 2680 453 1656 2888 1188 2076 
648 139 1347 1464 143:5927:984 1284 614 1656 1389 
1321 839 862:3513:1323 234 1956 
1145:564:564 
1455 519 1488:4743:1401 2103 1239 
493 449 220 1335:5639:972 2079 892 1696 
1452 649:3664:2200 1464 
532 1475:4197:2073 2124 
487 1109 520 1235:3853:1428 288 1623 514 
1299 829 1505 517 1366:7176:1048 1197 1022 1869 2040 
850 979 1455:5454:702 2884 1868 
363 241 663 141:5411:1272 1028 963 2148 
234 1322 440:2650:942 1204 504 
536 453 343 1418 1441:5170:1420 1004 1236 558 952 
952 177 54:4908:2620 1284 1004 
1192 1136 254 410 1258 975:7085:356 2648 218 705 354 2804 
1272 1376 960 823 1526:7074:1302 1284 1203 2388 897 
1549:1180:1180 
844 1000:2684:1196 1488 
1226 1010 806 1256 1106:7499:2284 1431 1383 1245 1156 
720 132 847 471 215:3858:296 1056 1362 580 564 
997 421 231 814 344:5866:1290 1132 1494 642 1308 
637 21:1357:495 862 
1410 274 1310 308 1437:7259:1312 1442 2728 790 987 
491 1100 1416 29 1011 408:5917:1280 426 1551 676 1142 842 
68 478 861:5254:1854 1040 2360 
924 188 1090:4236:1506 1482 1248 
304 914 1230 986:3944:975 1401 278 1290 
337 1040 425 354:3871:420 771 1004 1676 
487 990 441:5164:2380 2376 408 
1504 262 18 1000 811 1393:6180:1144 996 1344 992 1032 672 
1543 1287 472 468 851 861:6344:958 744 456 954 1816 1416 
1484 536 852 609 32 1401 425:7500:504 1420 396 1491 1557 1128 1004 
1048 925 1347 825 1380 952 575:12444:1182 604 1535 2108 2828 1572 2615 
40 489:1589:386 1203 
223 152 695 1172 1394:7147:1764 1425 2010 1032 916 
337 1546 104 341 1163 508 1384:8234:420 324 1342 1422 450 2908 1368 
1427 411 888 1110:3432:1158 285 471 1518 
2 505 1514 139 1360 572:5439:274 1172 444 963 1712 874 
856 53 1116 899:8178:2260 2572 1476 1870 
639 263 7 749 745:8132:2468 1346 1896 1960 462 
606 136 812 1382:6640:1996 2115 1878 651 
254 383 859 1496 626 1338 30:6419:327 1464 1024 1341 720 802 741 
1558 1263 980 936 293 1408:5747:798 644 628 982 1192 1503 
453 316 1019 403 333 876:6512:1506 708 2046 554 789 909 
434 590 1439 1156 1526 883 440:8978:1068 1364 1168 1364 1196 2188 630 
840 1356 1459 1043:3303:1088 861 768 586 
111 1347:1890:1276 614 
587 11 1380 404 348:7556:1704 2067 2121 968 696 
750 1266 956 540 817 228 1170:4526:1038 675 657 178 570 444 964 
1193 218 1306:3759:489 2340 930 
1047 1297 1213 1103 621:6308:2300 948 1623 678 759 
1280 1357 155 937:6677:1072 2140 1374 2091 
820 991 415 1369:5516:266 1809 1566 1875 
25 728 112 42 584 1061:6749:837 750 800 1527 1956 879 
1138 495 52 1100:3656:950 1080 1200 426 
1337 428:565:309 256 
655 518 1221 605 535:5833:1242 735 1084 1287 1485 
642 132 1341 1457 1281:10020:897 1408 2568 2552 2595 
1497 748 998 915 1218 736 758:9195:1244 812 669 1629 1715 1980 1146 
1504 1154 1271 1094:7694:1144 1695 2043 2812 
418 202 412 861:5333:2392 1220 777 944 
1537 867 52 462 844 855:7226:1014 716 1200 1140 1794 1362 
1064 116 432 602 26 981 419:9773:416 3036 1230 1194 453 944 2500 
1041 919 1341 819 1374 532 569:9719:262 594 2568 1002 1032 2073 2188 
1178 483:2706:1614 1092 
217 146 689 1165 1388:4755:378 2145 624 1026 582 
795 473 962 279:4287:528 375 1308 2076 
659 510 559 543:5114:2112 327 2097 578 
653 1169 859 443:3368:1012 1132 768 456 
776 747 237 1446 4 1385 1063:9700:1454 1053 1476 944 1228 1293 2252 
533 822 206 550 679:5127:870 996 1104 1302 855 
146 50 1259 1375 1199 462:9575:2145 2115 1167 1197 1431 1520 
830 214:1942:898 1044 
370 1406 403 1119:3130:340 424 554 1812 
589 427 1381:3426:1464 768 1194 
160:1116:1116 
643 27 1515:2886:1017 1473 396 
1442 905:2338:610 1728 
410 666:962:470 492 
224:900:900 
420:1236:1236 
70 453 463:2539:346 1506 687 
1229 586 557 47 1256 1372:5603:711 510 972 932 996 1482 
1266 184 820:2336:675 1262 399 
1070 650:2440:1336 1104 
883 587:2230:1094 1136 
1110 893 1103 1553 1403:5122:1012 688 1130 987 1305 
1400 25 1246:2375:692 837 846 
1124 718 115 697 1317:4247:459 1740 236 936 876 
167 1469 654:2677:424 1140 1113 
251 22 1137 627 278 394 217:10594:1820 1612 1630 1500 1992 1662 378 
334 1276 61:1869:432 1032 405 
85 1107:1676:708 968 
841 198 169 1217 868:5630:1041 348 1520 723 1998 
335 1024 275 524 441 331:7722:2037 1510 1833 608 204 1530 
1397 661 6 881:3218:548 1320 642 708 
558 169 818 602:4202:600 1520 490 1592 
1185 342 379 1268 452 862:7631:1072 1192 1394 810 1696 1467 
735 492 330:3774:1080 1332 1362 
174 1355 1099 284 280:5204:942 360 2300 558 1044 
760 916:2080:670 1410 
1022:1160:1160 
192 1480 531 848 1018:2999:558 786 324 836 495 
1155 6:1972:1116 856 
339:526:526 
522 79 1128 778 895:5666:586 976 1764 1864 476 
655 173:2037:1242 795 
882 479 995 1099 682 545:6086:950 1572 630 1725 444 765 
1019 43 1545 663 819 110:7293:1364 924 1242 963 2004 796 
304 1446:1772:1300 472 
115 470 108 1130 408:6511:472 2084 1500 1192 1263 
447 497 481 624 1234 1550:7030:1515 1011 2212 870 324 1098 
162 584 62 617 189 1370 701:8675:1503 978 1374 618 1893 1880 429 
744 528 738 1187 1037:5028:1442 704 1026 1648 208 
365 402 1291:4263:2223 648 1392 
448 99 215:2942:795 1724 423 
119 103 1390:2387:842 507 1038 
569 1511 1440 425 901:5700:1641 711 1503 753 1092 
28 1410 1087 18:3888:1436 656 900 896 
931 727 1177 1027 1077:7338:1044 1516 909 1760 2109 
445 1148:3372:1860 1512 
1165 389:2193:1539 654 
10 1285 97 1012 569 1521:6190:1052 744 318 2048 1641 387 
1123 1052 37 513:3777:1113 1004 1232 428 
505 1009 460 643 306:8892:1172 2224 1136 1356 3004 
339 788 639 689:3870:789 294 1851 936 
782 1298 988:3283:1245 774 1264 
220 1096 1185 636:4814:1338 1416 1072 988 
1279 1262 1405 457:5038:1791 715 507 2025 
330 20 1162 1439 170:7614:1362 2032 1104 876 2240 
1495 1052 956 607:4572:1336 1004 657 1575 
277 167 1243 1265 876 1525 1309:6392:916 318 678 411 606 1474 1989 
1136 400 1303 620:4508:2648 828 496 536 
851 901 884:3434:1362 1092 980 
1206:1971:1971 
1007 191 187 984 580 1096:6799:1556 1512 952 435 928 1416 
1213 1023 48 1550:5608:2164 1244 1468 732 
849:1184:1184 
460:852:852 
1084 1466:2009:741 1268 
914 232:2307:1401 906 
627 571 1247 1403:3801:1200 672 624 1305 
215 465:2663:423 2240 
1260 498 95 611:2817:390 1344 777 306 
729 286 1334 985 1101:4775:666 504 1041 540 2024 
558 862 379:5194:450 1956 2788 
1111 296 292 675:3266:432 174 650 2010 
928 219 1494 1450 808 779 269:8672:936 904 939 1605 486 1670 2132 
1014 704 288 565:3633:220 897 2180 336 
1407 1231 494 1397:5379:345 2812 1400 822 
645 1095 945 898:5089:1839 864 1760 626 
1078 675 46 1294:6186:1248 2010 1887 1041 
768 259 1467 26 263:6137:992 1436 1388 302 2019 
1344 862 885:3895:1108 1467 1320 
110 1265:1207:796 411 
1481 426 1435 60 1281 493:8042:690 440 1968 1896 2076 972 
376 1452 1475 672 177 1518:8562:1260 1650 1416 1260 1284 1692 
313 669:3292:2610 682 
1528 540 1389 1106 1062 419 390:8421:1732 267 1016 578 868 1875 2085 
790 1305 996 580:2952:426 208 462 1856 
1234 884 1001 824 88:5112:216 1470 938 2035 453 
1446 1057:1500:944 556 
940 325:1920:1032 888 
181 58 481 1517 514 1230:5015:480 874 1659 432 1292 278 
318 1181 1031 1081 1064 794:5398:1380 1224 872 1068 416 438 
86 771 235 1071 135 1104 262:9373:2180 567 1836 988 1522 1284 996 
1532 1037 820:1725:777 416 532 
1049 1060 18 1266 850:6410:2904 1008 896 900 702 
53 623 1472 1189 1146 503 474:9225:2572 1014 786 270 946 969 2668 
863 873 1389 1079 663:7668:1650 1736 2032 1287 963 
178 1093 650:2943:468 1647 828 
377 1026 810 1020 1469 1320:6520:1236 1548 440 294 1520 1482 
1040 797 634 31 614 558 277 1060 937 1359:12478:771 1636 940 1068 2055 300 916 1008 2788 996 
1246 485 81 597:4160:846 1167 1155 992 
175 1223 874 990:5218:1472 464 906 2376 
1144 648 432 228:3466:316 1476 1230 444 
1098 282 278 661:3777:789 340 1328 1320 
915 205 1480 1437 794 765 255:6304:1629 1024 786 987 438 1095 345 
1000 691 275 551:6409:992 1719 2444 1254 
1394 1217 481 1383:4915:1374 964 1659 918 
535 984 834 884:5646:1485 435 2256 1470 
1064 661 33 1281:4034:416 1320 741 1557 
754 245 1453 12 249:4725:946 1116 1184 588 891 
1331 848 871:4635:1497 1254 1884 
96 1251:2778:804 1974 
1467 413 1421 46 1268 479:9150:1388 1760 1620 2516 1080 786 
363 1438 1461 658 163 1505:6973:954 738 944 988 1816 1533 
300 655:3032:2204 828 
526 1375 1092 1048 406 376:6957:808 1197 874 1182 1216 1680 
982 566 842 1132 516 859 988:8289:1695 1292 1104 1248 662 1024 1264 
729 125 1122 652 1328 1484:5034:999 1284 435 936 876 504 
795 379:2098:704 1394 
346 529 192 962 186 63 485:9614:1552 1640 837 654 1227 2148 1556 
942 460 483 93:5020:1628 1420 1092 880 
1448 1192:2754:2220 534 
1498 1175 106 982 1485:7559:1688 1268 1563 2260 780 
1050 1073 270 1333 1116 912:8060:714 2628 826 492 1476 1924 
1295 1372 170 1366:5157:1041 1976 1120 1020 
1249 1006 430 241:3340:540 740 1032 1028 
600 1076:2480:1320 1160 
284 1319 317 1446 1070 400 1143:7682:558 1200 1688 708 2004 552 972 
437 887 737 787:3045:698 1038 460 849 
213 956 1366 190 1345 717 407:11411:291 657 1530 2205 2169 2792 1767 
313 923 1239 996:3712:1566 1020 818 308 
347 1050 434 363:3970:678 952 1068 1272 
1276 593 1097 548:5488:1032 1050 1206 2200 
903 1513:2860:1852 1008 
826 743 1047:3207:993 489 1725 
1552 1296 481 477:6065:1488 1900 2212 465 
175 1090 1061:4335:2208 1248 879 
374 1023 807 1017 1466 1317:6618:536 1244 786 1032 1268 1752 
16 372 1154 1031 1453:8968:2238 2944 1356 654 1776 
349 399 382 112 721 1037:5104:1296 495 861 400 1740 312 
457 495 1383:2835:810 648 1377 
541 191 308:4209:1008 2016 1185 
212 195 1483:2834:602 1050 1182 
45 1533 518 994:2988:388 1338 980 282 
100 1002:3994:1950 2044 
898 736:1814:626 1188 
1348 1238 755 778 389:7411:1425 1108 2172 1398 1308 
1072 535 1371:4041:688 1485 1868 
269:1599:1599 
520 1262 1258 83 93 609:6885:1623 572 472 2199 528 1491 
620 1229 1545 1302:3037:402 711 1242 682 
653 942 326 669:4935:1012 1221 1338 1364 
900 989 440:2187:1344 465 378 
1405 163 334 1316 713 151:6242:676 1362 576 276 1256 2096 
1166 763:2574:1245 1329 
933 1116 779 1549:6316:2500 1968 668 1180 
98 1386 437 753 510 348:6340:1392 1180 1396 1472 436 464 
963 959:2196:1350 846 
204 693 11 514 1523 148:9886:1465 1068 2756 1292 1184 2121 
1057 1361 878 901 98:6368:556 1320 1810 1638 1044 
1194 658 1494:3842:1108 1482 1252 
182 858 1427 718 435 392:8736:1364 1680 2316 1305 1599 472 
572 1514:1533:1311 222 
112 1148 146 1275:5129:800 1512 2145 672 
1242 772 1448 46 1308:6549:758 1089 1480 1258 1964 
1398:1182:1182 
392 1322 1012:3302:472 1806 1024 
147 1023 1112 563:4707:456 933 2046 1272 
919 1528:3353:1188 2165 
1256 1172 1062:3928:996 2064 868 
1229 386 10 1312 496 492:5124:948 1200 526 855 596 999 
1365 1509 560 876 633 57:5011:294 2252 702 909 414 440 
849 261 976 600 344 1086 1082:9242:888 1884 434 1320 1308 1964 1444 
636 846 1295 1145 1195 1179:7382:1482 1216 1041 846 1348 1449 
762 1185 663 1218:5668:2872 804 963 1029 
860 1536:2064:1362 702 
457 241 354 803:5378:1215 1542 1257 1364 
18 907 91 501 884 480:7274:1344 1232 1512 768 1470 948 
1009 847 244 826:5724:1668 2043 1020 993 
448 377 920 1396 61:4315:795 1648 548 1054 270 
1203 1026 703 1192 510:6076:1116 1548 2264 712 436 
1356 861 644:3035:1148 1416 471 
873 884 1400 1090 674:7490:1302 1960 692 1248 2288 
91 1007 977:2592:1008 1167 417 
388 1037 821 1031 1480 1330:5202:1251 416 1324 654 786 771 
288 1070 948 1370:7214:1090 2004 2240 1880 
1124 548 1503 941 471:5604:612 1100 2084 1518 290 
862 246:2220:978 1242 
102 1538 402 1438 435 1151:5969:1254 1262 648 984 1599 222 
142 1005 855 905 889 618:6684:1320 1014 1362 1296 894 798 
837 249 964:3630:894 1188 1548 
671 442 1557 1047:5148:1080 1668 675 1725 
871 375:2253:1413 840 
188 465 754 138 481:8195:1482 1680 1892 1482 1659 
79 1288 1404 1228:4103:732 1068 1052 1251 
552 335 545 995:3654:432 2037 765 420 
489 113 1001 185 595 978 988:8251:1203 1239 1407 210 1096 1200 1896 
1468 1198 249:3771:900 1980 891 
233 709 932:2744:1428 212 1104 
1052 1474 952 1508:4852:753 1158 1048 1893 
729 673 1349 1505:5348:1332 1437 1046 1533 
1066 317 567:5056:1620 1266 2170 
506 1129 540 1255 879 623:5875:1380 1876 267 735 603 1014 
1458 43 653 969:6408:2172 924 2024 1288 
1308:1473:1473 
1558:1596:1596 
320 942:2653:1839 814 
802 919 742:3349:1548 891 910 
157 606 456 409 393 536 1146:8176:1524 998 1455 1470 600 710 1419 
972 197 74:3489:1185 1710 594 
67 1155 273 429 134 1409:5453:658 1488 814 822 1383 288 
1390 81 1556 1446 963:6068:1038 1540 982 708 1800 
162 1383 594 1377:4118:1503 1377 220 1018 
1260 1017 441 251:2508:260 1032 306 910 
990:1188:1188 
507:884:884 
553 644 1360 983:3194:712 314 1712 456 
714 431:1983:1437 546 
21 4:3135:1293 1842 
1379 71:1688:676 1012 
1378:438:438 
696 559 1262 646 576:5090:532 2796 715 657 390 
76 1285 1401 1225:4322:906 1488 564 1364 
962 746 542 992:4194:1308 1446 810 630 
1082:722:722 
1392 456 1426:5360:480 1940 2940 
334 290 1205 1176:3966:576 948 1494 948 
1449 1338 856 1293 490:4052:450 802 1356 556 888 
370 792:2965:850 2115 
247:684:684 
725 430:1554:522 1032 
952 736 946 1395 1245 1295:7864:1572 1188 1578 1152 1680 694 
1089 203 985 863 1285 763:6035:1428 242 270 1650 1116 1329 
277 327:2698:2290 408 
876 128:906:606 300 
1172 410 7:3201:1548 705 948 
739 417 906 223:6065:1728 1521 464 2352 
454 503 487:2087:489 646 952 
387 664 953 337 680 1223:6040:1868 951 1518 560 795 348 
720 691:2163:444 1719 
771:567:567 
1213 131 354 1456 707 957 1553:8608:1623 1293 838 1017 638 2212 987 
121 1396 208 1123 680 171:10812:2830 2108 1744 1484 530 2116 
1233 1163 148 624:4705:544 300 2121 1740 
1347 1530 1193:1583:614 480 489 
827 251 62 644 588 1264:6883:528 1820 2061 314 828 1332 
538 1281 1276 101 112 627 318:7462:624 2076 1032 390 600 900 1840 
735 1344 103 1417:3373:810 831 338 1394 
492 768 1057 442 785:5488:999 1488 556 1251 1194 
286 1494 53 1434:4074:1008 1252 1286 528 
206 855 639 849 1298:8589:1472 1816 3085 1184 1032 
765 1188 666 1221 379 416:7354:1095 1023 656 542 2091 1947 
1352:1812:1812 
686 470:2370:1328 1042 
1490:528:528 
1020:196:196 
538:312:312 
1390 1014:1022:692 330 
327 1230 548:2821:204 417 2200 
1540 964:3713:2552 1161 
202 225 1394:4151:915 1404 1832 
119 528 911 508 1437:6539:1684 528 1488 2181 658 
595 751 42 1317 129:5713:548 1137 2036 876 1116 
1423 88 1190:2580:1383 453 744 
1353 631 1253 664 1380:6568:1612 564 1320 951 2121 
847 1457 215 1530 953 764:8582:2043 2552 423 720 1518 1326 
35 1337 522 518 901:4916:1110 309 879 980 1638 
1154 445:2877:1017 1860 
967 751 961 1410 1261 1311:5188:330 1137 795 656 464 1806 
1518 316 1001 878 1300 778:8009:2256 708 1407 1448 792 1398 
293 343:2840:1192 1648 
1347 892 143:2554:614 1014 926 
365 1081 1118:5022:2223 1068 1731 
1202 559 116 1164 815:8959:1514 2796 3036 921 692 
899 789:3910:1122 2788 
1232 816:1449:645 804 
884:980:980 
1177 562 905 1034 1510 589:5715:909 336 864 1587 555 1464 
907 265 1380 1284 934:8252:1848 1322 2828 1434 820 
1323 1546 1090 342 591 508 398:7635:2204 216 832 1490 412 2181 300 
1400 758 315 1363 1014:5136:519 2292 534 1461 330 
1181 1098 988:3540:1224 1052 1264 
1154 312 1493 1237 422 418:10611:1356 1596 1506 1467 2892 1794 
1291 1434 486 802 559 1541:8482:1392 704 645 1548 2097 2096 
186 902 525 270 1012 1008:6194:1227 546 1064 826 2048 483 
1052 476:2470:502 1968 
140 390 306 196 1272 150 905:10770:660 2085 2253 1368 1302 1806 1296 
113 17 1226 1342 1165 429:10423:1652 1677 2284 2175 1539 1096 
203:484:484 
1391 762 452 36 1457 602 1545:10076:618 2154 1272 630 2552 1194 1656 
968 1285 1041 879 276 858 802:6665:720 1116 524 603 1410 1260 1032 
849:888:888 
639 1142 593 776 439 1209 433:11956:1234 2228 700 2908 2536 982 1368 
789 1092 610:6144:2788 1748 1608 
137 1439 624 620 1002:6131:1881 876 1305 536 1533 
1256 547:1567:747 820 
1069 853 1063 1512 1362 1412:6122:321 2025 1126 194 1092 1364 
1543 61 417 1199 1077 1499 977:8764:1916 270 1521 1908 2109 762 278 
696 719 330 979:5916:266 1404 1362 2884 
1346 503 540 1429 613:5436:1296 646 178 1908 1408 
653 490 1445 470 414 1090:6251:1012 1184 258 1563 986 1248 
550 654:2849:1736 1113 
45 1066:1371:291 1080 
800 571 128 1176 827:3500:1176 448 400 948 528 
498 801:2862:1344 1518 
624 1140 830 414:4173:870 970 1347 986 
747 718 208 1417 1533 1357 1034:11418:1404 1305 1308 2788 892 1605 2116 
1298 1427:2511:774 1737 
715 339 1227:3658:1228 789 1641 
449 565:2751:2079 672 
695 865 289 1244:4235:1340 1479 753 663 
505 1447 1377 362 838:7066:879 1677 1018 2148 1344 
198 1406 1523 202 1024 368:5747:522 530 888 915 2265 627 
651 874 418 1227 1477 1394:7722:584 906 1196 1641 1563 1832 
788 439 555 378 56 545:5145:196 1902 1605 416 516 510 
95 12:1659:777 882 
565 1308 1304 129 139 655 345:7421:672 1964 504 837 963 1242 1239 
762 1372 130 1445:4244:2154 988 844 258 
519 796 1085 469 812:7542:2804 723 788 723 2504 
313 1521 80 1461:5862:2088 516 1370 1888 
622 233 882 666 876 1325:7060:438 2380 1900 656 606 1080 
1076 1259 922 133 916 793:8015:1740 1167 2100 544 940 1524 
28 677 461 257 1120:7060:2154 1668 1972 303 963 
1010 74 1043 201 1383:6551:1431 891 1172 1680 1377 
168:663:663 
954 750 1200 1050 1100 1083:4942:1332 1038 1023 714 568 267 
764 42 664 76:5527:2652 1018 951 906 
758 288 964 1534:5619:1719 1635 774 1491 
182:1023:1023 
389 678 62:5706:981 2664 2061 
628 79 262 339 695 1477:7978:711 976 996 1052 2680 1563 
1288 379 162 372:5600:534 2091 1503 1472 
12 422 805:4650:882 2169 1599 
1291 1408 87 908 253:4950:1856 1002 1368 250 474 
686 709 320 969:3828:996 318 1226 1288 
116 1418 603:3786:2277 837 672 
1454 1104 1221 1044:5418:2708 1284 542 884 
782 566 362 811:5932:1660 1292 1432 1548 
1487 1231 416 412 795 805:7476:340 2109 1947 777 704 1599 
1428 480 796 553 1534 1345 369:11483:3132 1264 723 1068 1491 2169 1636 
869 1291 769 1324 896 519:8307:1584 1856 408 1344 1012 2103 
283 333 317 46 656:10085:1479 1052 844 3145 3565 
440 1182 34 417 13:4892:504 816 626 1521 1425 
1202 919:4973:3785 1188 
1160:1410:1410 
1536 1199 411 1193 1070 1493 971:7118:468 1431 190 489 2004 1506 1030 
585 405 295 1370 1393 1004 95:9667:784 1923 2356 1410 1008 1150 1036 
947 625 1114:4104:360 1208 2536 
741 1351 109 1423:3746:423 921 1480 922 
234 1376 95 384 1326 111:4764:1413 642 518 291 624 1276 
151:2096:2096 
661 471 1054:3100:1320 435 1345 
288 977 228 477 394 284:4286:1635 417 444 310 1108 372 
1527 1350 614 1517 835:6405:2440 340 2055 324 1246 
414 25 674 458:5284:1972 1116 1144 1052 
198 235 1124 308 718:5022:696 1224 612 1185 1305 
882 1038:1361:950 411 
1558:1596:1596 
1408 100 16 1464 982:8471:1503 1560 1492 1656 2260 
83 1304 516 1298:4397:2199 504 662 1032 
1278 1035 459 270:2854:1068 606 354 826 
1008:322:322 
525:1064:1064 
1251 663 1378 1002:5420:2632 963 292 1533 
195 1551 563 1411 1129:5150:1400 868 954 990 938 
345 821 1458:3943:1652 662 1629 
505 1287 1165 29 1065 62:8099:879 744 2052 1352 1011 2061 
532 516:2735:2073 662 
1178 430 679:5400:3228 1032 1140 
197 619 97 652 1368 1405 735:11269:2850 1744 424 1560 3205 676 810 
779 563 359 1222 1072:5398:1336 954 696 1724 688 
400 23 1325:2874:828 966 1080 
250:1554:1554 
1142 433:2355:1671 684 
1369 1153 949 1398 1249 1298:6702:1875 294 1239 1182 1080 1032 
241 863:3192:1542 1650 
840 663:1779:816 963 
563 374 957:4020:1272 536 2212 
191 880 131 380 297 187:5981:1512 1902 1293 472 326 476 
1519:468:468 
554 510 1425 982:4880:1144 327 1149 2260 
194 111 1558 1076 1099 710:11546:1791 2552 1596 1740 2875 992 
233 1136 454 543 1552 177:6611:1428 1986 489 578 1488 642 
108 131 1300:3210:1125 1293 792 
25 21 817 414 929:4858:1116 1293 570 1479 400 
598 754 1506 1223 1179:6925:798 1419 2544 232 1932 
72 134 771 1459:3952:1506 922 756 768 
1117 1473 1111:3993:2055 1362 576 
1344 635:1349:831 518 
508 1157 941 1151 42 1450 1500:12266:3635 1362 1518 333 1018 2140 2260 
671 854 52:3408:1620 588 1200 
943 382 1470 588:4017:856 861 1748 552 
1076 61 538 760 305 1114:7913:1740 405 624 1340 1902 1902 
1530 1087 577 228 344 581:6166:1200 1200 962 444 1308 1052 
1350 895 146:2008:340 238 1430 
368 1084 708:3200:627 494 2079 
791 562 119 1167 818:4881:786 224 1684 1452 735 
488 792:2592:1323 1269 
615 1131 821 405:3659:478 906 993 1282 
738 709 199 1408 1524 1348 1025:7514:1368 318 891 2004 472 1425 1036 
1289 1418:1539:702 837 
706 330 1218:6690:3275 2043 1372 
440 556:2802:378 2424 
685 856 280 1235:3789:618 1356 1044 771 
496 1438 1368 353 829:4588:447 738 1282 924 1197 
189 1397 1514 193 1015 359:7408:1893 1096 333 2169 1221 696 
642 865 409 1218 1468 1385:7573:1196 1479 1470 1029 675 1724 
779 429 546 369 47 536:5884:668 822 1002 818 1864 710 
86 3:2287:1635 652 
556 1299 1295 119 130 646 336:10855:3030 2096 1735 1263 1266 657 808 
753 1363 121 1435:4681:1104 1461 1132 984 
510 786 1076 460 803:4916:327 531 1160 852 2046 
304 1512 71 1452:4803:1300 291 1012 2200 
224 873 657 867 1316:5936:1200 1736 1512 1074 414 
784 1206 684 1239 397 434:5149:300 1971 512 818 747 801 
151 135 1422 474:7353:1048 3044 1260 2001 
1347 931 794 1497:5329:921 1044 876 2488 
312 1520 79 1460 1137 68 944:9562:1596 1269 976 1245 1304 2472 700 
988:1896:1896 
925 1307 1318 276 1427 1011:6047:604 494 534 2115 1158 1142 
785 315 991 3:3821:1592 534 1206 489 
209:664:664 
608 1551:818:384 434 
1284 149 1185 182 1311:7986:1912 1912 1072 682 2408 
462 1072 1388 1558 982 379:5987:760 1032 873 798 1130 1394 
40 450 832:4785:772 1208 2805 
1221 1338 17 839 183:5670:1084 802 2236 234 1314 
713 736 347 996:4366:1884 1188 678 616 
143 1445 630:3336:1389 387 1560 
253 370 193:2260:474 340 1446 
380 70 1212:1915:708 692 515 
754:1892:1892 
1220:1071:1071 
1257 175 398 1500:5218:1188 1472 750 1808 
641:2226:2226 
1540 1363 1040 1529:4478:1276 974 1028 1200 
845:1036:1036 
895:357:357 
964 654 238:4139:1548 1484 1107 
754 205 388:5096:1892 1536 1668 
1004:2875:2875 
975:2804:2804 
1414 505:1351:765 586 
1025:1295:1295 
230 267:1736:936 800 
1070 360 78 448 1363:5898:2672 956 766 530 974 
631 1440:1926:423 1503 
165 1319:1490:590 900 
1536 481 1490 115 1336 548:7666:468 2212 1056 354 2476 1100 
225 528 46 68 824 328 112:7168:1404 528 1887 1236 814 699 600 
1084 761 1250 568:4922:741 867 818 2496 
53 36:2874:1929 945 
103:507:507 
502 1444:2733:1767 966 
43 1078 76 1205:5374:1540 936 906 1992 
1172 702 1378 1534 1238:6016:1548 2205 438 994 831 
1425:766:766 
323 1252 942:4185:1264 1700 1221 
557 8:2211:729 1482 
807 1483 81 929 646:3433:524 1182 770 300 657 
1197 581 511 1053 1530 194:7553:1716 1578 384 1364 720 1791 
1236 1193 964 521 11 1220:10084:2464 652 1548 1950 2756 714 
1084 1373 757 1101 85 148 784:9320:494 2756 717 2024 708 2121 500 
551 268:2802:1881 921 
1074 857 1067 1517 1367 1417 1400:9542:2695 1140 674 324 1926 2091 692 
266 355 1364 1547 66 422:9477:594 536 1192 1696 3290 2169 
1447:2236:2236 
75 551 774 318 1127 1377:8237:496 2508 1398 1380 928 1527 
241 358 595 1417:7189:1542 2037 822 2788 
459 309:2430:354 2076 
1364 908:846:596 250 
442:1668:1668 
349 971:2409:864 1545 
831 948 771:2871:813 1680 378 
1272:868:868 
606 390:2388:998 1390 
419 696 985 369 712 1255:7543:2500 399 405 1227 2277 735 
752 723:720:441 279 
304 620:1186:650 536 
926 1175 1092 982 499:6218:315 951 1748 1695 1509 
1159 1236 33 816:7300:2085 2464 741 2010 
699 870 293 1248:4897:1084 1053 894 1866 
1245 163:3042:1680 1362 
157 1045 229:5248:2032 2013 1203 
712 203 1411 1528 207:6172:3036 484 660 1299 693 
1385 903 926:2534:1293 926 315 
54 1209:2979:1506 1473 
1425 370 1379 4 1225 437:5412:766 680 676 1228 1364 698 
320 1396 1419 616 121 1462:8266:2452 2108 302 759 2264 381 
257 613:1359:303 1056 
484 1333 1050 1006 363 334:4406:1332 328 476 740 954 576 
524 800 1089 474 817 946:8397:912 1764 1428 1334 855 2104 
38 953 510:2462:726 1518 218 
238 887 671 881 1330 1180:8965:1107 1384 2160 1416 771 2127 
195 1416 628 1410 1287 152:6340:1400 1551 711 984 744 950 
43 39 835 432 948 95 1450 755 605:13015:1232 1689 1869 1230 2240 777 1605 1086 1287 
519 675 1524 1241 1197:10702:2804 2680 1180 1178 2860 
55 692 1380:5175:1866 1188 2121 
1365 523:1391:392 999 
606 256 373 196 1432 363:10864:1996 2300 2068 1824 1404 1272 
645 1282 412 1222 1471 1388:8811:1839 2728 777 1724 870 873 
50 953:4139:2115 2024 
1092 1262 686 83 1079 609 1285:7988:1311 429 1328 1466 1716 994 744 
559 1302:2421:1398 1023 
599 1421 766 84 173 1182:5670:1230 1620 216 1530 530 544 
233 123 1199 1222:5125:1428 1450 954 1293 
1005 629:2346:2028 318 
776 453 942 260:6727:2181 1506 1628 1412 
393 443 426:1076:400 456 220 
326 603 892 276 620 1163:7649:1784 672 1521 2820 402 450 
756 727:2559:1422 1137 
211 527:2728:1020 1708 
1083 1000 889 407:6004:267 2480 1490 1767 
1056 627:3430:2530 900 
710 361 477 301 1122 467:5493:992 392 465 288 580 2776 
371 847 1070 614 1423 115 32:11304:378 2043 2672 2055 1844 236 2076 
281 1396 887:3920:1828 1054 1038 
1093 877 673 1536 1386 1436:6807:1647 882 1437 702 1475 664 
1470 1133 344 1126 590 1426 490:7016:874 1220 872 669 1023 1470 888 
104 21 325 1400 1423 620 125:7407:1342 1293 1184 519 1383 402 1284 
558 1047:2750:450 2300 
1271 801 1477:4458:1362 1012 2084 
445 694 611 501 18 455:6983:1240 1124 459 1024 1792 1344 
79 954 1044 495:3258:732 999 663 864 
948 1557:3365:2240 1125 
1285 1201 1091:5418:1488 2604 1326 
1258 415 452 1341 525 935:10142:472 2088 848 1926 2128 2680 
153 1441 492 808 565 403:5784:1968 952 666 972 672 554 
247 1428 1172 357 353:9033:1368 3132 2580 1029 924 
995 19 1521 639:3997:420 1827 516 1234 
113 175 812 1500 751:7571:1239 2208 1252 1356 1516 
1552 482 1358 1351 801:4733:992 272 1536 921 1012 
915 1352 549 1198 982 1192 83:11328:2172 1359 1316 1320 1695 534 2932 
1391:618:618 
539 190:4227:2022 2205 
1068 119 435 606 30:7034:1188 1263 1599 1996 988 
1438 1034 406 96 1238:5676:738 1587 912 1608 831 
656 13 1128:4412:2139 950 1323 
486 337:1065:645 420 
1391 936:1394:412 982 
470:2084:2084 
1098 376 998:2981:1052 1260 669 
832 603:2355:1683 672 
1299:1572:1572 
633 417:1290:276 1014 
446 723 1012 396 740 1282:9509:2792 279 1536 1758 1098 2046 
779 750:2040:1002 1038 
234 550:3149:1413 1736 
953 1203 1120 1009 527:7423:1518 1116 1284 2224 1281 
1186 1263 61 843:4697:1208 644 405 2440 
726 897 321 1276:3470:1100 306 1290 774 
729 1272 190:4072:999 868 2205 
1432 656 533 956 434:5871:702 2139 1305 657 1068 
540 296:615:267 348 
1316 833 856:4009:414 1335 2260 
81 1236:2618:770 1848 
1452 398 1406 31 1253 464:5130:1100 600 318 534 1320 1258 
348 1423 1446 643 148 1490:6849:696 1383 472 678 2828 792 
285 640:1921:987 934 
511 1360 1077 1034 391 362:7175:256 856 1406 1058 735 2864 
967 551 828 1117 501 844 973:8008:330 1254 916 2740 512 1794 462 
1414 532 688:4837:1020 2073 1744 
1224 1114 631 654 265:7801:944 2536 564 1113 2644 
1044 268 145 1247:3751:1105 1228 794 624 
1283 1227:2772:584 2188 
445 468 79 728 511 308:6808:1860 636 976 1500 256 1580 
76 858:2586:906 1680 
432:1230:1230 
1480 1291 315 259 935:6221:786 1856 712 1795 1072 
138 1081 1424:7642:1482 2670 3490 
814:963:963 
187 303 126 1362 293 1169:8506:952 2365 939 1092 894 2264 
1249 1499 1415 1305:4406:1080 762 2148 416 
1139 1016 1438 916 1472:6412:2228 464 738 1410 1572 
617:618:618 
483 334:1524:1092 432 
1486 1030:2534:642 1892 
181 564:1270:640 630 
791 880 331 514 177:9234:1572 2536 2550 1292 1284 
414 210 1074 924 974:5088:986 590 1078 2008 426 
317 1033 656 400 1143:5878:844 1095 2139 828 972 
943 61:2117:1712 405 
24 473:989:614 375 
207 550 1093 1155 234:7588:693 2170 2196 1116 1413 
1296 974 1462 780:3985:1425 426 508 1626 
614 1063 913 963 947:8464:2740 2252 1312 1800 360 
558 181 1069 254 664:3159:600 320 535 436 1268 
621 151 827 983:3491:759 1572 704 456 
1316 301 777 1000 544 1354 45:7059:414 288 2100 1488 1575 903 291 
864 581 951 309 1424:8376:1196 1578 740 2768 2094 
1134 386 635:3223:987 1200 1036 
1297 575 1197 608 1324 947 691:7517:948 1046 1716 384 1344 360 1719 
1353 551 55 1397 1193 85 1493:9234:1209 1881 1866 822 489 708 2259 
18:896:896 
172 1220 871 987:5825:1128 1428 1413 1856 
1141 232 15 225:6609:744 1812 1245 2808 
681 1424 275 658:4434:828 1396 1222 988 
498 202 1478 1434 791 348 252:8209:1344 1525 946 704 1572 696 1422 
911:1488:1488 
345 383 1271 456:5788:826 1464 2043 1455 
1088 379 96 466 1381:7952:2528 2788 804 1036 796 
746 1555:3735:2169 1566 
1042 280 1435:2856:828 1044 984 
286 775 93:1634:756 350 528 
1085 509:1772:788 984 
87 842:2130:1026 1104 
188 1436 1020 1296 28 970:6979:988 498 392 1425 1436 2240 
227 903 1473 764 481 437:7550:1116 1389 1362 1326 1659 698 
520 1463:2730:1623 1107 
1294 158 1194 191 1321:5996:1041 849 2216 1008 882 
374 984 1300 1470 894 291:3975:804 435 792 874 218 852 
362 744:3595:1432 2163 
192 1068 1158 609 792 455:6632:1116 792 956 1491 1269 1008 
635:777:777 
407 1376 533 157 1459 644 640:6824:1178 963 870 1016 768 628 1401 
1503 1286 1083 1532 1382 1432 1415:7673:1563 534 356 518 434 1404 2864 
603 786 863 1218:3332:672 531 1100 1029 
1229 1372 424 740 497 1478:9101:948 2470 843 1464 1011 2365 
1365 937 560 1449 536 946:7009:392 2091 702 300 1420 2104 
277 261 1548 600 916 1087 510:8199:1832 1884 256 1760 940 1200 327 
1526 1403 267 1303 300:4568:598 1305 640 372 1653 
1506 1263 1100:2817:1908 483 426 
314 1417 668 917:5417:1356 2091 1364 606 
718 901 564 1333 558 21 857:7838:1740 1638 504 492 600 1724 1140 
1010 1314 831 854 52:4608:954 488 1084 882 1200 
1148 611 1447:3703:1008 459 2236 
1013 131 1381 671 388 345:9969:1068 1293 1592 2700 1251 2065 
1157 741 1017 1306 691:8523:2724 564 1548 1395 2292 
302:1248:1248 
780 485:2640:1084 1556 
455 1104 888 1098 1547 1397 1447:8638:1344 1284 628 1052 1272 822 2236 
1480 1143:1172:524 648 
1214 1370 661 378 748 105:7291:717 1880 1760 416 1218 1300 
225 928 313 242:6116:2106 936 2088 986 
375 878 329:3753:1680 1086 987 
53 1367 791 602 1184:6138:1929 1284 1179 796 950 
539 815 1105:3969:2022 519 1428 
506 689 766 1121:5985:2070 1248 324 2343 
1132 1275 327 643 399 1381:6117:1248 1120 306 1356 495 1592 
1171 743 366 1254 439 849:9547:1332 489 2160 2776 1902 888 
42 213 1195:2829:1527 291 1011 
186 408 1511 762 1012:7700:1227 842 711 2872 2048 
1369 1458 909 1092:5102:1250 1629 912 1311 
316 632:1536:944 592 
1352 44 1518 1408 926:7325:906 2408 1692 2004 315 
27 1248 460 1242:6045:1473 2488 568 1516 
403 214:2397:831 1566 
1071:1976:1976 
761 251 1460 18 1399:6084:867 1820 1245 896 1256 
1066 411 1287 1376:3612:1620 285 744 963 
1437:1316:1316 
1141 897:1050:744 306 
1114 525 1240 864 608 1351:7780:1902 2128 1676 897 256 921 
662 805 1414 173 1487:4759:1260 1599 765 795 340 
772 1288 978:2490:1089 801 600 
112 988 1078 528:4272:600 1896 1248 528 
142 591 442 491 475 618 1228:7528:1320 412 1251 1280 1482 532 1251 
957 182 59:3158:1659 1023 476 
52 1140 258 415 119 1394:8494:800 1940 608 2088 1684 1374 
133 1381 965 828 1531:3300:408 1194 852 458 388 
1554:2016:2016 
849 1005:2409:888 1521 
1525:2948:2948 
1472 163 80 1528 1045:10151:1179 1816 2740 1732 2684 
147 1368 580 1362:3739:342 1923 928 546 
1245 1002 426 236:2834:840 1022 330 642 
975:1402:1402 
899 589:2960:1496 1464 
400 756 394 1415:6924:1380 1896 2216 1432 
277 34 1016 826 1409:3832:916 939 696 993 288 
170 1402 959:4410:1680 1884 846 
370 1433 1217 1013 1462 1312:5233:340 1892 964 801 381 855 
270 1466 930 208:5120:826 1268 846 2180 
1106 530 341 923 453:5703:867 1398 1422 510 1506 
554 844 228:4526:2288 1794 444 
704 794 245 428 505 860 84:7541:1196 876 837 512 1172 908 2040 
8 258 174 64 1140:6184:1482 1216 942 604 1940 
607 58 241 1462 674 1456:7968:1050 1748 2056 381 1716 1017 
1266 357 141 1495:5188:675 1029 2148 1336 
88 84 881:3909:453 2040 1416 
1386 1210 887 1376:4627:590 1690 1384 963 
527 977 827 877:3578:1281 417 704 1176 
1057 1068 25 1274:5138:1390 1584 1116 1048 
275 1190 1161 652 302 419 242:11050:1833 992 2688 936 1872 1250 1479 
1398 183:2496:1182 1314 
782:1245:1245 
316 405 1414 39 116 472:10017:944 2564 765 2252 3036 456 
751 774 385 1034 818:5494:1137 932 858 1587 980 
1367 845 1400:4123:2568 1036 519 
678 36 1151:3276:1998 945 333 
412 262:2281:1036 1245 
1414 959:1074:510 564 
493:1458:1458 
1121 399 1021:4288:3124 495 669 
855 626:2776:1816 960 
139 588 439 489 472 615 1225:6176:963 552 1902 802 456 478 1023 
619 696 1052 690 153:5190:1308 399 753 762 1968 
1062 1205 257:3735:1736 1494 505 
964 1093 11:5015:1161 1098 2756 
1115:1868:1868 
1498:1266:1266 
948 306 1421 1325 975:7695:1120 1502 2160 810 2103 
632 549 439:2551:296 987 1268 
397:996:996 
1195 353 1534 1279 463 459:6327:1348 924 994 1791 916 354 
1291 475 471 854:4191:1392 1482 435 882 
1055 545:1658:1148 510 
612:1200:1200 
1171 369 1018 801 1011 1461:9754:1998 1636 495 2024 1713 1888 
1306 584 1206 617:7062:1860 1956 2628 618 
803 227 38:2964:1364 1116 484 
1051 302 551:4650:270 1872 2508 
1374 1118:3279:1548 1731 
33 908 998:1910:741 500 669 
1324 1135:3432:2688 744 
885:1056:1056 
1222 1165 283 439 1288 1005:8631:862 2052 986 1902 801 2028 
1309 893 756 1459:5169:1989 516 1896 768 
1482 40 1421 1099 30 905:6518:472 772 1080 1725 741 1728 
177 986 1235 1152 1456:6432:1284 1935 771 1425 1017 
539 616 972:4193:1348 1265 1580 
273 843:2278:814 1464 
949:1239:1239 
344 1459:2512:1744 768 
721 571 621:2483:1305 672 506 
504 367 1070 455 384:6156:1020 1833 2004 1008 291 
1540 1190 1307 1130:5230:2552 992 494 1192 
868 651 448 897:4101:2664 438 795 204 
15 1317 502 498 880 891:10016:1660 1314 1767 1344 2536 1395 
1420 844 654 1237:4957:954 1794 742 1467 
444 787 916 1393 471:4306:1368 566 1410 672 290 
1436 700 45 920:2418:332 1521 291 274 
290 61 1176 666:3273:948 405 1264 656 
373 1315 100:3768:1551 1047 1170 
27 1049:3651:1473 2178 
880 237 208 1256 907:6789:1902 984 1308 747 1848 
563 480 370:1924:636 948 340 
1045 1468 946 1501:5024:2013 450 1052 1509 
722 666 1342 1498:5488:2116 656 1450 1266 
310 560:1335:399 936 
544:1575:1575 
1370 1114:3312:1410 1902 
28 904 993:5535:2154 1116 2265 
1320 1130:3066:2470 596 
995 192 841:3065:840 837 1388 
884 1267 1277 235 1483:6362:980 942 1422 1836 1182 
1107 812 529 485 1400:6773:1936 2504 820 1167 346 
765 16:3333:1095 2238 
1065 1474 299 1454:5819:1011 1158 942 2708 
432 1547 1038 688:4808:820 1696 548 1744 
1554 1444 961 106 1275 366 149:7875:1512 644 530 1563 896 1296 1434 
119 608 1483:2728:1684 256 788 
918 341:2544:1122 1422 
1477 674:2186:1042 1144 
655 39:2368:1242 1126 
1331 609 1231 642 1358:7665:1996 1491 2812 598 768 
825 1435 193 1508 931 742:8586:1581 1968 2169 1262 696 910 
902 86 496 879:3082:546 1635 298 603 
473:375:375 
918 357 1445 563:3303:1122 1029 516 636 
1052 36 513 735 280 1089:6036:1004 945 535 1080 1044 1428 
687 44 1159 649 300 416 653:10588:603 1806 2085 976 1653 1947 1518 
1395 1498 1082 945 90 1033 962:7540:1728 844 1083 1760 414 730 981 
1511 1322 346 290 966:7874:948 2408 1552 1580 1386 
267 1209 1552:3932:480 1964 1488 
1479 943:2546:834 1712 
34 4 1053 703:5803:626 2456 1023 1698 
277 167 1242 121 876 1525 1309:8030:1374 318 1137 1132 606 1474 1989 
1233 497 1399 717:4769:408 1011 1256 2094 
850 900 884:3180:702 1008 1470 
1206:1971:1971 
1103 288 698 1080 677 49:8251:678 1635 1275 1592 1112 1959 
165 1120 145 88:5518:1475 1605 1985 453 
1324 1253 238 714 937 481:9743:2016 990 1476 958 2091 2212 
1274 1045 602 93 1301 1418:6005:786 2013 1592 352 704 558 
70 132 769 1457:3545:519 704 408 1914 
1115 1471 1012:4319:1401 870 2048 
1342 633:2451:2175 276 
506 1155 939 1149 40 1448 1498:8555:2760 744 274 483 386 2220 1688 
1348 1531 50:3928:1425 388 2115 
1169 1339 763 160 1156 686 1362:8843:2264 714 2215 744 1364 996 546 
636 1379:2002:988 1014 
840 929 380:2096:1088 300 708 
1443 201 1515 1353 750 1332:5241:1179 1260 792 806 692 512 
1482 1226 411 407 1203 800:7286:236 1713 380 2356 837 1764 
1243 267:772:452 320 
590 374:1218:682 536 
403 680 969 353 696 1239:5727:1108 795 966 1232 399 1227 
736 707:2145:1188 957 
191 507:3280:1512 1768 
910 1160 1076 966 484:8052:1056 1410 1740 1848 1998 
1143 1220 18 800:5648:972 1428 896 2352 
683 854 278 1232:4347:828 882 1992 645 
591 1533 1463 448 924:5231:618 1338 1476 795 1004 
967 231 1134:2921:440 1494 987 
348 957 1273 1030:5881:928 1106 2428 1419 
518 381 1084 468 398:5056:980 1684 988 954 450 
1553 1204 1320 1144:5675:1316 2245 1482 632 
882 665 461 911:5374:1900 879 1479 1116 
29 1331 515 511 894 904:5329:1352 1497 1041 384 218 837 
1433 857 668 1250:4677:946 1140 1364 1227 
1074 458 801 930 1406 485:5380:1617 526 1012 846 212 1167 
399 49:2289:330 1959 
1537 295 465 1447:7122:2028 1178 1680 2236 
1048 977 1520:3824:1576 556 1692 
122 904 782 1204:4387:788 558 1245 1796 
642 479 1434 459 402:3570:1196 786 704 236 648 
80:2055:2055 
366 985 608 352 1095 1091 329:5603:1296 270 384 476 864 1326 987 
1401 1251 1301 406 549:5858:1128 1974 528 912 1316 
895 519 263 1005 1001 1384:7840:357 2804 1346 1014 1407 912 
1288 1045 469 279:4308:534 2013 723 1038 
639 1115:3252:1851 1401 
1182:1088:1088 
23 1458:2595:966 1629 
1236 1192 549 106 10 1219:8055:1848 534 1316 2084 1052 1221 
1275 659 589 1132 50 273:8087:672 1584 1464 624 2115 1628 
137 1412 224 1139 696 187 1395:7976:1881 1364 900 1671 532 476 1152 
1096 54 157 1299 1162 307:6918:944 1004 2032 1572 828 538 
1436 727 444:3216:332 1516 1368 
304 1380 1403 600 105 1446:8976:1300 2828 870 1320 1950 708 
144 500:1668:282 1386 
214 1129 1100:3399:1566 1407 426 
413 1062 846 1056 1505 1356:8172:1320 1736 912 1012 2044 1148 
1076 1247 671 67 1064 594 313 1096 973 1395:13016:1740 1248 1080 1316 208 220 2088 1888 924 2304 
138 521 117 1047:6639:1482 1950 1482 1725 
1297 654 211 1259 910 1026:7114:948 742 2040 1167 1056 1161 
1333 252 474 19:6544:492 948 2668 2436 
1494 718:2679:939 1740 
951 241 1516 1473 1244 801 291:10000:740 2056 2640 1816 884 1012 852 
1364:894:894 
798 422 166 908:4765:1014 2169 1332 250 
971 1541 831 549 505 1420:7484:1545 2096 1084 658 1465 636 
1177 1466 851 1194:6361:1515 1268 1362 2216 
1091 342:2220:1326 894 
629 1251 662 1378 1001 745:7189:424 2632 1680 584 1407 462 
818 668 718 702 845 1455 213:10422:980 2728 1305 2940 777 1401 291 
286 1122:1733:1008 725 
260:1059:1059 
1152 443:2109:1425 684 
965 749 959 1408 1258 1308:7018:1136 1470 846 1503 590 1473 
1419 216 999 876 1298 776:7961:302 1986 1506 1212 774 2181 
562 772 1222 1072 1122:3953:336 1089 862 1376 290 
302 340 1228 412:4714:1872 555 1251 1036 
336 53 423 1338:4288:606 1929 550 1203 
120 10 1086 1109:3813:1263 789 1473 288 
892 516:2690:2028 662 
243 732 50:3031:1269 352 1410 
1042 466:1968:414 1554 
118 141 896:3708:548 2148 1012 
413 424 939:3295:1760 1124 411 
640 729:2266:934 1332 
964 1546 979 97 667 1516:6387:1161 324 1442 212 1928 1320 
1003 1014 1529 1220 804 1080:5839:286 330 1800 1071 1158 1194 
843 548:2076:976 1100 
390 174 384 833 683 733:7034:2085 942 291 1780 1242 694 
423 301 723 201:2748:825 384 279 1260 
856 1439 1382 500:3789:904 876 1085 924 
1086 71 548 770 315 1124:6904:1473 1518 1650 1092 712 459 
1540 1097 587 238 354 177:9019:2552 1608 2272 1107 838 642 
1333 118 661 724 1360 491 1203:6537:492 548 880 1644 856 1280 837 
158:1132:1132 
668 478 1061:4258:2046 1040 1172 
295 984 235 485 401 291:5928:1767 435 1836 778 260 852 
1534 1357 621 1524 842:5865:1988 1070 759 944 1104 
422 32 681 465:8036:2892 2076 828 2240 
205 242 1131 315 725:5219:1024 1972 906 534 783 
450 1032 976 94 250:4962:1812 200 434 444 2072 
1126:669:669 
110 106 903 499 1015:8184:1592 1563 1389 2012 1628 
684 840 131 1406 1362:4355:512 1088 1724 212 819 
158 220 857 1545:4537:849 892 1140 1656 
1106 1462 1100:1816:867 381 568 
860 1430 721:4035:1362 1803 870 
1443 960 1397 594 1243:3537:1179 802 548 330 678 
1053:1364:1364 
1436:498:498 
887 244 1359 1264 914:5908:692 1020 996 1332 1868 
1400 65 1167 418 668 585 475:8745:519 1338 968 2392 1364 1176 988 
1107 1477 834 391 1440 1090:8498:968 1042 2256 980 2004 1248 
265 194 737 1213 1436:6108:1983 1791 920 1082 332 
843 521 1010 327:5730:1464 1950 1908 408 
461 511 494:2435:1479 256 700 
394 671 960 344 687 1230:7367:2216 1620 1203 1308 603 417 
824 795:1749:1221 528 
279 595:2653:1557 1096 
901 1150 1067 957 474:8608:1638 1746 1011 2212 2001 
1231 1308 106 888:6289:2812 1964 1042 471 
771 942 366 1320:5467:567 1628 1296 1976 
582 1524 1454 438 915:7628:2079 708 2708 1047 1086 
1162 546:2106:1104 1002 
310 959 743 953:3697:399 1128 652 1518 
210 992 870 1292:5144:590 630 1404 2520 
730 567 1522 547 490:4332:1236 868 816 820 592 
168:442:442 
417:2028:2028 
324 946:2270:692 1578 
807 923 746:2997:786 765 1446 
272:2076:2076 
218 468:2709:1755 954 
118 501 512 1027:5701:548 768 2625 1760 
974 624 741:2730:426 1740 564 
331 181 231 215 358:5973:1020 320 1494 423 2716 
1490 315:1326:792 534 
631 82 265 341:5792:423 1964 1983 1422 
805 534 1144 1460 72:7144:1599 1818 474 1245 2008 
905 501 1431 1121:6519:1728 768 1680 2343 
692 182 1391 1507 186:4556:891 1364 412 662 1227 
1268 785 808:2578:810 796 972 
1091:1989:1989 
1401 465 1434:3332:564 2240 528 
439 396 167 1282:6014:1902 1172 212 2728 
595:822:822 
1421 206 749 812 1448 579:7070:1080 736 1470 1878 1480 426 
217 1265 916 1032:2851:630 411 1410 400 
1276 793 1230 427 1076 860 1070:9115:774 2032 417 1152 1160 908 2672 
864 687 1509 853 171 261:9675:897 402 2252 2025 1587 2512 
1000 252 501 418 308 1383:8967:1488 1896 768 1794 1185 1836 
761 851:2972:1156 1816 
1156 1100 218 374 1223:5055:1364 284 1755 1072 580 
804 1347 265:4723:1158 921 2644 
1507 731 195 1031 95:6621:993 2888 1050 654 1036 
1120 1104 1247 299 615 372:7364:963 1284 936 1256 717 2208 
96 812 435 179 922:7756:1206 1252 1599 2124 1575 
1205 962 385 196 779 309 985:7920:1494 1308 858 912 1002 2076 270 
625 249 1137 322:5677:604 1485 1304 2284 
658 376 332 1247:4920:1482 1680 822 936 
1477 995 1018:3209:2084 630 495 
912 1321 146 1301:5615:1443 1323 2145 704 
279 1394 885 535:4883:1038 1832 528 1485 
509 27 50 1122 213 1554:6403:984 1473 2115 435 388 1008 
349 1119:3108:1296 1812 
420 576 1425 1142 1098 869 426:6902:1648 390 1149 1671 526 1188 330 
912 923 1439 1129 713:6922:1443 1020 1168 1407 1884 
130 1046 1016:3567:1266 1605 696 
451 301:1260:972 288 
212 900:1274:602 672 
1200 52 434:2950:682 1200 1068 
1354 1177 441 1343:2891:602 909 306 1074 
382 592 1041 891 941:6921:1148 1374 262 1860 2277 
159 1047 232:4348:1264 1725 1359 
715 205 1414 1530 209:4888:614 2048 510 720 996 
1388 905 928:2673:873 864 936 
56 1211:2601:516 2085 
885 548 1318:3526:792 2200 534 
775:700:700 
109 425:3224:2220 1004 
981 898 1201 719:6253:708 1252 1953 2340 
1465 622:2534:2096 438 
705 356 472 296 1531 462:3848:492 1350 304 174 388 1140 
745 1381 512 1321 13 1488:7064:308 1194 1575 1323 1425 1239 
149 1052:2438:1434 1004 
1192 1362 786 183 1179 709 1385:6842:712 819 885 1314 1932 318 862 
659 1402:2469:1056 1413 
863 952 403:5127:2200 2096 831 
1465 224 1538 1376 773 1355:6358:1572 900 2524 642 240 480 
1505 1249 434 430 1226 823:8802:2044 810 1068 1376 1713 1791 
37 1352 775 586 1169:5324:1232 1359 525 510 1698 
703 992:2392:1132 1260 
10 979:1968:526 1442 
759 730 220 1429 1545 1368 1046:9215:1328 927 1338 1908 828 1923 963 
1309 1438:2727:1989 738 
727 350 1239:3682:1516 939 1227 
810 461 577:4336:440 1972 1924 
165 148 1436:3916:590 2828 498 
614 1556 1486 470 947:6615:2055 1473 1284 1563 240 
990 254 1157:4746:2376 327 2043 
371 980 1296 1053:3580:504 628 1425 1023 
638 501 1204 588 518:6875:2492 1024 1796 828 735 
18 1227 1343 1167:6542:1344 2188 1074 1936 
904 688 484 934:4710:558 1744 1998 410 
1417 1413 237 248:5943:2091 1284 1968 600 
73 1348 1304 662 632 123:6104:842 1425 378 840 444 2175 
1041:262:262 
868 558:3114:2664 450 
1507 1384:1905:993 912 
1161 1118 475 32 1494 1145:8783:2016 1731 1976 1557 939 564 
1298 682 612 1155 73 296:4686:774 444 1200 744 1263 261 
63 1338 150 1065 622 112 1321:8339:1611 1604 1806 1011 584 400 1323 
1119 76 180 1322 1185 330:6578:1208 906 492 1806 804 1362 
653 370:1522:1012 510 
1501:1509:1509 
623:1014:1014 
1449 234 777 839 1476 606:5976:300 942 2100 351 786 1497 
244 1293 943 1060:6370:1530 1112 1712 2016 
207 1548 200:2161:462 256 1443 
1294 12:2270:1388 882 
1443 1520 318 1100 977 1400 878:6123:786 1269 1840 568 417 519 724 
312 202 1277 1300 911 2:4743:1197 915 948 528 744 411 
842 292 475 139:5895:1656 1300 1976 963 
918 648 1258 16 1330:6336:1122 1476 472 2238 1028 
319 1115 712 1228 1332:6757:849 1868 2277 1251 512 
246 1521 1477 1248:5808:1863 516 1563 1866 
922:2100:2100 
972:1185:1185 
812 1195 1205 163 1411 995:7114:2504 674 1494 1362 660 420 
769 299 975 1545:5708:306 942 2804 1656 
246 882 13 822 1072:6942:1863 950 1425 1328 1376 
456 1332 1421 872 1055:5416:970 384 1620 1868 574 
4:2456:2456 
1412 104 20 1468 986:7978:1023 2684 1016 675 2580 
453 1462 87 1308 520 1302:7413:1004 381 1368 1473 2164 1023 
204 1545 1341:4568:1172 828 2568 
324 839 943 527 390:7044:1038 234 1284 1708 2780 
1133 1089 860 417 1466:6619:1220 1428 1816 1521 634 
584 1272 523 773 690:5477:1467 1302 1332 360 1016 
254 1130 1219 670 853 930:6775:436 894 1221 960 2700 564 
687 1124 321 970:4793:804 459 1290 2240 
740 1482:968:732 236 
68 943 1033 484:5185:1236 856 1095 1998 
839 1449:951:351 600 
1176 1093 983:4781:1580 2745 456 
1246 404 441 1330 417 827:5979:1128 968 204 771 2028 880 
142 1429 481 797 554 391:7471:880 1908 1659 818 1716 490 
1007 1003:1596:1167 429 
667 345 834 152 655 106 289:8275:1446 1239 1128 1425 1242 1042 753 
93:704:704 
1221 805 1082 1371 755:7872:1084 2132 1083 1401 2172 
250 366:3282:1554 1728 
666 90 1458:2673:492 552 1629 
639 1275 406 1215 1465 1381:7301:1851 896 912 876 1572 1194 
43 946:3028:924 2104 
1085 1256 680 77 1073 603 1279:9156:1576 747 1325 1014 2628 672 1194 
650 1392:1032:552 480 
854 943 394:5952:1470 1712 2770 
1359 117 1432 1270 667 1249:6856:996 1482 1404 930 964 1080 
1496 1240 425 420 1217 814:6489:894 1257 1004 1648 723 963 
1257 281:2498:1584 914 
1024 221 1284 1067:8370:3020 2568 1434 1348 
92 807 431 175 917 913:6320:474 786 728 2944 404 984 
1153 205 521 277 1259:7458:392 1536 2600 1374 1556 
727 1109 1120 78 1326 910:6516:1516 192 1284 1532 936 1056 
684 214 890 1046:4302:384 1566 1389 963 
108:1500:1500 
668 358 1500 1363 508 1450:10731:1364 2037 1356 1461 2908 1605 
644 1014:801:471 330 
748 598 648 632 361:4180:1218 798 1476 296 392 
1493 732:2787:2259 528 
544 1048 499 682 345:6099:1050 1576 2012 222 1239 
475 924 775 825:5796:1482 1506 700 2108 
908 918 1434 1124:3606:375 2244 528 459 
1041 1012 502 153 269 92:5855:262 1024 1178 1476 1599 316 
1420 498 1187 438:4133:954 896 1236 1047 
1104 328 205:2774:1284 466 1024 
858 296 1384 502 658 266 1541:8241:1260 261 1824 1178 1482 1188 1048 
1311 908:2783:2408 375 
166 1175 1358 1021 233:4481:888 951 768 446 1428 
1475 1258 1055 360 210 260 243:7523:2124 354 861 478 885 706 2115 
823:1194:1194 
1179 829 946 769 447:4934:966 1197 1052 204 1515 
224 247 1002:2948:900 1026 1022 
137 519 530 1046:8064:1881 2103 2796 1284 
992 643 759:2975:630 1017 1328 
349 200 250 233 376:6488:864 962 1554 1428 1680 
1508 333:2682:1893 789 
649 100 283 360:6342:1464 1950 1972 956 
823 553 1162 1478 91:6525:1194 1068 828 1419 2016 
923 519 1449 1139:4989:765 2103 450 1671 
613 103 1312 1428 107:5611:1056 676 570 2349 960 
1286 804 826:2630:534 772 1324 
1069 253 249 1046 642:3522:321 474 1188 642 897 
1182 207 151 827 983 273 1548:7781:816 462 2620 704 760 2035 384 
1222 1232:1507:862 645 
1546 77 989 1172 1249 47:6269:216 2028 465 1548 1080 932 
27 1103 1539 737 1386 1169:7183:1473 678 1989 460 885 1698 
481 570 21 204 281 637:7309:2765 1230 862 586 1371 495 
1399 916 939 550 1199 983:5475:942 1410 411 1302 954 456 
294 383 1392 17 1238 450:7491:462 1952 480 1677 1108 1812 
431 1506 1529 1140 231 15:7931:546 1908 1200 1455 1992 830 
270 1040:2423:1652 771 
497 1346 1063 1019 790 347:5553:1011 864 1126 1364 284 904 
1050 634 910 1200 584 927 1470:8355:952 940 1408 1364 1467 476 1748 
517 1087:2146:1246 900 
348 997 781 991 1440 1290:12188:696 2580 3032 1809 1503 2568 
248 1030 908 1330:3122:300 1419 375 1028 
1084 508 1463 901 431:6516:494 2908 1476 1092 546 
1453 1037 900 45 987:5835:2368 312 1008 291 1856 
417 68 184:6517:1521 2472 2524 
89 72 1360:3378:588 1506 1284 
1490 635 19 1507 492 968:6287:528 518 2436 993 1332 480 
631 402 1517 1007:2637:282 864 324 1167 
335:1358:1358 
814 65:3639:963 2676 
882 66 62 445 456:10191:1900 2632 1374 1860 2425 
1481 1011 129 699 1548 1265:5547:690 2284 837 813 512 411 
1154 738 1015 1304:4107:1356 1026 1221 504 
280 397 220 1042 386 1262:5530:1392 996 892 621 1200 429 
1245 1495 1412 1301:4488:1260 1336 1364 528 
462 1231 455 333 755 233 788:8608:1900 1406 1344 1052 1086 1428 392 
266 915 699:3333:891 1629 813 
1439 1035 1551 97 1239:3880:876 808 651 318 1227 
243 14 1129:3669:1269 993 1407 
1245 442 1505 1289 1085 1534 1385:10057:1260 1668 1533 702 1182 1988 1724 
7:948:948 
161 1209 860 976:4285:582 1473 1362 868 
123 1465 117:4705:2175 1048 1482 
657 1173 766 350 627:4086:1512 832 216 626 900 
487 191 1466 1423 780 337 241:8990:1428 2016 634 922 2168 280 1542 
757 1140 736 108 1356 940 803:8476:717 970 1584 750 861 1548 2046 
1192 1509 1265 1103 500:4797:534 1689 274 452 1848 
953 550 1066 1169 753 616:8837:1012 1736 2160 1698 1472 759 
1279 1090 114 58 734 890 181:8548:2388 1248 504 1748 488 1852 320 
264 8 751 747 1129:7973:2164 1482 1516 1404 1407 
910 1480 771:2130:704 1048 378 
1326:936:936 
61 577 267 1409 128 417:5275:540 1443 480 384 400 2028 
714 1390 1546 1250 967:3769:958 1038 216 1227 330 
391 320 863 1340 4:5777:735 1226 1650 938 1228 
1173:1248:1248 
724 1267 1329:3525:1644 942 939 
14:662:662 
1137 1120 1264 315:3985:978 963 1332 712 
731 355 1243 428:3042:1444 536 678 384 
765 482 438 1353:3585:1460 272 1047 806 
1404:1578:1578 
458 42:2070:1052 1018 
625 263 1284 562:4690:1208 1346 1912 224 
1102 87:2385:1017 1368 
369 607 1428 773 91 180:6652:1636 1050 2349 240 1008 369 
823 74 324 240 130 1206:7466:1791 1188 1384 288 844 1971 
267 770:1572:480 1092 
1020 138 294 1143:3611:294 1976 693 648 
1295:1041:1041 
220 1162 1505:3975:1338 1104 1533 
1432 896:2726:702 2024 
1545 1515 1006 656:4869:828 792 1110 2139 
1359:747:747 
161 410:1578:873 705 
61 444 454 970:3807:270 1368 489 1680 
1219 577 134 38 1246 1363:6895:814 962 1844 968 846 1461 
397 1500:2804:996 1808 
721 344 89 831:5156:1740 1744 588 1084 
1114 871 295 105:5748:1268 1413 1767 1300 
1503 222 511 1453 238 781 844:11177:1563 2157 512 2368 1107 2274 1196 
1277 568:2670:1422 1248 
1090 873 1083 1533 1383 1433:7348:1248 1302 178 892 1836 1892 
1466 1543 341 1123 1000 1423 900:9460:634 1916 1422 1484 1488 1844 672 
515 432 321 1397 1420 1031 122:6430:694 820 1720 548 636 436 1576 
1054 1291 554 1457:6865:807 1856 2288 1914 
495 292 1155 1005 1055:5510:864 1300 744 2028 574 
1161 346:2508:1344 1164 
905:1296:1296 
112:400:400 
301 1017 640 384 1127 1123 361:6009:192 1032 1401 291 1392 1113 588 
455 438 581:3284:1008 698 1578 
1239 597:1810:818 992 
1276 194 831 1519:4273:774 1791 1084 624 
1080 1436 660:3318:796 498 2024 
893 598:876:344 532 
471 1120 904 1114 5 1413 1463:10155:290 963 1116 2536 1206 2568 1476 
218 1093 1183 634 817 480:7839:2340 1098 1188 1410 855 948 
650 673 284 933:5137:828 1437 372 2500 
81 1383 567:3834:1155 1377 1302 
261 32 1147 637 288 404 228:7938:1884 1557 1032 660 1635 726 444 
344 1286 72:3526:1308 712 1506 
1557 1020:969:675 294 
851 208 179 1227 878:7978:1362 872 2655 1641 1448 
345 1034 285 535 452 341:8321:1239 1587 1316 1485 1272 1422 
1311 574 1477 795:5930:1806 1512 2084 528 
1175 1025 1075 1058:3894:1268 777 837 1012 
75 1005 1374 958:4109:248 1521 1548 792 
169 1217 867 984 1221 485:5886:1140 723 1074 580 813 1556 
335 1437 688 938:6243:2716 1316 1308 903 
975:2103:2103 
1075 6 881 1385:4467:1116 642 1416 1293 
1048 1191:2742:1182 1560 
289 925 56 865 1114 1031:6602:1004 453 258 1479 2536 872 
1349 839 490 606 429 107 596:5301:1046 351 888 998 822 960 236 
983 567 844 1133 517 860 989:8308:456 868 2392 1220 1246 1816 310 
1430 548 704:5250:2404 1650 1196 
1240 1130 648 670 281:6748:1257 1192 1968 960 1371 
279 1061 938 1360:4968:1038 586 1204 2140 
701 539 1493 518 462:7315:572 1348 3765 490 1140 
139:642:642 
329 1044 668 412 1154 1150 389:7344:658 442 2046 1036 1017 1164 981 
132 582 432 482 465 609:7032:704 2079 1230 408 1120 1491 
1464 928 206 828 919 76:5562:1104 936 736 687 891 1208 
395 245 295 279 422:7560:786 558 1767 1557 2892 
1554 378:2136:1512 624 
792 243 426 502:5058:1269 1692 330 1767 
869 598 1208 1524 136:6699:792 798 1581 708 2820 
968 565 1495 1185:4032:720 504 2004 804 
756 246 1455 13 250:6870:948 2484 934 950 1554 
1332 849 872:2844:384 592 1868 
1155:1116:1116 
629 1465 529 1498:3862:318 1048 1230 1266 
720 663 1339 1495:3887:444 963 476 2004 
143:1389:1389 
543 1485:1647:867 780 
497 1119 530 1246:5484:1011 1812 2097 564 
1291 581:2444:1392 1052 
454 1103 887 1097 1546 1397 1447:7194:652 678 1384 1206 216 822 2236 
1480 1557:1236:786 450 
1214 1370 1074 791 748 105:8104:717 1410 1617 786 1624 1950 
225 928 312 242:5328:1404 1248 1197 1479 
789 878 329:4861:2788 1086 987 
601 1184:2586:1161 1425 
989:620:620 
915 432 869 66:7089:1629 1640 1188 2632 
276 1164:3036:2115 921 
1148 492 1368 1458:7541:2016 1332 2564 1629 
1535 1264:2859:1527 1332 
396 872 1095 639 1449 140 57:7752:1758 1401 1152 1851 600 660 330 
307 1422 912:3779:1076 1260 1443 
683 533 583:3115:1242 1305 568 
564 427 1130 514 443:4400:378 1152 894 1292 684 
41 1250 1366 1189:3646:450 1636 1020 540 
927 711 507 956:3284:476 1044 1326 438 
451 74 1376 561 557 940 950:10398:1296 1188 963 620 1215 2580 2536 
797 1406:1030:818 212 
526:1212:1212 
969 553 830 1119 503 847 976:10945:1288 1424 1796 2416 646 2724 651 
1416 534 690:5419:2585 1818 1016 
1227 1116 634 657 268:8398:2188 1968 1880 1134 1228 
168 950 827 1250:3874:442 1268 528 1636 
687 525 1480 504 351:4560:804 1064 1048 680 964 
126:626:626 
315 1030 654 398 1141 1137 375:5476:356 946 742 450 744 978 1260 
568 321 371 354 498:4650:1248 1290 378 838 896 
173 169 551:3551:530 1140 1881 
1471 1294 971 1460:4511:580 1041 2060 830 
402 612 1061 911 961:3866:648 800 879 744 795 
271 1307 304 1434 1057 388 1130:6677:1299 988 1300 528 834 834 894 
425 874 725 774:3328:502 906 522 1398 
955 551 1481 1171:7014:2100 1881 1035 1998 
645 135 1344 1460 139:8673:2452 3044 554 1660 963 
738 761:2182:1026 1156 
1044 2 106 1248 1111 256:6155:442 411 2084 1866 432 920 
675 392:2718:2010 708 
1524:944:944 
549:1316:1316 
1374 160 702 765 1401 532:7348:1032 744 2205 730 564 2073 
267 1315 966 1082:4706:480 1396 1386 1444 
1139 230 13 223:5005:1114 702 1425 1764 
679 1421 273 656:3890:570 1080 814 1426 
752 109 1224 1129:5098:294 2220 708 1876 
353 243 1318 1341 952 43:7060:1232 1692 356 1284 1572 924 
785 236 419 83:7177:1194 1284 2500 2199 
976 959 689 1299 57 1371:6976:1085 1128 936 2096 330 1401 
1082 267:1202:722 480 
1066 1555 872 1376 826:7386:1620 2088 1401 1284 993 
160 1223 1007 803 1252:6865:1488 464 1167 2046 1700 
370:340:340 
1462 1552 1003 1186 1263 60:5165:254 1984 429 906 644 948 
1502 1019 1456 653 1302 1086:8029:1458 2046 1017 1012 1023 1473 
1177 494 584 35 218 295 650:11381:606 1050 2445 1480 2340 2356 1104 
534:1212:1212 
297 1439 1302 447 1389 440 983:7463:652 876 1023 2020 2032 252 608 
703 647 1323 1479:5757:2264 1557 1102 834 
1040 291 541:3393:771 1278 1344 
1299 577 1199 611 1326 950 694:10699:1572 1924 1908 459 1248 1902 1686 
521 317 767 617:5701:2600 1688 795 618 
371 367 750 760 1276:5248:252 1833 1384 1005 774 
531 1101 392 109 65:6273:324 1518 944 1480 2007 
1531 102 578 1215 345:5326:291 1672 1248 876 1239 
799 622 1444 788 106 195:7023:2088 292 1288 392 1563 1400 
838 89 339 256 146 1221:7353:1344 882 789 1380 2145 813 
435 1257 602 1477 9:5475:1599 792 1194 1042 848 
1101 897:1318:1012 306 
552 1494 1423 408 884:5869:324 939 1383 1263 1960 
778:1398:1398 
848 1524 123 971 688 645 416:8548:836 708 1450 1545 872 1839 1298 
888 578:1876:628 1248 
389 745 382 1404:3489:981 308 1148 1052 
363 120 1102 912 1495:7452:636 1684 1017 1443 2672 
752 1029 1318:2086:441 933 712 
906:348:348 
1243 1160 1050:3260:904 1880 476 
1216 374 1555 1299 484 480:7804:772 804 1044 1572 2664 948 
87 1402 826:2630:1026 942 662 
1142 393 643:3627:1671 600 1356 
1369 1113:2256:1875 381 
27 903 992:3807:1473 1389 945 
1416 1226:3210:2068 1142 
993 191 840:5620:3020 1512 1088 
883 1266 1276 234 1482:4310:1094 675 774 1413 354 
1106 810 527 484 1399:5742:1156 440 854 2664 628 
764 15:3234:1989 1245 
1063 1473 298 1453:6970:1689 1362 1551 2368 
431 1546 1036 687:3492:728 432 1528 804 
245:837:837 
252 1354 605 855:5749:1896 1204 1287 1362 
838 501 1271 495 1516 794:7227:896 1024 1362 648 2640 657 
738 534 984 834:5048:684 1818 290 2256 
288 298 814:3604:1090 1551 963 
604:678:678 
1107 1063 421 391 1440:8952:1452 2252 2264 980 2004 
1344 595 844 761:5186:831 1096 2392 867 
484 362 784 262:4726:1998 1432 300 996 
917 355 1443 561:2688:404 402 1572 310 
1050 35 511 734 278 1088:6590:714 1110 512 366 1992 1896 
685 43 1158 648 299 415 652:7782:927 1232 1195 984 942 1566 936 
769 153 82:2764:306 1476 982 
882 107 1128:3742:1900 960 882 
183 340 1188 905:3758:876 222 1364 1296 
462 766:1844:1520 324 
589 1105 795 379:5790:2440 1428 528 1394 
702 818 642 319:5138:2940 735 897 566 
409 259:3641:2205 1436 
858:1260:1260 
918 608 192 469:3104:1122 384 1116 482 
1135 398 1301:2420:1116 600 704 
882 612 1221 1538 150:7739:1425 1200 813 1893 2408 
1079 676 47 1296:6375:1716 1836 1398 1425 
769 260 1468 27 264:4671:204 1412 450 982 1623 
1345 863 886:5505:2169 1100 2236 
111 1266:1951:1276 675 
1482 427 1436 61 1282 494:6404:236 1536 664 540 2728 700 
378 1453 1476 673 178 1519:5548:624 1776 786 958 936 468 
1385 836 1019 1096 1452:6084:862 714 1364 944 2200 
1462:381:381 
1445 1335 852 1289 486:3193:387 848 396 702 860 
128 484 1266 1143 7:6583:400 2664 1125 972 1422 
461 511 494 224 833 1149:6921:1479 384 1750 600 2225 483 
500 1536 534 1249 1286 617:6564:1848 936 1818 810 534 618 
1200 1051 1101 1084 814 1423 181:7402:1364 360 2024 988 963 1383 320 
254 1090:1684:436 1248 
129 85 1414 874 364 15 131:8320:837 944 765 1208 1182 1660 1724 
1370 328 18 1160 1437 168 1110:9358:1410 699 896 2350 1316 663 2024 
158 1246:1978:1132 846 
464 901 98 747 531 741:7209:1887 1638 1392 1404 324 564 
1123 1200 1556 780:6169:1113 1364 982 2710 
664 834 258 1213:4861:634 1692 912 1623 
572 1514 1443 428 904:4158:1311 333 1572 384 558 
948 212 1114:4485:1680 903 1902 
328 938 1254 1011:3831:699 602 1388 1142 
596 459 1162 546 475:4521:354 354 828 1503 1482 
1534 1185 1301 1124:4200:1988 1072 528 612 
862 646 442 891:4575:1956 438 1251 930 
483 106 1408 593 589 972 982:10586:1092 1563 2004 700 1952 1580 1695 
1381 1365 1508 560:4415:1194 392 1893 936 
795 1311 1001 585 862 1151:5191:352 1806 938 784 978 333 
46:1258:1258 
1517 275 446 1428:8469:540 1222 2792 3915 
1028 958 1501:4322:1254 1056 2012 
200 982 859 1282:6751:1443 1130 768 3410 
622 460 1415 439 383:6602:438 568 2864 1268 1464 
1465 422 526 110 1531 676 60:11019:2096 2892 1212 796 291 1836 1896 
973:693:693 
503 353 403 386 530:4599:646 924 831 800 1398 
108 104 486:4294:750 2684 860 
1503 1326 1003 1492:2959:1042 936 429 552 
434 644 1093 943 993:7808:801 628 1647 1712 3020 
587 211 1099 284:6730:1136 2550 2300 744 
530:2796:2796 
1445 58 1039 436 1432:3978:258 1311 465 891 1053 
690 553 1256:2826:762 1068 996 
840 503 1272:3521:816 969 1736 
729:1332:1332 
161 477:1939:1164 775 
1446 1363 1253 770:4581:708 1461 1320 1092 
1419 577:2047:604 1443 
757 408 524 348 25 514:4575:478 1263 608 464 1116 646 
65 1539:3996:2007 1989 
535 1277 1273 98 108 624 314:10300:1485 1896 2428 1044 1125 1305 1017 
732 1341 99 1414:3826:528 1926 862 510 
488 765 1054 438 781:7035:1323 1095 538 1047 3032 
282 1491 49 1431:5600:680 1374 1306 2240 
50 500:2796:1410 1386 
233 163 706 1182 1405:5637:1428 1362 1965 544 338 
1226 489 1392 710:5119:2284 1203 640 992 
843 893 876:2414:1464 344 606 
753 1296:2529:1104 1425 
1352 1096:2775:1359 1416 
1079 10 886 1389:6265:1716 789 2236 1524 
1052 1196:2973:753 2220 
293 930 60 869 1119 1036:7836:1192 564 948 1188 2416 1528 
1353 844 494 611 434 111 600:7551:806 1794 1050 306 801 1914 880 
1543 261 550 1493 278 407 883:13012:2395 1884 868 3012 1992 1767 1094 
1317 847 1523 121 1384:7329:876 2043 888 1698 1824 
997 1473:4396:2580 1816 
1467 797 1540:4585:2082 1227 1276 
837:894:894 
1336 1493 783 500:6139:1857 1506 1852 924 
1287 1509 1054 305 554 471 361:7756:744 1126 807 2536 1716 435 392 
950 721 278 1326 977:5483:1268 870 1992 936 417 
731 647 951:4833:2166 1557 1110 
1456 1201 385 381:5716:1356 1953 1144 1263 
897 868:1638:306 1332 
1300 352 668:3877:792 357 2728 
1447 19 495 1131 262:6258:1677 1827 648 1359 747 
538 1360 705 23 112:3488:468 1284 492 644 600 
1204 1414:2173:898 1275 
49 752 136 66 609 1085:9720:1959 294 2820 1974 1491 1182 
1162 519 76 1124:4997:828 2804 906 459 
1361 452:1838:990 848 
679 542 1245 629 559:5190:855 1080 840 318 2097 
705 528:1196:492 704 
1004 428 239 821:3181:1150 256 782 993 
372 915 977 56:4512:2208 1629 417 258 
326 402 758:3348:1338 864 1146 
36 1018 829 1411 941 59 629:6712:945 495 1197 660 2277 714 424 
3 891 76 486:3435:489 1395 906 645 
183 1099 656:4740:876 1725 2139 
383 1032 816 1026 1475 1325:8275:1464 400 1608 1161 2832 810 
283 1065 943 1365:3764:986 674 1712 392 
1046 803 640 37 620 563:7577:963 3410 934 1232 402 636 
1252 490 87 603:3637:1275 888 1026 448 
181 1229 880 996:3549:320 711 1902 616 
77 1153 1175 373 1435 1219 1015:8542:1014 294 951 1551 1476 1221 2035 
906 730 407 896 214 303:9442:348 618 2945 2024 2088 1419 
253 1329:1100:474 626 
1006 696 280 557:3387:1110 399 1392 486 
1496 1320 583 1486:3870:894 1482 852 642 
1524 1334 359:2677:708 1041 928 
182 1124 1467:3411:1023 306 2082 
644 721 1077 715 178:6752:471 1305 2812 1228 936 
1087 1231 282:3286:1200 1406 680 
964:1548:1548 
804 1187 1197 155 1403 987:8842:1544 824 1716 2061 1305 1392 
762 292 968 1124:4308:2154 975 720 459 
186:1227:1227 
1374 745 435 19 1440 585 1527:12352:1548 616 2132 2436 2004 1176 2440 
1048 1365 1121 959 356 938 882:9917:1576 392 3124 846 1350 1204 1425 
832:1683:1683 
622 1125 576 759 422 1192 416:8733:292 1732 260 1328 2169 356 2596 
952 869 1173 690:5166:1572 1584 1248 762 
497:1011:1011 
336 1212 1302 752 935 1012:4273:404 309 1023 441 1072 1024 
1281 372:3029:1557 1472 
599 876 1165 549 892:7097:1640 909 1026 987 2535 
393 44 160 1541:5324:600 2408 744 1572 
702 313 962 746 956 1405:8545:1470 2088 981 2892 438 676 
1156 1339 1002 214 996 873:6523:1023 714 2044 1566 308 868 
1132 437:2020:624 1396 
101 643 1120 1342:4224:390 1017 642 2175 
804:772:772 
1159 810 926 750 427:3774:1390 330 210 692 1152 
204 227 983:2299:879 1116 304 
1123:1484:1484 
677 194:3459:1668 1791 
903 500 1430 1120 704 566:6944:926 1386 1803 963 897 969 
1040 64 8 684 840 131:6991:771 1510 1976 512 1360 862 
1294 1156:2411:1388 1023 
1443 1107 318 1100 564 1400 464:6588:1179 1452 920 426 378 346 1887 
78 1553 299 1374 1397 594 99:7002:766 987 1256 1548 822 330 1293 
532 1021:2965:2073 892 
1244 775 1450:2932:442 350 2140 
419 668 585 475 1550 429:9704:2500 2728 1568 988 1098 822 
941 765 28 931 249 338 1347:9498:3036 1095 1436 1392 891 420 1228 
1437 981 232:2036:658 472 906 
552 1267 1305:1268:432 628 208 
1388 745 302 1351 1001:5398:582 616 1872 921 1407 
1072 988 878:4628:1376 2528 724 
202 1384 1128 312 308:6734:1220 1368 1764 1197 1185 
886 1042:1739:1118 621 
206 1269 1052 849 1298 1148:8526:736 3108 1004 888 774 2016 
106 1302 765 43:5221:1563 1023 1095 1540 
1039 463 274 856 386:6477:310 458 3605 904 1200 
390 679 64:4131:2085 1140 906 
629 80 263 340 696 1478:6787:318 2055 2019 444 532 1419 
1042 1252:1689:414 1275 
493 1435 1364 349 826:6746:1458 1476 1192 1296 1324 
133 1036:1690:544 1146 
1175 932 769 166 749 692 1368:6933:1268 828 306 888 1470 891 1282 
623 1245 656 1372 995 740 1482:9110:1014 1680 2852 1482 630 1098 354 
363 812 663 713:6307:954 1878 963 2512 
893 903 1419 1109:3109:516 1852 453 288 
1026 997 487 138 254 77:7823:1161 1935 1904 1482 327 1014 
1479 50 527 1163 294 1103:6478:834 2115 1708 450 693 678 
701 58 1173 1077 728 844 667:10255:429 1311 1664 1406 1125 2392 1928 
784 168 98:1438:300 442 696 
1063 1246 909 121 903 780:8001:1689 846 1216 1698 926 1626 
248:600:600 
697 1506 198 115 4:5094:468 1908 522 354 1842 
823 141 644 95 278 1499 711:8097:1194 1432 628 777 1992 508 1566 
595:548:548 
484 774 158 501 1044:4754:1332 1398 849 512 663 
608 99 1307 1327 1150 828:7310:384 1293 988 1983 1746 916 
775 1463 715 964:4777:525 1476 1228 1548 
482 904:1660:544 1116 
242 359:2175:1479 696 
755 179 1134:4209:1629 1593 987 
728 951 495 1305 1554 1471:6396:1500 1480 432 312 1512 1160 
36 938:1547:945 602 
1198 1194 19 29 545:7802:1980 2216 1827 1014 765 
585 1261:1408:1176 232 
79 529:1718:488 1230 
262 606 735 1211 289:4946:747 1497 810 1390 502 
1528 1352 615 1518 836:5523:1732 906 717 1692 476 
416 27 676 459:6256:2596 1964 1224 472 
296 334 1222 310 719:5206:348 432 2155 399 1872 
883 1039:1559:1094 465 
1559:1124:1124 
768 285:2475:1488 987 
994 591 1107 1211 794 657:7137:282 824 1936 2085 876 1134 
1034 58 2 678 834 125:8327:1058 1748 411 1998 2256 856 
788 1170 1181 139 1387 971 1247:12330:392 2410 612 1605 3285 3090 936 
831 255 66:3403:1084 345 1974 
328 804 1441 571 1380 72 1547:8585:699 1158 952 672 2828 1004 1272 
1022 978 336 1451 1355:3408:870 600 606 972 360 
413 662 579:3446:1760 1260 426 
718 1461:2286:870 1416 
144 1019 1109 560:3646:376 2046 288 936 
915 1525:5857:2172 3685 
1252 1169 1059:4764:1700 2264 800 
1225 383 6 1308 493 489:7535:1023 1464 428 1473 1944 1203 
96 1411 835:3735:1206 660 1869 
1151 402 652:2340:444 648 1248 
1378 1122:873:438 435 
36 912 1001:4276:945 1924 1407 
1328 1138:2702:1752 950 
1002 200 849:5182:2555 1443 1184 
892 1275 1285 243 1491:6375:1521 672 1116 1692 1374 
1115 819 537 493 1408:7701:2335 2004 902 1458 1002 
773 24:1281:360 921 
1073 1482 307 1462:4684:2628 472 1076 508 
440 1555 1046 696:4023:252 2088 1284 399 
684 573 91 114 1283 374 157:8943:384 3105 2016 672 438 804 1524 
1286 1403 1226 903 1392 710:6795:534 1740 1142 2315 320 744 
693 943 860 1163:4086:712 1712 1362 300 
679 317 1339 617 1239 650:6383:1140 1688 952 824 1227 552 
806 656 706 690:5801:1844 2139 1310 508 
800 1316 1006 590:4514:1764 276 1110 1364 
71 893:1356:1012 344 
926 364 1452:4040:420 1970 1650 
1346 1263 1153 670:3243:1728 483 392 640 
764 1319 477:3809:1989 1200 620 
1070 560:2706:2004 702 
651 967 724:2120:584 440 1096 
878 129:1561:724 837 
1173 412 8:3013:1248 777 988 
740 418 907 225:8530:1464 1794 2464 2808 
455 408 391:2340:1008 842 490 
388 665 954 338 681 1224:5916:1668 879 999 420 1242 708 
721 692:2196:1305 891 
176 492:2943:1278 1665 
1048 964 854 372:5094:788 774 588 2944 
1443 308 1343 341 1470:6376:1179 790 2148 948 1311 
794 524 1133 1450 62 1044 441:6127:657 912 610 1605 1374 663 306 
89:882:882 
758 941 604:4674:1719 2277 678 
765 1441 453 1302 1019:5517:730 714 1004 1023 2046 
443 786 915 1391 470:3704:456 708 1086 412 1042 
922 240:2007:1575 432 
52 1049 579 1255 1411:6666:800 3630 426 490 1320 
306 169 872 256 186 728:8526:2253 1140 1401 1380 1227 1125 
443 1292 1009 1379 736 293:7016:912 1260 1112 1352 1188 1192 
776 1318:2715:2181 534 
1375 1119:3009:1197 1812 
1199 33 909 1412:4794:1908 988 1216 682 
1172 1316:2100:1548 552 
351 413 1049 180 989 1239 1156:8141:964 1760 2178 369 620 1227 1023 
1405 1376 866:3658:676 963 2019 
171 221:4155:1587 2568 
770 21:2021:728 1293 
1070 1479 304 314:4891:2004 556 975 1356 
1124 1080 437 1552 1456 1107:6810:612 1194 1047 1488 1017 1452 
340 816 1039:1713:444 804 465 
1160 24 1060 57:4753:1880 921 1512 440 
739 683 1359 1515:4725:1728 1656 747 594 
1076 327 577:4451:1740 306 2405 
1336 614 1236 647 1363 986 730:12127:1857 2055 1848 1557 1948 1935 927 
558 354 803 654:4184:450 1257 1364 1113 
505 501 884 894 1410:4297:586 768 1960 327 656 
568 1137 428 145 102:5807:1872 978 512 1191 1254 
1470 41 518 1154 285:4500:1311 450 735 1017 987 
835 658 1480 825 142 232:9241:2492 988 1048 1581 1320 1812 
875 126 375 292 182 1257:6985:1941 939 1260 975 682 1188 
635 725:1560:777 783 
1127 418:2124:928 1196 
139:963:963 
106 1553 1071 1094:6141:1563 987 1482 2109 
877 501:1394:882 512 
228 717 35:2580:444 1396 740 
1124 548:1956:306 1650 
126 881:1647:939 708 
475 764 149:4242:1482 1326 1434 
625 714 165 348 425 781 419:12526:906 2395 885 928 1255 3032 3125 
955 872 762 279:7679:2100 1868 2154 1557 
499:1509:1509 
339 1215 1305 755 938 1015:5661:1315 584 416 1629 903 814 
772 795 406 1055:3314:726 528 912 1148 
43 786:2425:1540 885 
176 879 264 193:4409:1278 603 1082 1446 
162 1398 329 1205 150 1159:9114:2004 2364 658 1494 1204 1390 
100 1175 1198:4444:1170 634 2640 
1088 1471 1481:3456:1896 870 690 
919 237:2070:594 1476 
463 1046 576 1252 264:4825:458 963 390 850 2164 
400 677 966 350 694 823:8298:828 1668 1386 939 1686 1791 
733 290:1989:1041 948 
1332 90:936:384 552 
976 866 384:3058:651 2019 388 
1213 398 807 1190:4556:2164 600 1048 744 
371:378:378 
275 1230 254 198 874:3951:1833 556 436 522 604 
1433 1363:3854:1419 2435 
780 404:2110:1626 484 
1390 1546 836 553 510 281:5196:1038 432 952 1424 436 914 
856 1199:3716:1808 1908 
1126 589 1426 490 1459 616 240:9724:669 1952 3675 1184 512 1012 720 
154:1460:1460 
603 1412 104 21 1469:5039:672 1023 1342 862 1140 
364 454 1462 87 164 520:6992:788 652 381 1368 2180 1623 
301 85:664:192 472 
528 391 1093 478 407 950:7619:528 735 1647 1040 1767 1902 
411 567 1416 1133 1503 861 417:9676:380 1302 1551 915 2084 1416 2028 
1317 914 1430 1534 1118:7740:1314 1401 1803 1491 1731 
121 1451 1008:3153:1698 972 483 
321 1384 1168 964 1413 1263:9664:1720 1368 2232 1935 1926 483 
1037:312:312 
68 944 1033:3649:1854 700 1095 
1360 1170:2676:1712 964 
598 1034 232 881:5160:798 1587 1359 1416 
1247 818 442 1330 515:5093:936 490 1251 1028 1388 
392 1347 785 315 991:5386:708 921 1592 356 1809 
705 89 19:2756:656 882 1218 
1504 1381:2052:858 1194 
472 29 1078 728:4404:304 1352 1248 1500 
715 605 123 146 1315 406 189:11185:921 1716 2900 2145 698 912 1893 
1318 1435 1258 935 1424 742:7643:534 1968 236 2144 1396 1365 
725 975 892 1195:5679:1044 2103 1521 1011 
711 349 1371 649 1271 682:9469:2088 1296 1868 1952 2043 222 
838 688 738 722:5278:1792 1744 684 1058 
929 1348 1038 622:1953:300 950 411 292 
103 925:640:338 302 
958 396 1484:3388:792 2344 252 
1378 1295 1185 702:4167:584 1041 1072 1470 
893 1448 606:5644:688 2960 1996 
1199 689:2055:1431 624 
683 999 756:4612:1656 2008 948 
1365 910 161:1773:196 704 873 
383 1099 722:4201:1464 1150 1587 
903 674 231 1279 930:6483:926 1144 1494 1791 1128 
503 807:1755:969 786 
630 1146 836 420:3524:1040 946 714 824 
743 860 683 360:3734:652 1362 1242 478 
1549:1180:1180 
590 1399 90 7 1455 972:6254:1364 942 414 948 1401 1185 
1024 1140 963 227 1130 447 537:10706:1510 970 1350 1860 1192 2020 1804 
1413 77 1180:4865:1926 1521 1418 
1194 418 295 717 195 751 1466:11042:2216 1794 1767 2094 1400 1137 634 
594 617 228 877 661 457:6815:440 824 444 882 2200 2025 
940 391 574 237 1007 231:9058:1548 980 1512 1968 1556 1494 
1186 691 474 271:7071:906 2865 2001 1299 
1237 422 418 800:6471:1467 1446 1794 1764 
395:1179:1179 
1443 1254 278 1366 484:8625:1179 2082 1992 2040 1332 
262 1510 1094 1370 101 1044 1387:8214:747 370 1406 1880 520 663 2628 
1051 475 1430 868 398 1074:7939:180 1976 1202 2664 300 1617 
542:810:810 
981 1018:1368:708 660 
1165 429 1331 649:6822:2052 822 1996 1952 
782 832 816:3171:1245 1122 804 
1138:1425:1425 
123 119 915 512 1028:7696:1450 1263 1629 2100 1254 
641 598:2282:1484 798 
332 182 232 215 359:3950:822 1023 1359 282 464 
1490 315:1504:792 712 
631 82 265 342:5925:423 1964 2644 894 
805 949 1558 316 73:6006:1599 1239 1197 708 1263 
905 915 1431 1121:6948:1296 1629 1680 2343 
595 499 150 266 90:5479:1096 2012 1204 891 276 
1268 786 809:2128:810 354 964 
1112 1495 1092:6029:2046 2672 1311 
846 164:2002:912 1090 
503 1179 1335:2884:646 966 1272 
1010:1908:1908 
1449 993:2565:300 2265 
527:1281:1281 
1155 433 1055:3375:1488 1026 861 
889 660:2412:894 1518 
1259:778:778 
594 377:1374:550 824 
1235 20 563:3500:514 2032 954 
309 1505 969 247:5251:1384 1533 966 1368 
1364 122 1437 861 671 1254 784:9513:596 1182 987 2360 2700 1388 300 
1529 1100 724 54:6980:2400 426 1644 2510 
851 807:2218:908 1310 
391 441 424 154:3403:980 204 1124 1095 
218 1147 838 421 284:5423:1755 516 896 1698 558 
1027 1397 754 311 1360:5493:880 1096 1419 1242 856 
575 119 928 1178 1095:8881:1569 1684 1248 3228 1152 
824:1628:1628 
1344 901 392 42 159 1540:7907:1108 2184 1180 1527 632 1276 
1481 466 528 1165 295 1007:7414:1035 1554 352 1539 1767 1167 
749 572:3708:1960 1748 
472 283 865:3566:608 986 1972 
100 788 39 289 206 96:6433:1170 294 1689 1004 1472 804 
795 446 562 385 1207 552 1427:6920:528 2094 224 858 1047 432 1737 
358 835 1057:4796:2716 1246 834 
1275 139 1175 173:3064:672 963 634 795 
272 855 799 1475 73:6958:1384 908 1566 1416 1684 
526 389 1092 476 406 948:8468:1616 981 1311 1968 912 1680 
513:428:428 
862 1445 1389:2999:1467 516 1016 
966 883 1186 704:5377:1386 2188 906 897 
1353 510:1939:1612 327 
593 244 360 184 1419 350:7841:1050 2550 956 1893 453 939 
530 779 696:4197:2796 1002 399 
1505 835 20:4418:1533 1869 1016 
407 57 174 1555:4990:2356 440 628 1566 
619 230 879 663 873 1322:7842:1308 1170 804 1284 868 2408 
1169 1353 1016 227 1009 887:6755:1698 1209 928 1116 1112 692 
1049 354:3128:1452 1676 
17 560 1036 1259:4310:1677 702 764 1167 
817:570:570 
1173 824 940 763 441:4793:832 1221 1548 886 306 
218 241 996:3605:1755 1542 308 
131 514 524 1040:5241:1724 969 1520 1028 
1387 744 715 205 1414 1530:7150:1971 1442 1228 1024 765 720 
1326 245 881 12:3732:936 558 1062 1176 
1131 1486 711:2913:906 963 1044 
464 1460 990 108 264 1526:8131:1887 1245 1188 750 2164 897 
917 514 1443 1133 717 580:6953:404 969 1179 915 2094 1392 
1015 133 289 1138:4669:1221 544 1004 1900 
1408 659 909 825:5580:1503 1584 912 1581 
549 12 848 1470:6535:1645 1470 1672 1748 
1079 103 47 723:4273:1716 507 1864 186 
197 259 896 26 835:7971:2280 1077 1518 604 2492 
1538 469 1345 1434 885:6499:1893 1205 2169 704 528 
505 289 499 948:4554:1172 753 1509 1120 
443 66 954 139 549 931 942:7570:684 1316 999 642 1316 1392 1221 
1422 1151 203:2497:1680 333 484 
186 662 885:3952:1636 1260 1056 
1428 906 1461:4113:2349 348 1416 
369 739 97 1212:2306:818 864 212 412 
1036:1146:1146 
1475 1019:2780:1416 1364 
1315 554:2763:1047 1716 
366 870 321 504 167:6636:1728 1404 1720 1360 424 
649 500 549:3508:1464 1386 658 
946 530 807 1096 480 823:9034:1578 2796 786 1416 1264 1194 
274 1549 1506 863:7622:2884 1180 1908 1650 
513 950:2857:321 2536 
620 909:1314:402 912 
483:728:728 
859 310 493:2881:1024 399 1458 
21 1109:2012:1724 288 
350 1519 610 393 603:4265:939 624 1206 600 896 
1073 230:3330:2628 702 
314 1522 81 318 1139 484:8390:1017 612 1155 1380 2228 1998 
767 990 534 1343 35 1510:7856:795 1782 1818 1611 1110 740 
1413 904 554 671 494 171 660:8566:1284 837 1716 1080 1050 1587 1012 
943:1284:1284 
461:986:986 
1187 598 1313 937:5993:1648 798 1456 2091 
907 25 595 1444 1161:6867:1232 837 822 1288 2688 
1200 585 928 1057 1533 612:6393:1023 784 936 1112 1338 1200 
931 288 1403 1307 958:5323:696 1090 1740 741 1056 
1347 11 1114 365 614 531 421:9357:921 1378 1268 2964 1370 324 1132 
1150 1521 878 435 1483 1134:8529:2328 387 1448 2132 1576 658 
379 601:4336:2788 1548 
1177 335 1517 1261 445 441:6599:1212 2037 216 348 2480 306 
1069 121 437 194 1175:7637:321 2264 1396 2388 1268 
1026 1036 1552 1242 826:6803:1161 1528 1984 1137 993 
384 341 1256 1227:3925:291 948 498 2188 
24 1499 1389 906 1343 540:5740:1228 762 1524 348 1611 267 
8:988:988 
297:326:326 
776 480:2402:1454 948 
1003 786 996 1446 1296 1346:5512:572 531 462 708 2375 864 
1042 254 1036 913 1335 813:5675:828 327 764 984 1696 1076 
328 378:1764:932 832 
1383 927 178:1624:918 238 468 
401 1116 740:2472:390 984 1098 
823 594 151 1200 850:4711:1194 220 1572 1023 702 
521 824:3171:1950 1221 
648 1163 854 438:2864:984 300 882 698 
770 741 232 1440 1557 1380 1057:8647:1456 423 1359 2004 450 2121 834 
1321 1450:2928:1323 1605 
738 362 1250:4743:1368 2148 1227 
822 472 589:3068:996 608 1464 
79 62 1350:4648:1220 2748 680 
720 1263 182:2130:444 322 1364 
1423 648 525 947 425:5358:922 1476 1596 360 1004 
288:1635:1635 
847 458 1107 891 687 1550:7530:1362 789 1452 1860 603 1464 
389 1398 23 1244 455 1238 701:5581:981 1182 966 663 672 831 286 
339 1414 1437:2533:526 1020 987 
1428 1424 249 259:7152:3132 1396 1188 1436 
1025 382 353 1401 1052:3615:518 574 924 846 753 
515:694:694 
958 542 819 1108 492 835 964:8851:792 540 2004 1196 666 2492 1161 
523 679:2091:666 1425 
256 906 689 899 1349 1199:7588:1380 464 1248 1496 1569 1431 
559:2097:2097 
3 879 968:2052:489 603 960 
775 1384 143 1457 1295 692:7709:700 1824 1389 1914 694 1188 
1168 353 349 1145:5764:2232 1540 864 1128 
423:825:825 
1471 1282 306 250 926:9402:870 2728 3004 2590 210 
130 1072 1415:5506:1266 1376 2864 
950 268:2496:1268 1228 
494 1077 607 1283 295:7032:700 2109 1575 292 2356 
431 708 997 381 725 854:7067:546 2079 1935 842 783 882 
764 321:3709:1989 1720 
1460 219:3053:1245 1808 
1105 994 512:3567:1428 564 1575 
1244 429 838 1221:3916:663 1096 1344 813 
1008 499:2656:644 2012 
492 809 565:2632:1332 964 336 
719 1528:2703:1404 1299 
253 1408:1977:474 1503 
66 569 20 203 1424 636:9006:2632 1094 1016 484 2792 988 
938 135 1198 982:9053:1204 3044 1980 2825 
6 722 345 89 832 828:7082:856 1587 826 882 2244 687 
969 392:1352:644 708 
209 126 16 1091 1528 725:8226:1328 1252 2238 1326 1299 783 
10 193:3221:1052 2169 
1062 1019:3348:1302 2046 
849 700 750 733 463:4945:888 1521 1384 694 458 
40 450 833:4205:772 1208 2225 
1222 1338 17 839 184:8113:2155 802 2795 468 1893 
713 736 347 996:4366:1884 1188 678 616 
144 1446 630:2550:282 708 1560 
1556 1113 603 254 370 194:3993:982 254 896 327 340 1194 
1521 600 1288 539:4530:387 1320 801 2022 
772 849 1205 843 306:7949:1089 888 1992 976 3004 
1232 1215 1359 410:4027:645 1460 747 1175 
381 71 1213 1489 220:9113:842 2024 2705 1312 2230 
1545 1102 1007 657:4485:828 1356 1167 1134 
231 121 1196 1219 830 1479 1263:7608:1494 1698 1665 814 898 556 483 
1187 451 1353 671:6392:1648 972 1612 2160 
804 854 837:2342:1158 588 596 
714 1257:2625:1437 1188 
1313 1057:3018:2184 834 
1041 1530 847 1351:5196:524 720 2724 1228 
1014 1157:3845:440 3405 
255 891 22 831 1080 997:8531:345 1860 1612 542 1592 2580 
1353 1177 854 1343:4562:806 1212 1470 1074 
494 944 794 844:4026:1050 525 657 1794 
253 636 646 1162:3380:632 1482 438 828 
1552 1509 866 423 327 1536 94:8577:1488 2252 2019 1375 408 702 333 
1026 889 34 976:3958:1161 894 1252 651 
410 1232 577 1452 1542:4793:705 645 1443 1650 350 
1173 969:1798:832 966 
1479 624 8 1495 480 957:7776:556 870 1976 2004 1264 1106 
391 1506 996:2224:490 1272 462 
986 783 1232 1082 1132:8130:2580 1852 645 1805 1248 
726 350 94 837:3579:1100 1252 333 894 
899 1469 760 477 433 1348:6230:1122 1140 1340 310 1368 950 
613 1556 341:3829:1408 1473 948 
1412 1289:1491:1023 468 
1023 380 1495 1400 1050:4999:622 472 2672 519 714 
611:459:459 
1054 638 500 1203 588 517 1060:9917:807 1869 1848 837 552 2492 1512 
84 1480 877 1459 1403 521 677:11473:2040 1048 882 1280 1305 3250 1668 
1367 525 148 1450 635 631:9304:1284 2128 2828 1605 1036 423 
1498 256 13 995:4701:1266 1380 1425 630 
1061 645 922 1211 596 939 1482:10333:1172 1839 2100 3475 472 685 590 
1508 626 1196:4909:2524 720 1665 
1319 1208 726 1163 360:6375:900 2108 2200 450 717 
260 1042 919 1342:5415:706 621 1188 2900 
1023 1193 617 14 1010 540:4453:933 652 412 1324 954 178 
84 467 64 993:6783:1530 2082 906 2265 
1243 600 157 1206 856 973:8924:678 880 2032 3285 1356 693 
1280 198 421 1523:4600:804 348 2264 1184 
664:951:951 
5 1386 1064 1552:2698:804 590 312 992 
907 704 1153 1003 1053:4348:1848 897 294 286 1023 
78:1532:1532 
484 840 477 1499:3670:1998 544 620 508 
361 118 1100 910 1493:6178:588 1096 426 1056 3012 
1263 847 1124 1413:6556:805 2724 459 2568 
292 408 231 1053 398 1273:7274:1300 1684 996 1023 450 1821 
1257 1506 1423 1313:6423:1584 1272 1383 2184 
1121 1543 1021 19:6053:2343 1437 446 1827 
701 645 1321 1477:4856:572 1839 882 1563 
1038 289 539:3860:411 753 2696 
1297 575 1197 609 1324 948 692:10983:948 1569 1716 1491 2688 1680 891 
519 315 765 615:5745:2804 890 1095 956 
369 365 748 758 1274:7176:1636 2223 812 1719 786 
888 844:2863:471 2392 
129 578 428 478 462 605:5253:558 832 256 1560 760 1287 
168 45 468 1504 501 72:5261:663 194 1272 858 768 1506 
630 680 663:2212:1040 530 642 
979 563 426 1129 513 443 986:7380:2163 954 440 1407 214 912 1290 
107 1503 900 1482 1426 544 700:10014:960 2084 672 472 2205 2100 1521 
1293 450 74 1376 561 557:5226:1112 1208 594 963 620 729 
1446 1429 15 624 941 697 121:10450:944 954 1245 1305 3036 702 2264 
1550 1013 292 914 325:5134:1098 801 650 1401 1184 
1243 1386 438 754 511 1492:6787:904 1180 1047 1892 384 1380 
1282 854 477 1366 550 960:9256:3410 1176 310 1020 1736 1604 
291 275 5 614 930 1101 524:10581:1704 1833 804 2740 564 2024 912 
1540 1417 281 1317 314:7069:1276 2091 1371 1314 1017 
1520 1277 1114:4593:1269 1422 1902 
328 1431 682 931:4660:932 2240 444 1044 
732 915 578 1347 572 35 871:9559:704 1629 1664 921 1748 1480 1413 
1024 1328 845 868 66:10039:3020 1752 1295 1998 1974 
411 488 844 482 1503 782:6336:190 1764 1196 272 2084 830 
312 522 971 821:4836:1197 586 2060 993 
977 162 572 954 965 1481:6386:417 1002 1748 1332 852 1035 
136 1091 529 59:7588:2820 2652 1640 476 
1295 1224 209 685 908 452:5891:1041 708 1328 618 500 1696 
1332 822 472 589:3172:256 996 456 1464 
150 1492 1288:5173:3010 828 1335 
173 689 793 377 239:6155:795 624 1524 1648 1564 
1079 1036 807 364 1412:4963:1287 764 1048 1182 682 
530 1219 470 719 636:8147:2097 1628 1042 1404 1976 
979 1069 520 703 780:8153:2884 321 1082 1698 2168 
583 433 483:2970:852 1026 1092 
643 932 316 659:4050:678 552 708 2112 
793 882 333:4034:2032 950 1052 
153 324 1306 703 44:7970:984 1384 930 2264 2408 
1372 956 819 1522:4254:1482 657 1503 612 
336 1545 104 341 1162 507 1383:8585:606 1242 1342 1422 828 1768 1377 
1426 411 887 1110:4311:1470 285 1038 1518 
1559 504 1513 138 1359 571:6192:562 1360 1344 1482 996 448 
248 551 69 92 847 352 135:8759:300 1881 2260 316 1362 357 2283 
1107 784 1273 591:5004:1452 300 2428 824 
874 724 774 757:4892:906 1644 1864 478 
394 1536:2130:1662 468 
205 560 1342 1220 84:7973:1536 936 2900 1071 1530 
537 587 571 300 910 1226:7605:1353 1704 896 1102 1408 1142 
252 674 152 707 1423 1460 791:10775:1422 2288 1425 957 1844 1660 1179 
185 834 618 414 1277 1127:8421:315 2256 1064 1972 1422 1392 
428 1264:1716:384 1332 
305:1902:1902 
1198 488:2862:1980 882 
1424 1208 1004 1453 1304 1354:8292:2094 1581 1725 1184 504 1204 
296 918:1944:261 1683 
779 895 718:2229:1002 357 870 
36 485 336 386 369 512 1122:5954:1260 778 404 800 1227 1050 435 
76 1511:1380:906 474 
1462 1019 923 574:5259:254 2728 765 1512 
37 1113 1136 747 1396 1179:8036:924 381 2648 1053 1581 1449 
491 580 31 214 1435 647:8803:1280 1856 1068 1566 1476 1557 
433 1508 1531 1142 233 17:7806:1026 1893 194 1671 1904 1118 
273 1043:2100:1221 879 
500 1348 1065 1022 793 350:8570:1386 1900 1348 1160 1524 1252 
425 1368 153 696:4551:753 1923 1476 399 
9:1272:1272 
163 1212 862 979:6022:1362 309 1467 2884 
1132 223 7 217:4188:624 1764 1422 378 
672 1415 267 649:3988:1260 1432 320 976 
586 291 8 1522 880 437 341:8725:765 1704 988 612 2536 698 1422 
902:546:546 
337 374 1262 447:4209:420 1340 429 2020 
1176 467 184 554 1470:7892:1264 2776 1262 1716 874 
737 1546:1122:690 432 
271 1426:3504:1299 2205 
767 84 588 38 221 1443 654:8225:1060 2040 552 726 1926 1179 742 
137 946 1196 1112 1416:7577:1254 1578 1665 2046 1034 
1456 1545 996 1179 1256 54:5608:678 1656 308 966 996 1004 
34 1110 1546 744 1393 1176:6179:939 1518 324 1442 1008 948 
488 577 28 211 288 644:10369:882 1924 2872 2040 2180 471 
1334 425 208:2917:1041 1004 872 
1377 1067 651:2804:1018 1348 438 
1167 618 801:3768:1452 798 1518 
891 1473 1417:4140:930 1816 1394 
1408 1325 1214 732:3797:1503 810 956 528 
1381 538:2060:1592 468 
622 272 389 212 1447 378:7415:438 2768 654 903 2236 416 
1487 1404:2088:510 1578 
851 1367 1057:3844:1362 1926 556 
192 1067 1157 608:4828:837 1011 2724 256 
1250 1234 1377 429:4282:1227 432 1527 1096 
399 89 1231 1410 142:7227:495 1176 2812 984 1760 
6 1121 1025 675:6339:428 3124 777 2010 
249 139 1214 1237 848 1497 1281:9025:891 963 956 1956 836 1866 1557 
1205 469 1372 689:5939:1992 723 1976 1248 
822 872 856:2834:996 934 904 
1178:2421:2421 
979 163 159 956 552 1068:9677:3605 1816 1580 876 216 1584 
1282 1092 117 60:7400:2728 1748 1976 948 
210 273 909 40:3383:885 814 912 772 
1159 1515 1153:2574:1390 792 392 
906 1488 1018 136 706 1555:9616:348 1652 660 2115 3275 1566 
945 956 1471 1162 745 1022:4567:880 657 870 828 462 870 
785 490:1388:796 592 
460 1109 892 1103 1552 1402 1452:9457:1136 288 2028 904 1488 1413 2200 
1485 1148:2292:780 1512 
1219 1375 666 383 753 110:6154:1221 1197 492 976 1472 796 
230 933 318 247:5443:702 1875 1840 1026 
380 883 334:3708:944 2188 576 
58 1372 796 607 1189:5408:1748 1482 723 1050 405 
544 820 1110:3492:1575 399 1518 
511 694 770 1126:4393:384 2248 1092 669 
1137 1280 331 648 404 1386:6592:652 536 1530 1968 726 1180 
934 1344:1723:615 1108 
1493 119:4275:3012 1263 
988 944:3228:2528 700 
775 625 675 659 388:5331:525 906 2010 1056 834 
376 758:3132:840 2292 
1082 1172 623 709 372:6558:722 2064 1352 212 2208 
922 706 502 1365 1215 1265:7600:1575 2620 1767 196 1168 274 
1059 270 1053 516 1352 416:7007:1200 826 682 993 1359 1947 
1512 1296 1092 1541 1392 1442:6924:291 1425 1311 1572 800 1525 
287 909:2080:864 1216 
997 967 458 108 225 48:7545:1935 330 1315 1125 2106 734 
1450 21 497 1134 264 1073:9691:2140 1293 1348 1316 1623 1971 
671 29 1144 1048 698 815 638:9009:1620 1352 790 788 1275 692 2492 
754 139 68:3770:1892 642 1236 
1553 1430:2189:987 1202 
1261 619 176 1224 875:8074:232 2180 2130 944 2588 
862 752:1908:1467 441 
1091 1195 779:4002:1989 1011 1002 
1295 745 928:3098:1388 462 1248 
1304 1115 140 83:5158:504 1868 1320 1466 
233 296 932 63:4578:1428 174 828 2148 
1182 1537 1175:3098:816 1014 1268 
928 1511 1041 159 729 19:5091:936 711 262 632 1332 1218 
968 978 1494 1184 768 1045:8273:720 900 1252 1900 1488 2013 
905 609:1858:864 994 
483 1132 915 1125 17 1425 1475:11642:1456 624 2172 1732 1677 1149 2832 
1508 1171:2594:1262 1332 
1242 1398 689 406 776 133:9704:1137 2364 1248 912 3635 408 
253 956 340 270:2814:474 657 444 1239 
403 906 357:2485:1108 348 1029 
178 1395 819 630 1212:5226:702 1152 1503 1560 309 
567 843 1132:3702:1302 1464 936 
533 716 793 1149:4116:1305 1312 1016 483 
1159 1303 354 671 427 1409:6014:2085 248 1257 1080 1152 192 
603 1345 197:3034:448 1446 1140 
713 270 174 1382 1499 1322 586:8736:2512 826 942 868 762 1806 1020 
849 1392:1232:592 640 
304 1193:1464:975 489 
354 1176 521 1396 1486:5856:1257 632 1950 1054 963 
816:1206:1206 
424 901 1123 668 1477 168 85:8964:562 1638 1484 2046 2084 442 708 
335 1450 940:5869:2716 1605 1548 
148 198:2643:2121 522 
747 1556:2666:702 1964 
1557 1553 378 388:3833:675 658 832 1668 
1197 1154 511 482 1530 1181:4661:1144 1017 384 544 960 612 
1237 621 964 1094 12 648:8304:1467 506 1161 2812 882 1476 
967 324 1439 1344 994:3334:220 692 1168 831 423 
1383 48 1150 401 651 568 458:6485:1377 734 1164 520 292 1872 526 
1187 1557 914 471 1520 1170:7427:1648 675 1868 580 1692 964 
415 638:4580:2088 2492 
1311 372 1553 1297 482 478:9062:2408 2944 658 948 544 1560 
249 299:1536:594 942 
848 100:2814:1254 1560 
1261 1271:2275:232 2043 
1488 19 1028 1211 1288 86:8341:826 2436 836 2085 1068 1090 
1527 1045 1481 678 1327 1111:8280:1830 2013 690 1332 1983 432 
1202 520 609 60 243 320 676:13569:1514 1082 2485 1896 1692 2452 2448 
559:2097:2097 
1002 586 449 1152 536 466 1009:11300:1533 765 2772 1425 1065 2072 1668 
723:372:372 
373:2068:2068 
667 690 301 950 733 529:7238:1446 762 384 1902 694 2050 
1086 298 983:3480:1473 1551 456 
1313 604:2636:2184 452 
477 1540 1323 1119 11 1419 1469:10035:465 1914 1653 1812 2067 604 1520 
1502 21:2696:972 1724 
1108 399 116 72 987:6824:897 495 3036 1004 1392 
1441 12 488 1125 255 1064:6385:952 1176 1764 1732 345 416 
662 19 1134 1039 689 806 629:8855:1260 2436 1645 310 936 1844 424 
745 130 59:2358:616 1266 476 
1544 1421:2400:780 1620 
609 69 1118 768:8540:1988 2260 2308 1984 
327:306:306 
333 1435 686 936:5489:1052 1968 996 1473 
736 919 582 1352 576 40 876:9110:1584 891 2772 1359 520 772 1212 
1029 1333 850 873 70:4035:622 656 936 1302 519 
1166 630 1466:3658:830 1560 1268 
153 829 1399 690 407 363:6445:1476 1197 942 1016 1178 636 
1175 759 1036 1325 709:4976:1268 1328 1146 810 424 
204 320:2718:879 1839 
620 44 998:3479:402 2408 669 
690 912 457 1266 1516 1432:9400:1016 2405 810 1125 2640 1404 
1555 900:1716:1044 672 
796 634 30 613 557 1233:4670:482 1880 494 1056 486 272 
693 797:2651:1424 1227 
964 188 1209:4012:1548 1482 982 
1147 265 421 1270 987:7140:774 1983 1132 1395 1856 
1123 508 851 1394 1456 535:8193:1113 2181 1362 1374 678 1485 
1091 1048 405 376 1424 1075:10019:1326 1182 1923 1680 2792 1116 
1228 612 955 1084 3 639:7332:1251 1600 1400 741 489 1851 
456 107:2415:1455 960 
1401 825:2145:564 1581 
1547 1158:1750:1272 478 
1041 425:1015:262 753 
282 159 582 59 615 1330:6991:850 948 2772 1190 717 514 
622 419 1282 1132 1182 1165 895:9639:584 1875 3410 936 544 2052 238 
90 872:2749:414 2335 
446:2094:2094 
609 33 1402 426 370 1046:6115:1988 741 1413 330 680 963 
1063 1059 1441 1452 410 100:7115:1126 1200 714 2200 705 1170 
449 1125:2945:2079 866 
41 490:1188:300 888 
224 567 696 1172 251:4543:900 1302 399 1032 910 
20:1524:1524 
896 613 570 1485 1042:5205:1518 1056 1230 780 621 
4 253:1860:1228 632 
287 1441 813:2385:864 714 807 
603:672:672 
1160 517 74 1122:5228:1410 2492 891 435 
1359 450:1955:747 1208 
677 540 1243 627 557:4468:1668 267 904 900 729 
57 1266 1382 1206:4509:330 900 651 2628 
1536 1040 824 620 1070:5591:936 1028 1221 402 2004 
1074 537 1373 437 1407 564 188:8367:1078 902 2756 1047 230 378 1976 
934 1370 568 1217 1000 1210 102:9302:820 1410 2496 482 1488 1352 1254 
1410:984:984 
861 218 1333 1237 888:6651:1888 2340 328 1467 628 
1173 1423 1340 1230:3994:1248 922 1407 417 
1363 841 1396:4083:1461 1041 1581 
674 31 1146:4203:1716 1068 1419 
1200 505 355:2352:1364 586 402 
855 239:2144:1362 782 
395 1017 428 1144:3585:1179 1548 384 474 
1054 172 328 1177:3240:807 1128 699 606 
1131 382 631 451:3939:1359 861 423 1296 
1318 597 1219:2518:712 992 814 
1052 409:2958:753 2205 
813 1422:1798:538 1260 
543:867:867 
1089:1428:1428 
74 484 866 877 1393:6880:594 1998 2692 588 1008 
550 706 411 128 84:6127:1302 2620 475 200 1530 
359 902 500 723 267:3205:696 364 1386 279 480 
31 906 996:1765:801 348 616 
802 1412 170 1485 1322 719:9224:2064 1364 1680 1040 1204 1872 
1293 477 473 1270:3379:834 775 375 1395 
450:2416:2416 
1499 1309 334 277 953:6834:762 2652 576 1832 1012 
157 1099 1442:4739:1524 2300 915 
1467 930:3210:2082 1128 
21 1550 1040 691:4816:862 1464 771 1719 
264 154 1230 108 863 1513 1296:7082:1623 1095 417 750 1100 672 1425 
1221 484 1387 705:5931:813 1998 2628 492 
838 888 871:2600:1344 314 942 
1194:1662:1662 
994 178 588 971 567 1497:6232:423 702 828 1545 868 1866 
1042 1358 1115 952 349 932 875:7951:621 1152 1868 1048 864 1104 1294 
825:1581:1581 
615 1119 570 753 416 1185 409:12682:717 2416 820 1472 3245 1072 2940 
945 862 1166 683:5274:1320 1467 1245 1242 
490:888:888 
330 1205 1295 746 929 1006:9619:3405 1494 1041 2169 400 1110 
1342 860 1296 493 1142:6508:1450 908 950 972 2228 
1519 38 394 1176 1053 1475 953:8706:312 968 1662 1264 1364 2124 1012 
568 484 374 1450 1472 1083 174:9379:2496 2664 536 1070 1179 178 1256 
1485 830:1418:520 898 
726 564 1519 543 487 1163:4324:1100 504 312 1156 952 300 
527 630:2841:1281 1560 
894 118 1140:2228:436 822 970 
195 351 1200 917:3293:700 964 1023 606 
474 777:4768:2668 2100 
601 1117 807 391:3420:774 1370 786 490 
1354 1005 1121 945 622:7032:903 2028 2343 1320 438 
519 1275:2551:2103 448 
592 869 1158 542:4472:1374 792 956 1350 
143 1019 1108:4168:926 2046 1196 
1532 929:1236:1036 200 
673 696 307 956:2771:958 399 538 876 
1322 479 517 1405 590:6480:2408 786 1246 676 1364 
629 467 1422 446 390 1066:9288:424 1388 1680 1396 2780 1620 
399 1195 792 1308 1412:5949:495 1348 1269 1473 1364 
326 43 1557 1329:4630:1784 1232 675 939 
1076 1099:4615:1740 2875 
340 30 1172 1449 180:3700:222 988 1548 450 492 
1505 1476 966 617:4598:1022 1572 1386 618 
287 177 1252 34 789 1438 1222:6907:864 963 1275 626 1394 492 1293 
1146 410 1313 630:8364:1419 705 3640 2600 
764 813 797:3345:1989 538 818 
674 1216:2874:1716 1158 
128 1017:1848:300 1548 
1000 345 1220 1310:6526:1488 1239 1071 2728 
1387 1117:5396:1971 3425 
628 850 395 1204 1453 1370:7751:474 702 1572 1347 1776 1880 
1136 813 1302:4426:1986 1076 1364 
786 930 1539 297 54:5524:531 846 1989 652 1506 
886 897 1412 1103:3786:1677 408 1023 678 
1116 1087 578 228 345 168:6465:1476 1200 1664 444 1239 442 
1227 12 141 617 1254 384 1193:7607:1641 588 1432 824 2082 388 652 
1257 1413 1118 835 791 148:11049:1188 2568 1731 1869 1572 2121 
171 874 259 188:5883:2116 1208 1077 1482 
832 922 372:7288:2244 2100 2944 
1338 96 1410 1248 645 1227:8780:1604 1206 1312 1244 1226 2188 
1377 1121 306 302 1098 695:11897:2036 1562 3004 2496 789 2010 
1467 1224 648 458 1041:4818:2082 472 1476 526 262 
575 864:1943:1046 897 
851:1816:1816 
814 265 448:4988:1284 2644 1060 
73 1064:1996:1684 312 
815 13 662 445 655:8235:519 1900 1680 2480 1656 
209 87 509 1545 542 114:5380:996 684 1312 1242 810 336 
550 760 1209 1059 1109 1093 822:8432:1302 1005 1473 1600 192 2196 664 
1240 903 114 896:5131:1257 1852 504 1518 
374 1329:1162:536 626 
1556 1073 1096 707 1356:6678:1473 1971 1416 957 861 
228 850:1232:296 936 
827 650:1356:528 828 
1127 551 361 944:4654:1856 1881 392 525 
420 1057:2760:1648 1112 
75 790 414 158 900 896:5113:496 426 986 849 1344 1012 
940 364:2214:1032 1182 
181 98 1545 1063 1500 697:5846:480 1392 1242 1126 904 702 
78 261:4427:1915 2512 
1414 1131 1087:3522:510 1812 1200 
1287 378 161 371:2245:496 624 873 252 
109 518 901:4593:2220 735 1638 
1290 1407 86 908 252:6650:2568 230 2180 250 1422 
685 708 319 968:4532:927 2079 566 960 
589 212 1514 699:3296:976 903 333 1084 
1175 1331 622 339 295 66:7825:951 1497 584 1052 1767 1974 
379 1321 106:4280:1394 1323 1563 
640 823 900 1255 893 357:6905:1401 2388 1008 735 344 1029 
1093 290 939 723 933 1382:6437:1647 1264 411 372 1875 868 
1230 1413 1392 190 972 850:7142:417 2568 800 1470 1185 702 
1523 414:3057:592 2465 
77 620 1096 1319:4918:2028 402 1888 600 
780:1084:1084 
185 1233 884 1000 1237 404:7449:420 408 1960 1984 1467 1210 
351 1454 705 954:5450:1928 2031 492 999 
755 938 601 1370 594 58 894:8657:2172 903 1548 1410 440 1748 436 
1047 1351 868 891 88:6890:1150 1228 2664 1395 453 
1184 648 1484:2930:950 1476 504 
172 848 1417 708 425 382:9710:1692 1254 2091 2772 753 1148 
1193 777 1054 1343 727:7386:652 2800 807 1611 1516 
222 338:2472:2157 315 
638 62 1017:6165:1869 2748 1548 
708 931 475 1284 1534 1451:9373:2772 1392 988 1434 1491 1296 
871 1547 145 994 711 1081 438:7646:942 1272 794 423 1566 1602 1047 
394 910 1014:2938:1662 1056 220 
1390 708 1211 662:6535:1384 1386 2085 1680 
1018 69:2755:495 2260 
691 941 858 1161:6786:1146 3036 1260 1344 
1294 358 1328:4830:1041 2037 1752 
333 289 1204 1175:4103:1052 753 1347 951 
1448 1338 855 1292 489:7878:2220 802 1362 1890 1604 
130 486 1268 1145 10:5533:1688 860 1350 846 789 
463 513 496 226 836 1152:4632:687 321 745 264 1190 1425 
503 1539 536 1252 1289 619:7304:969 1326 1065 1700 936 1308 
310 39 649 965:5229:532 1689 2440 568 
160:744:744 
410:705:705 
316 938:1375:472 903 
896 1012 835:4300:1518 1536 1246 
153 602 453 503 486 629 1239:6508:1476 796 1506 646 645 212 1227 
613 969 607 70:4641:1056 966 2100 519 
271 587 344 1326 1136 161:8604:1732 1704 1744 936 1324 1164 
1176 1186:1854:948 906 
1040 1223 1300 98:2948:1028 348 528 1044 
108 1396 447 763 934 358:7675:750 2108 1515 1329 615 1358 
973 1383:2529:693 1836 
1313 1402 853 1036:5365:1456 1413 1350 1146 
260 577:3464:1059 2405 
1546 1463 1353 870:4924:432 1476 1612 1404 
1519 677:3004:780 2224 
857 507 624 447 125 516:6333:760 884 1305 1010 1712 662 
164 81:2790:1635 1155 
634 1377 1373 197 208 724 414:12813:1880 2036 2756 1710 1308 1644 1479 
688 831 1441 199 1513:4496:1308 813 476 891 1008 
798 1314 1004:2983:1014 244 1725 
138 1014 1104 555:4591:1482 220 1284 1605 
1007 59:2119:1167 952 
1095 1344 1261 1151:2553:1152 831 348 222 
1284 762 1317:4902:1434 2154 1314 
595 1511 1068:2721:822 711 1188 
764 548 344 1207 1058:10130:3315 2750 1308 1745 1012 
288 1470 1214:4208:2180 1311 717 
39 1553 1324 881 371 22 138:11758:1689 1645 2688 1770 378 1612 1976 
1377 335 25 1167 1444 175 1117:12778:1527 2037 558 2420 1288 2208 2740 
1028 452 262 845 375:4876:1254 848 996 518 1260 
476 765 150:4869:1968 1095 1806 
626 715 166 349 426 782 6:7095:480 1228 1332 1728 440 1245 642 
665 183:2193:879 1314 
989 586 1515 1206 789 652:6667:310 765 594 1971 2091 936 
1029 53 1555 673 829 120:8635:622 2572 1566 1437 1596 842 
1282 1145:2892:2046 846 
428 1449 727 1349:3295:512 600 1137 1046 
860 1443 1387 505:5755:1362 1179 2628 586 
41 677 1366 617:4116:300 1668 1530 618 
667 850 927 1283 921 384:3730:1446 702 357 438 496 291 
1217 415 1064 847 1057 1507:7324:723 2088 312 2043 834 1324 
1257 1440 1517 315 1097 974:4794:792 1002 432 534 1608 426 
89 539:2610:588 2022 
272 202 745 1221 1444:4639:2076 915 462 542 644 
1265 528 1431 749:5973:685 528 2800 1960 
959 756 61 1469 1519 1502:5547:1128 948 405 1140 468 1458 
672 1508 573 1542:5540:1890 1262 1863 525 
763 707 1383 1539:5193:1329 957 918 1989 
187:714:714 
586 1529:1965:765 1200 
1262 541 1163 574 1289:3177:429 672 600 1008 468 
854 1463 222 1536 960 771:6163:882 1476 2157 468 802 378 
833 18 428 810:3155:1335 1344 256 220 
405:1923:1923 
947 385 1473 591:3326:240 858 1816 412 
1080 65 541 764 308 1117:9102:1194 2007 672 1989 1185 2055 
1459 1110 1226 1463:6237:1024 2024 1713 1476 
138 787 571 367 1230:6254:1976 1132 896 1833 417 
284 1120 184 1153 311 1493:7742:558 963 2524 196 1242 2259 
1307 1290 1434 485:5782:741 2568 528 1945 
358 48 1190 1467 198:6348:1358 1468 744 2082 696 
62 33 1081 732:4492:1374 988 1602 528 
305 195 1271 149 905 1554 1337:10227:1902 1050 2724 1434 1296 1512 309 
1165 428 1331 649:5383:1539 384 1996 1464 
879 929 912:1765:603 200 962 
692 1235:1662:891 771 
147 1035:948:342 606 
1018 363 1239 1328:4110:495 636 1227 1752 
842 692 742 725 455:5561:1656 891 1820 522 672 
33 29 825:3616:494 1014 2108 
1154 832 1321:5925:1356 2805 1764 
902 1045 97 413 169:6263:546 2013 424 1760 1520 
1002 1012 1528 1218:5909:1533 2048 1299 1029 
1135 1105 596 246 363 186:6705:1488 1428 472 1863 636 818 
1342 127 256 733 1369 500 1309:9270:2175 624 920 1388 1250 924 1989 
1275 1431 1136 853 809 167:6729:672 1680 1986 1350 723 318 
287 990 374 303:5054:576 1782 804 1892 
850 940 391:3219:936 1548 735 
1356 114 1429 1266 663 1246:4539:861 504 954 450 642 1128 
1198 437 34:3653:1980 1047 626 
766 443 932 250:4184:324 684 1104 2072 
383 433 416:2958:976 684 1298 
414 593 882 267 610 1153:6587:1972 1050 1425 640 1206 294 
746 717:4961:2169 2792 
201 517:3752:1260 2492 
1073 990 879 397:6555:2628 2376 804 747 
1143 714:2733:1296 1437 
893 798 448 565 388 1210 554:7652:344 2028 795 504 1251 1014 1716 
504 1447 1376 361 837:5463:1020 1677 1284 588 894 
978 242 1144:3153:1200 1479 474 
358 968 1284 1040:3987:2037 480 956 514 
529 391 1094 479 408:6516:1230 735 2109 1179 1263 
377:1236:1236 
1446 737 454:1718:472 920 326 
315 1390 1413 610 115 1457:5928:534 1038 1284 804 354 1914 
155 511:3132:2748 384 
479 1327 1044 1001 358 329:6841:786 1322 442 938 2037 1316 
518 795 1084 468 811 940:6428:735 704 741 636 1548 2064 
851 408:3046:1362 1684 
938 1547 305:4711:903 1272 2536 
988 1530 449 671 216:9774:1896 960 2772 2160 1986 
492 1314 659 1535 66:6125:1332 366 1584 1527 1316 
222 1391 482 266 62:5999:2157 618 272 891 2061 
516 1537 815 1437 848 6:7167:1324 1521 692 1316 1672 642 
985 1129:2281:405 1876 
226 862 1551 802 1052 968:5941:528 1467 434 1548 1004 960 
776 427 543 367 44 436:8432:2181 1152 578 1222 2408 891 
340 816 1452 583 1392 84 1559:7094:333 1206 2200 852 640 1020 843 
656 685 590:3439:2139 618 682 
802 413 1062 846 1056 1505:8872:1032 1760 1302 1216 1518 2044 
1255 1438 1102 313 1095 972:5143:490 492 1356 1044 576 1185 
1232 537:1783:430 1353 
271 200 743 1219 1442:4655:1299 1443 489 814 610 
849 527 1016 333:4445:1184 1281 928 1052 
713 563 613 597:5514:2512 954 1056 992 
707 1223 913 497:2528:638 232 984 674 
1117:2055:2055 
950 241 1516 1472:6457:1902 2056 1320 1179 
1004 1253 1170 1060 577:7691:2300 990 1446 1512 1443 
1237 1314 111 894:4047:1956 488 1276 327 
777 948 371 1326:5234:2800 1120 378 936 
780 1323 241:4270:1626 1102 1542 
1483 707 584 1006 484:7380:1182 957 1467 1110 2664 
590 347:1927:1023 904 
1463 981 1004:3540:1107 708 1725 
132 1287:1448:704 744 
1503 448 1457 82 1303 515:6041:1042 1060 1276 1473 496 694 
398 1474 1497 694 199 1540:7700:450 1158 1866 1124 1188 1914 
335 691:3862:2716 1146 
1550 562 1411 1128 1084 441 412:4919:1464 336 660 882 494 306 777 
898 909 1425 1115 699:5214:939 912 1149 1401 813 
116 1031 588:2724:1518 654 552 
316 965 749 959 1408 1258:6175:944 568 1960 846 1503 354 
618:798:798 
63 938 1028:5024:2148 1204 1672 
834 1444 202 1517 1354 751:6901:2256 1288 915 324 602 1516 
1227 412 408 1205:5434:1641 1036 1263 1494 
992 482:1217:945 272 
1248 1298 1281 1424 476 792 549:11225:1866 774 1557 1396 2624 1692 1316 
143 765:2484:1389 1095 
839 662:1611:351 1260 
563 373 956:3182:1272 1034 876 
190 879 130 380 296 186:5538:2205 603 1266 472 174 818 
1252 516 1419 737:3562:1275 993 604 690 
870 920 903:2853:1053 411 1389 
683 1226:2955:1242 1713 
138 1026:2643:1482 1161 
639:1851:1851 
1099 456 13 1062:5817:1150 1940 1425 1302 
1299 390:2962:1572 1390 
616 479 1182 567 496:4503:759 1179 816 1302 447 
603 94 1302 1419 1242:4108:672 444 1023 453 1516 
1555 807 1056 876 1180 697 720:8922:2088 1048 1518 909 2127 936 296 
307 1223 1193 684 334 451 274:6399:1076 464 652 640 432 972 2163 
1430 215:1625:1202 423 
1191 814:1743:780 963 
128 1031 348:2082:500 654 928 
1340 764:4059:1407 2652 
127 1296:1886:936 950 
476 1179 564:3438:1968 966 504 
1196 420:3456:2220 1236 
41 1316 128 1043 600 91:5180:600 276 300 1172 1320 1512 
1154 1083 68 544:5856:1017 267 2472 2100 
1353 1016:1502:806 696 
1243 534 251 207 1536:6543:904 2424 1820 693 702 
1330 115 658 720 1357 488 1297:5339:771 236 988 444 1070 882 948 
155:2748:2748 
1455 506 822 579 3 1372 396:10365:1868 2760 996 426 489 1482 2344 
1018 895 1318 795 1351 922 546:5595:330 357 712 528 614 1050 2004 
10 460:1378:526 852 
123 666 1142 1365:4632:2175 492 1671 294 
826:662:662 
133 1182 832 949 1186 449:8237:408 816 1683 1652 906 2772 
174 397 1499 750 1000:5323:942 747 762 1384 1488 
1349 800 983:5727:2615 2352 760 
1262 1073 97 41:3924:572 2628 424 300 
1303 288 350 987 117:5275:372 1090 939 1392 1482 
394 72 560 1436 1526:4545:1108 1506 702 332 897 
1060 1270:3372:1512 1860 
773 1116 1245 164:5816:480 1476 1680 2180 
374 1249 1339 790 973 1050:3921:1072 540 714 426 693 476 
806 829 440 1089:5276:922 1596 378 2380 
997 1553 710 747 78 820:6400:1935 987 744 1053 1149 532 
178 787 1103 860:4100:702 1132 904 1362 
211 914 298 228:6789:2040 1868 2585 296 
458 961 412:2624:1052 795 777 
1377 135 1450 874 684 1267:7940:2036 3044 1070 906 256 628 
1417 1161 345 341 724 734:8629:1394 2016 1239 1422 2192 366 
409 725 482 1464 1274 299:8203:2205 1044 680 1656 1048 1570 
1314 1324:2382:366 2016 
661 1017:2868:1320 1548 
768 325:2376:1488 888 
1367 125:3638:1926 1712 
1011 901 418:6262:2284 2184 1794 
1150 335 745 1127:6162:1746 2716 308 1392 
405:2564:2564 
309 1264 288 232 908:7188:2076 1776 2180 906 250 
1468 1397:1771:675 1096 
815 438:1217:519 698 
166 655 1530:2640:1332 828 480 
1062 485:2035:868 1167 
63 818:2101:1611 490 
413 702 86:5895:1320 2940 1635 
652 103 286 363 718 356:6873:1248 507 756 1272 1740 1350 
653 1408 499 283 493:7467:1518 1503 1509 1479 1458 
437:1047:1047 
1155 473 562 13 196 953:7937:1116 625 448 1900 1824 2024 
313:1044:1044 
1438 103 1205 456:5015:1230 338 1992 1455 
449 1219 443 320:6109:2772 814 684 1839 
10 326 83 1479 876 1458:8393:789 1338 2932 556 606 2172 
426 50 1352 537 532 1329 926:8033:330 2115 1359 902 2073 939 315 
1372 1422 1405 1549 600:5444:988 840 676 1180 1760 
1123 1505 1516:3966:1113 1533 1320 
953 271:2744:1012 1732 
315 885:1148:356 792 
698 482 692 1141 991:5511:1275 544 891 992 1809 
259 1147:1851:1077 774 
406 1228 572 1448 1538:7587:912 1251 1311 2220 1893 
1072 1282:3760:1032 2728 
523 1465 1394 379 855:9340:1332 1572 1832 2788 1816 
996 260 1163:2125:616 1059 450 
376 986 1302 1059:4032:1260 1290 682 800 
547 410 1113 497 426:4121:1230 705 508 1348 330 
805 1136 1252 1075:5885:1599 1324 2125 837 
163:1362:1362 
1481 612 1421 113 30 333:5866:690 1200 1620 826 741 789 
566 1055 373:3898:969 861 2068 
1389 147 1462 886:2730:1016 342 254 1118 
952 536 813 1102 486 830 959:7071:1572 1065 1076 1017 430 1347 564 
420 576:1214:824 390 
251 900 683 893 1343 1193:7153:1365 1344 1656 688 1611 489 
151 933 810 1233:3172:1048 1250 330 544 
573 411 1366 390 334:7285:2484 285 2550 1390 576 
108:750:750 
298 1013 637 381 1124 1120 358:7458:1551 534 330 1263 459 1284 2037 
1332 1183 1232 337 481:4820:512 891 645 560 2212 
827 450 194 937 933 1316:8380:528 2416 1194 2091 1875 276 
1220 977 400 211:2979:714 417 828 1020 
1047:1150:1150 
874 564:1586:1208 378 
1513 1390:1700:1008 692 
1167 1124 481 38 1500 1151:7311:968 459 2212 968 2260 444 
1304 688 618 1160 79 301:4444:378 1308 798 940 732 288 
68 1343 156 1071 628 118 1327:10859:1854 2685 204 1976 948 548 2644 
1124 82 186 1328 1191 336:7843:306 1964 2045 1752 1170 606 
658 375:2248:988 1260 
1507:993:993 
532:2073:2073 
1357 142 685 748 1384 515:7998:2140 1760 927 1218 912 1041 
270:1239:1239 
1163 453:1956:450 1506 
976 759 969 1419 1269 1319:8068:868 996 966 453 3885 900 
1429 227 1009 886 1308 786:10528:1908 1488 2224 2236 1964 708 
301 351:1830:384 1446 
1356 900 151:2818:574 672 1572 
374 1089 1127:3148:804 952 1392 
1307 664 221 1270 920:5631:494 1268 1926 1395 548 
908 797:1727:500 1227 
718 1234 1337 921:2761:1740 216 309 496 
1127:1392:1392 
129 805 961 252 1527 1483:9864:837 2665 1060 1896 1830 1576 
169 1417 1001 1277 8 951:8193:1520 2091 938 1422 1482 740 
774 65 1340 1297:6276:1398 2676 938 1264 
980 897 787 304:4107:942 408 1132 1625 
1050 622:1628:1190 438 
705 356 472 295 1117 462:7945:492 1350 456 1767 2740 1140 
745 967 512 1321 12 1487:4837:462 440 1050 1323 882 680 
149 1052:1936:1434 502 
1191 948 785 182 765 709 1385:8162:1170 1680 1990 682 1460 318 862 
1164 575 1291 915 659 1401:8400:921 2092 1856 1629 1056 846 
712 856 1465 223 1538:9450:2277 1356 1572 2352 1893 
340:333:333 
1432 1521 972 1155 1232 30:5317:1404 258 1185 1116 860 494 
1501 592 375:4646:2012 1374 1260 
1018 1029 1544 1235 818:4285:495 1244 1040 771 735 
236 1151 708:4068:963 333 2772 
922 533 1182 966 1176 67 1475:12279:2625 870 816 1848 1264 1316 3540 
57 959 277 366 1375 1558:6104:220 846 916 1728 1197 1197 
1512 1123:1033:291 742 
1006 391:1845:1110 735 
1269 547 1169 580 1296:9009:3108 820 2264 1392 1425 
763 1372 131 1445 869 680:8465:1772 2470 1724 516 1188 795 
1253 438 434 817:3344:990 698 801 855 
411:285:285 
1459 1270 294 1382 500:4648:768 1395 693 868 924 
707 996 380 723:2570:638 616 944 372 
857 946 397:2939:1140 1052 747 
1362 120 291 1273 669 108:7523:819 1263 1704 1214 1023 1500 
1220 816:2277:1071 1206 
987 1170 833 45:4483:1856 1446 890 291 
55 1343 394 710 467 305:9148:1244 2148 1662 744 2082 1268 
1017 1013:2349:1548 801 
258 747 65 568 19 202:6699:608 1053 1338 1872 1218 610 
59 814:1356:714 642 
408 697 81:3775:1684 936 1155 
655 744 195 378 455 811 449:11142:1242 2884 700 832 1680 1032 2772 
805 694 212:4750:1599 2248 903 
1417 241:3633:2091 1542 
8 192 268:3519:1482 1116 921 
1483:1182:1182 
751 601 651 635 364 974:3819:758 774 438 777 788 284 
216 771 1487 1524:4197:2648 567 510 472 
1237:978:978 
6 322 79 1474:4030:856 1142 488 1544 
1075 1004 1547:4833:837 2300 1696 
1028 492 1328:3587:836 999 1752 
486 429 1105 1261 552 269 226:5714:645 822 1071 348 432 2132 264 
50 566:3407:2115 1292 
1365 1548 67 423 60:4089:196 384 987 1100 1422 
100 549 400 450 433 576:7256:1950 1316 1104 1812 684 390 
814 1369 940:5848:1284 2500 2064 
647 5 1119 1024:7680:1038 1206 2416 3020 
248 138 1213 1236 847 1496:8124:450 1976 1082 1232 2043 1341 
778 228 411 75:2742:1398 592 380 372 
855 584 1194 1510 1267:5848:908 1467 1662 555 1256 
1051 648 1164 1268:3567:360 1476 921 810 
742 232 1440 1557 1380:7958:1365 1812 1503 450 2828 
858:2100:2100 
908:375:375 
748 1131 1141 99 1347 931:7517:2030 906 1240 1724 921 696 
706 236 912 1481:4925:1965 963 962 1035 
129:837:837 
529 1471:2100:1230 870 
69 1105 102 1232:4518:1130 1071 1672 645 
1413 531 687:3696:2568 324 804 
1320 1210 728 751 361:6059:1482 1352 1500 1137 588 
262 1044 921 1343:4080:498 442 992 2148 
684 522 1476 501 445:6111:256 1172 1179 1024 2480 
1467 1050 913 58 1001:7404:2082 714 984 1748 1876 
198:522:522 
381:1263:1263 
1196 1246 1230 1373 424 741 497:7342:1665 846 417 1378 1124 564 1348 
189 811:3441:1893 1548 
788 611:906:294 612 
511 322 904:2642:384 1142 1116 
1425:1532:1532 
1170 1020 1070 1053:4908:1928 294 2004 682 
1266 1369 953:3337:450 1875 1012 
361:588:588 
1410:1312:1312 
1333 824 474:3454:492 1628 1334 
81 64:2061:1155 906 
131:1293:1293 
530 1473:3459:2097 1362 
485 1107 518 1233:3381:1167 1452 490 272 
1297 827 1503 515 1364:4435:632 528 1042 1041 1192 
848 977 1453:4039:1254 417 2368 
361 238 661 139:5477:588 1845 1760 1284 
891 329 1417 535:5695:930 987 2788 990 
1024 9 485 708 252 1061:9777:2265 1272 1167 2772 1422 879 
1477 1034 525 175 292 529:8942:2084 2116 1064 2208 650 820 
842 93:1808:1104 704 
1138 376 1531:3451:1900 1260 291 
705 383 872 189:5250:492 1464 1401 1893 
322 372 356:7028:2284 2944 1800 
1084 1427 412:3846:494 2316 1036 
159 1355 818 96:3090:632 360 490 1608 
995 419 229 812 342:5229:630 1250 1203 1252 894 
443 732 116:3665:684 704 2277 
682 133 316 393 749 1531:4389:222 408 708 800 1960 291 
1342 433 216 426:6411:2175 1368 2648 220 
163 573 956:3663:1362 1863 438 
1055 1292 556 1458:7434:861 2520 2424 1629 
400 196 1059 909 959:5790:1104 1824 800 1216 846 
1162 347:1456:552 904 
1146 77 952 1456 906:7247:1419 2028 2096 1356 348 
143 1206 990 786 1235:8255:1852 2628 1782 708 1285 
859 1481 892 50 1232:7354:1024 1035 2535 2115 645 
443 200 1182 992 17:6605:684 1924 816 945 2236 
1248 832 1109 1398:6823:2488 1683 288 2364 
723 374 490 314 1135 480 1356:6322:372 804 888 1017 1116 1264 861 
287 763 986:3973:1152 886 1935 
1203 67 1103 101:3301:1116 987 678 520 
783 727 1403 1559:4983:1852 1137 870 1124 
1120 371 621:2032:642 378 1012 
560 1182 594 1309 933 677:8659:936 1088 440 2652 1875 1668 
847 697 747 730 874 1483 241:9579:2724 936 1053 1236 906 1182 1542 
314 1150:3684:1356 2328 
254 1303 953 1070:5013:327 496 1518 2672 
1126 217 1559 211:3197:446 378 843 1530 
666 1409 261 644:2418:656 192 1256 314 
483 188 1463 1419 777 334 238:8454:1092 1976 738 453 2800 288 1107 
897:306:306 
428 368 1257 441:2377:256 627 1188 306 
1171 461 178 549 1464:7195:2664 1972 468 987 1104 
732 1541:2100:528 1572 
266 1420:1845:891 954 
858 176 679 130 313 1534 745:7120:840 852 1140 1266 1566 994 462 
325 629:1206:888 318 
968 658 242:3682:720 1976 986 
758 209 392:4227:1719 1328 1180 
981 405 216 798 328:5453:472 1282 1986 1014 699 
621 6:1187:759 428 
1297 162 1197 195 1324:6783:948 1503 2288 700 1344 
475 1084 1401 13 995 392:4417:988 741 846 950 420 472 
53 462 845:3725:1929 760 1036 
1234 1351 30 852 196:3798:432 614 988 396 1368 
726 749 360 1009:6061:1650 1470 717 2224 
156 1458 643:3054:408 1629 1017 
239 10 1125 616 266 383 206:9114:1173 1052 2165 1265 891 1464 1104 
130 420 1362 147:3822:1266 1236 1092 228 
1379:1014:1014 
829 187 157 1206 856:7032:1197 476 2032 1971 1356 
324 1012 264 513 430 320:7739:1038 2048 1623 428 1376 1226 
776 93:3436:2908 528 
1464 903 433 1109 1265:5064:1104 1852 1368 192 548 
23 726 110 40 582:6146:644 1650 1194 579 2079 
147 1195 846 962 1199 463:5920:342 1011 912 1308 1431 916 
313 1416 667 917:5209:2088 1551 964 606 
953:1518:1518 
1053 1542 860 1363:6140:1364 525 1816 2435 
1026 1170:3089:1161 1928 
267 903 34 843 1093 1010:8223:640 1389 626 1464 2196 1908 
1327 817 468 584 408 85 574:7088:1322 855 954 978 1263 708 1008 
1516 235 524 1466 252 381 857:9676:1320 1836 912 1268 1896 1684 760 
876 581:1658:606 1052 
454 1103 887 1097 1546 1396 1446:7171:652 678 1384 1608 324 1581 944 
1479 1143:1204:556 648 
1213 1369 660 377 747 105:9675:1623 2500 2024 824 1404 1300 
225 928 312 241:7079:2808 1248 1995 1028 
374 878 328:2857:1072 1086 699 
52 1367 790 601 1183:4278:1200 1284 426 774 594 
538 815 1104:2699:468 519 1712 
505 688 765 1120:4681:879 1744 1095 963 
1131 1274 326 642 399 1380:8979:1812 1310 1338 1196 495 2828 
1267 839 462 1351 535 945:7028:1256 351 760 921 1980 1760 
383 992 1308 1479 902:4311:1464 945 982 556 364 
1279 969 553:3194:1194 1288 712 
520 703:4969:2705 2264 
593 1441 1158 1529:5957:1050 1190 717 3000 
1309 1226 1116 633:5946:1989 1713 1968 276 
440:378:378 
1293 956:1213:556 657 
1280 570 288 244 1476:8279:1340 2050 2180 1530 1179 
1269 55 597 660 1296 427 1236:11196:3108 1244 992 1518 950 1536 1848 
834 191:3204:1692 1512 
118 568 418 468 451 595 1204:8708:1096 1872 1196 954 972 822 1796 
272 1055 35:4704:2076 1148 1480 
1131 1288 992 709:4168:2265 534 945 424 
1304 849 100 349 266 156:4530:378 888 1170 1296 594 204 
1222 486 1292 609:6877:1724 645 2520 1988 
839 889 873:1815:351 596 868 
1195:1011:1011 
996 180 176 973 569 1085:5658:616 369 1704 693 1094 1182 
1299 1109 134 78:5090:2096 384 1844 766 
227 290 926 57:2924:1116 948 420 440 
1176 1532 1170:3394:948 518 1928 
930 1403 693:3016:564 1740 712 
1512 1030 1466 664 1313:5006:291 946 634 951 2184 
1123:1484:1484 
497 1506:3256:1348 1908 
747 1423 21 1283 1000:6788:1755 1383 1724 438 1488 
217 693 916:2500:378 712 1410 
1459 936 1492:3069:768 1473 828 
400 770 127 1242:3784:552 1092 624 1516 
1456 1067:2030:1356 674 
950 335:3939:1902 2037 
491 1113 524 1240:5237:2560 508 912 1257 
1206 1150 268 424 1273:7602:1971 1746 614 843 2428 
854 1397 1459:3002:882 1096 1024 
1143 781 245 1081 145:6200:972 2274 558 1602 794 
1170 1154 1297 349 665 421:7800:964 1017 948 1728 879 2264 
1290 862 485 1373 558:7680:2568 978 778 2756 600 
1011 435 1390 828 358 1034:7636:1713 1599 692 687 1358 1587 
502:2945:2945 
648 1070 548 1104 261 299:9990:1476 2004 2200 856 2512 942 
16 1557 1287 338:4718:2984 675 744 315 
1253 211 315 1457 1320 465:8324:990 1020 534 2552 988 2240 
36 884 602:4580:630 1960 1990 
462 1538 2 758 262 46:7473:1140 1893 411 1146 996 1887 
322 399 755:3459:1713 660 1086 
33 1015 826 1408 938 56 626:6207:741 1221 993 1002 903 387 960 
1558 888 73 482:3339:1197 471 1263 408 
180 1095 652:2046:246 864 936 
380 1029 812 1022 1472 1322:8311:708 1244 2504 870 1179 1806 
280 1062 939 1362:4521:1740 868 548 1365 
815 1398 1341:3994:346 2364 1284 
1152 1042 559:4825:1900 828 2097 
1291 476 472 1268:5938:1392 3280 456 810 
449:2772:2772 
36 1405 430 373 952:6468:945 507 1376 2068 1572 
253 1195 1538:4683:474 1685 2524 
1465 929:1972:1572 400 
20 1549 1039 690:3677:1016 1180 465 1016 
1392:480:480 
194 443:2475:1791 684 
94 477 487 1003:2766:444 465 1428 429 
1350 707 264 168 1377 1493:9374:510 957 2705 663 1527 3012 
1289 208 430 1533:4390:702 872 1032 1784 
1558 1450 674:3946:1197 1605 1144 
1241 1397 687:2402:1178 822 402 
375 265 1340 1363 974 65:6785:1260 1322 938 974 284 2007 
402 905 356 539 202:8758:864 1728 2250 2696 1220 
685 535 585:3196:927 1485 784 
884 468 745 1034 418 762:8773:1470 1272 616 1587 2392 1436 
309 27 1541 898:7243:2768 1964 1572 939 
549 985:1527:987 540 
226 1474 1058 1335 66:7888:264 1544 1518 1272 3290 
1488 1045 949 600:6069:826 2684 1239 1320 
63 1139 1162 773 1422 1205:7002:1611 1671 1104 360 1260 996 
519 1395 1485 935 1118 782 673:11009:2804 1728 520 1608 1731 1660 958 
569 1378 70 1545 1435:4769:1094 438 519 1242 1476 
1474 420 1428 53 1275 486:8024:772 1648 2349 1929 896 430 
467 1542 7 762 267 51:6870:2082 525 1422 1436 640 765 
307 662:1647:807 840 
61 630 1479 1196 1153 510 384:5392:540 2080 556 1110 294 327 485 
870 880 1396 1086 670:6969:1053 1902 1581 1473 960 
88 1003 560:1636:453 715 468 
384 1033 817 1027 1476 1327:7373:291 1460 1140 1320 1179 1983 
284 1067 944 1366:3786:372 674 700 2040 
707 544 1499 524 468:5988:638 2100 762 1216 1272 
1489 1073 936 81 1023:8399:984 1971 1964 1925 1555 
221:1926:1926 
404:726:726 
1219 1269 1252 1396 447 763 520:11837:1221 2331 1275 1054 2020 1772 2164 
211 834:3222:1530 1692 
811 634:3428:1548 1880 
534 345 927:3239:1818 826 595 
259 947 198 448 365 255:4201:1077 360 522 530 1482 230 
1224 488 1390 708:6187:708 1323 1384 2772 
841 891 874:2922:1388 930 604 
751 1294:1799:758 1041 
206 1094:3213:1104 2109 
1078 422 1298 1388:4752:936 2169 774 873 
1464 1194:3872:1656 2216 
705 928 472 1281 1531 1448:6844:492 936 608 1557 291 2960 
1372 1195 873 1362:4618:988 1348 1736 546 
513 962 812 862:5762:321 981 2504 1956 
1043 1053 11 1162:5431:1172 1364 2067 828 
261 1176 1147 637 287 404 227:7546:1884 1264 1032 660 864 726 1116 
1286 71:2230:712 1518 
1240 1117 1539 1017 14 1144 670:9928:1257 1370 3315 1548 1324 474 640 
22 135 584:4687:1209 1522 1956 
465 328 1031:2473:1120 699 654 
278 1047:3717:1992 1725 
1383 674 1070 1441 798 355:8650:918 2288 2672 476 2028 268 
278 141 844 228 158 701:7513:1992 2148 1794 444 849 286 
318 1167 884 840 611 168:4908:920 968 980 544 612 884 
455 731 1020 405 748 1291:8801:1344 2166 294 1923 1218 1856 
787 758:2568:849 1719 
1288 339 656:4972:1068 1052 2852 
1338 1467 385 1022 152:6438:1203 2082 858 870 1425 
429 1251 595 1471 3:4687:822 1974 822 580 489 
1192 1402:1769:356 1413 
1497 642 27 1514 499 975:8876:1866 598 1964 333 2012 2103 
1052 409 1524 1015:5371:502 2940 708 1221 
343:824:824 
1365:392:392 
1244 202 306 1448 1311 456:14350:884 1525 3755 4440 1806 1940 
1488 778 495:3122:826 1864 432 
356 1431 1454 651 156 1498:7027:1350 1680 2031 292 408 1266 
293 649:2168:1192 976 
520 1368 1085 1042 399 370:4741:1082 1282 788 414 495 680 
975 559 836 1125 509 852 982:8499:2103 1398 952 1732 656 528 1130 
761 932:841:289 552 
186 76 1152 1175 785 1435:3502:818 604 475 317 796 492 
1468 1345 209 1245 243:2546:225 723 332 420 846 
440 1022 966 84 240:1676:126 290 462 510 288 
125 374:964:428 536 
208:436:436 
347 1063 686 430 1173:3014:452 1126 332 688 416 
541:672:672 
151 1520 544:2420:524 846 1050 
1276 1526 1443 188 1264 1287 484:4119:516 299 786 494 444 248 1332 
384:194:194 
518 1007:1023:245 778 
1327 618:927:661 266 
1434 1483 1467 52:2634:352 788 694 800 
472 1414 199 328:1577:304 510 297 466 
1148:1008:1008 
306 1209 527:2587:751 982 854 
263 1218 656 186:2811:1346 343 713 409 
579 1388 80 1555 1445:3538:284 582 1370 1044 258 
1155 20 1056 53:3043:372 1016 1012 643 
929 1245 1002 839 236 819 762:2805:100 420 511 234 321 501 718 
1003 490:725:429 296 
400 1169 394 1415 693 1315 726:8269:828 1132 1662 1432 1068 1047 1100 
909 1519:616:304 312 
583 833 749 1053 570 593:4846:284 890 1470 682 820 700 
331 407 763 401 1423 701:4685:1020 1767 443 390 922 143 
871 1014 66 382 138:3095:942 220 658 287 988 
1187 771 1047 1337 721 1064:2686:412 378 1150 103 435 208 
155 977:1513:1374 139 
75 751 907:1859:248 379 1232 
1461 552 335:1367:472 216 679 
875 738 1441 825:1754:647 342 238 527 
842 1025 688 1458:2333:552 259 436 1086 
160 1115 139 83 759:3797:744 934 321 1466 332 
1382:434:434 
220 323 1465 1328 473 1415:3513:446 1264 524 438 125 716 
773 263 1472 30 1411:3463:240 1346 393 494 990 
183 1246 1030 826 1275:3496:876 564 946 662 448 
1259 1269:1943:389 1554 
743:163:163 
540 218 707 25 114:2038:89 585 638 558 168 
307 158 208 191 334:1780:269 283 436 504 288 
1164 1440:1115:614 501 
748 1303 874:1258:406 248 604 
678 36 1151 1055 705 822 645:4082:1332 630 111 287 164 332 1226 
362 279:1754:716 1038 
922 612 196 59:3876:1050 1200 912 714 
1500 32 1041 1224:2612:452 1557 131 472 
1147 943 248 98 148 132:2741:258 428 300 696 707 352 
268 984 608 352 1094 1090 329:2394:307 145 256 238 703 416 329 
894:109:109 
424 275 325 308 451 1061:3388:562 1222 592 395 324 293 
122 505 515 1031:2110:394 586 694 436 
831 149:1020:542 478 
1164 176 1025 742:2161:307 426 518 910 
396 286 1361 240 995 86:2863:1172 252 330 144 420 545 
452:424:424 
829 279 462 539:4204:1197 519 1140 1348 
1075 1246 670 67 1063 593:3051:558 282 640 658 563 350 
280 983 367 297:1437:348 152 611 326 
224:300:300 
1220 1457 720 65 941:7565:1071 1914 296 2007 2277 
1224 1074 1124 1107:1951:236 1078 153 484 
385 1088 375 304:1988:286 632 420 650 
1038 489 672 335 1104 328:3799:137 401 1260 679 856 466 
844 1454:1275:598 677 
615 865 781 1085 602 625:4134:239 493 1516 788 796 302 
382 1218:973:287 686 
419 1468 1118 1235 1058 735:4600:1250 450 577 771 1012 540 
1388 479:975:582 393 
656 999 1128 46:3355:713 502 882 1258 
389 812:1579:327 1252 
187 1009:1032:476 556 
650:276:276 
406 1055 839 1049 1498 1349:3931:304 574 234 1452 844 523 
963 1518 676 713 44 786:6233:900 1128 612 1256 1806 531 
643 587 1263 1419:1558:678 568 161 151 
1553 1470 1360 877:1488:329 437 428 294 
790:142:142 
1536 1199 411 1193 657 1493 557:2343:234 477 95 163 378 753 243 
71 121 105 248:2528:1012 566 650 300 
571 1513 298 841:1941:224 336 1034 347 
761:289:289 
462 139 628 1504 35:2117:380 321 474 572 370 
79 129 112 256:1843:244 279 400 920 
386 675 59 403 532:2676:800 670 238 277 691 
76 259:963:604 359 
1222 926 643 502 1418:3102:862 105 678 1178 279 
200 90 1165 1188:1986:481 138 1026 341 
256 972 1009 340 1082 1492 317:3984:920 395 1112 222 361 552 422 
979:721:721 
60 923 773 823 807 536 1146:3272:948 255 120 597 524 355 473 
167 882 506 250 992:2794:106 475 1380 518 315 
554:1144:1144 
987:464:464 
68 517 367 417 400 544 1153:5110:1236 1246 1222 507 276 525 98 
1034 219:1510:1058 452 
824 914 364 548 624:3645:814 467 394 1100 870 
328 311 454 1064 1380 258:3676:466 414 163 208 2121 304 
1199:954:954 
384 461 816 40 1476 340:2472:194 986 402 386 393 111 
940 924 653 1263 21 192:3180:516 502 1012 161 431 558 
620 1550 1240 824:1326:134 366 419 407 
1224 569 1444 1534 985:2295:472 547 644 497 135 
1270:930:930 
345 1514 605 388 185:2521:826 222 429 834 210 
1151 336 332 1128:2532:222 606 822 882 
1455 1012 503 153 270 93:4590:934 1024 646 984 826 176 
689 605 909 426 1129 326:3711:624 429 608 220 938 892 
1105 743 206 1042 106:2548:714 163 736 414 521 
1365 1175 200 1288 406:3111:196 634 1443 534 304 
1405 1535 453 1089 220 1029:6617:507 1527 1506 1428 1338 311 
1053 1143 594 777:2499:341 648 110 1400 
1559 317 487 1469 866 304:4638:562 844 476 760 1346 650 
75 1217 1080 225 1167:3617:124 723 398 1404 968 
364 601 1423 768 85 175:3600:788 387 461 992 236 736 
1063 368:1335:1126 209 
1104 89 565 788 332 1141:4282:1284 882 504 294 822 496 
361 1237 182 1191 1374:2421:196 978 341 390 516 
1500 86 695 1012:6085:904 1635 2010 1536 
679 741 1378:859:285 282 292 
363 985 396 1111 735 479:3155:636 270 1172 144 540 393 
485 535 519 662 1272 30:3615:389 990 701 420 868 247 
726 1242 932:1584:550 758 276 
743 1098:689:163 526 
1519:156:156 
602 1278 1434 1138:1759:398 534 352 475 
537 690 607 497 14 37:3182:902 254 1050 337 331 308 
304 727:1083:325 758 
5 827:1156:804 352 
67 1463 860 1442 1386 504 660:4816:987 369 908 610 590 340 1012 
297 1000:1155:163 992 
1162 573 1289 912:2714:276 1242 234 962 
378 1493 984:1859:208 1506 145 
341 191 241 225 368 977:4173:948 1008 1028 702 209 278 
422 432 948:3236:1446 1230 560 
738 189 372 448:3317:684 631 1472 530 
987:1392:1392 
912 1055 107:1408:481 287 640 
146 396:1301:715 586 
955 645 229:3428:1400 1226 802 
656 745 196 379 456 812 36:5395:1426 308 912 697 485 1252 315 
593 376 586 1036 886:3373:700 840 510 764 559 
1042 227 636 1019 616 1545:3851:207 372 988 1364 506 414 
247 1522 334 1249:1716:684 204 288 540 
697 481:1021:468 553 
487:952:952 
424 1221 817 1333 1437 1021 787:3062:281 542 570 328 329 446 566 
229 905 1061 351 68 25:4392:802 864 586 964 618 558 
1491 475 538 1174 305 1114:6000:916 988 312 1248 1268 1268 
259 748 66 155 1164 1347:4714:1077 406 1316 687 921 307 
586 796 1245 1095 1145:2449:510 241 840 576 282 
814 1237 714 1270 841 465:3497:321 978 479 465 694 560 
991 415 1370 808 338:2935:603 1044 940 243 105 
828:458:458 
728:375:375 
302 1018 1055 385 1128 1537 362:3599:624 165 574 572 441 507 716 
682 519 1474 499 443:3016:111 1402 772 503 228 
836:476:476 
130 833:867:422 445 
407 1122 746:1602:589 290 723 
1205 856 972 796 473:3343:1494 452 790 482 125 
1346 543 48 1390 1089 1538 1388:4608:864 289 734 692 476 1262 291 
81 1103 381 1003 414:2827:385 678 842 429 493 
800 611 1193 723 1399 411:1559:588 306 163 93 314 95 
744 873 1350:2650:1442 868 340 
35 590 162 1343:2090:370 682 501 537 
102 1365 1082 1038 395 1510:2725:836 98 361 274 786 370 
472 722 639:1979:304 1058 617 
1545 875 60 469 852 449:4829:828 1294 948 241 132 1386 
536 692 1541 1258 70:2461:355 594 1048 118 346 
11 1113 364 614 531 421 1496:4826:1378 127 394 685 216 1132 894 
414 597:1482:986 496 
629:212:212 
978 3 1504 622:1644:600 326 572 146 
43:308:308 
432 975 1037 115:1333:410 701 104 118 
359 1380 658 1280:2872:696 1414 494 268 
1538 1255 1211:1816:631 490 695 
650 899 816 706 223 660:4446:276 374 804 1310 1176 506 
637 514 936:2281:330 969 982 
720 624:731:296 435 
691 115 1069:1489:1146 236 107 
1296 813 836:1964:950 538 476 
634 6 1254 838:1826:470 214 694 448 
1044 388 1264 1353 804:2922:442 417 888 403 772 
1430 1160 212:2744:1202 940 602 
1307 292 768 991 535 1344 36:3005:494 325 496 603 495 277 315 
565 1440:837:336 501 
1371 1181 206 150 826 982 272:8834:934 918 1104 1806 993 1695 1384 
286 1534 1118 1395 29 971:4344:252 994 1154 576 338 1030 
679 503:931:285 646 
1002:1022:1022 
170 153 297 906 1222:2041:560 492 326 232 431 
427 716 101:842:384 328 130 
1371 169 951 828 1250 728:4455:934 380 740 458 818 1125 
293 276 6 615 931 1102 526:3448:298 705 428 239 696 678 404 
496 1239 90 473 70:1454:298 409 276 125 346 
1249 606 163 1212 862:3630:540 998 908 206 978 
323:1264:1264 
752 683 933 849:1925:294 414 625 592 
420 1136 759:2068:412 1324 332 
1219 870 986 809 487:3764:814 702 1290 482 476 
224 673 524:1083:300 479 304 
750 1293 1356:1476:346 556 574 
977 41 1010 168 1349:2159:417 300 477 442 523 
1219 231 1080 797:2519:407 498 796 818 
354 243 1319 198 953 44:3349:838 423 300 174 1012 602 
888 339 522:1269:157 526 586 
611 50 1138 256 412 116:5789:459 705 950 1380 777 1518 
525:1064:1064 
779 1162 758 130 1378 962 825:4642:668 552 1146 422 146 654 1054 
267 943 1099 389 107 477:2708:320 856 575 327 320 310 
660 1469:1772:1012 760 
373 1169 766 1282 1386:3711:517 1132 108 1364 590 
1399 956 447 97 214 37:3135:628 438 505 212 1044 308 
1312 1229 1533 1050 1073 270:4091:285 711 892 476 1314 413 
205 827:1376:1024 352 
794:219:219 
987 704 660 18 1546:2439:464 299 1012 448 216 
1315 1205 723 1159 356:3475:698 996 186 695 900 
943 566 1455:2436:856 646 934 
1535 880:2795:1527 1268 
537 1213 1369 1073:2899:451 541 1250 657 
946:1052:1052 
1385 930 181:1155:431 564 160 
921 1476 634 671 1 744 1154:6649:248 786 470 1620 1066 1442 1017 
718 115 600:1433:435 118 880 
1440 1051:591:501 90 
369 232 935 319 248 791:3602:818 453 1072 566 300 393 
627 278 394 218 1453 384:3092:600 664 554 585 592 97 
1230 1253 451 1513 1297:1761:139 330 324 336 632 
1439 1435:1568:584 984 
1454 905 1088 1165 1520:3986:1354 432 1264 513 423 
222:1438:1438 
555 1204 988 1198 89 1497 1547:4869:1070 449 632 660 588 622 848 
76 1112 109 1239:3935:604 1364 740 1227 
10 1272 989 946 303 1418:3392:526 434 155 1052 946 279 
467 330 1033 418 347 890:4088:694 681 365 1196 226 926 
1153 1270 1507 771 115:1855:98 930 331 378 118 
615 411 1274 1124 1174:1819:478 95 524 306 416 
558 1354 951 1467 13:3460:150 602 370 1388 950 
1487 1044 535 185 302 125:3437:340 221 990 210 1248 428 
850 1153 671 694 1449:2840:702 196 1080 562 300 
477 101 1403:1005:310 260 435 
658 308 425 248 1483 414:4797:1482 790 502 150 394 1479 
847 1284 481 1130 914:2944:681 478 553 298 934 
11 900 84 494:3260:1378 672 510 700 
761 665 316 432 255:2335:578 586 236 820 115 
952 975 586 1235 1018 1228 120:5212:524 1402 510 514 165 834 1263 
1045:1342:1342 
988 1012 330 419 1428 53:6337:632 1024 1362 1250 783 1286 
1048 832 628 1491 1341 1391:3346:394 561 237 458 1284 412 
973 969:553:231 322 
20 524 1533 158 1379 590:3591:508 608 892 566 676 341 
1182 1032 203 187 330:2452:272 100 242 476 1362 
782 1165 1175 133 1381 965 1242:3179:415 513 634 272 398 568 379 
173 849 1419 709 427 383:2635:530 592 151 106 768 488 
857 108:1130:380 750 
917 608:330:202 128 
1297 94 877 754 1176 654:2862:632 111 588 473 316 742 
105 1392 444 760 930 354:2919:650 160 456 670 564 419 
828 518 102 1523:1417:458 245 418 296 
794 1031:874:438 436 
1530:480:480 
698 681 411 1020 1336:2270:425 414 95 98 1238 
541 1244 628:1588:672 442 474 
485 1506 784 1406:3587:1167 1908 300 212 
1081 798 755:2118:1068 507 543 
339 389:853:526 327 
938 189 438 355:1850:602 631 349 268 
908:250:250 
596 952 589 53:2785:118 1048 976 643 
552 1228 240 1089:1289:108 417 288 476 
304 1059:725:325 400 
377 653 942 327 670 799:3300:412 506 814 204 320 1044 
1496 1319 583 1485:1859:447 300 852 260 
1406 164:1302:212 1090 
551 467 357 1433 1455:4581:627 1388 686 946 934 
65 621 1336 1374:2310:669 506 619 516 
1087 1457 814 371 1419:4157:600 1914 963 378 302 
487 98 747:1874:476 696 702 
1383 1487 1071 934 79:2974:918 170 988 410 488 
1084:494:494 
625 1474 1191 1148 822 378:3858:604 386 780 1008 664 416 
642 1331 582 831 748:4336:598 998 1386 542 812 
989 1247 885 349 1185 249:1992:155 312 528 432 268 297 
1355 1498 550 866 623 46:4690:120 422 868 1346 676 1258 
1352 71:1412:906 506 
1458 936 1491 1063:3076:543 491 916 1126 
1096 813 770 127 1242:3282:472 269 1092 312 1137 
1235 1165 150 626 849 393 1202:5290:514 1026 1204 240 592 200 1514 
30 933:1119:494 625 
1266 1422 713:1693:225 840 628 
1229 534:1080:474 606 
1536 1080 331:2284:468 796 1020 
637 1380 1376:1679:330 707 642 
427 930:1050:768 282 
1527 817 534:2111:1220 285 606 
322 172:1135:571 564 
22 272:1095:403 692 
521 105:1950:1300 650 
688 326 1347 625 1247 658:3035:872 446 307 604 312 494 
1087 844 268 79:2654:600 1196 614 244 
85:472:472 
1427 212:880:579 301 
799 423 1311 495:3505:1044 825 1204 432 
882 533 649:2321:475 870 976 
778 949:1292:466 826 
203 93 1169 1192 803 1452:3252:242 352 566 178 1364 550 
1485 1362 226 1262 260:1514:260 273 132 143 706 
457 1039 983 101 257:1044:405 155 152 130 202 
274 1376 627 877:3272:1442 642 600 588 
816 1438 850 7 1189:2211:402 492 234 948 135 
108 264 1113 830:2068:375 541 254 898 
1083 588:365:89 276 
1237 1300:753:489 264 
222 218 601:2663:719 1170 774 
827 917 368:998:176 404 418 
382 952:811:287 524 
548 758 1207 1058 1108 1091:5991:1650 1719 349 1012 598 663 
702 325 1214 398 808 1191:2742:735 592 239 300 486 390 
347:452:452 
1535 293 463 1445:1821:509 596 458 258 
975 1518 436 659 203 1012:3372:701 564 297 1056 242 512 
383 566:1622:976 646 
456 1304 1021 1392 749 306:3859:485 126 446 320 980 1502 
17 826 1075 992:2653:1118 662 558 315 
303 1485 1229:1703:946 520 237 
134 250 74 1309 240:3503:922 1036 594 663 288 
1369 1153 949 1399 1249 1299:3038:625 98 413 314 540 1048 
96 1292 755 33:6590:1206 2520 1629 1235 
1029 453 264 846 376:6199:622 1004 2705 608 1260 
380 669 54:3578:708 1364 1506 
619 70 253 330 686 1468:7359:1308 692 632 2724 1328 675 
207 1376 467 251 461:6089:693 963 2082 1365 986 
1549:885:885 
244 1120 1210 660 843 507:6816:1020 642 1352 1012 1464 1326 
280:1392:1392 
1406 70 1173 424:2753:424 519 1248 562 
1089 314 1335:3769:1904 1017 848 
1272 390 547 1395 1112:9662:1302 2780 1230 2304 2046 
1249 633 976 1519 24 660:5270:810 552 651 312 921 2024 
477 128:765:465 300 
1276 1419 471 787 544 1526:5565:774 453 435 1132 1575 1196 
857 1413 984 608 1496 680 1090:10083:1520 2568 290 512 1788 1325 2080 
308:790:790 
988:1896:1896 
1427 971:2188:1158 1030 
505:879:879 
1547 411 1447:3658:1696 285 1677 
1281 638:3426:1557 1869 
1030 335 865 915 898 628 1237:9753:1419 2037 986 1629 1252 474 1956 
1483 947:1542:1182 360 
451 8 1057 707:4693:648 1976 1112 957 
266:891:891 
212 461:2382:903 1479 
112 495 505 1021:3312:600 648 1172 892 
1270 628 598 89 1297 1414:5146:930 474 1064 588 1580 510 
1307 226 862 1551:3340:741 264 1467 868 
1112 1467 691:5738:1364 2082 2292 
924 629:1718:1506 212 
860 644 854 1303 1153 1203:4037:1362 471 882 372 392 558 
899 111 893 770 1193 671:7658:1496 1914 344 1092 652 2160 
457 253 1116 966 1016:5548:1620 632 984 1848 464 
1123 307:1549:742 807 
1106 37 912 1416 867:7165:867 1232 1924 2068 1074 
200 1263 1047 843 1292:8277:1924 644 1725 1464 2520 
787 410:1602:1132 470 
1502:972:972 
537 494 1409 1380:4265:902 1050 192 2121 
25 275 191 81 1157 35 790:9263:558 2444 1512 1540 2043 740 426 
1556 1460 1111 1227 1050 314:7243:1473 1245 576 1641 952 1356 
261 1364 615 865:4735:1884 894 478 1479 
382 804:2306:1148 1158 
1403:870:870 
937 1520 1464 582 738 28:8937:2788 846 1104 2079 684 1436 
326 842 946 530 393:7616:1338 1104 1578 2796 800 
1135 1092 863 420 1468:6685:1488 1311 2200 1236 450 
683 1372 623 872 789:8265:1242 1482 1352 1401 2788 
354 1229 1319 770 953 1030:7349:1676 711 900 1092 2024 946 
786 1223 420 1069:2366:354 348 1236 428 
1435 1007 630 1519 703:8694:1968 1556 1560 780 2830 
1083 1254 678 74 1071 601 1277:9305:267 2082 2664 594 1976 774 948 
551 1293:2366:1254 1112 
754 844 295:4507:946 1794 1767 
491 1446 470:5235:3200 472 1563 
1263 807 58 308 225 114:5068:483 786 874 1185 1404 336 
670 347 836 154:3685:960 678 952 1095 
384 434 418:1924:194 534 1196 
318 594 883 268 611 1154:6515:1840 330 1641 1228 459 1017 
621:1012:1012 
92 1180:2759:632 2127 
1202 293 76 286:4873:2271 1192 906 504 
742 1485 336 719:2770:910 520 404 936 
410:705:705 
856 294 1382 500:3389:904 693 868 924 
989 1532 450 673 217 1026:6509:465 777 1812 1916 378 1161 
763 320 1368 1018 1135 494:8059:886 1226 2564 495 1488 1400 
1345 263 486 30 839:5351:1446 2019 430 988 468 
1129 60 935 1439 889:7217:1407 1896 2144 876 894 
223 1286 1070 866 1315:8483:2352 712 2004 2019 1396 
810 433:1014:330 684 
1525:1474:1474 
940 657 614 1529 1500:7208:1548 1134 1370 1800 1356 
48 297:1223:734 489 
331 341 857:4092:1530 1422 1140 
647:1557:1557 
1150 1107 464 21 1483:8081:1746 1936 1887 1724 788 
1387 638 887 804:6036:1971 1869 1038 1158 
528 405 827 305:5522:528 2564 528 1902 
960 1543 1487 605:4295:802 1437 340 1716 
1433 98 1200 451:4607:1892 1044 1023 648 
1117 341 1362:4708:2740 1422 546 
1300 418 574 1423 1140:9248:1056 2392 2016 1844 1940 
1276 661 1004 1547 51 688:7616:774 1760 1725 848 765 1744 
505 155:2940:879 2061 
1303 1447 498 814 571 1553:7763:372 1677 1792 1605 672 1645 
885 1440 1011 635 1523 708 1118:13036:1320 2004 1142 1036 1184 3465 2885 
335:1358:1358 
918:1683:1683 
1454 998:1800:1354 446 
532:2073:2073 
16 439 1475:7010:2984 1902 2124 
550 920:1850:1302 548 
504 554 537 267:5739:1700 1144 2255 640 
233 749 853 437 300:9979:1904 2450 2025 1396 2204 
1205 696:1760:1494 266 
1006 762:3264:1110 2154 
224 1299 1322:3454:600 1048 1806 
1212 36 47:2083:206 945 932 
554 1043 360:3551:1716 879 956 
38 1352 776:3086:726 906 1454 
1092 344 593:4369:1311 1308 1750 
533 11 566 138 1319 649:7864:1305 2067 646 1482 900 1464 
1456 214:3105:1017 2088 
1100 990 507:4270:568 2376 1326 
1337 424 834 1217:5704:515 1405 2820 964 
1004 494:2425:1725 700 
488 804 561:3618:1764 1544 310 
715 1524:1629:921 708 
249 1403:2631:891 1740 
894 1077 740 1510:6155:436 3515 1464 740 
1250 301 617 374 1356:4559:1227 288 824 1072 1148 
823 1206 1216 174 1422 1006:8713:2985 1314 1158 1256 1260 740 
781 311 987 1557:5119:2274 1242 928 675 
205:1536:1536 
604 1547:1526:678 848 
1280 145 1180 178 1307:5396:804 794 2836 468 494 
458 1067 1384 1554 978 375:5353:526 1011 1368 1008 600 840 
36 445 828:2786:630 1240 916 
1217 1334 13 834 179:6279:964 694 1900 1128 1593 
709 732 343 992:3342:318 528 1236 1260 
139 1441 626:2958:1284 714 960 
1551 1108 599 249 366 189:6225:651 598 1230 1188 1296 1262 
1498 577 1265 517:4989:1266 1443 411 1869 
750 826 1182 820 284:4395:1038 993 1088 532 744 
1306 1290 1433 387:8359:1395 3210 1419 2335 
358 48 1190 1466 198:6204:1358 1468 1240 1268 870 
1523 1080 984 634:4029:592 1592 435 1410 
882 905 516 1165 948:8859:1900 1296 1324 1539 2800 
1172 37 1073 70:7138:2064 924 3285 865 
752 696 1372 1528:3274:588 399 988 1299 
1089 340 590:3466:1428 333 1705 
1441 599 222 1525:6793:476 1230 2876 2211 
306:2253:2253 
749 173 1541:2823:980 795 1048 
1547 1464:2928:1272 1656 
1299 1295 120 33 549 239:7268:1572 1388 1263 494 987 1564 
686 1362:1542:996 546 
1528 180 629:1863:1299 246 318 
690 979:3646:762 2884 
94 650:774:222 552 
716:984:984 
550 254 1529 1486:4822:1302 436 1800 1284 
1086 976 494:3882:1964 868 1050 
1226 410 820 1203:3889:1713 940 399 837 
990 480:2414:1782 632 
790 547:1656:426 1230 
118 8 1084 1107:4497:822 1482 741 1452 
890 514:2035:1389 646 
294 1502 61 1442 1120 50 926:8361:924 1458 540 915 1284 2820 420 
970:1680:1680 
810 1192 1203 161 1409 993:4510:550 356 837 873 384 1510 
767 297 973 1543:3183:795 489 462 1437 
191:1512:1512 
591 1533:1510:618 892 
1267 131 1167 164 1294:5524:942 862 1936 1090 694 
444 1054 1370 1540 964 361:5571:912 807 1410 1276 774 392 
22 432 814:2910:806 820 1284 
1301 1320 1557 821 165:4139:704 988 900 662 885 
695 718 329 978:5572:2680 1305 987 600 
631 1253 665 1380 1004 748 1490:8771:423 1320 1172 2121 1725 1218 792 
371 821 671 721:5271:378 993 2160 1740 
901 911 1427 1117:6918:1638 1488 1737 2055 
1034 1005 495 146 262 86:7954:1587 1521 864 2145 747 1090 
1244 828 1105 1394 778:6687:1105 916 1428 1374 1864 
370 486:1370:510 860 
786 210 1164:2337:531 885 921 
759 981 526 1335 26 1501:7057:996 708 1616 1272 453 2012 
163 1066:2442:1362 1080 
1205 962 800 196 779 723 1399:7892:1992 981 1764 912 1336 279 628 
653 1275 687 1402 1026 770 1512:9224:2024 1120 804 1884 1548 1456 388 
393 843 693 743:4472:800 1952 1068 652 
836 1352 1042:2901:714 1359 828 
1471:870:870 
922 280 250 1299 949:6636:1575 696 1554 1572 1239 
1338 417 1105 356 606 523 413:7158:1203 1014 714 1350 998 999 880 
1539:1989:1989 
420 576:1496:1236 260 
803 587 797 1246 1096:7049:2046 1704 1227 1128 944 
327 364 1252:2763:306 1182 1275 
507 158 274:4621:1326 1132 2163 
178 162 1449:3423:468 2505 450 
1483 628 12 1499 484 960:7060:1182 474 1176 762 2664 802 
721 492 49 1097:5367:870 1332 1959 1206 
920 425:913:411 502 
238 515 804 188 531:4726:1107 1041 772 1482 324 
677 501:3248:2224 1024 
211 794:1896:1020 876 
24 1100 1536 734 1383 1166:4681:921 426 468 244 1377 1245 
1257 575 664 115 298 375 731:10317:792 1569 1268 472 2068 1260 2888 
725 614:3784:1044 2740 
1367 1057 641:4622:1284 1112 2226 
1254 705 888:3045:2082 492 471 
978 2 1504:2457:1200 685 572 
719 236:2367:1404 963 
946 542 1058 1162 746 609:9367:1052 1080 2024 828 2892 1491 
1272 1082 107 51 727 883 173:9033:1736 1083 960 1020 1516 2188 530 
257 1559 743 739 1122:3781:404 562 652 1728 435 
903 1473 763:3628:926 1816 886 
1485 1003 1439 637 1286:3396:1040 286 876 660 534 
1096:1888:1888 
1479:834:834 
722 627 277:2874:1058 900 916 
1093 1542 1392 1442 1425:6210:2196 700 640 1525 1149 
909 1465 623 660 1548 733 1142:8300:912 1572 676 1012 512 1388 2228 
474 457:3883:2668 1215 
1023 274 524:3697:622 2163 912 
464 1086 497 1213 836 580:9220:2516 1964 1011 1623 714 1392 
750 600 650 634 777 1387 145:10747:1384 1320 828 2350 2100 1971 794 
1054:1076:1076 
182 1057 1147:2651:1023 1112 516 
1473 1284:2772:1816 956 
614 1051 248 897:3868:2740 270 450 408 
667 1409:1252:964 288 
871 960 411:2500:1413 802 285 
1376 134 305 1287 683 122:9472:1605 1383 3170 496 1242 1576 
733:1041:1041 
618 1174:2312:1064 1248 
181 419 1240:2827:320 1250 1257 
1357 408 724:4920:2140 1684 1096 
535 1477 1407 392 868 1090 635:7108:990 1042 345 708 1998 1248 777 
955 672 628:4238:1400 1890 948 
116 1470:2829:1518 1311 
1044:663:663 
1525 483:3667:2211 1456 
1282 1465 1542 340 1535:5146:1364 1572 350 333 1527 
466 317 367 350 493:7050:1554 1266 1833 939 1458 
1312 164 547:2890:570 1090 1230 
1466 1289 553 1456:3438:634 702 1424 678 
397 607 1056 907 957:6932:747 1050 1012 2464 1659 
267 1302 300 1015 1053 383 1126:8320:640 1364 2204 1221 1023 976 892 
7 870 720 770:4214:1422 1404 296 1092 
950 547 1063 1167:7470:2536 1230 2252 1452 
640 131 1339 1456 1279:7244:1401 1724 714 1017 2388 
1495 746 996 913 1216 734 757:8806:2672 2892 462 656 1158 488 478 
344 1260 1230 721 371 488 311:7061:1308 520 556 2175 378 882 1242 
1370 155:3001:940 2061 
1228 851:2196:834 1362 
165 1067 385:3967:1475 1348 1144 
1377 801:2536:1018 1518 
1523 1134:1546:888 658 
1018 402:978:330 648 
896 1451 609:6129:2024 1620 2485 
1202 692:3622:3028 594 
686 1002 759:4036:1328 2044 664 
1368 912 164:3334:1282 962 1090 
483 1102 725:2553:1092 678 783 
906 677 234 1282 933:7303:232 1112 1413 2046 2500 
506 810:2400:2070 330 
633 1149 839 423:1499:276 322 351 550 
1140:1455:1455 
973 264 1539 1496:5524:693 2164 1326 1341 
930 1179 1096 986 503:6615:846 1449 1416 1935 969 
1260 1240 38 820:3079:520 1676 484 399 
800 971 395 1349:5469:1176 1545 1179 1569 
611 1553 1483 467 944:7674:612 1316 1576 3470 700 
987 251 1154:3774:1392 1365 1017 
614 370:2050:1370 680 
1389 907 930:3602:1524 1232 846 
58 1213:3371:1748 1623 
83 1092 1275 938 150:6366:2199 1311 448 602 1806 
1488 1272 1068 1518 1368 1418 1401:9303:1239 1302 1188 1128 1923 1395 1128 
852 170 259 1268 1451 1528 326:7297:396 1120 1795 810 972 866 1338 
310 999 250 500 417 306:6899:399 1506 1554 924 1014 1502 
1276 539 1442 760:4411:774 2022 610 1005 
1478 1262 1472 363 213 263 247:7061:1419 429 1572 636 291 1346 1368 
1353 573 663 113 297 1518 729:8762:806 2484 1284 1239 489 1128 1332 
820 710:1391:399 992 
1049 1153 737:3162:2178 294 690 
1350 801 887:3582:680 1518 1384 
1263 1073 98 41:4964:644 2628 1392 300 
191 254 890 21:4843:1512 218 1389 1724 
1140 1495 1133:4496:1940 1336 1220 
894 1463 754:2640:218 1476 946 
1476 993 1430 627 1276:6859:1572 1510 1803 1200 774 
1087:1200:1200 
1470:1311:1311 
617 268:1539:618 921 
1146 197 514 684 108:8302:1892 2280 1615 640 1875 
1133 1516 1113 484 174 1316:6157:915 1320 254 1998 1256 414 
677 621 1297 1453:5391:2224 759 632 1776 
1014 265 515:3244:220 1983 1041 
455 1077 488 1203 827 571:7516:1344 2812 1323 837 528 672 
741 591 641 625 768 1377 136:8835:564 412 2226 1208 1488 1527 1410 
1045:2013:2013 
75 951 1041:2245:372 1480 393 
1464 1275:2656:2208 448 
605 1042 239 888:4295:1716 621 1173 785 
1254 826 449 1337 522:7101:2776 662 2079 412 1172 
1277 674 113 1201 998:7237:1422 1716 826 2604 669 
1344 928 791 1494 878 807:6417:554 1560 1179 1252 1086 786 
258 1533 346 1261:4324:912 1784 1164 464 
1491 1008 1031:2511:1374 483 654 
160 1314:1110:744 366 
1531 476 1485 110 1331 543:7366:194 2624 780 1194 1996 578 
220 523 41 63 819 323 107:7273:892 999 450 1074 1002 1896 960 
954 271:2398:666 1732 
498 1081 611 1287 298:5521:896 1602 459 496 2068 
1216 1493 224 1166 1510 760:9576:1544 3012 1200 2075 740 1005 
960 678 634 1549 1106:6764:1604 1998 1410 885 867 
68 318:3076:1236 1840 
65 448 45 974:2850:1338 795 291 426 
1224 581 138 1187 837 954:7041:472 1052 1976 1648 894 999 
1164 82 305 1407:4784:921 982 2536 345 
645:1839:1839 
1544 1367 1044 1533:3359:520 1284 663 892 
888 685 1134 984 1034:4861:471 1236 987 580 1587 
725 349 93 836:4100:522 2160 704 714 
898 1468 759 476 432 1348:7069:939 900 1328 1312 1640 950 
1458 243:3441:2172 1269 
952 430 986 557 181:5123:1048 688 1935 972 480 
524:608:608 
1106 1556 1406 1456 1439:5381:867 1964 318 1356 876 
1020 18 733 674 4 746 1156:9770:294 1344 1041 1716 1842 2169 1364 
488 471:2199:1764 435 
1134 385 635:2881:987 858 1036 
1296 574 1197 608 1323 947 691:10999:1900 2016 2288 512 2204 360 1719 
518 315 764 614:5313:735 534 1989 2055 
466 462 844 855 1371:8396:1036 1140 2990 1362 1868 
528 1098 389 106 62:7702:704 1052 1635 1563 2748 
435 1124:2058:1599 459 
681 1423 275 658:3960:828 922 1222 988 
497 202 1477 1433 791 348 252:7677:1011 1220 1042 946 1572 464 1422 
911:1116:1116 
345 382 1271 455:4738:826 861 2043 1008 
1088 378 95 465 1381:5794:2528 832 518 1120 796 
649 1458:3093:1464 1629 
1041 280 1434:1789:393 1044 352 
286 775 93:1809:756 525 528 
1085 509:1772:788 984 
86 841:2329:1635 694 
436 725 109:4227:1485 522 2220 
1009 686 1175:4820:2224 1328 1268 
803 1412 171 1485:4306:2046 682 1058 520 
657 933 1222 607 950:8413:1134 1875 1293 1575 2536 
451 101 218 41:3112:972 520 1170 450 
760 371 1020 804 1014 1463:6191:1340 630 392 1544 440 1845 
1213 1396 1060 271 1053 930:7073:1082 1581 2016 866 682 846 
184 833 617 413 1276:7222:2524 1780 824 1320 774 
330 1166 230 1199 357 1539:8196:2043 1245 936 954 1029 1989 
1256 1239 1382 434:4102:747 1636 651 1068 
1446 404 94 1236 1513 244:7390:708 726 444 2464 1008 2040 
1217 229 1077 697:5742:723 802 3515 702 
245 934 185 435 351 241:4825:837 615 315 1066 964 1028 
1211 474 1377 695:8132:2085 2001 2036 2010 
1075 925 975 958:4336:837 604 2103 792 
655 26 1274 858:3584:1656 302 786 840 
6 243 1064:1905:428 1269 208 
738 788 771 501 1111 1427:4101:1026 294 567 768 288 1158 
894:545:545 
684 1188 638 821 485 1254 478:11015:512 1364 1246 1655 1556 2082 2600 
1014 931 1235 752:3338:330 1392 1028 588 
1401 559:4206:1410 2796 
642 292 409 232 1468 399:5643:897 975 1470 906 900 495 
779 1415 546 1355 46 1521:7669:668 2864 1503 360 1887 387 
86 989:2800:2180 620 
1419:604:604 
686 537 586 570 300 909:6960:996 902 1020 1230 2204 608 
54 609 1325 1362:4088:2008 994 540 546 
11 594 538 1214 1370 660 1075:7633:2067 330 312 1195 1880 1012 837 
829 452 196 939 935 173:5930:1197 1272 912 411 1608 530 
1222 979 402 213:3867:862 2163 648 194 
952:1048:1048 
876 566:2484:1515 969 
377 732 370 1392:3006:1648 528 510 320 
351 108 1090 900 1386:5900:964 1500 1248 1008 1180 
1156 740 1017 1306:5870:1364 1098 1548 1860 
185 301 124 946 291 1166:6464:210 288 824 2630 852 1660 
526:1212:1212 
969 553 416 1119 503 433 976:8904:966 1424 2596 1812 646 1026 434 
1558 1396 793 1375 1319 437 593:9613:1197 2108 1016 1596 900 1396 1400 
1283 440 64 1366 551 547:6834:584 378 604 1530 2508 1230 
1322 1466 517 834 590 14:9960:1806 951 2492 1692 1364 1655 
904 315 1030 654 398 1141 1137:6649:837 534 1419 1113 450 992 1304 
321 371 354:2495:860 378 1257 
352 628 917 302 645 774:6783:357 711 606 1872 1839 1398 
685 241:2469:927 1542 
1284 42:2992:956 2036 
831 82 331 248 138 1213:7027:813 1473 1530 600 988 1623 
591 681:2274:618 1656 
931 49 205 1053:5562:1044 1959 1536 1023 
1421 672 921 838:5598:1620 1890 744 1344 
562 25 861 1483:5307:448 1395 1888 1576 
994 19 1521 639:3859:282 1827 516 1234 
209 272 908 39 848:7703:1328 2076 375 2252 1672 
1551 482 1358 1447 898:4545:434 272 1536 1677 626 
915 1351 549 1198 981 1191 83:9806:2172 921 1316 1320 708 1170 2199 
1488:1239:1239 
939 296 1411 1315 966:4201:274 174 1320 1047 1386 
1355 20 1122 373 623 539 429:7928:360 2032 580 1034 1352 2022 548 
1224 715 365:3111:708 921 1482 
369:818:818 
74 1243:1640:1188 452 
193 297 1439 1302 447 1389:6368:1446 489 876 1023 1010 1524 
487 443:1864:952 912 
27 77 60 204:6553:1964 1521 1896 1172 
474 57 334:2619:2001 330 288 
24 207 284:2403:921 924 558 
1293 823 1499:3363:556 1791 1016 
564 814 731 621 41 478:5681:252 963 1444 1012 450 1560 
198 1074 1163 614:3420:522 1078 450 1370 
970 21:3404:1680 1724 
1307 1224 1113:2066:741 944 381 
822 1377 535 572 1460 645 1054:10188:996 1527 990 874 1660 3065 1076 
272:1384:1384 
89 339 256 146 1221 1244 855:8338:1176 789 1380 1430 1084 663 1816 
21 1257:1654:862 792 
498 1480 1290 315 258:7024:1344 1310 2568 890 912 
1437 395 85 1227 1504 235 1177:8689:658 1179 472 2188 1144 1836 1212 
1088 512 322 905 435:7693:1896 1050 2284 864 1599 
536 728 112:3145:1420 1125 600 
686 775 226 409 486 842 66:8291:664 700 264 2940 645 1104 1974 
822 340:1329:996 333 
1049 645 17 1265 849 712:9103:1452 1839 2236 411 888 2277 
1012 409 991 57 733 889 179:8672:1024 2205 1809 220 694 596 2124 
70 66 862:5280:692 2632 1956 
1368 1191 869 1357:5496:1282 1560 1584 1070 
810 606 1055 905 955:7015:330 1996 861 1728 2100 
550 173 1475 660:6278:868 1060 2832 1518 
1292 583 300 256 1172:8272:2520 1136 2204 1380 1032 
1346:1296:1296 
81 597 287 1429 147 437:7538:1540 1488 864 1908 342 1396 
1312 1468 1173 890:4073:570 450 1664 1389 
1359 24 1126 378 627 544 434:5348:747 614 446 832 600 1575 534 
326 1441 932:3564:1784 952 828 
1495 800 650 700:5173:1336 1764 552 1521 
380 896 1000:4210:708 1518 1984 
1279 596 1100 550:4567:1791 472 568 1736 
50 100 83 227 836:7609:1410 1560 2199 1488 952 
1362 1358 183 193:6504:1092 768 1752 2892 
959 316 287 1335 986:5107:564 472 864 1272 1935 
546:1002:1002 
989 573 850 1139 523 866 996:9312:465 1863 936 2228 666 2692 462 
457 613:1866:810 1056 
288 937 720 930 1380 1230:8399:1635 2788 592 846 2121 417 
188 970 847 1269:7259:988 1120 2043 3108 
707 545 1403 427 371:4546:1276 510 1740 768 252 
145:794:794 
335 1050 674 418 1161 1156 395:9247:1358 476 1144 2392 2016 682 1179 
1269 1253 1396:6206:3108 990 2108 
161 1103 1446 431 494:4328:1164 678 708 728 1050 
704:598:598 
360 1036 48 897 614 570 1486:6110:478 1146 734 510 1370 1230 642 
911 601:2262:1488 774 
1549 1427:2043:885 1158 
1204 1160 518 75 1537 1187:8865:1796 1410 980 496 2535 1648 
638 1341 725 654 1197 116 338:10727:2492 1926 783 1113 1716 2277 420 
105 1380:4128:1300 2828 
621 1484 1334 1384 1368:6051:759 504 1041 1824 1923 
768:992:992 
1172 635 1471:2969:1032 777 1160 
412 369:2154:518 1636 
1511 3 1544 129:3119:474 489 1040 1116 
964 975 1490 1181 765 1041:6768:1161 2103 792 1224 1095 393 
1218 509:2013:1029 984 
1031 814 1024 1474 1324 1374:8872:654 642 1510 1158 3360 1548 
1504 23 379 1161 1038 1461 938:8746:572 966 2091 2688 411 1416 602 
373 262 1338 1361 972 63:7322:2068 996 802 660 1185 1611 
813 902 353 536 199:4723:807 728 1232 1065 891 
534 330 1193 1043 1093:7744:2424 2724 326 1172 1098 
1199 384:1722:1431 291 
1283 601 1104 555:5264:292 1548 1284 2140 
54 104 88 231 841:7521:1004 2684 453 1992 1388 
1367 1363 187 198:4548:1926 974 952 696 
963 321 291 1340 990:7290:900 860 1278 1876 2376 
551:1254:1254 
994 578 854 1144 528 871 1000:7203:423 1248 1176 632 352 1884 1488 
461 617:1604:986 618 
292 941 725 935 1384 1234:8355:975 3036 1044 1608 1368 324 
192 974 852 1274:2286:558 284 396 1048 
615 452 1407 432 375:4344:956 848 460 820 1260 
150:1204:1204 
339 1055 678 423 1165 1161 400:8741:789 861 1332 1100 1539 2016 1104 
1374 1224 1274 379 522:8016:2064 944 1048 2788 1172 
868 492 236 978 974 1357:6068:1998 1332 642 600 426 1070 
1261 1018 442 252:2926:232 495 1251 948 
612 1088:2464:1200 1264 
1155:1488:1488 
1554 1431:2632:1512 1120 
1209 1165 522 79 1541 1192:6551:1473 1539 879 732 1572 356 
642 1345 730 659 1202 120 343:9810:897 2169 927 1056 2271 842 1648 
110 1385:2520:796 1724 
626 1489 1339 1389 1372:6260:720 1312 714 2032 1482 
773:240:240 
1176 640 1476:3605:632 1401 1572 
417 373:3082:1014 2068 
1515 7 1549 134:4842:396 1422 1180 1844 
969 979 1495 1185 769 1046:7474:966 2163 2004 1072 306 963 
1222 513:1614:1293 321 
1035 819 1029 1478 1329 1379:5240:404 1002 622 946 1252 1014 
1509 28 384 1166 1043 1465 943:8831:1126 2154 291 1660 1172 1572 856 
558 474 364 1440 1462 1073 164:8087:300 1334 1576 1002 381 1314 2180 
1096 1333 597 1500:5412:1416 656 1984 1356 
441 237 1100 951 1001:5078:408 1968 284 1480 938 
1204 388:2598:1347 1251 
1187 118 994 1497 948:7126:1236 1096 564 3110 1120 
185 1247 1031 827 1277:4547:315 936 872 528 1896 
882 1504 916 73 1255:6350:1900 572 1880 1263 735 
48 98 81 225:6493:1101 1044 1540 2808 
1060 1070 28 1276 860 1137:8998:1008 2004 2872 774 1362 978 
900 604:1124:672 452 
477 1126 910 1120 11 1419 1469:8172:620 669 1408 1284 2067 604 1520 
1417 42 1263:3592:2091 1018 483 
1140 897 734 131 714 658 1334:7688:1940 306 488 862 1916 1482 694 
588 1210 621 1337 961 705 1447:6189:552 1352 1012 309 795 492 1677 
425 875 725 775:4177:753 1941 783 700 
858 868 1384 1074:6909:1260 2664 1368 1617 
991 962 452 103 219 43:5621:1809 654 848 338 1356 616 
449 1137 388:3289:1386 652 1251 
56 611 182 1364:1971:387 306 682 596 
711 149 1237 355 511 216 1491:9172:1566 1434 1956 268 384 2648 916 
1261 858:1608:348 1260 
1028 1211 875 86:7381:1672 2780 1294 1635 
96 1384 436 752 508 346:6314:804 1368 891 294 2181 776 
1059 1055:2061:1200 861 
622 300 789 106 610 60 243:10467:438 1653 2091 1563 1608 1422 1692 
187 436:1605:714 891 
87 470 480 996:4785:1026 1563 1580 616 
1245 603 574 64 1272 1389:7080:1260 448 2016 604 1736 1016 
649 33 376 506 982 60 749:10753:2440 741 840 2070 2260 1422 980 
1385 1102 1059:3818:862 1356 1600 
1258 350 133 343:2661:354 939 544 824 
80 490 873:4634:2740 592 1302 
78 1126 777 893 1130 394:8799:1532 669 2800 688 894 2216 
244 1346 598 847:5911:2040 1296 532 2043 
745 928 591 1360 584 48 884:9044:616 936 824 1284 1956 1468 1960 
940 1244 761 784 1539:5361:1032 884 1156 300 1989 
1174 638 1474:4245:832 1869 1544 
162 838 1407 698 415 372:7431:1503 1792 345 1275 1044 1472 
455 1397:1830:1008 822 
92 1128 126 1255:3629:632 1323 939 735 
1222 752 1428 26 1288:4386:862 588 1566 302 1068 
1378:292:292 
275 1205 895:4414:2444 1494 476 
523 760 24 926 244 334 1342:8176:1665 1340 614 420 1530 432 2175 
1432 976 227:1880:702 434 744 
547 1263 886:3229:1230 322 1677 
970 741 298 1346 997:6184:1120 282 1551 1296 1935 
653 570 874:3654:1518 1230 906 
1379 1123 308 304:5020:1352 1113 1580 975 
917 888:920:606 314 
1320 372 688:7100:1976 2944 2180 
1370 1499 418 1054 185:5088:1410 762 1794 807 315 
558 1380 725 42 132:5428:450 2121 783 1018 1056 
1224 1434:1176:472 704 
1530 675 59 1546 531 1008:4251:720 1340 952 324 432 483 
368:627:627 
272 1227 251 195 871:8076:2076 2188 1820 1050 942 
1430 1360:3515:1803 1712 
777 401:2360:2100 260 
225 714 32:4102:2106 958 1038 
1024 448:2305:1510 795 
26 781:1818:302 1516 
339 29 1171 1448 179:8220:526 1352 1998 2220 2124 
43 14 965 616:3551:616 1324 852 759 
286 176 1252 130 885 1534 1318:6209:756 1278 1275 844 528 994 534 
1243 506 1409 727:4269:678 2070 384 1137 
860 910 893:3740:1816 1408 516 
770 1216:3000:1456 1544 
225 1113:2487:2106 381 
1096 441 1317 1406:3792:1416 306 1752 318 
1483 1213:2805:1182 1623 
724 947 491 1300 1550 1466:9396:2192 480 3200 792 1464 1268 
1409 1232 910 1398:3290:192 860 1056 1182 
550 999 849 899:6286:1302 2008 1480 1496 
982 993 1509 1199:10005:2825 3020 2252 1908 
297 1213 1183 674 324 441 264:9096:489 2164 1188 2288 1038 306 1623 
1323 108:2227:1102 1125 
1181 804:1770:612 1158 
118 1021 338:2459:1370 669 420 
1330 754:1933:514 1419 
1476 1087:2172:1572 600 
971 355:1432:1030 402 
309 186 608 86 641 1357:13850:3460 2045 512 2725 2968 2140 
552 348 1211 1061 1111 1095 824:6701:324 464 2780 879 288 1152 814 
282 465 128 898 122:4194:340 1120 300 1252 1182 
161 611 461 511 494 638:5330:582 459 986 384 1050 1869 
712 175 914 1536 948 105:10794:3036 2208 1868 702 1680 1300 
1084 1228:2162:494 1668 
961 92 901 1151 1068:5857:1060 474 2184 555 1584 
1308:1473:1473 
1414 971 876 526 643 466:7130:1020 2060 606 1212 678 1554 
682 1491:1707:333 1374 
982 1391 216 1371:6167:1695 618 1986 1868 
446 3 1052 702:5257:1396 652 1004 2205 
690 580 97 120 1289 380 163:8676:1016 1856 424 1684 936 944 1816 
1312 1135 813 1301 619:4868:570 1488 538 528 1744 
393 1468 1491 688 193 1535:9524:800 900 1374 1308 3615 1527 
44 134 1142 1325 1402 200:8375:1204 1844 1671 810 1884 962 
291 181 1256 135 890 1539 1323:7932:1278 480 747 1522 926 1326 1653 
1150 414 1316 634:5187:1746 1479 552 1410 
864 914 898:2457:897 934 626 
677 1220:2739:1668 1071 
132 1020:1702:1408 294 
1004 348 1224 1314:3617:1725 696 708 488 
1391 1120:1581:618 963 
728 951 495 1305 1554 1471:7379:1875 1480 432 416 2016 1160 
768 419 535 358 36 525:8531:1984 1875 990 1358 1260 1064 
128 764 1453 704 954 871:7215:400 1989 1184 897 1332 1413 
581 232 348 172 1407 338:6438:1578 1812 696 1692 345 315 
718 1354 485 1294 1544 1461:7214:1305 1505 1167 1041 780 1416 
25 928:2085:837 1248 
1335 759 59 1055 585 1261:4645:848 1328 476 861 784 348 
206 1135 825:3805:736 1488 1581 
836 925 376:3474:1190 604 1680 
1438 197 1511 1349 746 1328:7640:738 1710 948 1046 1446 1752 
1478 1222 407 403 1199 796:7857:946 1293 2356 1108 1431 723 
1550 1306 730 541 1123:5907:1464 1395 927 1008 1113 
657 947:1236:756 480 
934:820:820 
897 347 530:4807:408 904 3495 
58 1146:3640:1748 1892 
461 898 95 744 528 738:7975:1479 939 777 2884 528 1368 
1121 1197 1553 777:8089:2343 2288 658 2800 
831 255 1210:2172:813 345 1014 
425 901 1124 668 1478 169 86:9336:753 1638 612 2046 1892 760 1635 
336 1451 941:4057:808 972 2277 
712 562 612:3301:2277 224 800 
593 456 1159 543 472:6202:1050 1455 2085 1156 456 
1531 1182 1298 1121:5116:388 1088 516 3124 
859 643 439 888:4084:512 1356 1902 314 
1371 1367 192 202:4742:1401 1284 837 1220 
968 325 296 1344 995:2794:480 592 261 831 630 
180:246:246 
663 47 390:4072:1284 1398 1390 
1462 1339:857:381 476 
1213 1170 527 84 1546 1197:6807:1082 1446 1281 1530 324 1144 
1253 637 566 1109 28 250:6615:990 660 969 288 2154 1554 
1389 202 1117 674 164 1276:9812:2032 915 2740 1716 1635 774 
618 840:2152:1064 1088 
447 1416 574 198 1500 684 680:7085:1515 1551 1008 348 1356 512 795 
12 1553:2198:882 1316 
189 731 794 1430 561 1370 62:11153:2524 2166 438 2404 620 940 2061 
191 1106 1077:4488:1512 867 2109 
391 1040 824 1034 1483 1333:6123:735 1028 1628 1058 1182 492 
291 1073 950 1373:10313:1704 2628 2536 3445 
1054 1224 648 45 1041 571:3833:807 944 984 388 262 448 
116 498 95 1025:5175:2277 1344 777 777 
1274 631 188 1237 887 1004:7274:786 282 1976 1467 1038 1725 
1311 229 452 1554:6320:1806 802 1696 2016 
1471 695:3550:870 2680 
928 219 1494 1450 1221 778 269:8906:624 1808 1252 2140 1084 932 1066 
1342:2900:2900 
776 399 143 886:4456:1454 495 1389 1118 
948 1518 809 526 482 1398:7484:2240 1692 482 1616 272 1182 
1294 878 1155 1444 828 1171:7947:694 1448 1488 966 687 2664 
622 339 296 1211:2791:438 789 174 1390 
1441 959 982:3493:952 846 1695 
1285 110 1265:2721:1116 1194 411 
116 1019 337:6261:3795 2046 420 
915 753:2190:1086 1104 
14 1183:1884:993 891 
1066 450:3432:1620 1812 
1425 704 1326 737 1452:5634:1149 897 1248 690 1650 
920 1529 287 44 1026 837:8950:548 2400 1152 2408 1548 894 
633 498 493 876:4125:414 1344 1458 909 
1016 972 330 300 1349:6751:696 790 2043 1653 1569 
407 656 573:7692:2356 2852 2484 
810 1455:1154:220 934 
138 1013 1103 554:5476:1976 534 678 2288 
909 1519:1536:912 624 
1246 1163 1053:2410:1128 600 682 
1219 377 414 1303 487 897:6410:1628 1236 986 248 1904 408 
351 201:3126:1446 1680 
1353 897:1010:806 204 
432:1640:1640 
338 960:1814:210 1604 
821 937 760:3754:993 2091 670 
78 527 378 427 411 554 1164:7367:1149 1708 624 1536 285 1144 921 
1410 873:2392:656 1736 
1522 1493 983 634:5286:408 3012 456 1410 
208 97 1173 51 807 1456 1239:5813:1308 318 1248 510 524 678 1227 
1164 427 1330 648:4577:921 1152 1028 1476 
781 831 814:3458:2274 542 642 
691 1234:2043:1719 324 
146 1034:3732:2145 1587 
1017 362 1238 1327:7171:1548 2148 831 2644 
1404 1134:3749:2104 1645 
645 868 412 1221 1471 1388:8105:2452 1998 518 813 1160 1164 
782 432 549 372 49 538:7443:830 1230 987 1472 2612 312 
89 6:1738:882 856 
1001 1011 1527 1217:6244:1407 2284 1830 723 
1231 1202 692 343 362 185:9906:2812 3028 1188 1236 1432 210 
1341 126 255 732 1368 499 1308:7247:1926 626 230 704 1282 1006 1473 
1372 1528 1232 949 906 263:6735:1482 1299 645 826 464 2019 
286 989 373 303:4412:504 465 1551 1892 
849 939 390:3680:1184 411 2085 
1452 210 1525 1363 759 1342:10758:1650 885 3685 974 664 2900 
1492 1236 420 416 1213 809:8990:552 1848 1648 2596 1623 723 
24 1338 762 573 1155:7257:921 1203 2154 1863 1116 
689 978:1824:624 1200 
966:1386:1386 
929 379 562:3848:500 2788 560 
187 1178:4180:952 3228 
1200 291 74 284:4713:1023 2130 1188 372 
740 1482 334 717:2652:732 236 288 1396 
557 261 1536 1493 850 407 311:12185:972 3140 468 3012 1170 1767 1656 
970:2240:2240 
1247 404 442 1330 514:4991:936 484 1251 1028 1292 
651 489 1444 468 412 1088:7176:292 1604 644 1590 518 2528 
451 555:3112:972 2140 
1504 967:1298:858 440 
472 29 1078 728:4894:456 1690 1248 1500 
286:756:756 
981 232 482:2611:708 1359 544 
1208 952:3677:1581 2096 
742 831:2362:1820 542 
401 1077 89 938:3834:650 1406 1176 602 
212:903:903 
695 79 422:4858:2680 732 1446 
33 1468:1191:741 450 
1245 1202 559 116 20 1229:10602:1260 2271 2796 2277 1524 474 
1285 669 598 1141 60 282:6248:1488 1364 798 496 1422 680 
146 1421 234 1149 706 196 1405:10071:2145 2160 1413 483 2620 912 338 
1105 63 167 1309 1172 317:8678:1071 1611 530 2652 1548 1266 
1446 736 453:3060:472 1584 1004 
314 1389 1412 610 114 1456:5548:1017 1524 682 804 504 1017 
154 510:1422:1095 327 
223 1138 1109:3477:1764 1425 288 
423 1072 856 1066 1515 1365:5821:825 1376 1356 1080 792 392 
323 1105 982 1405:7061:2528 1428 2260 845 
1086 1256 680 77 1073 603:7038:1473 1245 530 2028 1314 448 
148 530 127 1056:6672:2121 2097 936 1518 
1403 663 220 1269 919 1036:8778:1305 642 1784 2331 1188 1528 
1343 261 484 28:11489:2685 1884 3330 3590 
327 1096:1824:408 1416 
397 554 1402 1119 1076 847 404:9866:996 1716 1413 1812 1160 2043 726 
900 1319 1009 593:4276:1008 900 1668 700 
74 1310:1958:594 1364 
1343 368 1456:3464:1611 836 1017 
1100 1350 1266 1156 674:4833:568 510 675 1364 1716 
1086 310:1248:982 266 
543 248 1523 1479 836 393 298:5796:867 600 592 834 952 400 1551 
859:1024:1024 
1233 391 428 1316 501:2994:544 490 384 552 1024 
378 1333 357 301 977:3097:624 492 1372 192 417 
594 1537 1466:2485:330 1521 634 
1490 954:1791:792 999 
458 15 1064 714:4039:526 1660 416 1437 
288 592 109 132 887 392 176:9351:1635 1374 2960 704 692 708 1278 
1244 922 1411 728:5058:663 1575 1320 1500 
562 1011 861 911 895:5050:448 1713 1416 1116 357 
506 129 1017 202 612:6943:2070 1116 1032 1525 1200 
958 354 1351 881 1557 155:8164:1056 1676 614 708 675 3435 
1334 1024 608:4853:694 3775 384 
1221 672 855:4065:813 1890 1362 
945 1527 1471:3900:880 2440 580 
1365 1281 1171 689:5139:294 1557 2664 624 
495:648:648 
1348 1011:3709:1425 2284 
1179 1335 626 343 299 70:6550:1449 1272 720 1648 942 519 
93 382 1325 110:3265:528 861 1080 796 
935 759 436 925 243 332 1341:8913:1608 996 594 453 1692 1644 1926 
384 1072 323:2778:194 688 1896 
546 117 1299:4040:2004 988 1048 
1029 746 702 60 1175 1079 1409:10001:1555 1446 2940 1422 634 1716 288 
83 786:2730:2199 531 
899 123 1559 423 1459 456:8445:1496 2175 1405 1375 1024 970 
876 926 910:1823:909 210 704 
689 1232:1581:936 645 
528 1150 561 1276 900 644:5750:704 2328 465 774 1008 471 
567 617 600 744 1353 112:8966:2170 824 2200 2163 1209 400 
309 1490 1234:4148:2768 1056 324 
59 15 931 901 392 42 159:9294:714 1660 1044 2184 708 2036 948 
1398 356 46 1188 1464 196 1138:13649:1773 1800 1887 1705 2760 1824 1900 
1048 472 1427 865 395:6361:1576 304 2316 986 1179 
1001 864 9 951:4686:1407 897 1272 1110 
385 1207 552 1427 1517:3833:858 698 324 1737 216 
1051 847:2994:270 2724 
502 1444 1373 358 835:11276:2356 966 2067 3395 2492 
728:750:750 
799 1475 73 921 638 595 366:6978:1044 1416 842 744 1246 822 864 
935 625:2748:2144 604 
436 792 430 1451:4058:1188 846 1376 648 
313 70 1052 862 1445:4994:1566 692 753 1467 516 
1118 702 979 1268:8603:2885 2205 2163 1350 
244 360 184 1005 350 1226:8431:2040 956 1262 1521 939 1713 
1209 1459 1376 1265:3359:1473 512 963 411 
426 1195 419 297 719 197 752:8391:440 674 2500 652 1404 2280 441 
230 879 663:2502:936 603 963 
1305 902 1418 1522 1106:3174:312 546 837 612 867 
207 1536 1093:3042:693 702 1647 
406 1469 1253 1049 1498 1348:7591:608 1520 1320 1452 1266 1425 
48 403 41 1063 341:5207:1101 1108 450 1126 1422 
381 430 414 557 1167 1483:7137:1263 1032 1479 729 1452 1182 
420 1456 453 25 1206 537:7418:1236 1017 1004 837 1971 1353 
1343 101:1594:1074 520 
987 877 394:4694:1856 1176 1662 
1127 311 721 1104:5202:1392 1656 870 1284 
1200 557 114 1163:3290:1364 972 504 450 
1400 491:1972:692 1280 
717 580 1283 667 597:7004:2094 1392 584 1446 1488 
704 195 1403 1520 1246:5576:897 1400 1305 846 1128 
821:1324:1324 
871:1413:1413 
733 1249 939 523:2311:694 540 411 666 
1143:972:972 
977 268 1543 1499:3365:417 1228 958 762 
1030 1280 1197 1086 507:7211:1892 804 1716 1473 1326 
1263 1340 138 920:3919:644 1876 988 411 
804 974 398 1353:2857:772 426 450 1209 
8 711 96 25 568 1044:8130:1482 1044 1608 837 2496 663 
1121 478 35 1084:4973:1562 1560 1110 741 
1490 1007 1030 641 1290:8003:792 1167 1892 2226 1926 
687:804:804 
1484:504:504 
292 1407 897 548:3168:650 460 408 1650 
218 522 39 62 817 322 106:8958:1170 879 1689 1374 570 1713 1563 
1077 755 1244 561:5242:2109 1629 884 620 
492 941 792 842 825:7782:999 2277 1269 1656 1581 
436 59 948 132 542:5825:891 476 2240 1408 810 
1491 609 765:4418:1832 1491 1095 
1398 1288 806 829 439:9009:2364 1068 1844 1197 2536 
340 1122 999 1421:4680:222 290 2008 2160 
326 82 600 1554 579 523:6846:1338 982 1760 1008 426 1332 
49 1351 536 532 1328 925 1441:7539:1306 614 1065 2073 1314 453 714 
1405 1548 599 916:4001:507 384 1230 1880 
1255:735:735 
300 1016 639 383 1126 1122 1504:6603:1102 696 1234 1464 669 580 858 
104 553 403 453 437 580:6204:1342 712 554 1506 698 1392 
143 21 443 1479 476 48:6749:1389 862 684 1112 1968 734 
694 1046 896 946 930 659:8230:1686 1284 2024 1052 1128 1056 
1066 224:3060:2160 900 
307 1516 74 311 1133 477:7265:807 2640 891 1242 1220 465 
1406 657 907 823:5091:318 1134 1848 1791 
547 10 846 1468:4279:1640 1052 912 675 
979 4 1506 624:8754:2884 2456 2544 870 
194 257 893 24 833:5139:1791 303 344 921 1780 
1536 467 1343 1432 883:6151:468 1388 2148 1053 1094 
997 1336 534 1183 966 1176 68:11341:2580 1857 2424 594 1386 1264 1236 
1304 1208 858 975:6317:252 1581 1680 2804 
122 1464 116:7027:1576 1656 3795 
242 1172 862 446 309:8850:1972 1032 978 2792 2076 
1051 1421 779 336 1384:4860:180 2160 1002 606 912 
502 47 856 1105 1022:8027:1767 1864 1808 1428 1160 
849:1184:1184 
1369 926 416 67 183 6:7478:2500 420 2596 658 876 428 
1408 393 456 1092 223 1032:6933:1503 600 1455 1311 1764 300 
721 211 1420 1536 1359:5997:1305 2040 954 702 996 
837:1192:1192 
887:1384:1384 
824 1207 1217 175 1423 1007:8048:1628 698 964 2208 1383 1167 
685 215 891 1047:4470:927 423 1395 1725 
109:2960:2960 
668 358 1500 1363 508 1450:10731:1364 2037 1356 1461 2908 1605 
645 1015:3060:1839 1221 
749 599 649 632 362:5402:980 1230 1464 296 1432 
37 32 829:4596:924 2076 1596 
1158 835 1324:5225:717 2492 2016 
808 952 3 319 76:3273:729 1048 326 566 604 
445:1240:1240 
1171 582 1298 921:6261:2664 2079 774 744 
794 1470 482 1331 1048:4836:438 1311 408 1497 1182 
1185 569 912 1041 1518 596:6095:804 1641 962 524 1692 472 
413 63:2491:880 1611 
1552 976:2635:1984 651 
214 237 1406:3988:2088 1476 424 
131 540 923 520 1449:5428:1724 356 1275 1623 450 
607 763 54 1329 141:9370:2100 1772 2008 626 2864 
1264 1193 178 654 877 421:7076:1332 489 702 1113 1176 2264 
344 461:2787:1308 1479 
760 184 1553:3221:670 1893 658 
98 15:2704:1044 1660 
568 1311 1307 131 142 658 348:10059:1872 2408 988 1293 1320 1482 696 
668 1277 36 1350:5227:2046 1896 945 340 
1253 38:2376:1650 726 
1110 987 1409 887 1443 1014 637:7226:1518 1856 480 1038 1179 330 825 
5 454:1858:1206 652 
285 215 757 1234 1456:3021:987 423 717 216 678 
1277 541 1444 762:7064:1896 1008 1288 2872 
1044 895 945 928:3185:884 357 1320 624 
721 1237 1341 925:4946:1740 978 1926 302 
1131:1359:1359 
133 809 965 255 1531 1487:4180:408 1205 1136 460 291 680 
269 1517 1101 1378 109 1051:6432:1066 324 2024 438 2220 360 
779 309 985 1555 845 563 519:10460:1670 2076 270 2610 777 954 2103 
1137 322 732 1114 1125 83:8532:652 1142 704 2536 1299 2199 
199 1154 592 122:5164:1188 1356 1832 788 
1358 1287 272 748 971 515:7739:768 744 2076 1218 1545 1388 
1395 885 536 652:4209:1152 1056 1065 936 
1069 866:2233:214 2019 
1472 617 1 1489 474 950:8250:786 412 2132 984 2668 1268 
384 1499 990:3186:388 1016 1782 
197 247:2166:1140 1026 
796 47:2587:723 1864 
864 49 45 427 438:7936:1196 3265 194 1536 1745 
1463 993 111 681 1530 1247:9179:1107 3020 1914 1242 960 936 
1234 818 1094 1383:5112:432 735 2109 1836 
262 379 202 1024 368 1244:8646:996 3485 610 2265 627 663 
1227 1477 1394 1284:6991:1641 2084 1832 1434 
444 1213 438 315 737 215 770:9470:2280 2164 1745 712 690 423 1456 
248 897 681:2148:600 306 1242 
1421 1017 1533 1540 1124:6879:1620 1548 1338 1914 459 
225 1554 1111:4050:2106 1512 432 
424 1487 1271 1067 1516 1367:9955:843 850 2043 1011 2640 2568 
66 422 60 1081 359:8586:1974 2892 1422 1602 696 
399 449 432 576 1185 1501:6787:495 2079 1640 260 804 1509 
535 13 569 140 1322 652:7736:1485 1425 1094 990 1806 936 
1361 119:2344:660 1684 
908 159 409 326 216 1291:8244:375 948 2205 1338 1986 1392 
669 758:2742:1023 1719 
1008 126 282 1131:3604:483 1252 510 1359 
1498 749 999 916:5652:1266 1470 1506 1410 
1415 639 103 939 3:5607:1432 2468 507 548 652 
1028 1012 1155 207 523 279:7386:1254 1536 1116 924 999 1557 
1178 363:3375:2421 954 
189 1065 1155 606:5390:1893 1011 1488 998 
1248 1232 1375 426:4363:1866 860 1197 440 
300 1548 1132 1408 140:5685:1102 512 1248 1503 1320 
4 1119 1023 673:6014:1228 2416 933 1437 
247 137 1212 1235 846 1495 1279:7722:1026 1881 309 771 608 1336 1791 
422 73 189 426 1248 593 1469:11064:2892 1684 1262 440 1866 1400 1520 
399 876 1098:2055:660 606 789 
1439 902 180 802 214:4084:876 364 246 1032 1566 
1079 503:2150:858 1292 
80 836:2531:2055 476 
430 719 103:4099:1720 1872 507 
677 766 217 400 477 833 471:6291:1668 432 252 1104 775 1335 725 
910 827 716 234:5308:1408 704 1312 1884 
980 551:3137:1256 1881 
634 285 401 225 1046 391:6920:1410 1316 390 2106 963 735 
674 897 441 1250 1500 1417:9643:2288 204 510 2045 1808 2788 
1243 1359 38 860 204:4611:904 498 968 1362 879 
637 660 271 920:3427:495 1518 866 548 
164 1466 651:3024:1635 951 438 
248 19 1134 624 275 391 214:9467:450 1827 1316 1740 1833 735 1566 
331 1273 58:6386:2040 3035 1311 
82 1104:2329:1473 856 
838 195 166 1214 865:6016:1344 700 1776 717 1479 
332 1021 272 521 438 328:9281:1233 892 3460 1950 1047 699 
173 1075 393:2432:795 837 800 
1385 809:2257:1293 964 
1531 1142:1405:291 1114 
1025 410:1223:518 705 
266 143 566 44 599 1315:7742:1188 926 1292 2408 1230 698 
607 403 1266 1116 1166 1149 879:6381:1575 554 900 1476 830 644 402 
74 856:1795:891 904 
975 932 703 260 1308:6394:2103 552 1698 1059 982 
1115 366 616 532:6220:1401 1296 759 2764 
1129 767 230 1066 130:5368:1407 795 702 1620 844 
1156 1139 1283 334 650 407:6892:1023 1671 438 576 828 2356 
1276 847 471 1359 544:5522:774 1362 290 996 2100 
997 421 1376 814 344 1020:6404:1935 1698 642 963 872 294 
487:1428:1428 
308 1023 1061:4289:1580 1244 1465 
501 58 1107 757:5589:512 2185 1936 956 
1053 664 1313 1097:8197:1364 1585 3640 1608 
947 943:1644:360 1284 
188 677 1552 498 1506 131:7126:988 1668 992 1344 1272 862 
85 840:1252:708 544 
435 724 108:4916:1599 2192 1125 
674 125 308 385 740 378:7417:1716 1284 1185 1144 1464 624 
1333 424 208 418:4120:492 1124 1308 1196 
82 971 155 565 948:7627:982 1545 2748 672 1680 
788 492:1195:196 999 
1213 1103 621:3827:2164 904 759 
464 1353 537 947 1330:5580:1887 1209 1353 360 771 
1170 460:2014:1446 568 
229 279:4081:2005 2076 
828 79:1190:458 732 
1123 362 1516:4581:1113 2148 1320 
691 368 857 175:5314:1719 627 760 2208 
405 455 438:3293:1923 672 698 
338 615 904 288 632 1175:5654:525 717 837 2180 444 951 
671 642:2517:1620 897 
126 442:2086:1252 834 
1200:682:682 
1050:714:714 
878 568:3320:1448 1872 
1516 1394:3556:2640 916 
1171 1127 485 42 1504 1154:9143:1998 1392 1556 2036 1144 1017 
1308 692 621 1164 82 305:7112:1473 891 759 614 1473 1902 
72 1347 159 1075 632 122 1330:6670:1506 1228 948 837 592 788 771 
1128 86 190 1332 1195 340:7074:882 1635 2940 384 1011 222 
662 379:3351:1260 2091 
67 50:3102:987 2115 
116:3036:3036 
516 1458:2622:993 1629 
470 1092 503 1219:5615:2084 1748 969 814 
506 36 712 403 1252:8422:2760 945 3036 831 850 
40 329 1271 57 186 662:7319:772 1316 2724 440 1227 840 
739 96 1211 1115:6425:864 1608 2085 1868 
520 437 326 1402 1425 1036 127:7284:1082 698 1784 942 766 764 1248 
1059 1296 559 1462:7503:1600 1900 3495 508 
500 297 1160 1010 963:6248:1848 652 940 1908 900 
1166 351:2276:830 1446 
1149 80 956 1459 910:6179:483 2740 876 1024 1056 
244 1307 993 790 1239:7355:2040 988 2265 426 1636 
830 454:2122:1796 326 
1546:216:216 
149 1064 1035:2352:1434 312 606 
349 998 781 991 1441 1291:8689:1296 446 3032 1809 714 1392 
651:438:438 
95 971 1061:2942:518 1545 879 
1387 784:2928:2628 300 
551 162 811:5574:2508 1002 2064 
952 1237 834 205 1454:7285:1048 978 1692 1536 2031 
1174 465 182 552 1467:6298:1664 2240 682 324 1388 
735 1544:1590:810 780 
269 1424:3693:1599 2094 
862 179 683 133 316 1538 749:7958:978 1062 2070 408 708 1262 1470 
426 730:1367:440 927 
1069 759 343:2141:321 996 824 
859 310 493:3367:1024 399 1944 
20 1108:2929:2032 897 
763 1518 609 393 603:4499:1329 1128 994 600 448 
1398 262 1298 296 1425:4243:1773 498 1032 174 766 
479 1088 1404 17 999 396:7554:786 1896 1578 1118 1004 1172 
154 563 946:3466:1460 954 1052 
127 1335 1452 131 952 297:8060:936 2120 1650 1293 1572 489 
580 803 347 1156 1406 1322:8103:1856 2046 452 1023 318 2408 
717 367 484 307 1542 473:6049:1396 1833 1332 538 700 250 
24 1499:1937:921 1016 
591 1334 1330 154 165 681 371:6634:618 1388 1028 1095 885 1242 378 
691 1300 58 1373:4763:1719 792 874 1378 
724 1013 398 741:4274:2192 1068 450 564 
887 710 1532 877 194 284 1293:7469:1384 744 518 1176 1791 744 1112 
1382 927 178:1140:434 238 468 
497 1213 1250:3248:1348 1082 818 
1333 691 248 1296 947:5600:328 2292 600 1900 480 
934 824:1836:615 1221 
647 1163 1267 851:4226:2076 300 942 908 
1154:1017:1017 
155 831 988 278 1553 1510:9424:2061 1084 1896 2656 987 740 
195 1443 1027 1304 35 977:5313:700 1179 1760 378 740 556 
498 215:2356:1792 564 
784 634 684 667:3030:400 1410 256 964 
777 1293 983 567:4262:2100 556 304 1302 
773:240:240 
607 312 29 1543:6021:1575 1995 1014 1437 
1324 1241 1131 648:7923:3360 1767 1812 984 
741 1297 455:3031:423 1264 1344 
1047 538:2037:1725 312 
628 945 701:2994:948 1760 286 
855 106:2992:908 2084 
1151 389 1544:1723:222 981 520 
718 396 884 202:5448:1305 1758 1470 915 
432 482 466:2128:820 272 1036 
366 642 932 316 659 1202:8252:1728 897 828 944 1584 2271 
699 669:1836:813 1023 
153 470:3010:1968 1042 
1228:834:834 
601 1078:1785:1161 624 
285 1321 319 1448 1071 402 1144:8491:987 1764 1132 2220 1482 432 474 
439 888 739 789:7680:2536 628 1728 2788 
969 565 1495 1185:4278:966 504 2004 804 
659 149 1358 1474 153:6756:1056 1912 768 1544 1476 
1332 850 873:3256:384 702 2170 
1155:744:744 
629 1465 529 1499:3874:424 1048 1640 762 
623 567 1243 1399:3936:1014 1302 678 942 
144:282:282 
543 1485:1647:867 780 
497 1119 531 1246:3711:1011 1812 324 564 
1213 743 1419 431 1279:5707:2164 489 302 364 2388 
67 357 1299 84 213 689:7739:1316 1372 2096 2040 291 624 
863 221 1239 1143:6191:1100 2568 1227 1296 
547 464 354 1429 1452 1063 154:8944:820 1258 1676 954 1650 1126 1460 
1086 1323 587 1489:8320:1964 2204 2840 1312 
528 324 1187 1037 1087:4104:880 1384 824 416 600 
1193 378:950:326 624 
1177 108 983 1487 938:4469:909 1500 608 850 602 
1074 271 1334 1118 914 1363:10047:1617 1732 1041 2308 1401 1948 
831:813:813 
15:830:830 
891 608 565 1480 1451:4209:1395 384 672 786 972 
116 592 1229 359 1168 1418:8837:3036 1832 948 696 1488 837 
778:932:932 
612 316 33 1548:3022:1200 944 494 384 
1148 1038 555:4169:2016 548 1605 
1288 472 882 1265:3872:801 760 1900 411 
1052 542:1293:753 540 
536 852 609:2942:1420 528 994 
763 14:2322:1329 993 
1058 297 1451:2655:1518 489 648 
303 792 110:2986:946 846 1194 
1442 1199 623:2545:915 954 676 
190 440:2583:2205 378 
90 473 483 999:4617:414 375 1820 2008 
1346 703 674 164 1373 1489:8857:1296 1132 2288 1090 2067 984 
1286 204 840 1529:5501:534 879 1088 3000 
1090 1446 670:3236:1248 708 1280 
423 1419 949 67 223 1486:5489:825 453 826 658 1764 963 
876 473 1403 1093 677 539:7623:606 375 1305 1647 1668 2022 
1013 37 1539 657 813 104:6644:534 1232 1326 1134 1076 1342 
1267 1129:2663:1256 1407 
1080 291 1073 537 1373 437:8225:1592 852 1314 1353 2067 1047 
567 72 1414 1210 101 1509 1:7378:1302 1004 510 1014 260 1689 1599 
1410 35 112:3064:984 1480 600 
1217 747 1423:3028:482 702 1844 
641 558 448 1523 402:4561:2226 300 795 592 648 
1057 282 159:1806:834 340 632 
1237 1393 1097 814:4308:1467 672 1206 963 
1410 954 205 455 371 261:5699:984 999 1536 672 252 1256 
1231 494 1397 715:6186:2812 1050 1096 1228 
1095 945 995 978:3854:864 1760 630 600 
675 1190 1294 878:4941:2680 496 1041 724 
1084:741:741 
183 859 1015 306 23 1537:10220:1314 1280 1628 3004 966 2028 
222 1471 1055 1331 62 1005:7856:1438 870 1148 998 1374 2028 
829 359 1035 47 896 613 569:6693:798 696 404 932 1518 704 1641 
286 297 812:3123:756 489 1878 
602:1592:1592 
1106 1062 419 1534 1439:6411:867 1302 1875 1491 876 
780 1003 547 1356 48 1523:6388:1626 429 820 861 1468 1184 
921 185 1087:1959:744 315 900 
301 911 1227 984:2788:288 1116 1094 290 
649 33 1521:2463:1464 741 258 
1448 911:2596:1480 1116 
416 1531 1022 672:5463:1298 485 1160 2520 
230:702:702 
176 426:1608:1278 330 
77 459 470 985:3471:1014 354 1563 540 
1235 592 563 54 1262 1379:7001:771 1374 1590 1004 572 1690 
1272 190 827 1515:4092:1302 1470 528 792 
1076 1432 656:5065:1160 1053 2852 
210 1472:2457:885 1572 
430 879 729 779:3303:1032 603 666 1002 
863 459 1389 1079:4815:1650 354 1524 1287 
43 1252 1368 47:5520:924 1275 1923 1398 
766 377 1026 810 606 1469:6869:216 1648 1548 440 1497 1520 
1220 1403 1066 277 1060 523:6667:714 870 2160 916 1008 999 
1333 1356 554 58 1400 1196 88:9456:492 1148 2288 2185 519 2220 604 
1396:1581:1581 
847 204 175 1223 874:6857:1362 879 2944 464 1208 
1360 438 1127 378 628 544 434:6733:1284 1047 928 624 474 1575 801 
1464:1656:1656 
21 1017 547 1223 1379:6594:862 2580 1230 232 1690 
275 137 840 225 154 697:10018:2444 1881 1088 2808 1095 702 
411 1260 880 1250 607 164:7824:380 260 1268 1636 2100 2180 
744 1287:2907:2163 744 
1343 1087:2511:1611 900 
1071 1 877 1380:6872:1976 1599 1176 2121 
1141 1284:2904:992 1912 
381 1018 149 958 1207 1124:6034:1684 330 956 1056 1396 612 
1344 835 485 602 425 103 592:7643:554 2492 1167 796 753 507 1374 
972:790:790 
489:802:802 
1342 965:2302:1450 852 
279 1182 499:4385:1557 816 2012 
1491 915:3003:1374 1629 
53 1527 1417 935 958 568:12222:3215 1220 2091 2144 1056 2496 
92 995 313 402 1411 36:4474:316 630 1044 864 990 630 
1548 1159:1774:384 1390 
1042 426:951:621 330 
1304 582 1204 616 1331:6509:378 2079 1796 759 1497 
799 1408 166 1481 905 716:8834:1566 2505 1776 1035 1296 656 
1289 473 469 852:2196:702 375 723 396 
1437 860 671 1253:4960:658 1362 1620 1320 
1174 558 901 1030 1507 585:6378:1248 450 1092 1419 993 1176 
904 261 1376 1280 931:6242:837 1256 1605 804 1740 
1320 1543 1087 338 588 505 394:6493:1976 958 600 420 552 879 1108 
1124 1494 851 408 1457 1107:7933:612 939 1816 1684 1914 968 
575:2092:2092 
808 1323 1427 1011:5504:972 1653 1737 1142 
1540 1217:1758:1276 482 
555 1537 1348 372 316:8203:1605 1521 1425 2944 708 
1398 356 46 1188 1464 195 1138:12207:1182 1800 1887 1705 2208 1050 2375 
1145 569 380 962 492:4773:846 1094 1180 654 999 
496 785 170:3470:596 1194 1680 
1248 1325 122 905:5652:2488 1080 788 1296 
788 959 382 1337:2212:196 846 861 309 
599 1541 1470 455 932:6110:1230 1572 1748 1008 552 
1072 336 1239:2865:1032 606 1227 
723 453 1062 1378 1135:4114:186 1506 868 438 1116 
419 935 1039:3793:1875 1608 310 
1415 733 1236 687:6210:2864 694 1848 804 
899 1043 94:3112:1496 1172 444 
1076 1365 749 1092 77 140 776:9324:1160 294 1470 1311 1521 660 2908 
640 357:1620:934 686 
1489:984:984 
1472 1362 880 1316 514:4802:786 546 1902 276 1292 
58 414 1196 1073 1495:7382:1311 986 1110 1971 2004 
1032 84 400:2934:300 1530 1104 
1082 67 543 766 310:3989:1083 1316 867 324 399 
447 684 1506 850 168 258:6240:2020 256 1908 702 442 912 
1474 1390 1280 798:5642:1158 1384 1072 2028 
1544 701:1469:1040 429 
784 435 552 375 52 541:5127:200 1599 216 840 1600 672 
189 9:3165:1893 1272 
439:1268:1268 
1164 576 1291 915:4639:1228 390 1392 1629 
788 1464 476 1325 1042:5458:196 1656 1968 810 828 
1178 563 906 1035 1511 590:6490:2421 954 232 808 711 1364 
407 57:1508:1178 330 
1544 303 473 1455:4229:1040 946 375 1868 
426 289 992 376 305 848:6024:330 753 945 840 1902 1254 
465 1314 1031 1401 759 316:6320:2240 244 436 1128 1328 944 
895 1341:2402:476 1926 
313 1494 1239:4254:2088 939 1227 
63 20 1349 906 396 47 163:11114:1611 2032 1569 464 1758 1864 1816 
360 50 1095 1372 103 1045:8384:478 1410 1152 1482 507 3355 
870 400 1076 88 936 653 610:8169:702 1104 1160 604 1473 1518 1608 
424 434 950:3546:843 801 1902 
651 740:1390:292 1098 
463 1460 990 108 264 1526:6931:687 1245 1188 750 2164 897 
917 513 1443 1133 717 580:7085:808 321 786 1220 2094 1856 
1479 77 926:2899:556 2028 315 
304:975:975 
1429 94 1196 447:4916:1908 333 1665 1010 
440 1210 434 1456:3265:504 676 1068 1017 
1 318 74 1056 867 1449:9081:2665 1380 1188 2024 1074 750 
418 41 1343 528 524 906 917:7030:1794 450 2148 352 1216 464 606 
1460 1510 1494 79 689:4963:1245 555 939 976 1248 
340 1228 413 822 1108:5348:444 1251 1760 996 897 
889 1045 750:2976:596 1342 1038 
1471 989 1012 623 1272:5187:870 465 1536 1014 1302 
1383 607 484 907 384:6630:918 1575 1998 1848 291 
247:1026:1026 
807 418 1067 850 647 1510:6562:524 1794 1011 936 1557 740 
348 1357 1540 1203 415 1197 661:8304:696 1070 1914 1116 1044 1144 1320 
299 1374 1397:2998:628 1548 822 
1287 111 122:3986:496 1914 1576 
629 1118 435:4287:424 1731 2132 
1355 113 1427 851:3545:240 1239 1158 908 
502 778 1068 452 795 924:7824:2356 1398 1188 848 528 1506 
16 932 489:3868:2238 828 802 
216 865 649 859 1308 1158:10772:2648 1972 1952 1280 1964 956 
995 219 776 1198:7538:1050 2260 2908 1320 
1234 1178:3660:432 3228 
418 29 678 462 258:7786:1794 1352 2664 760 1216 
712 175 1011 75 1045 202:10869:3036 2944 1713 248 2013 915 
1181 1325:2304:1224 1080 
359 422 1058 189 998 1248 1165:12409:464 3615 1518 1893 892 2488 1539 
1511 1482 972:2487:948 354 1185 
180 230:1662:492 1170 
779 30:1409:668 741 
1079 1488 313 323:6207:1287 826 1566 2528 
1230 1186 543 100 4 1213:6284:417 906 867 1170 1842 1082 
1269 654 583 1126 44 267:7251:2331 1113 852 669 1806 480 
1309 121 1036 593 84 1292:7628:1326 1698 764 1050 1530 1260 
1083 467 396 939 1415 80:8839:356 1388 2344 548 2148 2055 
1122 1079 850 407 1455 1106:7188:435 1716 702 2356 1401 578 
1259 643 986 1529 34 670:7557:1167 1356 1935 1200 939 960 
487 138:2910:1428 1482 
1400 1383 1526 578 894 651 75:4952:519 918 897 1248 436 438 496 
1090 967 1389 867 1422:6162:1664 220 1524 1074 1680 
1217 269 585 755 179:8186:723 1599 1568 2172 2124 
1302 126 1281 653 343 1485:7900:1364 939 1557 2024 1236 780 
748 692 1368 1524:4505:1624 891 1282 708 
1085 336 586:2808:1182 606 1020 
1437 595 219 1521:3675:658 822 1808 387 
302:1872:1872 
745 169 1537:2462:308 1140 1014 
1544 1460:2025:780 1245 
553 1295 1291 116 126 642 332:9658:1068 1388 1856 2277 939 897 1233 
653 1262 20 1335:4319:1518 429 1524 848 
686 975 359 702:6403:664 2103 696 2940 
57 933 1022 473:2715:220 1250 870 375 
926 1438:1299:315 984 
1263 1180 1069:3694:644 2836 214 
1236 393 431 1319 504 913:6132:1232 600 728 900 1360 1312 
1349 107 1422 1259:5128:2092 640 840 1556 
789 1332:2475:2091 384 
1388 1132:1809:873 936 
1116 47 922 1426:10099:2460 1864 2100 3675 
1186 1329:2158:906 1252 
364 427 1063 194 1003 1252 1169:10552:1182 1920 1689 1791 572 1700 1698 
1516 1487 977:3567:2640 510 417 
185 234:2199:315 1884 
784 35:1310:200 1110 
1083 1493 318 328:4085:267 1506 1380 932 
1137 1094 451 8 1470 1121:8414:978 2109 972 1482 1311 1562 
1274 658 587 1130 49 271:7826:786 1482 1704 596 1959 1299 
1313 126 1041 598 88 1297:4540:1456 939 262 798 453 632 
1087 471 401 944 1420 85:3942:900 290 390 700 954 708 
1127 1083 854 411 1460 1110:6946:1856 356 1176 380 1660 1518 
1263 648 991 1534 38 675:11152:644 2460 2412 1988 968 2680 
492 142:2319:999 1320 
1290 1434 485 801 558 1540:8647:1926 528 1167 2024 450 2552 
610 234 1122 306 716:8342:1608 942 725 3755 1312 
674 204 880 1036:6215:2288 879 1902 1146 
98:1392:1392 
657 347 1489 1352 497 1439:6757:1512 678 984 1359 1348 876 
711 868 158 1433 245:7667:2088 2664 1132 946 837 
1271 1200 185 662 884 429:7802:2043 1023 420 1260 1960 1096 
352 468:1311:357 954 
1108 865 289 99:3692:598 1479 753 862 
1497 216 505 1447 232 775 838:10541:2488 2648 879 1118 1812 700 896 
1272 802 1478 490 1338:5854:868 1548 946 888 1604 
822 951 1428:5238:996 1110 3132 
336 213 635 113:2702:808 291 777 826 
866 304 1392 510:3179:1346 975 640 218 
999 1542 460 682 227 1036:6747:2008 525 1136 444 1488 1146 
1452 1009 499 150 266 503:7270:1100 1112 2012 1806 594 646 
1355 273 496 40 849:3715:240 1221 298 772 1184 
1139 69 945 1448 899:10513:1671 2260 1760 3700 1122 
1036 233 1296 1080 876 1325:8531:1146 1904 1900 1592 909 1080 
793:1524:1524 
1535:1018:1018 
570 526 1442 1412:3665:820 1212 610 1023 
58 307 224 114 1189 68 823:7254:874 1076 1200 672 405 1236 1791 
31 1493 1143 1260 1083 347:5269:801 2259 648 390 267 904 
294 1396 648 897:4583:693 2108 1476 306 
415 837:3802:2610 1192 
1436:332:332 
290 873 1496 614 770 61:6349:1264 868 894 2055 728 540 
340 856 960 544 407:6371:333 904 1203 1575 2356 
1530 1247 1203 974 531 21:4918:960 936 837 568 324 1293 
670 1014 1557 61:3385:1280 440 1125 540 
271 1147 1236 687 870 947:7154:2165 774 1848 603 1404 360 
801 1238 435 1084:4430:1012 831 1599 988 
1450 1021 645 1533 718:9053:2140 669 1839 2230 2175 
269 253 1540 592 908:5714:1599 632 1276 1832 375 
67 450 46 976:5225:658 1812 1887 868 
1225 583 140 1188 839 955:6726:1023 568 1320 1364 351 2100 
1262 181 403 1506:4401:429 320 1108 2544 
647:2076:2076 
1545 1368 1046 1535:4091:828 1282 963 1018 
210 686 1135 986 1036:5433:885 996 1116 1290 1146 
60:1896:1896 
466 822 460 1481:4562:2072 664 1136 690 
343 100 1082 893 1475:7227:1236 1560 1083 516 2832 
1246 830 1106 1395:5646:1128 1347 867 2304 
274 391 214 1036 380 1256:7509:2884 980 1044 1146 708 747 
527 1336 28 1503 1393:10242:1281 2476 2872 2605 1008 
288 377 1386 11 1232 444:6934:1090 1648 590 1378 860 1368 
328 1403 1426 1037 128 1470:5060:699 1305 1470 312 400 874 
265 1034:4760:2644 2116 
491 1340 1057 1013 784 341:7353:2560 1407 556 534 400 1896 
399 1341 126 669:4383:495 1926 939 1023 
1541:1572:1572 
136 1185 835 952:6884:2115 804 1869 2096 
99 1441 93:2728:1724 476 528 
633 1149 839 423 700:3179:552 322 234 550 1521 
167 1442 1398 756 313 217:6173:424 610 1773 1422 1566 378 
892 1435 354:4254:1521 1476 1257 
37 820 697 1119 597:5454:924 266 468 1812 1984 
703 460:2550:1698 852 
1479 996 1019:3620:1112 462 2046 
245 1399:1500:558 942 
58 561 12 195 1416 627:6388:874 620 1176 1050 2068 600 
207 511 28 51 806 311 95:6474:693 384 1436 1020 922 1242 777 
844 162:2699:1196 1503 
389 971 501 1177 189:6492:1308 1030 1024 606 2524 
1057 1400 1529:4377:1112 865 2400 
132 914 791 1213:8691:1760 1868 2358 2705 
968 392 1346 785 315:4058:960 472 1296 796 534 
89:588:588 
279 994 1032 362 1104 1514 339:6693:1557 282 300 2148 1284 333 789 
848 699 749 732 462:4231:836 813 1470 352 760 
136 132 929:3823:2115 1408 300 
1434 1258 935 1424:3828:352 472 1608 1396 
575 1025 875 925:5910:2092 777 2588 453 
1105 1115 73 1321:6744:1428 1868 1684 1764 
323 1238 1209 699 350 466 290:8162:1896 554 982 1084 626 2072 948 
719 995 1285 669 1012:6221:1404 630 1116 1023 2048 
609 513 163 280 103:5203:2485 428 908 1044 338 
1282 799 822:4418:2046 1044 1328 
1126 1508 1105:4264:669 2524 1071 
859 177:1410:768 642 
516 1192 1348:3427:993 534 1900 
1023:933:933 
1462 1006:994:254 740 
1302 541:2031:1023 1008 
353 857 308 491 154:7039:924 1520 1580 1920 1095 
733 584 634:3448:1041 1467 940 
933 517 794 1083 467 810:8287:1875 2492 657 267 2776 220 
261 1536 1493 850:4919:1256 702 2259 702 
497 414 303 1379 258:4531:1011 986 946 676 912 
913 137 14:3855:1312 1881 662 
8 1096 214 370 74 1350:6298:988 1888 1044 510 1188 680 
1336 920 783 1486:4620:1857 411 1389 963 
1237 1474 738 83 958:8206:1956 1158 1368 2932 792 
798 582:3921:2535 1386 
904 1447:2793:1116 1677 
419 43 1345:4968:1875 924 2169 
269:1599:1599 
1162 452:1676:828 848 
1388 1172 968 1418 1268 1318:5491:873 1548 720 558 1080 712 
260 882:3312:1412 1900 
859 683:2010:768 1242 
583 393 976:2621:1136 400 1085 
210 899 150 400 317 206:5945:885 1122 1806 552 844 736 
1538:1893:1893 
573 529 1445 1002:4903:1242 1230 387 2044 
213 130 20 1095 1118 729:7386:291 1688 1524 576 2308 999 
1086 350 1252 570 660 110 293:8821:1473 1252 850 1640 1518 1194 894 
200 1302 553 803:5705:1924 1023 712 2046 
700 884 547 1316 540 4 840:9928:2028 1470 1640 276 356 3070 1088 
896 1200 717 740 1495:8776:1518 1364 2792 1098 2004 
1130 594 1430:3440:596 440 2404 
118 794 1363 654 371 328:6467:1096 1095 1948 1484 378 466 
411 1353:1494:285 1209 
434:801:801 
274 1150 1239 690 873 950:8353:2884 1164 1227 508 1302 1268 
707 730 341 990:4889:638 927 948 2376 
1453 610 648 1536 721:6140:1184 804 1476 936 1740 
760 598 1553 577 521 1197:7661:670 1064 987 1924 1300 1716 
658 761:2843:1976 867 
928 152 1173:3505:1248 1425 832 
229 385 1234 951:2808:802 572 324 1110 
508 811:3729:2181 1548 
471:290:290 
1294 705 1323 947:3973:1735 656 1102 480 
917 35 605 1454 1171:8173:404 1110 1287 2708 2664 
531 595 938 1067 1543 622:4998:324 548 903 1348 1437 438 
940 298 1413 1317 967:6278:1032 1034 2568 1314 330 
528:352:352 
971 555 418 1121 505 434 977:10867:2060 2140 2392 2343 586 1068 278 
2 1397 794 1377 1320 438 594:7299:411 1096 438 2036 1482 1396 440 
1284 442 66 1368 552 548:9379:2390 1668 1316 1923 432 1650 
1324 1467 519 835 592 16:12428:2016 2082 2103 1869 1374 2984 
905 316 1032 656 400 1142 1138:9399:1296 708 300 2139 828 2228 1900 
323 373 356:6061:3160 1551 1350 
1085 1428 1557:5214:1182 3132 900 
159 941 818 1241:6905:948 2277 735 2945 
995 419 1374 812 342:6598:840 1250 2064 1252 1192 
117:988:988 
306 1022 1059 389 1132 1541 366:8818:2253 580 1200 981 936 1572 1296 
876 726 776 759 489:6933:909 1650 2908 664 802 
164 160 956:4172:2180 1116 876 
1462 1285 963 1451:4965:381 1488 1800 1296 
807 603 1052 902 952:4735:786 896 753 728 1572 
644 267 11 754:6451:314 800 3445 1892 
816 1386 677 394 350 1266:8215:1206 1180 2224 2216 939 450 
746 1023 1312 696 1039:4976:2169 933 855 399 620 
636 540 191 307 130:4991:1976 356 1008 807 844 
730 752:1515:927 588 
1132 504 194 1336 1199 344:10184:624 1360 2985 2476 1431 1308 
1220 1376 666 384:2756:1428 642 492 194 
1392 937 188 438 354 244:7613:480 2091 1976 698 838 1530 
897 574 1063 381:5856:408 1512 2252 1684 
664 514 564 547:3752:1585 969 378 820 
755 1270 961 544:3861:1086 930 795 1050 
1164:921:921 
998 289 6 1520:3370:669 1004 428 1269 
732 622 139:2396:528 584 1284 
1344 169:1971:831 1140 
1494 119 196:5494:1565 2105 1824 
1411:990:990 
679 529 579 562 292 901:4219:570 820 426 336 975 1092 
143 699 1414 1452:4004:1852 542 510 1100 
799 1381 1325 443 599 1448 1165:8704:1566 796 1080 456 820 2960 1026 
447 70 1372 557 553 1349 946:8711:1515 519 1976 486 1068 1569 1578 
1345 1329 1472 523:6265:2169 1252 1179 1665 
1536 494 184 1326 44 334:8915:936 1050 3155 1248 1806 720 
1209 221 1070 787:6278:1473 1284 2672 849 
238 926 177 427 344 234:5735:1107 315 963 1536 872 942 
7:1896:1896 
883 600 557 1472 1029:7296:2188 1320 972 1572 1244 
1549 240:1166:590 576 
274 1428 800:6276:2163 2349 1764 
597 687:2091:1488 603 
937 55 211 1059:6687:2091 1866 1530 1200 
1427 678 928 844:6465:1737 1998 936 1794 
568 31 867 1489:5622:2496 1068 1074 984 
1000 25 1527 645:5495:992 837 2440 1226 
216 278 914 45 854:6379:1986 1992 934 291 1176 
1557 488 1364 1453 904:6252:675 882 1490 2368 837 
921 1357 555 1204 987 1197 89:8385:496 1605 1070 1796 1392 1144 882 
301 1177 1267 717:3535:288 909 942 1396 
1344 1073 125:5496:1385 1971 2140 
205 681 904:3201:1536 828 837 
1447 925 1480:2916:1677 453 786 
388 758 116 1231:6310:834 1146 1518 2812 
958:792:792 
1494 1038:1174:626 548 
1334 572:2352:1041 1311 
385 889 340 523 186:5748:1144 1192 444 1332 1636 
668 519 568:5397:2046 2103 1248 
978 162 158 541 551:6023:900 2004 566 672 1881 
116 1204 322 892 182 1457:10585:2277 1796 1713 1521 1364 1914 
1347 931 1208 1497:6034:921 1044 1581 2488 
822 473 589 413 1234 579 1455:7432:1328 500 976 1760 432 568 1868 
386 862 1085:4154:1600 978 1576 
525 948 426 103:4333:1596 1680 550 507 
725 881:1584:522 1062 
848 459 1108 892 688 1551 1401:8736:1254 236 1196 2028 1744 868 1410 
80 569 1444 390 1398 23:8261:1370 1641 644 2780 1182 644 
1438 635:1010:492 518 
616 1558:1557:759 798 
1292 570 1192 603 1319:4470:1890 820 712 448 600 
786 1396 154 1468 892 703:7965:708 2635 1460 450 1014 1698 
863 47 457 840:4402:1650 1398 810 544 
434:801:801 
879 317 1405 523:3010:402 1266 676 666 
17 1119 370:5332:2236 2416 680 
37 593 1308 1346:3778:1232 700 982 864 
1275 1219 337 493 1342 1059:8714:448 1628 280 1458 2900 2000 
1355 1459 1043 906 51:3376:360 1024 879 348 765 
424 74:2312:1124 1188 
1222 1366 417 733 490 1472:8702:1293 2040 1521 1388 888 1572 
215 930 554 298 1041 1036:5971:423 1128 1716 1034 524 1146 
1080 504:2156:796 1360 
71 321 238 128 1203 82 837:7788:1518 1290 1476 300 837 1473 894 
141 46 1254 1371 1194 458:10926:2148 1887 2776 1401 1662 1052 
1540 231:3268:1276 1992 
265 1419 791:4276:2644 453 1179 
581:1578:1578 
1040 398 1513 1003:2958:771 750 1008 429 
331:1530:1530 
835 86:2881:1246 1635 
1228 466 63:3879:1251 1554 1074 
795 473 961 279:4215:704 375 1060 2076 
509 559 446:3450:656 1398 1396 
443 719 1009 393 736 1279:7563:912 1404 1668 600 1188 1791 
776 746:4350:2181 2169 
1276 328 644:2101:774 699 628 
1326 1455 374 1010 141:6720:936 1401 804 1431 2148 
417 1239 584 1459 1549:7591:2028 1636 1467 1280 1180 
378 1547 638 421 631:7640:624 1696 2492 2264 564 
1004 161:3748:2875 873 
245 1453 12 249 1070 415:8624:837 1776 882 891 2672 1566 
795 1018 562 1371 63 1538:6618:528 330 224 1401 1611 2524 
1344 835 485 602 425 102 591:6805:554 1869 1167 796 753 1254 412 
971:1030:1030 
489:802:802 
1215 626 1342 965:4190:1168 720 1450 852 
838 1514 526 1375 1092:5348:896 333 1212 1596 1311 
1229 613 956 1085 3 640:5629:711 1408 438 1182 489 1401 
457 107:1770:810 960 
37 353 523 1505:4558:616 1232 666 2044 
476 339 1042 426 356 898:5887:1968 789 621 220 1350 939 
516 1364 1081 1452 809 366:7639:1324 596 1068 2200 723 1728 
1016 946 1488:5442:1160 2630 1652 
336 1172:2154:606 1548 
213:291:291 
396:1758:1758 
1212 1262 1245 1389 440 756 513:5842:309 429 1260 1016 504 1896 428 
204 826:1872:879 993 
803 627:3246:2046 1200 
527 337 920:2536:1708 280 548 
552 1361 52 1527 1417:5425:324 990 800 1220 2091 
312 402 1411 36 113 468:6518:798 864 990 1260 1652 954 
748 771 382 1031 814:5598:1624 567 1148 654 1605 
1364 841 1397:2757:894 1041 822 
675 32 1147:4860:2010 2076 774 
409 259:4735:2940 1795 
1411 955:2060:660 1400 
489:1604:1604 
1117 396 1018:4993:2740 1758 495 
851 622:1800:1362 438 
233 682 435 485 468 612 1221:7859:1904 222 1599 1167 954 1200 813 
615 692 1048 686 149:6566:956 1188 1182 1328 1912 
1058 1202 253:4927:2024 2271 632 
396 1033:3804:2344 1460 
1195 766 390 1278 463 873:6882:1348 324 1390 1602 916 1302 
90 1378 430 746 916 340:6546:552 438 1032 2892 1410 222 
166 203 1092 276 686:6433:1332 242 1748 2115 996 
753 909:1648:736 912 
875 486 1135 919 715 20 1429:9673:1294 430 1116 1188 1228 2032 2385 
107 596 1472 417 1426 51:8138:640 472 786 2535 2940 765 
1465 663:1690:1048 642 
643 27:1999:1017 982 
1319 597 1219 630 1346:5424:900 992 1628 1040 864 
911 1423 181 1496 920 730:5535:1116 1844 480 894 274 927 
890 75 484 867:4167:1389 372 1332 1074 
1007 963 321 1436 1340:6777:1167 1350 1720 664 1876 
397 647 564:2931:996 1557 378 
703 1446:1840:1132 708 
128 1004 1094 544:6334:400 1725 2109 2100 
900 1510:1748:1008 740 
1237 1154 1044:4093:1956 1695 442 
90:552:552 
495 1265 489 1510:3081:648 274 1604 555 
1102 153 470 226 1208 1019 43:11975:1356 2460 1563 528 2108 2728 1232 
1079 542 1378 443 1412 569 193:7881:858 540 584 684 682 1641 2892 
939 1376 573 1222 1006 1216 107:8471:548 963 2484 862 1110 1544 960 
1415:2148:2148 
866 223 1338 1243 893:7212:2692 2352 802 678 688 
1179 1428 1345 1235:5955:1449 1566 2169 771 
1368 846 1401:4626:2564 1216 846 
679 37 1152:3512:855 1232 1425 
1205 510 361:2798:1992 218 588 
860 244:2382:1362 1020 
400 1022 433 1149:3773:1104 1160 1026 483 
1059 177 334 1182:3090:1200 642 432 816 
1136 387 637 553:5306:1986 1401 495 1424 
1053 691 154 990 54:7196:1023 2292 1095 1782 1004 
1080 1063 1206 258 574 331:9622:1194 1689 1971 1216 1512 2040 
771 395 1283 467:4960:567 1179 438 2776 
1100 804 521 478 1393:4588:284 772 1300 1560 672 
1278 196 419 1521 772:5525:1068 1368 1250 387 1452 
1061 406 1282 1371 822:6701:879 912 2046 1868 996 
936 959 570 1219 1002 799 104:11798:1964 564 1640 814 2044 2088 2684 
1412:1023:1023 
1335 826 476:3908:1272 1324 1312 
83 66:4173:2199 1974 
1538 230:1964:1262 702 
263 274 790:6865:2692 3605 568 
579:426:426 
1083 1039 396 367 1416:7588:267 465 2344 2444 2068 
570 820 737:3092:1640 532 920 
1546 876 61:1638:324 909 405 
448 98 215 38:3195:795 1392 282 726 
660 271 920 704 914 1363:6781:2024 866 411 598 934 1948 
1049 274 151:5394:2904 1442 1048 
706 1289 1232 350 507 1355 1072:6549:1965 702 860 626 884 480 1032 
891 76 72 868 465:9674:1860 1510 1506 1998 2800 
29 1531 649 805 96 1371:7474:1014 388 1464 1599 1608 1401 
1261 845 1121 1411:5279:580 1036 2343 1320 
736 386 503 326 4 493 1368:9740:1584 1200 969 892 1228 1944 1923 
299 776 1412:3733:1256 1454 1023 
861 339 895:2944:1416 1052 476 
173 1088 645:4265:530 1896 1839 
373 1022 805 1015 1465 1315:8690:1034 1160 2132 1221 2096 1047 
1158 370 1152 1029 1451:5192:717 510 1425 1244 1296 
380 110 719 1035:4414:944 1194 1872 404 
943 327:1590:1284 306 
484 1106 517 1232:6334:2664 1156 1869 645 
1199 1143 261 417 1266:5096:954 972 1256 1014 900 
847 1390 1452:5281:2043 1038 2200 
1136 774 237 1074 138:7465:1986 1398 1476 1617 988 
1163 1146 1290 341 657 414:8473:600 1419 1926 1422 1134 1972 
590 1332:938:682 256 
793 883 334:4249:2032 1641 576 
57 227 1209 606 44:7086:220 1488 1473 1497 2408 
1373 957 820 1523:5013:2067 1659 399 888 
337 1546 104 341 1163 508 1383:9054:560 324 2013 1422 450 2908 1377 
1426 411 888 1110:4250:1470 285 471 2024 
2 505 1514 139 1360 571:5445:274 1172 555 1284 1712 448 
455 1530 1553 750 255 39:5796:1008 960 987 692 460 1689 
392 748:1756:944 812 
49 619 1467 1184 1141 498 469:9144:1306 1308 2776 950 496 1344 964 
395 1537:2193:1179 1014 
205 561 1343 1220 85:7132:2048 620 2685 1071 708 
538 588 571 301 910 1227:4182:468 828 896 192 704 1094 
252 675 153 708 1424 1461 791:15371:1422 3350 1968 2772 2792 1888 1179 
186 835 619 415 1278 1128:9954:1227 2492 1744 1566 1602 1323 
429 1265:1644:1096 548 
306:2253:2253 
1198 489:2782:1980 802 
1425 1209 1005 1454 1304 1354:6698:1149 1473 1014 1354 504 1204 
229 1104 1194 645:5929:1203 1284 2216 1226 
1288 1271 1414 466:6362:801 2724 765 2072 
1478 436 126 1268 1545 276:9496:1892 1188 1565 1080 1656 2115 
1152 1308 1012 729:5750:1900 982 1536 1332 
1324 869 120 369 286 176:7488:2016 1188 1684 818 504 1278 
1242 506 1409 727:5486:1516 2070 384 1516 
860 910 893:3740:1816 1408 516 
673 1215:3084:1916 1168 
1369 1113:2256:1875 381 
1096 27 903 1406:5531:1888 1473 1852 318 
1069 1213:2485:321 2164 
310 946 77 886 1136 1053:9765:399 2104 1014 2236 2648 1364 
1409 1232 910 1398:3290:192 860 1056 1182 
550 999 849 899:5754:1736 2008 888 1122 
982 993 1509 1199:8965:2825 3020 1689 1431 
770 674 324 441 264:5358:1092 2288 692 204 1082 
1346 863 886:4632:1296 1100 2236 
1287 111 1266:3333:744 1914 675 
118 1020 338:1979:1370 294 315 
917 754:1823:404 1419 
1476 1087:2172:1572 600 
971 355:1947:1545 402 
1330 608 1230 641 1357:6322:1028 768 695 2226 1605 
824 1434 192 1507 930 741:5602:1221 528 837 1324 1128 564 
101:390:390 
1143 421 1043:3014:1296 1132 586 
877 234:2295:882 1413 
1344:554:554 
265 48:2423:1322 1101 
491 768 1057 441 785 914:7041:1920 1488 834 204 1194 1401 
824 381:2905:1221 1684 
1423 182:2747:1383 1364 
1165 1054 572:5145:2052 1345 1748 
1304 489 898 1281:4478:378 1604 939 1557 
462:1140:1140 
366 1321 345 289 965:6047:864 1764 2065 502 852 
679 64 1551:2195:855 906 434 
1478 942:2640:1419 1221 
1173 663 314:2473:832 963 678 
1462:381:381 
1279 1529 1445 191 1266 1289 487:8016:1791 1800 387 1008 900 702 1428 
67 1302:1340:658 682 
1336 360 1448:5033:1857 956 2220 
1092 1342 1259 1149 666:5676:1748 2175 778 483 492 
1239 1422 1499 297 1079:5191:1227 1680 508 489 1287 
324 307 37:2692:692 1076 924 
70 773 158 87 630 1106:5061:519 240 849 1026 1560 867 
1280 638 195 1243:5292:1072 2492 1050 678 
1480 571:1234:786 448 
1214 798 660 1363 748 677:9016:717 2028 1518 1461 1624 1668 
225 1500 1457 1228:8419:2808 1808 2552 1251 
901:2184:2184 
951:1110:1110 
111 494 504 142 1390 974:6968:1276 1400 1020 1320 1384 568 
748:1624:1624 
82 398:1582:982 600 
954 870 760 278:7083:1332 1755 1340 2656 
1024 595:3842:3020 822 
678 329 445 269 1090 435:10153:1998 1316 1860 1599 1248 2132 
718 941 485 1294 1544 1460:9272:1740 2277 1167 1388 1040 1660 
122 1025:1959:1182 777 
1164 921 759 156 738 682 1358:5666:921 744 1328 204 1368 333 768 
1235 646 1264 888 632 1375:5387:771 876 1776 471 296 1197 
685 829 1438 197 1511:5283:927 1197 738 1710 711 
796 1311 1002:4062:723 1806 1533 
1412:1023:1023 
863 221 191 1240 890:7596:1650 1284 2016 1257 1389 
358 1046 297 547 464 354:8929:2037 1284 815 1230 1887 1676 
1420 684 28 807:4996:954 384 2872 786 
1187 1037 1087 1071:3848:1648 312 900 988 
767 139 1387 971:5218:1060 642 1971 1545 
215 452 1274:1916:282 848 786 
1390 442 758:4198:1384 1668 1146 
568 1511 1440 425 901 1124 668:8063:1872 474 1503 753 1638 459 1364 
988 705 662:3436:1264 492 1680 
366 150 1504:3504:1728 1204 572 
1349 67:2556:1569 987 
311 933:3531:1656 1875 
793 910 733:3274:1524 1056 694 
929 1378 1228 1278 383 527 1136:10680:500 730 1668 2136 1952 1708 1986 
1129 1312 1389 186 969 846:7975:1407 1140 2540 1636 644 608 
1519 410:1252:312 940 
73 616 1093 1315:4916:1263 759 2196 698 
1303 620 710 161 344 7 776:8497:248 536 1240 873 1744 948 2908 
867 757:1791:1074 717 
1096 1200 784:2739:1416 1023 300 
1300 751 934:3013:1056 1137 820 
1310 1120 145 89:6188:2728 1284 1588 588 
238 301 937 68:7738:1476 384 2788 3090 
1187 1543 1181:3418:1236 958 1224 
844 1414 704:4098:2392 510 1196 
1456 547:2176:1356 820 
1190 774 1050 1339 724 1067:8059:496 2330 1190 714 1644 1685 
518 235 191 1106:5058:735 2448 1008 867 
1337 854 877:2073:309 588 1176 
1181 5 1160:4174:1224 2010 940 
914 232:2774:1868 906 
627 571 1247 1403:4025:1200 896 624 1305 
1061 312 562:2231:586 1197 448 
502 1124 535 1251 874 618:8131:2356 612 1485 1974 906 798 
541 591 575 718 1328 86:7870:1680 824 2092 870 1314 1090 
283 1464 1208:5761:1972 2208 1581 
33 1547 905 875 366 16 133:10370:741 1272 1728 1941 1296 2984 408 
385 662 951 335:5265:858 1260 1110 2037 
812 901:3436:1252 2184 
624 63 1151 269 425 129:6303:1305 2148 222 1066 1004 558 
792 1175 771 143 1391 975 838:9038:1269 1268 378 1852 824 2103 1344 
260 1214:1537:1059 478 
1538 1056 1079 690 1339:6174:1893 1518 1287 762 714 
113 735:2319:1239 1080 
712 536:3697:2277 1420 
1012 436 247 829:3898:1024 594 684 1596 
477 1020 1082 161:2424:465 294 1083 582 
333 410 766:1682:526 940 216 
1536 654 1224:2757:936 1113 708 
1347 1237 754 1191 388:5432:614 978 1419 1170 1251 
29 385 1167 1044 1467:6618:1014 1144 1936 442 2082 
362 412 395 125 735 1051:6310:2148 777 1179 856 1080 270 
499 1535 532 1248 1285 615:9820:2012 2036 2073 1866 1116 717 
952 1002 985 715 1325 83:6744:1572 1533 405 1228 540 1466 
312 934 345 1061 685 429:5681:1596 820 1239 586 618 822 
352 402 385 528 1138 1454:4805:357 648 1144 352 950 1354 
922:2100:2100 
603:448:448 
1501 1325 1002 1491:4265:1006 810 1533 916 
432 642 1092 942 992:6625:1230 1196 1311 1628 1260 
683 307 1195 379:6309:828 1345 1348 2788 
716 433 390 1305:4407:984 1026 2085 312 
1438 956 979:3558:738 657 2163 
970 1379 204 1359:4569:1680 1014 879 996 
337 1452 943 593:4912:700 1100 1712 1400 
907 518 1167 951:7230:2464 980 1936 1850 
797:818:818 
1200 664 1500:3893:682 951 2260 
441 398:804:204 600 
79 129 112 255:3073:976 837 800 460 
428 12 289:2062:384 1176 502 
1537 162 239:5089:1521 2004 1564 
1248 778 1454:5972:1866 1398 2708 
519 769 685 575 93 529:6074:1402 204 618 2092 528 1230 
153 1029 1118 569:6017:1476 622 1731 2188 
925 1534:2441:453 1988 
1109 1359 1275 1165:3566:384 747 896 1539 
1298 776 1332:3339:774 2181 384 
610 1525 1082:5237:1206 2948 1083 
344 194:4729:1744 2985 
885 1428 346 569 113:8279:792 2349 1164 2735 1239 
1534 1212 142 1018 1521:4473:1988 412 1320 495 258 
989 1012 209 1272 1055 852:5868:465 2048 664 1302 861 528 
1332 1408 206 1402:4066:384 2004 736 942 
1286 1042 466 277:3447:356 621 1554 916 
1015:814:814 
791 1200 25 36 551 242:8312:1179 1364 837 945 2508 1479 
1341 765 162 1158 688 1267:6277:1284 1460 1002 717 872 942 
212 1141 832:3029:602 744 1683 
842 931 382:4113:2208 1044 861 
668 984 741 578 655 1237:7061:2046 435 282 1664 1656 978 
1190 429 25:2403:744 822 837 
757 435 924 241:6380:717 1599 2008 2056 
472 522 505:1476:304 586 586 
405 682 971 355 698 1241:8020:2564 333 1545 536 1275 1767 
738 709:1450:1026 424 
290 606:2628:632 1996 
912 1162 1078 968 486:4572:1443 828 936 720 645 
1145 1222 20 802:6166:846 1724 1016 2580 
685 856 280 1234:3794:618 1808 1044 324 
593 1535 1465 449 926:6962:1050 1527 2096 2079 210 
969 233 1136:4702:1288 1428 1986 
350 959 1275 1032:3163:939 1128 896 200 
1349 1278:3705:1569 2136 
319:849:849 
1411 356 1365 1548 1211 423:6468:660 1800 294 384 2780 550 
404 1479 1502 699 204 1448:6466:726 834 972 542 1172 2220 
243 599:2499:1269 1230 
470 1319 1036 992 350 320:7040:1042 900 764 630 1252 2452 
1023 607 883 1173 557 900 1029:10997:1244 2100 2188 2080 486 1344 1555 
490 646:1764:888 876 
224 873 657 867 1316 1166:6881:900 1736 1512 1074 414 1245 
221 1003 881 1303:3128:1284 286 1062 496 
644 481 1436 461 404:4902:314 2212 664 986 726 
1010 873 18 960:6530:1431 1302 1792 2005 
78 1313 244 1120 65:7226:1532 2184 1530 642 1338 
1091 1113 311 1373 1157 953:9459:1989 508 828 2067 2043 2024 
1433 1510 211 1407:3549:1419 370 1530 230 
1071 1387 1144 568 379:7160:1482 1314 474 2496 1394 
944 634 218 495:4532:350 1410 2340 432 
1434 1258 521 1424:4820:352 472 2600 1396 
575 1025 875 925:5387:1569 777 2588 453 
1008 605 1534 1224:3969:483 1287 1491 708 
698 189 1397 1514 193:7191:1700 1893 1096 333 2169 
531 754:2324:432 1892 
458 1427 585 208 1510 695 691:12164:1052 2316 784 872 925 3350 2865 
1467:2082:2082 
1074 591 614 1370:6445:2156 824 2055 1410 
398 22 1324:4228:600 1612 2016 
248:450:450 
1141 431:1290:744 546 
953 737 947 1396 1247 1297:5818:1518 690 360 1054 1248 948 
1504 302 1084 961 1383 861:7610:1144 1872 741 1060 1377 1416 
279 329:3392:2076 1316 
1431 975 226:2786:1120 1402 264 
449 1164 1202:6414:2772 614 3028 
1285 642 199 1248 898:6543:744 1196 1485 1866 1252 
983 872:1857:456 1401 
696 1211 1315 899:3717:532 1390 1047 748 
1105:1071:1071 
107 783 939 230 1505 1461:6654:960 926 411 936 1533 1888 
575 865 249:3446:1569 986 891 
725 815 266 449 526 881 519:9969:783 692 594 2772 1616 708 2804 
1055 972 862 379:8371:861 1580 2445 3485 
1028 600:2992:1672 1320 
683 333 450 273 1095 440:6306:1242 789 1812 1221 864 378 
343 820 1042 587 1396 87 4:8233:1236 399 828 1136 2108 684 1842 
254 1369 859:3704:436 2500 768 
727 578 627:2569:1137 832 600 
511 374 1077 461 390:6861:384 804 2109 1479 2085 
1449 1100 1216 1039:1976:300 284 772 620 
1373 1396 593 98 1439 1236 127:10547:2067 2108 1400 696 876 2464 936 
1435:1476:1476 
886 243 214 1262 913:5271:1118 846 1566 429 1312 
1399 478 1166 417 667 584 474:8765:942 1040 830 1521 964 1467 2001 
1503:1563:1563 
384 540:469:291 178 
215 864 648 858 1307 1157:8051:423 1196 1968 1680 741 2043 
483 905:2752:1456 1296 
1388 1505:2406:873 1533 
1039:310:310 
1066 849 645 1509 1359 1409:7481:1620 888 1839 2252 498 384 
419 1441 719 1341:6140:2500 952 1404 1284 
852 1434 1378 496:1806:396 528 584 298 
67 130 766 1455 706:7861:1316 1266 324 2335 2620 
1409 340 1215 1305 756:2661:192 333 876 312 948 
869 1306 503 1152 936 1146 37:11937:1980 1860 1292 1900 1473 1892 1540 
1037 860 124 1027 344 434 1346:8054:416 1362 412 1760 1308 1068 1728 
1532 1077 328:2623:518 1406 699 
550 1266 1303:2473:1302 675 496 
1179 670 320:3152:966 960 1226 
324:692:692 
141 391 307 197 1273 1296 907:10973:1432 735 807 2280 1214 1425 3080 
1260 910 1027 850 527:4385:260 1056 1320 468 1281 
305 328 1083:2779:1902 699 178 
217 600 611 1126:3328:504 1320 612 892 
1517 1473 830 801 292 1500 59:8559:324 1816 898 2024 975 1808 714 
158 1407 991 1267 1556 941:8283:566 345 2412 942 982 3036 
295 971 1127 832 549 505:7692:1767 1545 1392 1122 987 879 
1377 749 439 23 1443 588 1531:8189:1527 1470 1902 1288 786 828 388 
204 1158 183 127:4504:1172 956 1752 624 
1362 1292 276 753 975 520:9122:819 1890 1410 736 2103 2164 
889 540 656:2378:596 356 1426 
97 147 130 274:4617:424 342 1688 2163 
446 30 307:4318:2792 988 538 
643 94 277 354:4550:1017 444 1832 1257 
720 864 1473 231 1546:4067:444 897 908 1494 324 
830 1346 1036:3789:1347 1296 1146 
268 1144 1233 684:1901:921 316 408 256 
1310 1040 91:5515:2728 771 2016 
551 774:4372:2508 1864 
1423 753 1496 348:4892:1383 1472 1341 696 
475:1482:1482 
1147 985 382 964:3488:774 405 1148 1161 
1298 683 612 1155 73 296:5856:774 1242 1200 1116 1263 261 
63 1338 1294 1065 622 113 1321:9255:1611 2005 1041 1011 584 1239 1764 
1325 909 1185 1475:6470:1350 1216 1072 2832 
353 470 293 1529 459 1335:6716:1232 1042 1192 1200 354 1696 
606 1416 107 24 1472:7824:1996 2068 960 1228 1572 
367 457 1466 91 167 523:8678:3055 810 1268 2016 530 999 
803 825 436 1085 869:6757:2046 1054 891 1182 1584 
1418 896 1452:4005:837 1518 1650 
360 730 87 1202:5150:478 618 1026 3028 
1026:1161:1161 
1465 1010:2002:1048 954 
1305 544:1887:312 1575 
357 860 311 494 157:7075:1029 1816 1656 1050 1524 
737 587 637:2724:690 1704 330 
936 520 797 1086 470 814:9875:1964 2164 1227 1473 2084 963 
264 1540 1496 853:9745:2705 2552 1788 2700 
601 1038:1846:1161 685 
278 1526 1110 1387 118:8279:1992 1196 2024 1971 1096 
1443 1000 904 555:5006:1572 992 837 1605 
437 48 697 481:5544:1396 1468 468 2212 
221 258 1146 331 741:7021:2568 608 1892 1530 423 
904 1060:2070:558 1512 
22:1612:1612 
1431 122 39 1487 1004:7362:1680 1576 1126 680 2300 
106 1327 538 1320:5507:1563 2644 312 988 
1301 1058 482 292:2928:352 1518 408 650 
1031:436:436 
858 548:3330:1680 1650 
359 715 352 1374:3282:1160 614 476 1032 
333 90 1072 882 1465:5631:526 552 1032 1425 2096 
1138 722 999 1288:6061:1900 1587 1506 1068 
167 283 106 928 273 1148:8191:212 986 2605 1248 1628 1512 
508:1454:1454 
951 535 398 1101 485 415 958:8080:1110 1980 600 1518 778 1566 528 
1475 872 1454 1398 516 575:10407:2832 1401 2031 1773 1324 1046 
1325 922 1438 1541 1125:5994:810 1575 738 1572 1299 
129 1458 1015:3687:837 1629 1221 
426 1489 1272 1069 1518 1368:6663:220 1312 1302 214 1692 1923 
1134 597 1336:5118:658 1984 2476 
121 797 1367 657 375 331:12165:2830 2045 2568 1512 1680 1530 
414 1356:2340:1479 861 
52 1087 85 1214:4564:2000 900 708 956 
1181 711 1387 1543 1247:6220:612 2088 1314 958 1248 
1337:206:206 
235 1164 854:3957:2448 921 588 
464 701 1523 867 185 275 1283:6624:2516 572 592 1074 210 1222 438 
1373 917 168:2445:1378 404 663 
488 1204 827:2925:1323 898 704 
911 682 239 1287 937:4974:744 222 1173 744 2091 
511 815:1031:512 519 
638 1154 844 428:3974:1246 678 1794 256 
1145:846:846 
978 269 1544 1501:5061:900 2132 520 1509 
935 1184 1101 991 508:9077:2144 1425 1518 1809 2181 
1265 1342 139 922:5665:548 2900 642 1575 
805 976 399 1354:3115:1066 651 495 903 
1471 616 1558 1487 472 949:4624:870 1012 798 510 608 826 
950 240 1515 328 1243 800 290:6907:1902 576 792 699 1130 1176 632 
261 1403 1266:4057:2512 870 675 
1467 92 1313:3888:1388 316 2184 
1190 947 371 181 764 708 1384:6660:496 360 504 320 1989 2079 912 
1163 574 1290 914 658 1400:7942:450 2016 2568 1401 988 519 
711 855 1464 222 1537:7710:1566 1362 1104 2157 1521 
821 1337 1027:1748:662 206 880 
259 1135 1224 675:3869:1077 744 708 1340 
1301 1031 82:3322:704 654 1964 
542 765:2270:810 1460 
1341 498 536 1424 609 1018:10400:1926 1792 1775 2094 1988 825 
1454 212 1527 1364:5722:2708 602 1220 1192 
1062 991 1534:5702:1302 2412 1988 
382 1218:1890:861 1029 
259:1077:1077 
1151 442:1167:333 834 
1378 1162 958 1407 1257 1307:5371:438 828 792 345 1980 988 
250 872:2955:1554 1401 
849 672:2778:888 1890 
572 383 966:4572:1748 976 1848 
297 986 237 486 306 196:6744:489 1935 1476 430 1502 912 
255 371 194 1016 361 1236:5416:460 630 1194 696 588 1848 
1317 9 1483 1373:5849:1752 848 1182 2067 
1084 1506 984 1540:5738:988 1908 290 2552 
761 705 1381 1537:4472:1156 492 796 2028 
1098 349 599:3462:526 1296 1640 
538 1160 572 1287 911 655:7602:624 1880 1748 992 1116 1242 
825 675 725 708 852 1461 219:11511:2108 2680 783 2772 396 1416 1356 
292 1128:3064:1300 1764 
232 1281 931 1048:5083:906 1557 1044 1576 
195 1537 189:4307:1400 1014 1893 
632 1148 838 422 698:5069:444 1008 896 1446 1275 
558 263 1538 1494 852 409 313:8594:450 2692 1262 626 528 1470 1566 
875:1941:1941 
309 346 1234 419:5135:1384 1552 324 1875 
439 156 526 1442:3931:1902 306 808 915 
127 17 1092 1115:5762:936 1677 1748 1401 
899 522:2082:1496 586 
250 739 56:2158:1036 864 258 
1146 569:2587:946 1641 
124 147 902:1324:618 342 364 
420 430 946:3846:1236 1032 1578 
646 736:2022:438 1584 
193 1456 986 104 673 1522:10224:2169 1017 2580 2684 958 816 
449 33 310:3086:2079 741 266 
1558 183 260:4008:1197 1752 1059 
1475:2832:2832 
840 690 740 723 453 1062:4573:816 508 1098 279 1004 868 
207 763 1478 1516:4288:693 1329 946 1320 
1229:474:474 
1555 313 70 1466:4746:2088 1044 346 1268 
1163 1093 78:4178:450 2196 1532 
483 1320:2574:1092 1482 
244 361:2314:1530 784 
660 84 1453:4828:1012 2040 1776 
1556 1473:3289:1473 1816 
1211 1207 31 42 558 248:6709:2085 1396 801 1527 450 450 
597 1273:3805:1984 1821 
1440 92 541:3143:1503 632 1008 
371 61 1203 1480 211:6047:252 540 1395 1310 2550 
1536 1093 997 648:6720:468 2196 2580 1476 
375 598 142 951 1201:9833:2100 798 2200 1480 3255 
682 1558 90 1098 1281:4034:333 1197 414 1052 1038 
283 133:2023:1479 544 
632 17 1504 489 965 1188 732:6409:444 1677 858 1203 852 1023 352 
1052 769 725:1591:502 306 783 
430 214 10:2946:1376 1044 526 
969 659 243 519:5322:644 1584 1692 1402 
1425 915 566 682 505 183 672:8212:766 2172 969 222 879 1314 1890 
955:1400:1400 
879 569:2445:804 1641 
1518 1395:3408:2256 1152 
1172 1129 486 43 1505 1156:9771:1032 1876 860 1232 3066 1705 
1212 596 526 1069 1545 209:4327:309 354 1212 214 1242 996 
74 1349 161 1076 633 124 1332:7884:891 2615 582 2320 552 412 512 
1032 1548 94 1236 1099 244:5621:200 384 444 1848 1725 1020 
664 381:2214:951 1263 
1512:291:291 
537:1353:1353 
1363 148 691 753 1390 520:8132:1948 1414 1719 736 692 1623 
294:693:693 
1186 477:1371:906 465 
999 783 993 1442 1292 1342:10465:1506 1389 2265 610 2520 2175 
1452 250 1032 910 1332 810:6276:2200 1554 400 1408 384 330 
324 374:2534:1730 804 
1379 923 175:3394:676 510 2208 
1137 1014 1437 914 1470 627 665:7627:978 220 1645 1401 1311 900 1172 
1274 482:1330:786 544 
312 242 785 1261 1484:4354:1197 1479 1194 232 252 
891 568 1057 375:6524:1860 1872 1112 1680 
658 508 558 541:6500:2470 2908 450 672 
749 1265 955 539:4702:980 274 2100 1348 
1158:717:717 
992 283 1558 1514:4447:945 1972 1197 333 
948 1198 1115 1005 522:8021:2240 1980 1401 1521 879 
1278 1355 153 935:5700:2136 480 1476 1608 
819 989 413 1368:5506:1002 620 1320 2564 
1484 629 14 1501 486 962:5271:504 424 993 1509 860 981 
982 272 1547 360 1275 832 322:9807:1695 2076 1696 956 1120 1122 1142 
293 1435 1298:2652:894 984 774 
1499 124 1345:3089:508 412 2169 
1416:1551:1551 
270 120 170 153 297 906:5708:826 842 1680 1476 652 232 
1195 606 1322 946:6490:1685 1497 1204 2104 
916 34 604 1452 1169:7021:940 939 678 2200 2264 
1209 593 937 1066 1542 620:6814:1473 1400 1394 1620 525 402 
437 88:1151:698 453 
1063 114 430 601 25:6168:1689 504 1032 1548 1395 
1433 1030 401 91 1233:5652:1419 1419 390 2016 408 
651 8 1123:4167:584 2470 1113 
820 604 400 1263 1113:2936:532 678 828 644 254 
1477 635 258 3:5509:2605 1036 1216 652 
542 698 1547 1264 1220:6097:810 1275 1696 888 1428 
16 78 714 1403:6225:2238 766 1916 1305 
1061 1417 1055:4118:879 2091 1148 
1288 579:1085:801 284 
1101 884 1094 1544 1394 1444:8034:1518 1470 1406 520 1832 1288 
16 93 352 1134 1011 1434 911:7030:1492 704 357 1316 1713 704 744 
526 443 333 1408 1431 1042 133:6219:808 456 1315 1002 1680 414 544 
1162 1399 663 7:5540:1104 1256 1284 1896 
507 303 1166 1016 1066:5141:884 1419 830 928 1080 
998 409 1125 748 493 1235:8302:669 2940 1732 1218 972 771 
592 1202 1518 1275:4464:1374 1514 1128 448 
862 349 626 915 299 642:8186:1956 1728 720 1629 1256 897 
190 1465 1422 779:6563:2205 2096 1260 1002 
866:2692:2692 
916:1880:1880 
756 1139 1149 107 1355 939:5385:1896 1114 644 960 360 411 
714 244 920 1076:5118:1437 1530 411 1740 
138:1482:1482 
697 387 1529 1392 537 1479:6787:468 1401 1800 480 1804 834 
957 674 1044:4831:1659 2288 884 
1243 334 118 1472:3136:678 576 1096 786 
1522 761:1768:612 1156 
574 1077 528 711 374:7813:2016 2109 528 2088 1072 
59:714:714 
400 317 621 138 161:4809:1104 844 506 1482 873 
460 816 454 1476:3898:852 1608 652 786 
207 790:1030:462 568 
20 1095 1532 729 1378 1162:6226:2032 1152 777 999 438 828 
473 563 14 197 274 629:9850:375 1272 1324 2850 3605 424 
1319 410 194:3034:900 940 1194 
1363 1053 637:3174:974 1705 495 
1153 604 787:2428:392 904 1132 
973 1556 1500:3561:693 1964 904 
1394 1310 1200 718:6089:1374 2046 1364 1305 
1367 524:3480:2568 912 
607 258 374 198 1433 364:5968:1050 912 804 522 1892 788 
12 1487:1392:882 510 
1224 1220 45 55 571 261:6849:708 1428 291 1866 672 1884 
611 1287:955:459 496 
1144 341 990 774 984 1433:8343:474 1896 1782 1864 435 1892 
1183 1366 1443 241 1023 900:6829:891 1530 1572 1542 622 672 
1477 368:2608:1563 1045 
199 128 671 1147 1370:4267:891 300 1620 516 940 
1191 455 1357 675:7388:1560 1008 2140 2680 
808 858 841:2263:729 840 694 
718 1261:1653:1305 348 
1317 1061:2193:1314 879 
1045 1534 851 1355:7045:2684 1491 2270 600 
1018 1161:3183:495 2688 
1098 349 599 516:5812:789 1728 1640 1655 
1112 750 213 1049 114:6235:2046 1384 291 2178 336 
1139 1122 1266 317 633 390:7663:1671 435 675 1688 414 2780 
1259 830 454 1342 527:7162:1167 898 489 2900 1708 
404 1359 797 327 1003:4151:726 747 2045 204 429 
1349 933 796 1499 883 812:8550:1046 2500 723 762 1641 1878 
263 1538 350 1266:5213:2019 1893 626 675 
1496 1013 1036:4449:2235 1068 1146 
165 1319:1490:590 900 
1536 481 1490 115 1336 547:7386:468 2212 1056 354 2476 820 
224 528 45 68 823 328 112:5148:600 528 291 1236 1194 699 600 
1083 761 1250 568:5266:267 867 1636 2496 
498 948 798 848 831:6612:1344 1680 1521 1254 813 
442 66 954 138 548:7525:1251 1316 1332 1976 1650 
1497 615 771:2528:1244 717 567 
58 1227:2405:1311 1094 
407 1110 495:4149:1767 1518 864 
1127 351:1892:928 964 
1150 1520 877 434 1483:7131:1746 1692 1176 1335 1182 
698 242 1051 1301 1218:6541:1700 1972 450 704 1715 
1284 947:1316:956 360 
1174 465 182 138 1467:8138:1664 2240 1364 1482 1388 
1261 46 589 651 1288 418 1228:7685:348 1258 1464 438 534 2392 1251 
86:1635:1635 
595 406 988:4590:822 608 3160 
35 977 1320 1449 368:5174:1480 417 1482 750 1045 
917 821 472 588 411 1233 578:4206:404 993 456 828 285 408 832 
1480 625 9 1497 481 958:8258:786 906 1696 1866 2212 792 
392 1507 997:4203:944 1324 1935 
1463 768 619 669:4799:1476 992 1308 1023 
560 1356 953 1469 15:6261:702 861 1518 1520 1660 
1196 487 204 160 1489:7068:2220 1904 1172 1116 656 
68 611 673 1310 440 1153:6370:1854 459 1437 2046 378 196 
777 894 717:3823:2100 327 1396 
35 484 334 384 368 511 1120:4914:1110 1332 432 194 627 256 963 
947 171 49:3253:360 1587 1306 
42 1130 248 404 109 1384:6974:1018 1192 450 726 2220 1368 
1274 858 721 1424:6127:1048 1680 1305 2094 
335 1544 102 339 1161 506 1381:11509:2716 780 1254 789 2016 2760 1194 
312 788 1011:3505:1596 196 1713 
38 874 1496 29:5823:726 1510 2235 1352 
808:729:729 
142 458:2812:1760 1052 
1014 931 1234 752:2889:330 1392 432 735 
1401 558:1578:1128 450 
738 389 505 232 1467 398:6725:1026 981 586 906 2776 450 
778 1414 545 1354 46 1521:5894:932 1020 765 903 1887 387 
85 988:3236:708 2528 
1225 1395 819 216 1212 645 1321:8439:1364 1728 1503 1324 412 1226 882 
1126 123 839 876 207:4725:669 2175 351 606 924 
1013 1329 1086 923 320 903 847:8191:801 939 1964 510 1226 1389 1362 
894:545:545 
684 1187 638 821 484 1254 478:9940:256 1648 1246 1324 1998 1388 2080 
237 154 1137 654:3971:1476 730 652 1113 
1312 591 1213 624 1339:4777:855 412 2164 870 476 
807 1416 175 1489 913 724:9016:1048 2068 2944 656 656 1644 
883 68 478 860:5897:1641 1854 1040 1362 
455:1008:1008 
900 338 1426 544:6237:672 315 3675 1575 
1130 115 591 814 358 1167:6524:894 354 824 963 2037 1452 
668 26 1141 631 281 398 635:6371:2046 453 992 282 1371 450 777 
146 849 233 162:5939:2145 888 1904 1002 
295 799 249:5632:2356 2088 1188 
1531 1288 711 522 1104:3833:291 534 1566 586 856 
1450 408 98 1240 1517 248:6860:1605 1263 1392 1676 324 600 
1124 136 984 701:3031:612 1410 580 429 
152 841 92 342 258 148:6423:1425 1041 632 596 608 2121 
1215 478 1381 699:4841:876 1560 1592 813 
832 882 865:4112:1683 950 1479 
1188:1023:1023 
988 172 582 965 562 1491:8401:1896 1692 2079 1136 224 1374 
147 1102 126 70:3410:456 1356 1252 346 
1305 1235 220 696 919 463:5341:416 771 1784 266 1188 916 
833 483 600:3590:890 1820 880 
40 90 73 217:3374:772 414 1684 504 
390 1532 250:4157:2085 1036 1036 
890 979 430 613:6369:1389 2884 688 1408 
251 567:2646:910 1736 
1123 1040 930 447:5808:1855 1028 1410 1515 
1193 764:2641:652 1989 
943 848 498 615 438 1260 604:6060:856 1254 1344 717 1047 390 452 
554 1497 1426 411 887:7845:1716 1866 2940 285 1038 
1028 292 1194:4309:1672 975 1662 
678 408 1018 1334 1090:5214:1332 1263 330 1041 1248 
375 891 995:3495:1260 1395 840 
1371 688 1192 642:4470:1868 872 534 1196 
998 50:3489:669 2820 
672 921 838 1142:6593:1890 1240 1792 1671 
1275 339 1308:3912:896 1052 1964 
529 1377 1094 1051 408 379:7475:820 1018 1406 180 1263 2788 
984 568 845 1134 518 861 990:8225:435 1872 1036 1316 490 1888 1188 
1431 549 705:4443:2800 987 656 
1241 1131 649 672 282:7931:1767 1812 1952 1890 510 
183 965 842 1264:6196:1752 568 1656 2220 
605 443 1397 422 366:6284:1716 456 1370 1446 1296 
140:660:660 
330 1045 669 413 1155 1151 390:8129:1362 1342 682 1320 1116 222 2085 
583 433 386 369 513:3826:568 1026 1200 818 214 
187 183 566:3758:714 1752 1292 
1485 1309 986 1475:5860:520 1989 1935 1416 
416 626 1076 926 976:5028:1947 480 1740 210 651 
268 1303 301 1430 1054 384 1127:5300:921 496 288 1202 807 194 1392 
519 968 818 868:4855:1402 720 735 1998 
951 548 1477 1168:7475:1480 2200 1563 2232 
641 132 1340 1457 136:9343:2968 1408 938 1914 2115 
1315 832 855:3985:1047 1122 1816 
1138:1425:1425 
1448 512 1481:6095:2960 2100 1035 
284 1559 1515 1286:3380:930 1124 792 534 
937 960:4096:2091 2005 
200 1448 1032 1309 40:7464:1443 2960 300 1989 772 
1462 1433 923 574:4423:254 1892 765 1512 
37 1113 1550 747 1396 1179:6135:924 381 1098 702 1581 1449 
1536 1265 317 633 803 227 910 1093 1169 1525:15762:936 548 1688 690 2728 1488 1408 2196 1132 2948 
1253:660:660 
1346 460 1242 1120 1542:5152:1296 852 1516 963 525 
584 568 297 907 1223:6477:1467 1872 326 2464 348 
1429 667 264 780:6126:1431 1446 1623 1626 
898 455 1503 1154 1270:5556:626 672 1042 1356 1860 
727 1031 548:3659:1137 872 1650 
1280 465 461 844:5757:804 1680 1479 1794 
1045 535:3674:2684 990 
602:1194:1194 
1161 358 1007 791 1001 1450:11018:2016 2716 1167 1572 1407 2140 
1201 1384 1461 259 1041 918:8884:2604 1824 944 1436 393 1683 
172 821 604 814 1264:7544:2256 1324 904 1284 1776 
731 1154 631 1187 344 382:6740:2166 1017 564 824 1308 861 
196 179 1467 518:5703:1824 1062 2082 735 
645:1839:1839 
1045 1041:2406:2013 393 
608 285 774 92 595 46 229:6005:384 658 932 474 1096 1258 1203 
172 422:3861:1692 2169 
73 455 466 982:6182:842 1008 2072 2260 
1231 589 559 50 1258 1375:8960:2109 976 2796 1410 472 1197 
1268 186 823 1511:5373:810 1227 2388 948 
1072 1428 652:4285:688 2349 1248 
885 590:1210:528 682 
463 1112 896 1106 1555 1405 1455:10709:458 2728 2024 867 2088 676 1868 
210 1085 1175 626 809 472:5135:1180 788 1268 720 723 456 
642 665 276 925:4196:598 879 2115 604 
546 170 1472 656:6000:1002 1680 1179 2139 
1289 579 296 253 24:3623:1170 710 348 474 921 
1278 63 606 669 1305 436 1245:7934:2136 1611 998 1023 312 594 1260 
843 200:3388:1464 1924 
127 577 427 477 460 604 1213:5903:936 962 768 310 852 452 1623 
1174 1530 754:3860:1248 720 1892 
831 987 691:3189:542 928 1719 
1510 1028 1051 662 1311:6348:740 1672 450 1680 1806 
1121:3124:3124 
1504:858:858 
409 1524 1015 665:6356:2205 944 2035 1172 
653 542 60 83 1252 343 126:8715:1518 810 1896 1466 850 1236 939 
1275 1098 775 1264 582:5284:896 526 700 1776 1386 
1428 933 716:5208:2349 1875 984 
945 956 1472 1162 746:6546:1320 657 1572 828 2169 
519 1368 1085 1042 399 370:5061:1402 1282 788 414 495 680 
975 559 836 1125 509 852 981:8540:2103 2097 952 1732 656 528 472 
1422 540 696:2479:1680 267 532 
1232 1122 639 662 273:6174:645 580 2468 1260 1221 
173 956 833 1255:4058:1060 438 1335 1225 
596 433 1388 413 357:4229:472 684 1164 880 1029 
131:862:862 
321 1036 660 404 1146 1142 381:7715:860 764 1012 726 1419 1671 1263 
477 327 377 360 504:3267:465 408 1236 478 680 
178 174 557:2930:702 1256 972 
1476 1300 977 1466:2768:786 792 556 634 
407 617 1067 917 967:4977:1767 412 1348 1010 440 
1154:1356:1356 
1554 1431:2632:1512 1120 
1208 1164 522 79 1541 1191:5938:1054 921 879 732 1572 780 
1345 632 561 1104 22 245:5980:2169 444 465 856 1209 837 
109 1384 196 1112 669 159 1368:11377:2220 1824 1368 2046 1364 632 1923 
1068 26 130 1272 1135 280:5896:792 302 1688 1302 1116 696 
699 416:2760:813 1947 
7 1548:1934:1422 512 
183 726 789 1425 556 1365 57:7741:1314 1650 1394 1149 1818 196 220 
441 1289 1006 963 320 291:7488:306 936 740 1350 2452 1704 
480 757 1046 430 773 903:4749:632 717 963 688 360 1389 
1103 820 776 133 1248:4898:904 266 1454 408 1866 
210 460:2305:885 1420 
110 493 90 1019:5932:1194 1458 552 2728 
1366 723 183 1232 882 999:7044:1530 186 1752 645 1425 1506 
1306 224 447 1549:5700:1395 600 2525 1180 
1466 690:1967:951 1016 
923 214 1489 1445 1216 773 264:7292:510 2088 1312 516 1544 240 1082 
1336:2476:2476 
771 394 138 881:4724:378 1662 1976 708 
943 1513 804 521 477 1393:6386:856 1008 1930 1300 620 672 
658 42 385:4075:1976 1527 572 
1456 1334:1711:1017 694 
816 520:2427:804 1623 
490 1139 923 1133 24 1433 1483:8672:1184 1114 765 1220 921 1892 1576 
1333 1516 1179:4085:656 1980 1449 
813 650 47 630 574 1250:8295:1076 552 1864 1560 2016 1227 
587 583 1379 976 1492 37:5030:1136 568 1014 868 828 616 
723 147 1516 540 484 1160:5806:279 342 1980 267 1998 940 
1177 1173 1555 8 524 214:8431:909 1664 1566 988 1216 2088 
660 1336:3881:2024 1857 
1503 155 604:3615:1563 1374 678 
664 953:2975:951 2024 
527:854:854 
911 1001 451 635:3948:1116 1407 648 777 
1417 175:4338:1394 2944 
1061 951 468:3606:1172 1480 954 
1200 385 795 1177:3604:1023 1144 528 909 
1274 631 188 1236:5699:1048 705 1482 2464 
1473 564:1614:1362 252 
1207 791 654 1357 741 670:9713:1745 1965 1484 2675 564 1280 
121 1396 1353 1124:5474:1698 2108 1209 459 
894:436:436 
944:525:525 
784 1167 1177 135 1383 967:7221:400 968 1212 3044 1377 220 
645 175 851 1421:6575:1839 2208 908 1620 
166:1776:1776 
565 1507:1497:504 993 
105 1141 139 1268:6037:3250 744 963 1080 
1235 765 1441 39 1301:3915:514 1095 476 1126 704 
1012 1488:3700:2048 1652 
1482 812 1555:3276:354 1878 1044 
809 1046:2248:964 1284 
1109 946 343 926:3321:192 1578 1236 315 
1260 644 573 1116 1495 160:8433:390 471 2484 1968 2004 1116 
1299 1256 1027 584 74 1283:8536:2096 996 2200 1467 1485 292 
1050 1339 723 1066 51 114 750:6293:952 714 186 1620 765 672 1384 
859 1535 547 1396 1113:5758:512 1527 1230 2108 381 
1152 536 880 1009 1485 563:7593:1425 1420 1902 1112 780 954 
477 128:610:310 300 
1006 57 374 544 1526:5015:1110 330 804 1575 1196 
1376 973 344 34 1176:4851:963 693 1308 939 948 
321 691 48 1163:4797:860 1719 1468 750 
125 375 292 181 1257 1280 891:6919:856 1260 975 640 792 536 1860 
1244 894 1011 834 512:4614:442 327 1142 1128 1575 
289 312 1067:2624:753 1197 674 
202 584 595 1111:4633:1220 1467 1370 576 
662 20 688 179 1387 1504:10156:1260 2540 872 2655 1971 858 
845:777:777 
906 596 180 456:2767:348 472 492 1455 
1122 386 1288:3103:435 1600 1068 
870 599 1209 1525 137:8124:702 1230 1473 2211 2508 
970 566 1496 1186:5456:2240 969 1341 906 
660 150 1359 1475 154:7137:1012 2408 498 2124 1095 
1333 850 873:2696:492 468 1736 
1156:682:682 
630 1466 530 1499:5053:1560 634 2097 762 
624 567 1243 1399:4227:1305 1302 678 942 
145:1191:1191 
544 1486:2538:1575 963 
498 1120 531 1247:4336:1792 1284 324 936 
1031 43 892:3009:872 616 1521 
888 85 734:1981:785 708 488 
778 1161 1171 129 1377:9599:932 3360 2664 1116 1527 
705 422 379 1294:7213:492 2892 2788 1041 
76 1524 1042 1064:2783:906 944 621 312 
848 885:2046:1254 792 
199 1102 419:4122:891 1356 1875 
998 836:1383:669 714 
96 1265:1882:1608 274 
446 1149 533:5337:2792 805 1740 
1099 550 733 396 1166 390:10852:1725 1302 1041 2344 1660 2780 
687 1442 946 730 526:6253:603 1220 1578 1236 1616 
470:1563:1563 
310 1186 1275 726 909 986:6623:665 906 896 1650 1216 1290 
63 500 1255 1026:6137:2148 1848 980 1161 
795 1538:1614:352 1262 
123 999 1089 539:6629:2175 1004 1428 2022 
895 1505:2401:357 2044 
1232 1149 1039:1599:645 644 310 
1302 460 497 1385 570 980:6648:1364 852 674 862 1640 1256 
198 1485 537 853 610 447:6047:348 780 1353 1350 1206 1010 
417 1160 1156:3447:1014 1410 1023 
784 900 723 401:2047:500 1008 279 260 
490 341:1540:592 948 
251 940:2458:910 1548 
95 91 474:5965:777 2520 2668 
1490 1313 991 1480:5045:528 2184 1809 524 
421 631 1080 931 980:6104:1698 564 1194 1392 1256 
575 198 1087 271:5287:2092 696 1200 1299 
1335 1491 1195 912 869 226:7057:1272 1832 1011 962 1584 396 
249 952 336 265:5416:594 1572 606 2644 
812 902 353:4464:2504 728 1232 
1415 173 1488 1326 722 1305:7409:2864 795 1652 624 1058 416 
1455 1199 383 379 1176 772:9458:934 1431 1952 2788 1264 1089 
1312 337:1420:1140 280 
1057 1079 277 1339 1123:5542:1112 858 1374 714 1484 
836 114 736 148:4201:952 336 792 2121 
830 360 1036 48:4932:1347 956 1528 1101 
306 943 73 882 1132:7941:2253 856 1684 1900 1248 
1172 516 1392 1482 932 1115:4739:1032 993 480 472 828 934 
164 81 1529 1046 1069 680:7161:1635 1540 1800 963 428 795 
204 1106 424 514 1522 147:4398:879 867 843 969 612 228 
101 1270:1320:390 930 
451 1154 538:3615:1296 1695 624 
1104 554 737 401 1170 394:8354:1284 1716 690 520 1928 2216 
1349 854 638 434:6534:2092 882 2492 1068 
98 1400 585 581 964:6396:1044 519 1568 2104 1161 
1217 508:2904:723 2181 
1030 814 1024 1473 1323 1373:11375:1892 1284 3020 908 2204 2067 
384 261 683 161:3759:388 1256 1242 873 
255 1343 461:4087:460 2148 1479 
561 584:2755:310 2445 
335 25 1167 1030 175:9509:1358 1116 1936 1419 3680 
548 198:2722:2200 522 
299 29 638 857 614 452:8144:628 676 2492 760 2740 848 
422 1165 1161:5001:1446 1539 2016 
788 905 728 405:4193:490 1296 1125 1282 
46 495 345:3558:1887 432 1239 
571 1514:894:672 222 
525 1147 559 1274:5249:1596 1032 2097 524 
1337 628:783:309 474 
501 1150 934 1144 35 1443 1493:8003:1024 1164 410 474 740 1179 3012 
1344 1527 45:3562:831 2440 291 
1164 1334 758 155 1151 681 1357:10486:1228 1041 2865 2061 444 1242 1605 
631 1374:1830:282 1548 
835 925 376:4776:2492 604 1680 
1341 99 1414 1251 648 1231:9843:1926 1293 1020 1316 1476 2812 
1477 1222 406 402 1199 795:6374:1042 1293 1216 864 1431 528 
1238 263:2454:1108 1346 
1079 1102 299 1362 1146:6047:1716 678 942 819 1892 
859 137 759 170:4622:1024 1254 664 1680 
270 853 383 1059 70:7121:1652 2025 1952 800 692 
1282 1411:3366:2046 1320 
699 323 1211:5065:1084 1896 2085 
433 549:2342:1026 1316 
679 849 273 1228:3930:570 888 1221 1251 
586 1529 1458 443 919:6015:765 1800 2172 684 594 
963 226 1129:3603:1800 396 1407 
343 952 1269 1025:5804:1648 1048 2331 777 
611 376 1079 464 393:6495:612 1680 1716 1887 600 
1549 1199 1316 1139:6640:1475 2385 552 2228 
877 660 457 906:4141:1176 1518 1215 232 
498 121 1423 608 604 986 997:11654:1792 1698 1844 256 904 3225 1935 
1396 1380 1523 574:8820:1581 3535 1184 2520 
1490 448 138 1280 1556 288:6446:528 795 988 536 1964 1635 
61:270:270 
1532 290 461 1443:4719:1036 632 1479 1572 
813 1196 792 164 1412:7009:1076 1665 1269 1635 1364 
1292 649:3842:1890 1952 
1248:2488:2488 
583 366:2000:1136 864 
786 1329:1470:531 939 
1385 1129:2700:1293 1407 
1112 43 919 1422:6705:2728 1232 1485 1260 
1085 1229:2130:1182 948 
326 963 93 902 1152 1069:6268:1784 900 528 728 1900 428 
1386 877 527 644 467 144 633:5707:590 882 1281 314 2082 282 276 
115 391 680 65 311 440 916:8228:472 980 530 2676 1656 504 1410 
1350 880 1556 154 1417:9258:510 2536 1964 1460 2788 
1030 1506:2854:946 1908 
1070 67 783 820 151 893:8694:2672 987 1852 399 2096 688 
250 860 1176 933:5114:1554 1362 948 1250 
284 987 371 300:4658:558 1392 504 2204 
1213 531 1034 485:6268:2164 432 2116 1556 
840 1450:2693:1088 1605 
861 777 1081:6824:1888 2800 2136 
29 1331 515 511:4283:1014 1497 1388 384 
112 1027 998:3029:600 1760 669 
311 961 744 954 1404 1254:10690:1656 1325 2163 666 2104 2776 
309 1091 968 1390:6726:1384 2652 960 1730 
1145 569 1524 962 492:3922:564 1094 944 654 666 
1514 1098 960 105 1048:6902:333 789 1604 2600 1576 
478 128 245:3596:2080 400 1116 
149 132 1420:2966:956 1056 954 
1134 1063 48:5599:1316 2815 1468 
454 1290:2415:489 1926 
215 331:1953:423 1530 
728 152 1520:3396:1125 1425 846 
1527 1443:3402:1830 1572 
1181 1177 2 12 528 218:5400:612 1212 411 882 528 1755 
568 1244:2314:1872 442 
1507 159 609:3116:993 632 1491 
669 958:2079:1023 1056 
532:1382:1382 
908 359 542:2508:500 928 1080 
70 1158:1236:519 717 
473 496 107 756 539 749:7306:375 447 1280 1896 1348 1960 
1132 795 7 789:7021:936 704 1896 3485 
267 1222:1342:480 862 
1478 569:2513:1419 1094 
1212 796 658 1361 746 675:10918:515 1205 1976 1650 2892 2680 
126 1401 1357 1128:4554:939 1128 1605 882 
1540 792 1041 958 1262 779 802:8226:2552 1692 393 792 429 1336 1032 
356:900:900 
716 433:2352:984 1368 
23 7:3184:1288 1896 
200 329 805 1442 572 1382 73:7531:1443 987 1599 915 1311 434 842 
43 1306 1023 979 337 1452:7748:924 1860 622 1442 700 2200 
497 360 1063 447 376 919:6915:1348 717 1689 1010 1260 891 
477 633 1482 1199 11 927 484:8596:620 414 354 1431 2756 357 2664 
1287 883 1399 1503 1087:6038:992 1641 942 1563 900 
447 1296 1013 969 740 297:6556:1515 1425 534 966 1464 652 
486 763 1052 436 780 1322:7265:860 1329 753 891 1626 1806 
916 887:2102:1410 692 
1320 371 687:3485:1976 504 1005 
29 665 1354:3089:1014 1172 903 
399:495:495 
239 1114 1204 655 838 915:7437:1564 1268 1347 828 1344 1086 
769 791 402 1051:2874:204 1572 648 450 
1418 575 612 1501 685:6361:558 1046 1200 2012 1545 
822 563 1517 542 486 1162:3944:664 1272 216 810 430 552 
622 726:2234:584 1650 
893 117 1138:3120:688 1482 950 
194 350 1198 916:8634:2985 939 3300 1410 
1245 375 1184 1434 1351 96:6206:1260 1260 950 704 1228 804 
818 136:2605:490 2115 
460 1042 572 1248 163:6636:568 621 1311 1866 2270 
300 576 866 250 593 722:8253:1653 390 2019 1554 1050 1587 
730 287:1791:927 864 
1329 87:2307:939 1368 
973 863 380:3287:693 1650 944 
1112 297 707 1089:4764:2046 652 638 1428 
367:2444:2444 
271 1226 251 194 870:7896:1299 2284 1820 1791 702 
1430 1359:3048:1803 1245 
777 400:2652:2100 552 
128 617 1492:1676:300 824 552 
1123 174 490 247 1229:5869:1113 1256 1184 1368 948 
1079 1089 47 1295 879:6699:1287 1904 1864 1041 603 
340 297 1212 1183:1859:333 326 309 891 
78 1553 1442 960 1396 594:6494:1149 1316 915 1203 1581 330 
1436 61:1069:664 405 
931 887:2080:696 1384 
471 521 504 234:4832:580 1950 1360 942 
298 1227 917 501 364:4482:1034 1094 404 768 1182 
1107 1477 834 391 1440:7791:968 2084 2256 980 1503 
523 772 689:3357:1332 1089 936 
13:1900:1900 
419 1188 413 1434:5811:2500 1023 1760 528 
1538 296 53 1035 845 1428:8681:2524 174 1929 404 518 3132 
493 117 1419 603 599 982 992:9888:1944 1482 604 448 1640 2825 945 
1392 1375 1518 570:4360:640 798 1692 1230 
596 872 1161:4325:236 1401 2688 
745 822 1178:4686:462 996 3228 
479 635:1956:1179 777 
213 862 645 855 1305 1155:7489:291 1956 2452 1362 312 1116 
210 992 869 1292:4928:590 630 1188 2520 
632 470 1425 449 393:6256:592 1563 1915 1386 800 
168:442:442 
417:1521:1521 
324 946:2270:692 1578 
806 923 746:3594:1383 765 1446 
64 513 363 413 397 540 1150:7374:1208 321 1272 1320 747 178 2328 
544 621 976 614 78:7040:1575 759 434 2740 1532 
987 1130 182:4114:1856 894 1364 
1163 1453 837 1180 1309 227 864:8951:450 1776 596 2127 1989 1116 897 
1461 991 109 265 1528 1245:10118:944 2412 2220 1983 1299 1260 
1134 718 581 1284:5304:987 1305 1578 1434 
1404 1521 200 1021 366 1242:6684:2104 516 962 669 1296 1137 
1225 1475 1392 1281:5344:1023 2124 640 1557 
1415 479 1448:5224:1432 1572 2220 
453 409 180 1295:4610:1506 1470 246 1388 
609:1491:1491 
1435 220 763 825 1462 592:7433:1476 892 1329 2108 254 1374 
357 327 1376 1026 1143:4697:686 204 963 1548 1296 
600 490 7:3926:1320 1184 1422 
739 1482 334 716:2044:864 236 288 656 
12 168 1430 1148 1104 461 18:9151:882 663 2404 2016 856 986 1344 
1317 141 1296 668 358 1500:9851:1314 2148 950 2046 2037 1356 
763 707 1383 1539:5856:1329 957 918 2652 
1197 448 698:4211:1716 795 1700 
1360 638 1260 671 1387 1010 754:11506:856 2492 520 2160 2628 1431 1419 
679 475 924 775:4376:855 988 2008 525 
529 525 908 918 1434:4951:820 1596 500 1683 352 
591 1161 452 169 125:8690:1030 2688 2120 1140 1712 
1248 33 162 639 1275 406:7648:1244 741 2004 1851 896 912 
1188 1092 743 859:2994:682 1311 489 512 
6 1348 1558:5226:856 2375 1995 
974:568:568 
1251 408 446 1334 519:9102:1974 842 2094 1388 2804 
396 1351 375 319 995:5555:1758 921 1680 566 630 
709 93 23:1490:318 528 644 
1508 971:3438:1893 1545 
476 33 1082 732:4448:1312 988 1444 704 
306 609 127 150 905 410 193:10431:2253 1988 1248 1204 864 705 2169 
1262 939 1428 746:6141:429 411 3132 2169 
580 1029 879 929 912:5436:1856 933 804 400 1443 
620 244 1132 317 727:6742:536 1020 1560 2110 1516 
587 117 793 949:7106:2272 1976 2032 826 
1282 267 743 966 510 1319 11:8157:2046 480 489 1848 327 900 2067 
613:1056:1056 
962 1545 1488:3136:654 1656 826 
1382 1299 1189 706:4814:868 2096 540 1310 
1355 513:801:480 321 
693 344 460 283 1519 353:5307:712 1308 568 1479 624 616 
1559 1475:4383:843 3540 
1213 1209 34 44 560 250:8588:1623 1964 939 1806 702 1554 
697 1373:2769:702 2067 
1539 191 641:5223:1989 1008 2226 
701 990:2805:429 2376 
8 564:1240:988 252 
757 314 218 1427 1543 1366 630:10512:1195 678 1755 2316 958 1530 2080 
894 1437:1314:327 987 
656 107 290 1511 723 1505:7220:2139 1280 948 948 372 1533 
244 1413 504 287 84:6530:1530 1926 680 864 1530 
537 1558 837 1459 870 27:5382:902 1197 596 512 702 1473 
346 197 246 230 373:7843:1164 2280 1863 468 2068 
1505 330:4257:1533 2724 
646 97 280 357:3154:657 424 1044 1029 
820 963 15 331 88:5128:399 1350 1245 1530 604 
920 930 1446 1136:4370:548 1128 708 1986 
707 514 165 281 104:6190:1595 1292 590 1371 1342 
1283 800 823:5479:730 1764 2985 
1127 1510 1106:2999:1392 740 867 
861 178:1884:1416 468 
671 615 1291 1447:5482:2160 717 928 1677 
1008 259 508:3902:644 1077 2181 
499 123 1425:4833:1509 2175 1149 
233 349:3156:1428 1728 
649 73 1441:5009:1952 2105 952 
1365:294:294 
289 1231 17:6755:1004 3515 2236 
41 1062:1752:450 1302 
796 153 124 1172 823:5870:723 984 824 1548 1791 
290 979 230 480 397 286:5447:948 2163 702 632 498 504 
1529 1353 616 1519 837:5886:2400 1209 759 624 894 
417 28 677 460:7148:2028 2872 1112 1136 
200 238 1126 311 720:5240:1924 738 892 1242 444 
2 884 1040:2299:548 980 771 
1410 102 19 1466 984:6331:984 1672 1827 1268 580 
130 912:3671:1266 2405 
995 485:1408:630 778 
1251 1301 1284 1428 479 795 552:10254:1974 528 1912 3132 1572 704 432 
1087 725 188 1025 89:5052:900 1305 1482 777 588 
1114 1097 1241 292 609 365:11666:2536 1608 1767 1300 1491 2964 
1234 805 429 1317 502:6961:432 1599 822 1752 2356 
379 1334 772 302 978:6732:2091 1041 1452 1248 900 
595 1538 1467:4377:1096 1893 1388 
1491 1369:3249:1374 1875 
460 17 1065 715:5073:568 2236 1348 921 
703 593 110 133 1302 393 177:9257:2264 1750 1592 544 1023 800 1284 
1305 1422 1245 923 1412 729:6233:416 1680 840 1275 1023 999 
713 962 879 1183:3761:1256 1308 603 594 
1316 380 1349:3116:552 472 2092 
1558 570 1418 1135 1092 449 420:8317:1596 1230 558 744 874 2079 1236 
819 1335 1025 609:3362:1002 848 518 994 
91 912:1970:1008 962 
946 384 1472:3768:2104 485 1179 
1366 1282 1172 690:6658:2040 2046 2064 508 
783 1339 496:3324:1389 1190 745 
1089 579:2188:1904 284 
670 986 743:4186:1280 2580 326 
1353 897 148:2424:806 204 1414 
371 1086 710:2104:378 982 744 
793 564 121 1170 820:5503:1016 378 2264 1446 399 
491 794:3217:2560 657 
618 1133 824 408:3205:532 610 1221 842 
740 711 202 1410 1527 1350 1027:9235:732 1566 1525 1312 1830 510 1760 
398 1341 126 255:3810:600 1926 939 345 
1540:1276:1276 
1377 1282 835 952:7029:1018 2046 1869 2096 
196 1538 190:6026:1824 1262 2940 
219 1148 839 423 285:5137:1808 1008 234 1100 987 
1125 1495 852 409 1458:11014:1299 3340 528 3675 2172 
576 120 929 1179 1096:6294:390 1684 400 1932 1888 
825:2108:2108 
1345 902 393 43 160 1541:7136:2892 728 800 924 744 1048 
1482 467 529 1166 296 1106:6454:354 2082 1230 1660 261 867 
813 303 1512 70 1451:4805:807 1892 291 519 1296 
929:400:400 
979:2884:2884 
819 1202 1212 170 1418 1002:7877:2004 1514 309 1680 837 1533 
777 307 983 1139:5034:2100 807 456 1671 
201:1260:1260 
1388 760 450 34 1455 600 1542:8517:873 1005 1812 939 1868 1320 700 
897:306:306 
841 691 741 724 454:4258:694 1719 423 1096 326 
31 27 824:3635:534 1473 1628 
1153 830 1319:2990:294 1796 900 
900 1044 95 411 168:3971:1008 663 1036 380 884 
1000 1011 1526 1217:5392:1488 2284 897 723 
1133 1104 594 245 361 185:3125:610 856 220 837 392 210 
1512 591 1279 531:3024:291 618 1791 324 
840 1196 420 298:4853:544 1110 1648 1551 
1546 304 474 1456 853 291:8049:324 650 2668 678 2025 1704 
1404 1000:3592:2104 1488 
886 550 1319:4179:1677 1302 1200 
717 873:2698:1396 1302 
840 451 1100 884 680 1543 1393:9244:1088 972 568 1960 1060 1916 1680 
464 1339 285 1293 1476:5599:2516 476 987 834 786 
11:2756:2756 
1480 611 1420 111 28 332 1407:7612:786 306 954 2552 1436 1233 345 
249 1297 947 1064:2754:594 1264 480 416 
1217 308 92 302:4025:723 1580 474 1248 
758 1500 352 735:3550:1146 1356 238 810 
575 279 1554 1511 868 425 329:9684:2092 1038 2520 711 1332 1004 987 
145 1074 764 348 211:6450:1588 1078 1326 928 1530 
954 1324 681 238 1286:6428:666 2688 1242 1476 356 
502 46 855 1105 1022:8233:1767 2516 1362 1428 1160 
1144 75 951 1454 905 1088 751:11350:632 496 1110 2708 1728 3160 1516 
393 455 1092 222 1031 1281 1198:11991:600 1680 1748 2157 1090 2076 2640 
1447 1418 909:4289:2236 837 1216 
116 166:5571:3795 1776 
715 1524:1322:614 708 
1112 1522 346 357:4990:2046 408 1164 1372 
1166 1122 479 36 1499 1149:6571:830 580 1572 1260 1524 805 
1205 590 519 1062 1538 203:8612:1494 1023 2103 1736 1893 363 
293 1408 898 549:4526:596 2004 939 987 
426 1501 1524 1135 226 10:5593:440 2012 708 1116 528 789 
363 1132:1890:954 936 
433 590 1438 1155 1112 883 440:7754:1368 1023 738 1116 1364 1641 504 
839 1355 1045 629:3042:351 360 2013 318 
110 1346:1660:796 864 
1379 404 1492:2810:1014 968 828 
997 914 804 321:7883:1935 1868 1930 2150 
970 542:3050:2240 810 
722 372 489 312 1037 381:7874:1587 2208 1203 1197 416 1263 
761 984 528 1338 29 1504:4443:867 435 352 1203 1014 572 
1330 1446 125 947 292:4924:1285 472 1712 480 975 
725 747 358 1007:5168:522 1053 2037 1556 
628 252 1554 738:4434:474 1422 1512 1026 
1215 1371 662 379 335 106:9404:876 1401 1260 2788 2037 1042 
129 418 1360 146:7365:1116 2392 1712 2145 
1474:1158:1158 
925 282 253 1301 952:3367:453 340 474 528 1572 
1341 419 1108 359 609 526 415:10000:1926 1875 598 928 1491 1616 1566 
1542:525:525 
423 579:1109:825 284 
806 589 799 1249 1099:6643:1383 1464 1566 1080 1150 
329 367 1255:3555:987 1833 735 
1328 686 243 1291 942 1058:7801:1314 664 1692 1392 1221 1518 
1268 186 409 1511:6521:1080 818 3675 948 
1525 749:4171:2211 1960 
982 273 1548 1505 1276 833 323:8907:1130 2035 512 2044 1032 890 1264 
1299:2096:2096 
733 356 100 843:5518:694 1800 1560 1464 
1003 14 863 580 537 1452:8004:429 993 2200 928 1804 1650 
620 4 347:2830:536 1842 452 
1419 1296:1403:453 950 
1170 1127 484 41 1503 1154:8721:964 1392 2664 600 2084 1017 
1210 594 524 1066 1543 207:6242:1014 330 608 2160 1437 693 
1250 62 977 534 24 1233:6304:818 2061 278 1818 921 408 
1318 1180:2839:712 2127 
1467 1130 342 1124 588 1424 488:9193:1388 1192 1192 459 1104 2094 1764 
102 19 323 1398 1421 618 123:12891:836 2436 2528 1773 1620 798 2900 
556 1044:2702:1818 884 
701 1377:1956:429 1527 
83 196 645:4950:2199 912 1839 
526 802 1092:4104:808 1548 1748 
753 1108:2001:1104 897 
859 416:3620:1024 2596 
1458 216:4277:1629 2648 
1102 992 509:2292:678 630 984 
156 539:2328:306 2022 
766 855 306 489 152:7772:324 1816 3004 1203 1425 
389 185 1048 899 949:5251:1308 420 788 1496 1239 
1152 336:1556:950 606 
1135 66 942 1445 896:8045:1116 2632 1628 645 2024 
133 1195 979 775 1225:5944:544 1348 2163 525 1364 
816 440:1458:1206 252 
1532:518:518 
567 523 1438 1409:2743:868 999 492 384 
207 124 13 1089 1526 723:4977:693 824 1425 952 897 186 
104 287:3548:2684 864 
1440 1157 1113:4107:1002 2724 381 
1313 404 187 397:3394:1456 726 714 498 
38 447 830:3532:726 1010 1796 
157 1059:2324:1524 800 
1008 126:1422:483 939 
272:2768:2768 
721 1530 222 139 28:7299:1305 720 2157 963 2154 
847 165 668 119 302 1523 735:9217:1362 590 2728 1263 1872 592 810 
315 618:1332:534 798 
958 648 232:3666:792 1968 906 
748 198 381:3830:1624 522 1684 
6 1094:2965:856 2109 
749 1504 595 379 589:8176:1470 1144 822 2788 1952 
961 532:3133:1060 2073 
616 266 383 206 1028 372:8098:759 891 1464 1104 1672 2208 
752 975 519 1328 20 1495:10157:441 2804 1402 1314 1524 2672 
60 962:2877:1896 981 
422 179 16 971 1554 1498 1295:13913:2892 2124 2238 2575 1008 1688 1388 
146 1448 632:5672:2860 2220 592 
229 1558 1115 605 256 372 195:10155:1203 1197 1401 1716 1380 2208 1050 
120 409 1351 137:6577:1263 2205 1228 1881 
962 786 463 952 270 359 1368:9210:981 531 458 2096 1652 928 2564 
410 1099 350:2559:470 1150 939 
17 573 144 1326:4352:1677 1863 188 624 
111 1199 317 473 177 1452:7016:1276 1908 844 375 963 1650 
191 1439 1023 886 31:5799:1512 1168 933 1118 1068 
404 54:2976:968 2008 
58 1346 397 713 470 308:8460:1748 1728 747 1884 1563 790 
134 1315 1059 244 240:7090:1383 1745 2000 1530 432 
720 876:1205:296 909 
446 441 824 835 1350 595 392 841 691:11599:1396 306 1628 1869 680 1096 944 1388 2292 
508 1078 369 86 42:7370:2181 936 1636 1090 1527 
1508 79 555 1192 322:6721:1893 976 1605 534 1713 
776 599 1421 765 83 172:11438:2908 820 2160 1095 2199 2256 
912 163 413 330 220 1198:10627:1924 1362 1320 2043 1338 2640 
673 763:2766:1437 1329 
1012 130 286 1135:6654:2048 2110 1008 1488 
1405 656 906 823:4785:507 2139 348 1791 
166 788:1182:888 294 
765 588:2564:1460 1104 
1065 489 299 882:3930:674 1203 628 1425 
529 1072 1135 213:4079:1640 1032 1116 291 
386 463 819:2947:800 1145 1002 
97 1079 889 1472 1002 120 690:8061:424 1287 1192 1179 1533 1684 762 
537 161 1049 233 643:7760:1353 582 2904 1904 1017 
34 710 866:4015:1252 744 2019 
1402 1292 810 833 443:5291:942 1890 440 1335 684 
1229 441 1223 1100 1522:2180:474 204 464 426 612 
451 181 790 1106:2620:1296 320 426 578 
917 301:798:606 192 
1387 545:3393:2628 765 
628 279 395 218 1454 385:9757:948 2595 1179 1755 2708 572 
1493 1410:3571:2259 1312 
1245 1241 66 76 592 282:8078:1260 2356 1974 604 1374 510 
632 1308:2065:592 1473 
187:952:952 
636 1445 137 54 1502:5585:1482 387 1254 1004 1458 
397 487 1495 120 197 553:12846:747 2380 3340 2105 2850 1424 
334 118:836:288 548 
977 561 424 1127 511 440 983:5189:556 775 1124 1392 256 630 456 
8 1403 800 1382 1326 444 600:10242:1482 1740 1176 868 936 2280 1760 
1290 448 71 1373 558 554:8758:2568 795 1012 2067 600 1716 
1330 1473 525 841 598 21:7549:1028 1362 1596 1041 798 1724 
1443 1187 371 367:5431:1572 1648 378 1833 
883 854:2229:1641 588 
1287 338 654:2543:744 315 1484 
1434 5 481 1117 248:5898:528 1206 1659 2055 450 
525 1346 691 9 98:9668:2128 2160 2292 1696 1392 
1190 1400:1015:496 519 
35 738 122 52 595 1071:7148:1110 684 1576 1200 1096 1482 
1148 505 62 1111:5177:1512 1172 2061 432 
1348 439:2693:1425 1268 
665 528 1231 615 545:5701:879 528 2812 717 765 
652 143 1351 1468 1291:6240:936 1852 921 675 1856 
1507 758 1008 925 1228 746 769:7091:662 1146 483 453 1251 2892 204 
1514 1164 1281 1104:3994:444 1228 1038 1284 
428 212 422 871:4827:512 1204 2169 942 
1547 878 62 472 855 865:6930:848 724 2061 456 1362 1479 
1074 126 442 613 36 991 429:10442:2156 1252 1251 1056 945 2412 1370 
1052 929 1351 829 1384 542 579:5018:502 200 1228 798 912 810 568 
1188 493:2140:682 1458 
357 1300 1229 214 690:4623:1029 792 474 1566 762 
1336 827 477 594 417 95 583:5317:1238 528 465 220 1521 777 568 
1526 244 534 1476 261 804 866:10636:1196 2040 1212 786 2512 1544 1346 
1300 830 1506 518 1367:6450:528 1347 1272 735 2568 
851 980 1456:4882:2270 1256 1356 
1020:392:392 
1403:1305:1305 
854 211 1326 1230 881:6159:882 1530 1560 417 1770 
1492 1037 288 538 454 344:4721:828 312 1635 312 326 1308 
1173 1410 674 19 895:7729:1664 984 2288 2436 357 
734 518:978:488 490 
841 1383:2877:1041 1836 
1440 1184:2928:1503 1425 
1490 1167 98 974 1477:5399:1056 1452 1044 284 1563 
1042 1065 262 1324 1108 904:7273:621 1348 996 2016 897 1395 
1287 1364 162 1358:4004:744 1490 1002 768 
1022 1338 1095 519 330:6702:870 802 864 2804 1362 
895 585 169 446:5266:476 1176 1520 2094 
938 842 492 609 432 1254 598:8592:602 1656 999 1491 1230 2082 532 
549 1491 1420 405 881:6972:987 1374 1272 1923 1416 
1022 286 1189:2321:1160 756 405 
673 402 1012 1328 1085:5126:958 648 1024 1314 1182 
369 885 989:2639:1227 792 620 
1268 585 1089 539:7042:1350 1568 1428 2696 
992 44:3353:945 2408 
666 915 832 1136:6894:492 2172 2244 1986 
1269 333 1302:4747:2331 1052 1364 
167 1082 1053:2424:318 1083 1023 
1266 463 1112 896 1106 1555 1406:8690:900 687 2728 1518 867 1566 424 
1489:656:656 
783 222 1310 428 584 288 5:9873:1389 2157 1364 512 1467 2180 804 
580 1323 174 557 154:5718:1856 1653 628 486 1095 
1179 1123 241 397 1246 963:7385:966 1484 1542 747 846 1800 
1363 947 810 1513:4092:1948 360 440 1344 
328 1536 95 1476 1153 84 960:7885:932 702 1036 1179 392 2040 1604 
464 1101:4540:2516 2024 
119 834 458 202 945 941:8433:1263 1692 526 915 1760 2277 
984 408:1553:290 1263 
225 142 32 1107 1544 741:8036:2808 1760 1557 968 520 423 
122 305:4506:1970 2536 
1458 1175 1131:3396:1086 951 1359 
1331 422 206 416:5569:998 2169 1104 1298 
824 861 192 934 1344 169:5855:1221 1416 837 410 831 1140 
1217 974 811 208:4227:723 568 2064 872 
1361:660:660 
258 774 878:3758:912 1398 1448 
1254 572 1075 526:7950:3470 1748 1116 1616 
882 1491:2341:1425 916 
805 721 1025:3681:1599 1305 777 
1531 1275 459 455:2667:291 896 472 1008 
153 1068 1039:3129:1476 1188 465 
353 1002 785 995 1445 1295:6618:924 2044 1592 630 387 1041 
1015 1186 610 7 1003 533 350 1132 912 1334:11472:1221 1208 804 1896 286 870 939 936 1924 1388 
77 460 57 986:4886:1014 852 440 2580 
519 169 286:4379:2103 1520 756 
190 173 1461:3946:1470 1060 1416 
1494 639 24 1511 496 972:5802:626 1851 1228 711 596 790 
635 406 1521 1012:3657:518 1216 387 1536 
932 437:1526:828 698 
250 526 816 200 543:6166:1036 1212 1608 1443 867 
44 1252 1369 1192:5290:1806 1700 1250 534 
106 316 765:3130:1563 472 1095 
79 595 285 1427 146 435:9378:976 822 987 2316 2145 2132 
1311 1467 1171 888:6329:1806 1388 2664 471 
1483 1028 279 528 445 335:8578:1182 836 2076 528 1240 2716 
1164 1401 665 10 885:4808:1228 564 1172 1052 792 
173 822 606:4384:1060 1328 1996 
1249 845 1361 1465 1049:6327:810 777 990 1572 2178 
150 1479 1036:3786:1806 834 1146 
350 1412 1196 992 1442 1292:7960:626 1364 2220 945 915 1890 
250 1446 909 187:4578:2072 708 608 1190 
1199 223 1311:6654:1908 2940 1806 
955 1205 1122 1012 529:6795:2100 1494 435 1536 1230 
1188 1265 63 845:4022:1364 548 1074 1036 
826 996 420 1375:4110:662 616 1236 1596 
1492 637 21 1508 493 969:8126:1104 495 1724 1893 1944 966 
1046 404 1519 1009:3746:642 968 468 1668 
1343 434:2145:1611 534 
661 524 1227 611 540:5146:1320 912 2188 459 267 
41 1249 1366 1189:3090:450 1080 1020 540 
927 711 507 956:3622:595 1044 1326 657 
1047:1725:1725 
1357 421 1390:5253:1605 2264 1384 
255 1170 1141:2535:345 1446 744 
1257 454 1103 887 1097 1546 1396:7779:792 652 678 1384 1206 432 2635 
1077 1166 617 800:5115:2109 830 412 1764 
973 24 340:2476:693 1228 555 
1023 8 484 707 251:7229:933 1976 1998 957 1365 
388 625 1446 791 109 198:5768:1668 604 708 786 1480 522 
841 92 342 258 148 1224:5595:1041 632 1192 608 1414 708 
285 788:1708:1316 392 
1038 156 312 1161:4329:411 306 1596 2016 
1017 268 518 435:5336:1548 921 735 2132 
1107 1184 1539 1177 641 1477 541:11363:968 1425 1326 1212 3710 1042 1680 
1520 1037 1474 671 1320:5351:1269 208 772 1620 1482 
1131:1812:1812 
505 1514:1505:1172 333 
754 1430 29 1291 1008:5300:946 1803 676 1392 483 
1145 529 458 1001 1478 142:6334:846 820 526 1876 946 1320 
1184 1555 912 469 1517 1168:9607:1900 1566 2405 964 540 2232 
510 732:1140:436 704 
1308 466 90 1392 576 572:6105:1964 1554 276 480 520 1311 
1348 1491 543 859 616 40:5965:1425 1374 867 768 759 772 
1461 1205 390 385:7020:1888 1494 2780 858 
901 872:2572:1638 934 
1305 356 672:5366:416 1800 3150 
1355 1484 402 1039 169:3833:480 504 864 465 1520 
543 1365 709 27 116:4738:867 294 318 982 2277 
1208 1419:1507:1054 453 
1514 659 44 1531 516 992:6137:444 1056 2408 291 993 945 
1166 523 80 1129:6039:1245 1332 2055 1407 
1366 457:2340:1530 810 
684 546 1249 634 563:5331:384 1503 1080 1410 954 
670 161 1369 1486 1309:9223:960 1164 2500 1284 3315 
263 567 84 107:5138:1346 1302 1530 960 
1322 733 1449 1073:6067:2408 1388 300 1971 
946 64 634 1482 1199:5748:1052 906 1410 472 1908 
1047 1336 720 1063 1193 111 747:7746:1150 1857 444 1126 489 1276 1404 
514 231:2140:646 1494 
1030 1479 1330 1380 1363:7591:1419 1112 771 2828 1461 
1177:606:606 
1173 385 1167 1044 1466:4249:832 572 1452 442 951 
395 125 734 1050:3270:1572 856 366 476 
861 245:1974:1416 558 
498 1120 532 1150:6126:1344 963 2073 1746 
826 769 1445 44:3032:662 306 258 1806 
1558 250:2352:798 1554 
283 293 809:3142:986 1192 964 
599:1230:1230 
423 379 1294 1265 1435:6474:1100 2091 1041 274 1968 
795 1431 562 1371 63 1538:7385:352 1680 448 1401 1611 1893 
102 1005:3282:1254 2028 
1435:1968:1968 
703 553 603 586 316 925:5572:1698 712 896 1020 944 302 
70 626 1341 1379:3132:692 480 1284 676 
726 1308 1252 370 526 1375 1092:10597:1650 1964 2125 340 1212 1995 1311 
1555 1299 484 480 1276 873:7638:1044 1572 1998 948 774 1302 
1316 340:774:552 222 
1157 1180 377 1440 1223:7345:2724 1418 1236 1503 464 
1473 937 215 837 248:4673:1362 1394 423 894 600 
1113 537:1607:254 1353 
1039 556 993 190:9133:620 1818 3020 3675 
777 400 1289:3630:2100 828 702 
860 511 627:2774:1362 512 900 
117 101 1389:3526:1482 520 1524 
1519 664 48 1536 520 997:7371:468 634 1468 702 2164 1935 
1074 431 1546 1036:3276:1078 728 324 1146 
1273 364:2609:1821 788 
688 551 1254 541 470:9599:1744 2508 2776 1008 1563 
68 1277 1393 1217:5386:1854 1896 672 964 
954 738 534 984:4124:1332 684 1818 290 
575 199 1501 588 584 967 977:7837:1569 891 2012 552 1956 440 417 
1424 1474 1457 43 652:9230:2094 1158 3190 1540 1248 
1174 1557 9:3412:1664 900 848 
122 239 62 884 228 1104:7955:1576 1955 1374 1470 296 1284 
1087 1337 1254 1144:3907:1200 309 2082 316 
1277 755 1310:5097:1422 1629 2046 
419 269 685 43 1158:8041:2500 2665 927 1232 717 
868:2664:2664 
515 619 203 65:4372:694 1308 363 2007 
501 325 2:1515:512 592 411 
1533 119 728 1044:4260:1784 842 750 884 
538 1480:1254:468 786 
492 1114 526 1241:5291:999 1902 1212 1178 
1305 835 1414 426 1274:3965:208 1869 510 330 1048 
856 985 1461:4688:2260 540 1888 
369 246 668 146:7690:1636 1863 2046 2145 
240 1328 446:3402:432 876 2094 
542 459 349 1424 1447:6244:1080 236 1296 1396 2236 
958 182 59:2896:1056 1364 476 
1197 1141 259 415 1264 981:6696:1144 992 718 1566 1332 944 
1278 1382 966 829 1532:6229:1602 868 1386 1596 777 
1554:2016:2016 
849 1005:2113:592 1521 
1232 1016 812 1261 1111:3633:645 696 1252 464 576 
726 137 853 476 220:8739:1100 1881 1350 2624 1784 
1003 426 237 819 349:4423:429 220 1476 1002 1296 
451 740 124:3054:972 1464 618 
690 141 324 401 756 1539:8099:508 2148 1038 520 1896 1989 
1349 440 224 434:4727:2615 378 1200 534 
842 880 210 953 1362 187:6988:1656 1902 885 1012 819 714 
1235 992 830 227:4571:771 1260 1796 744 
1379:676:676 
277 792 896:6054:1832 1692 2530 
1272 590 1093 544:6506:1736 1023 1647 2100 
900 1509:2134:1008 1126 
823 740 1043:3768:1791 1098 879 
1549 1293 477 473:2992:885 1112 620 375 
171 1086 1057:4385:1587 1964 834 
371 1020 804 1014 1463 1313:5935:378 392 1544 330 1107 2184 
1034 1204 628 25 1021 551 271 1053 930 1353:12076:1587 1796 474 1116 446 1254 1299 1364 1128 1612 
96 478 75 1004:4863:1206 1560 372 1725 
537 188 304:4304:1353 1976 975 
208 192 1479:2822:872 1116 834 
1513 658 42 1529 514 991:8824:1008 1482 2036 1800 1292 1206 
654 425 1540 1030:5079:742 1004 1914 1419 
950 455:2574:1902 672 
268 545 834 218 561:6981:921 1020 2820 1755 465 
62 1271 1387 1210:7770:2061 2724 1971 1014 
747 1556 248 165 54:5072:1053 1473 450 590 1506 
1287 605 694 145 328 405 761:9630:496 1287 2248 1588 932 1923 1156 
755 645:3468:1629 1839 
1367 192 1346 718 408 1550:7293:1926 837 864 1305 1263 1098 
814 757 1433 31:4015:1284 717 946 1068 
1150 402 651:2978:1746 648 584 
1410 688 1310 721 1437 1060 805:10506:984 1744 2046 1305 1316 1512 1599 
632 428 877 728:3652:592 384 1176 1500 
482 478 861 871 1387:7104:272 1560 1888 1413 1971 
642 1212 502 219 176:6299:897 412 2356 1356 1278 
1544 115 592 1228 359:5381:780 590 1832 1251 928 
909 732 1554 899 217 306:7910:912 352 2016 1122 504 3004 
269 1078 1328 366 256 1332:6781:1599 936 1314 1296 1380 256 
546 1368 712 30 119:6398:1503 1282 2277 494 842 
1211 1008:1873:1390 483 
56 759 144 73 616 1092:4576:387 664 376 1263 1012 874 
755 526 83 1132:5837:1086 1616 2199 936 
955 460:2668:2100 568 
273 549 839 223 566:5409:1221 987 468 1764 969 
673 164 1372 1489 1312:7717:1437 2180 1976 984 1140 
1528 780 1029 946 836 353 790:8549:1732 1626 933 1578 714 1540 426 
850 754 404 521 344:6142:702 1892 726 1950 872 
1426 943 966:7697:3675 1712 2310 
1270 94 1249:2538:1395 333 810 
1380 1497 176 997 342 1218:11591:2828 3110 852 2580 1192 1029 
1201 1451 1368 1257:5061:1302 648 1923 1188 
1390 455 1424:4130:692 1344 2094 
429 385 156 1271:4608:822 858 204 2724 
585:1568:1568 
952:1572:1572 
792 1175 1185 143 1391 975:6333:1692 634 804 1389 412 1402 
750 280 956 1526:3417:1038 1044 438 897 
174:942:942 
573 1515:2259:1863 396 
113 1149 147 1276:3808:2065 483 228 1032 
1340 870 1546 144 1406:2927:938 1053 324 188 424 
1020 1496:2180:392 1788 
1490 820 4:2419:792 399 1228 
75 1283 1400 79:2034:372 584 346 732 
701 312 961 744 541 1404:9224:572 1596 1060 2884 1008 2104 
1154 1337 1000 212 994 457:5057:1356 309 992 903 282 1215 
774 558 354 803:4666:1864 600 838 1364 
1479 1223 408 404 786 797:5491:556 348 1684 968 708 1227 
472 788 544 1526 1337 264:6122:456 196 2100 897 309 2164 
1377 1387:3498:1527 1971 
135 1144 1327 1404 201:8339:3044 474 1983 1578 1260 
309:1384:1384 
126 375 292 182 1257 1280 891:7468:626 1260 975 1023 1188 536 1860 
99 1147 798 914 1151 415:8384:1293 774 2028 1868 333 2088 
362 1465 716 965:6272:2864 1572 984 852 
766 949 612 1381 606 69 905:10449:432 1239 1600 1194 1996 2260 1728 
282 585 782 805 2:4696:680 1176 830 1599 411 
348 425 781 419 1440 718:9732:696 1255 3032 1875 2004 870 
1011 196 605 988 999 1514 248 458 908 758:9644:1142 912 1287 1896 1004 333 450 526 375 1719 
73 1028 466 1554:7458:1684 1672 2590 1512 
1231 1161 146 622 845 389:8918:1406 2016 2860 292 1036 1308 
1268 759 409 526:4953:540 996 2205 1212 
87 1428 1225:5422:1368 2349 1705 
723 827 411 176:2548:186 704 380 1278 
939 617 1105:2663:411 824 1428 
954 1270 1027:2941:666 1395 880 
767 18:2322:530 1792 
1480 1476 301 311:4302:786 1572 288 1656 
1283 774 424:2398:438 1398 562 
31 15:2046:801 1245 
208 337 813 1450 580 1389 81:7318:1308 420 807 1605 1392 1016 770 
51 1314 1031 987 345 1460:6342:765 488 436 928 2065 1660 
505 368 1071 455 384 927:5056:1172 627 1482 1008 291 476 
485 641 1490 1207 19 935 492:10997:1556 2226 792 1047 2436 1608 1332 
1294 891 1407 1511 1095:4356:1041 1395 345 711 864 
196 1525 1082:4662:1368 2211 1083 
395 1458 1242 1038 1487 1338:6461:786 2172 1516 274 510 1203 
295 1491 955 233:7490:1178 1832 2100 2380 
1244 269 1357:4933:663 2665 1605 
1001 1251 1168 1057 575:9229:1876 1974 2976 834 1569 
1234 1311 109 891:5715:432 2408 1480 1395 
872 1042 466 1421:4936:934 828 1554 1620 
1537 682 66 1554 539 1015:9804:1521 222 2632 1512 2696 1221 
1092 449 6 1055:6279:1311 3465 642 861 
1389 480:2156:1524 632 
706 569 1272 656 586:8246:1965 1641 1736 2139 765 
596 87 1295 1412 1235:5412:354 1368 1041 1364 1285 
810:440:440 
1159 1448 833 1176 161 223 860:9749:1390 2220 1780 948 873 1176 1362 
627 344:2944:1200 1744 
1475:2832:2832 
186 623 1378:2341:1227 676 438 
103 513 896 906 1422:3871:338 321 2024 348 840 
579 736 440 157 113:4373:426 1188 504 1016 1239 
1165 150 627 849 297:6224:1539 2408 900 888 489 
433 670 1492 837 154 244:6266:1368 640 1104 894 730 1530 
887 138 387 304 194 1269:8693:1038 1482 1401 650 1791 2331 
597 714 537 214 703 21 524:9339:1488 958 902 2088 1698 1293 912 
753:1472:1472 
783 1166 1176 134 1382 966 1243:8231:1389 1660 632 1844 868 1386 452 
827 250 61:2352:528 1554 270 
323 800 1436 567 1376 67 1542:8093:1896 1764 664 1302 1284 658 525 
1017 974 331 1446 1350:4580:1548 284 1530 708 510 
408 657 574:4330:1684 1134 1512 
1480 811 1553:2992:786 1548 658 
1526 1177 1293 1530:4265:1196 1515 834 720 
205 854 638 434 1297:7465:2048 1176 2492 801 948 
351 1187 251 1220 378 2:6251:1446 1236 1820 714 624 411 
1374 1357 1501 552:6240:1548 2140 2012 540 
788 1304 994 578 1534 265:4917:196 378 282 1248 1491 1322 
1231 255 1343 461 1031 322 39:10145:2109 345 2148 1479 654 2284 1126 
1367 1378:2364:1926 438 
126 1134 1317 1394 192:5764:1252 987 1314 1374 837 
1434 1218 1428 319 169 219 202:8802:528 1029 3132 849 1140 904 1220 
782:830:830 
90 1138 788 905 1142 406:7288:552 1425 392 1728 1671 1520 
256 1358 609 859:4754:1840 1152 994 768 
756 940 603 1372 596 60 896:10214:1896 1548 896 1482 472 1896 2024 
952 1256 773 796 1551:4639:1572 996 480 723 868 
1089 553 1389:5836:2380 1424 2032 
1491 1208 1165:4952:1832 1581 1539 
1365 456 239 449:5282:392 1940 1564 1386 
905 89 499 882:5041:1728 882 1006 1425 
669 573:2606:1364 1242 
640:1401:1401 
786 397 1046 829 1039 1489:5686:354 996 963 1596 465 1312 
1239 1422 1085 297 1079 956:5484:1227 840 1576 326 858 657 
1216 521:2722:772 1950 
254 184 727 1203 1426:5764:327 1893 1516 558 1470 
122 611 1487:2222:1576 306 340 
921 345:1735:496 1239 
1480 677:2716:1048 1668 
561 1503:2028:465 1563 
1334 612 1234 645 1361:4906:1388 1200 432 1226 660 
828 1438 196 1511 935 745:4893:687 984 1368 474 1072 308 
808 1550 402 785:3487:729 1098 864 796 
881 238 1353 1258:3865:708 1476 1209 472 
565 482 371 1447 1470 1081 172:6865:336 272 504 1118 1311 1068 2256 
1084 1201 1438 702 46:10032:988 2604 984 2940 2516 
502 113 762:6643:2945 826 2872 
392 1188 785 1301 1405:4575:472 1705 1194 528 676 
1125 416 133 89 1418:6018:1732 2596 544 588 558 
1458 443 505 1142 272 1082:7957:1629 912 586 1671 2076 1083 
726 549:2966:1650 1316 
546 357 939:3238:2004 686 548 
174 862 114 363 280 170:6445:628 1467 672 954 1044 1680 
1139 403 1305 623:4827:2228 831 416 1352 
1125 1335 226 77 127 110:6822:1732 848 396 2028 624 1194 
1252 116 1152 150:6308:1275 2277 950 1806 
832 776 1452 50:8511:1683 2908 1100 2820 
163 1266 517 767:4532:1816 675 1246 795 
750 413 1183 407 1428 706:11879:1038 2200 1188 2356 3132 1965 
1413 597 593 976 986 1502 650 446 896 746:13281:1284 992 1050 651 1935 1458 828 1396 1518 2169 
61 1429 454 1542:4265:540 2385 815 525 
1317 102 134 610 1246 377:7477:1314 1254 2305 804 564 1236 
1256 1160 811 927:4430:996 1410 1548 476 
670 693 304 953 737 947:5256:960 1068 650 1518 460 600 
1330 993 204 986:5667:771 3020 586 1290 
627 464 1419:2911:1200 1258 453 
378 295:2772:416 2356 
825 1447 859 16 1198:10689:2108 1677 1280 2984 2640 
80:2055:2055 
662 1112 962 1012 995:8067:1680 2728 981 2048 630 
606 230 1532 716 712:7089:1996 468 1036 1312 2277 
670 200 876 1446:3717:960 1443 606 708 
94:333:333 
493 1436:1956:1458 498 
34 1069 67 1196:4225:1252 321 987 1665 
1163 693 1369 1525 1230:7533:600 1068 2500 2948 417 
1249 1178 163 639:7785:1080 2421 1816 2468 
1449 1112:1664:300 1364 
1182 1338 629 346 716 74:5792:816 1604 424 776 984 1188 
194 897 281 210:5369:1791 408 2285 885 
343 847 298:5242:1648 2043 1551 
21 1336 759 570 1153:5691:1724 1857 996 820 294 
507 784 1073:3597:1326 300 1971 
1243 295 611 368 1350 474 657 734 1090:9355:904 1767 459 418 680 2001 1512 366 1248 
914 1297 1307 265 1513 1097:7438:1868 632 741 1983 1008 1206 
775 305 981 1137:4113:525 1902 708 978 
199:891:891 
1386 758 448 32 1453 598 1540:10009:885 1719 795 2076 1184 798 2552 
195 1150 174 118:5532:1400 2328 1256 548 
1353 1283 268 744 967 511:4545:1209 438 614 1442 330 512 
881 531 648:2124:708 432 984 
88 138 122 265:6306:604 1482 1576 2644 
1371:1868:1868 
89 805 429 173 915:5469:1176 1599 548 1060 1086 
1075:837:837 
343 193 243 226 370 979:8050:824 1446 1269 396 510 3605 
1395 1019:5608:2880 2728 
1166 429 1332 650:3407:1245 822 512 828 
783 833 816:3083:1389 890 804 
1139:1671:1671 
123 533 916 513 1442:6546:2900 1305 1410 321 610 
697 853 144 1419 231:5808:936 2700 376 302 1494 
1256 1186 171 647 870 414:8173:747 906 1587 1557 1404 1972 
1215 454:1657:1168 489 
806 949 1559 317 73 1055 866:9582:1383 1239 843 1266 1684 1148 2019 
417:1521:1521 
257 1132 1222 673 856 933:7128:404 936 1293 1437 1808 1250 
786 1223 420 1069:2366:354 348 1236 428 
1435 1007 630 1519 703:6599:984 1167 1560 624 2264 
1156 580 1535 973 503 1179:5861:682 1856 1018 693 646 966 
1054 744:2518:1076 1442 
910 135 12:4279:1408 2283 588 
1247 1191 309 465 1313 933:9932:624 1560 1384 1680 2184 2500 
1334 918 781 1484:6134:1041 1683 3032 378 
1177 827 944 1446 1124 55 931:4786:606 528 350 708 306 1244 1044 
268 611 1154 1216 295:5967:921 765 1356 1158 1767 
1260 937 1426 744:7584:390 2091 2940 2163 
675 1124 974 1024 1007:7669:2680 765 426 3020 778 
1412 742 1484 336:3625:1023 1820 378 404 
34 949 506:3558:939 1239 1380 
234 883 666 876 1326 1176:7353:1413 2188 656 1212 936 948 
653 491 1446 470 414 134 916 793 1215:13313:2024 1280 1180 1042 1972 1383 940 2032 1460 
91:1008:1008 
281 996 620 364 1106 1102 341:6892:1828 308 268 1182 867 1017 1422 
1180 1324:4815:2127 2688 
359 421 1058 188 997 1247 1164:11275:696 2830 1518 1482 2580 1248 921 
1413 1384 875:5421:2568 912 1941 
179 229:3197:1593 1604 
778 29:1946:932 1014 
1078 1487 312 323:5001:936 340 1197 2528 
1132 1088 445 2 1465 1115:8076:936 1896 1860 411 1572 1401 
1268 653 582 1125 43 266:8594:1080 2024 2079 1299 924 1188 
1308 120 1035 592 83 1291:9471:1964 1263 1010 1374 2932 928 
157 633 856:3608:1524 276 1808 
1399 463 1432:2911:942 916 1053 
340 296 67 1182:2582:333 174 987 1088 
1289 1538 1455 201 1276 1299 496:7887:702 1893 1401 840 1032 1572 447 
76 1312:1174:604 570 
1345 370 1458:4478:2169 680 1629 
1102 1352 1268 1158 676:6770:1356 1812 810 956 1836 
1249 1432 1509 307 1089:5575:810 1404 1126 807 1428 
284 334 317 47:4820:558 288 2110 1864 
943 633 217 80:3144:856 414 504 1370 
132 1035:1460:1056 404 
1174 931 768 165 748 691 1367:9909:1664 1044 1984 590 1624 1719 1284 
622 1244 655 1371 994 739 1481:7133:438 884 1656 1401 423 1296 1035 
362 811 662 712:7992:2148 1548 1260 3036 
805 1321 1011:5647:1599 1764 2284 
1440:1503:1503 
891 248 219 1267 918:6237:1395 300 1356 942 2244 
1307 385 1074 325 575 492 381:8025:741 858 1078 1184 1569 1332 1263 
1508:1893:1893 
389 545:1746:981 765 
772 555 765 1215 1065:7547:2178 2140 1095 1460 674 
295 333 1221:3958:2356 789 813 
476 126 243:5568:2624 1252 1692 
147 130 1418:2331:228 1266 837 
596 1539 1468 453 929:4724:354 1989 675 1506 200 
725:522:522 
893 11 167 1016 636 592 363:6661:688 2067 212 696 988 1374 636 
902 1285 1295 253 1501:3843:364 1116 1041 316 1006 
969 1538 829 546 503 1418:7938:966 2524 1596 1002 1292 558 
586 1528 313:3363:1020 1299 1044 
1482 1359:970:472 498 
1136 1093 450 7 1469 1120:8308:1324 1647 1812 1422 1140 963 
1176 560 490 1032 1509 173:5126:948 702 592 400 1689 795 
1313 125 1040 597 87 1296:9287:2912 1284 1285 1488 1368 950 
541 763:2780:1008 1772 
1340 497 121 1423 607 603:8643:2345 1011 1132 1383 2100 672 
1134 186 502 259 1240:7682:987 1227 2356 1436 1676 
805 1188 1198 156 1404 988:8602:2132 682 2640 306 1578 1264 
666 196 872 1441:3508:492 1368 934 714 
778 1467 718 968:6874:1398 2776 1740 960 
485 907:4020:1556 2464 
246 362:4727:1863 2864 
662 86 1041:3833:1260 2180 393 
732 955 499 1308 1558 1475:10012:704 2800 1006 1473 1197 2832 
39 942:2503:1689 814 
1081 838 676 73 655 599 1275:9570:1602 1344 2448 842 1656 1230 448 
1152 563 1278 902 646 1389:7849:1425 1272 2136 546 438 2032 
746 1355 113 1428:4921:2169 360 826 1566 
1016 600 779 1068 453 796:9261:928 1760 1670 1188 2510 1205 
344 61 17 932:4789:1744 540 1677 828 
583 1020:1342:852 490 
261 1509 1093 1369 100:8171:2512 1126 1098 1875 1560 
157 1432 1388 746 303 207 1415:9431:1016 1404 582 2169 1419 693 2148 
1322 906 769 1472:3639:1806 348 306 1179 
383 34 150 387 1209 554 1429:11478:1952 1252 1204 1401 1473 2288 1908 
360 837 1059:3450:956 894 1600 
863 141 763 174:4910:1650 1432 886 942 
274 857 801 1477 75:5258:1442 760 1518 1042 496 
391 680 64 407 950:6751:490 795 1208 2356 1902 
515 5 1214 1330 1154 831:6075:1041 1206 956 771 1017 1084 
681 1370 621 871:6488:1242 2350 1012 1884 
388 810:1274:834 440 
568 285:2859:1872 987 
971 1181 73 1481 1531 1514:6529:2060 918 1684 1035 388 444 
1098 1520 998 1554:5006:1052 1269 669 2016 
678 622 1298 1454:5649:2664 438 516 2031 
1112 363 613:4408:2046 954 1408 
552 1174 586 1301 925 669:5788:432 1664 1020 704 604 1364 
742 592 642 625 769 1378 136:8616:1820 1832 897 1208 306 438 2115 
306 1142:5232:3004 2228 
183:1314:1314 
367:1833:1833 
502 552 536 679 410 726 483:7508:1767 324 1065 1140 470 1650 1092 
120 542 20:4288:1684 1080 1524 
1411 769:864:660 204 
855 1465:3458:1362 2096 
1192 1109 999:2100:712 384 1004 
1165 323 360 1248 433 843:10378:2052 2528 478 2488 1368 1464 
158 1445 497 813 570 407:4910:566 387 1011 538 1230 1178 
1023 1019:2979:933 2046 
264 753 70 574 25 208:5753:1082 1104 346 1512 837 872 
138 161 916:3295:1482 873 940 
434 444 960:4095:1068 1824 1203 
660 750:3248:1518 1730 
887 1470 1000 118 687 1536:6427:1038 1311 1984 822 804 468 
463 47 324:2777:687 1398 692 
14 197 274:6488:1324 2280 2884 
1175 599 1553 992 522 1198:6443:634 1640 658 945 586 1980 
975 665:3390:2804 586 
56 1491:1303:387 916 
1322 679 236 1284 935:8290:1204 1425 1605 1912 2144 
922 812:3453:1575 1878 
635 1151 1255 839:2472:1036 222 980 234 
1269 826 316 1525 1544 1368 1045:13587:3885 1324 944 2948 520 1282 2684 
1309 293:3546:2652 894 
11 726 350 94:5963:2067 2200 1252 444 
789 80 1355 1311:6877:2091 2740 240 1806 
995 912 802 319:5234:630 1924 1548 1132 
968 539:2982:960 2022 
623 273 390 213 1035 379:7308:1014 1221 2085 291 606 2091 
759 982 526 1336 27 1502:9338:996 2260 808 1857 1473 1944 
67 969:2282:1316 966 
1206 866 703 100 682 626 1302:8944:1971 2019 1698 1170 444 960 682 
1179 590 1306 929 673 1416:7482:1449 1364 1860 300 958 1551 
773 1383 141 1456:4563:360 1377 2148 678 
1353 1043 627 904 1193 577 920:6635:1209 586 900 1116 489 1924 411 
1469 1280 305 1393 511:5910:1140 804 1902 1680 384 
717 1006 390 734:4709:1396 740 2085 488 
867 956 407:3279:1074 438 1767 
1372 130 301 1283 680 118:5050:1482 1266 384 292 530 1096 
1230 827:945:417 528 
997 1180 843 55:7549:2580 2127 976 1866 
1043 95 411 168 5:4212:879 777 285 663 1608 
1413 1010 1526 72 1214:6954:1926 1908 897 1506 717 
358 315 86 1201:8685:2716 534 2180 3255 
514:969:969 
1340 125 668 731 1367 498:9706:1876 1712 2046 1444 1284 1344 
271:1299:1299 
1164 454:1880:1228 652 
977 760 970 1420 1270 1320:7080:417 1005 1680 636 1860 1482 
1527 325 1107 984 1407 787:6554:2440 888 1452 580 345 849 
302 352:2853:2496 357 
1454 901 152:3396:1354 1092 950 
472 1188 1225:2995:608 1023 1364 
1308 665 222 1271 921:7098:982 1172 2157 2043 744 
909 798:3244:1216 2028 
719 1235 1339 923:3610:1872 514 714 510 
1129:1407:1407 
130 806 962 253 1528 1484:6526:1266 1844 981 632 1299 504 
170 1418 1002 1278 9 952:9069:2240 837 1022 1602 1272 2096 
775 66 1341 1298:5473:525 2632 1284 1032 
981 898 788 305:4790:708 1252 294 2536 
954 526:2544:1332 1212 
706 357 473 296 1118 463:7852:2620 1372 375 261 2308 916 
746 968 513 1322 13 1488:8949:2892 960 214 1806 1425 1652 
150 1053:2488:1806 682 
1192 949 787 183 766 710 1386:6516:534 1239 1415 1314 432 992 590 
777 188 904 527 271:7926:2100 1976 837 1281 1732 
911:744:744 
441 292 341 325 468:3829:204 975 1422 592 636 
46 42 425:3789:1258 1527 1004 
1407 897 548 664 488 165 654:5770:230 306 1650 634 1323 885 742 
937:2091:2091 
454:326:326 
1307 931:1785:741 1044 
341 1147 465:3962:948 774 2240 
1554 978:2412:1512 900 
119 142 1311:4389:1263 1320 1806 
609 765 56 1331 143 36 445 828 425 1354:13220:1988 1460 645 998 2315 1260 1860 687 502 1505 
1098 83 559 782 326:8083:789 2199 2097 1660 1338 
366 189 1424 355 1231 176:9298:1728 2524 2094 268 1406 1278 
502 1311 3 1478 223 1299:6643:1178 1806 489 946 1176 1048 
956 779 456 945 263 352:7817:657 1336 1455 1320 2692 357 
1125 1374 1291 1181 698:7687:1732 2064 1392 1224 1275 
1358 1435 232 1015:5224:1536 1968 906 814 
898 1068 492 1447:3994:626 1584 666 1118 
103 806 190 119 662 1139:7828:507 922 2205 1263 1260 1671 
1216 573 130 1178:7715:1544 2484 1266 2421 
1512 603:963:291 672 
1246 830 693 1396 780 709:8586:1128 1796 1068 2108 2168 318 
160 1435 1392 1163:4546:1488 1968 640 450 
933:3125:3125 
983:456:456 
823 1206 1216 174 1422 1006:8188:2388 1314 1544 942 1260 740 
1174 704 1380:4557:832 897 2828 
598 514 404 1480 358:4993:798 646 726 786 2037 
1014 238 115:1673:330 1107 236 
768 206 1294 412 568 272 1547:10333:1488 1104 1735 518 1872 2768 848 
1221 818:1548:813 735 
988 1171 834 46:7541:2528 1998 1128 1887 
153 1441 492 808 565 403:5472:1476 952 1332 486 672 554 
1018 1014:825:495 330 
679 356 845 163 666 117 300:8522:855 1350 777 1362 492 1482 2204 
146 396:3903:2145 1758 
461 205 947 943 1326 1336 294:7606:1479 1536 480 856 936 1857 462 
178 161 304 914 1230:4276:468 873 650 1868 417 
261 271 787:4032:1884 1299 849 
674:2288:2288 
1177 1134 491 48 1510:5287:909 987 1920 1101 370 
568 818 734:3964:2496 980 488 
83 971 155:6538:2932 1545 2061 
638 128 1337 1453 132:6522:2492 400 206 2368 1056 
732 755:3243:528 2715 
1037 1553 99 1241 1104 249:6564:208 987 1724 1767 1284 594 
669 386:2223:1023 1200 
1517:324:324 
542:810:810 
1368 153 696 758 1394 525:7605:2564 984 399 1146 916 1596 
299:942:942 
1191 482:1578:1170 408 
1004 788 998 1447 1297 1347:5991:1725 294 669 1118 1264 921 
1457 255 1037 915 1337 815:6313:2552 345 416 2172 309 519 
329 379:3736:1645 2091 
1384 928 180:1905:912 624 369 
402 1118 1155:4455:864 1731 1860 
1238 596 153 1201 852:5634:554 472 1476 2604 528 
936 826:2466:1473 993 
649 1165 1269 853:7436:1952 1026 3108 1350 
842 1518 116 964 681 638 409:11552:1656 1692 1518 1161 828 2492 2205 
978 668:2564:1200 1364 
479 835 473 1494:4797:1179 2492 500 626 
226 808:1236:264 972 
39 1114 1551 748 1397 1181:6794:1689 1902 651 812 822 918 
1174 492 582 32 215 292 648:8868:832 666 2772 1557 423 650 1968 
739 629:1614:1296 318 
1382 1072 656:4293:434 1720 2139 
1172 622 805:3731:1548 584 1599 
992 17 1421:4261:945 2236 1080 
1412 1329 1219 736:5432:1364 1252 1628 1188 
1385 543:2591:1724 867 
626 276 393 216 1452 383:9062:480 2820 600 1986 2200 976 
30 1505:2274:741 1533 
1243 1239 64 74 590 280:6229:678 1636 906 594 1023 1392 
630 1306:3475:2080 1395 
1472 124 573:3866:1179 824 1863 
1445 403 93 1235 1512 243:5869:516 1108 880 1285 388 1692 
1119 1275 979 696:5559:2416 448 2163 532 
1292 836 87 337 253 143:5957:1890 714 1368 280 316 1389 
1210 473 1376 694:5259:1352 375 1284 2248 
827 877 860:2024:528 588 908 
1280:1072:1072 
1080 265 261 1057 654 1170:10413:1990 1983 3140 1112 742 1446 
1286 1097 121 65:5922:712 1608 2264 1338 
215 277 914 44:5923:282 1832 1401 2408 
1183 1260 58 1254:5061:891 520 874 2776 
458 215 1196 129:4256:1052 423 1665 1116 
797 1140 1269 188:8669:1636 1455 3108 2470 
1053 398 1273 1363 814 997 1074:8731:1023 450 1821 1461 963 1935 1078 
778 1000 545 1354 45 1520:6778:1398 1984 510 903 291 1692 
85 988:1972:708 1264 
1224 981 818 118 701 644 1320:4966:944 708 735 548 572 471 988 
575 1197 608 1324 948 692 1434:11712:2092 2288 512 2688 2240 1188 704 
412 862 712 762:7393:777 1467 2277 2872 
855 1371 1061:3349:1362 1401 586 
683 773 224:3096:1656 240 1200 
212 795:1306:602 704 
25 1100 1537 734 1383 1167:6278:1116 568 1521 244 1377 1452 
478 568 19 202 279 634:13101:1560 2496 3045 1525 2595 1880 
1324 415 199:4698:2016 2088 594 
1368 1058 642:4709:1282 2530 897 
1158 609 792:4636:956 1988 1692 
881 1464 1408:5679:1416 2760 1503 
1398 1315 1205 722:6399:1773 1047 1992 1587 
1371 529:3098:1868 1230 
612 263 379 203 1438 369:7075:800 2019 2091 363 984 818 
17 1492:2505:1677 828 
1229 1225 50 60 576 266:7190:711 1364 2115 1422 390 1188 
616 1292:2019:759 1260 
1149 346 995 779 989 1438:5450:483 1552 630 1336 465 984 
1188 1371 1448 246 1028 905:9365:1023 1401 2960 1863 1254 864 
21 470:3377:1293 2084 
204 133 676 1152 1375:4871:879 408 1836 950 798 
1196 460 1362 680:5224:2220 852 1092 1060 
813 863 846:2515:807 1100 608 
723 1266:1179:279 900 
1322 1066:3426:1806 1620 
1050 1539 856 1360:7341:952 1989 2260 2140 
1023 1166:2593:933 1660 
361 997 128 937 1089 1006:10909:784 2580 200 3485 2380 1480 
1324 814 464 581 404 82 571:7893:1344 963 1887 1052 726 1473 448 
833 1110 521 1463 248 377 854:9346:890 1518 2600 1476 450 1236 1176 
873 577:1830:868 962 
1100 883 1093 1543 1393 1443:9094:568 1641 2196 1437 1680 1572 
1007:1556:1556 
1390:1038:1038 
1313 804 454:3831:2184 1158 489 
475 458:2765:1976 789 
1024 275 525:6758:2265 1833 2660 
464 1086 498 1213 837 581:9919:2516 1964 1344 1623 894 1578 
751 601 651 634 778 1387 145:8771:1516 774 438 1880 1398 1971 794 
470 826 464 1485:5782:2084 662 2516 520 
347 104 1086 896 1479:6614:678 1342 1964 1518 1112 
622:292:292 
1022 1431:3400:1160 2240 
23 206:2714:1610 1104 
1076 1032:2040:1740 300 
863 713 763 649 379:8304:1650 2512 1772 976 1394 
151 464 846:4067:1572 1887 608 
124 1332 1449 128 950 294:4603:618 640 450 300 1902 693 
577 800 344 1153 1403 1320:9692:1924 2352 1308 392 1740 1976 
714 364 481 304 1540 471:6738:958 1182 1106 650 2552 290 
21 1496:2634:1293 1341 
1234 1230 55 65 581 271:9745:324 278 2488 3345 1578 1732 
594 18 1386 411 1499 617:4883:440 1344 1180 285 1016 618 
633 1043 1426 1436 394 84:7770:276 879 2205 664 2216 1530 
1184 608 5 1001 531 1207:4587:950 512 804 1407 216 698 
984 674:1724:580 1144 
65 1500:3580:2676 904 
1331 688 245 1294 944:6661:998 2180 1395 1388 700 
931 821:2037:1044 993 
645 1160 1264 848:6004:2452 940 1776 836 
1278 738 228 1437 1553 1377 1054:9027:2670 1368 592 1316 987 1018 1076 
1318 303:2131:712 1419 
20 735 359 103:3531:1016 1080 928 507 
798 89 1364 1320:4775:1521 1176 596 1482 
1004 921 811 328:6462:1725 992 2580 1165 
977 549:1543:556 987 
632 282 399 222 1044 389:5250:444 510 495 2157 663 981 
768 991 536 1345 36 1511:8672:1488 2412 710 2169 945 948 
76 979:3371:1208 2163 
1118 875 712 109 692 635 1311:11597:1731 1941 2277 2220 1188 1036 1204 
1188 599 1315 938 683 1425:6939:1023 1640 1396 903 828 1149 
782 1392 150 1465:4579:1245 480 1806 1048 
1362 1052 636 913 1202 586 929:7451:819 502 1482 1312 2271 765 300 
1479 1289 314 1402 520:7104:834 936 1356 2355 1623 
726 1015 400 743:3394:1100 814 828 652 
876 965 416:4660:1212 852 2596 
1381 140 310 1292 689 127:6160:1194 990 532 1260 936 1248 
1239 836:1941:1227 714 
1006 1189 852 64:3055:1480 405 264 906 
74 1362 413 730 486 324:7101:1188 1365 1760 1236 860 692 
527 1496 654 277 21 764 760:8799:1281 1341 742 916 862 2652 1005 
1536:936:936 
560:1170:1170 
34 97 733 1422:3799:939 212 1388 1260 
983 1339 976:1821:456 714 651 
1209 500:2859:1473 1386 
1022 806 1016 1465 1316 1365:5273:870 1383 464 1572 690 294 
1496 15 371 1153 1030 1452 930:7565:894 1245 378 392 1892 2200 564 
364 254 1329 1352 963 54:5447:1182 327 626 906 900 1506 
805 894 345 528 191:5727:1599 436 1652 528 1512 
525 321 1087 938 988:6916:2128 1720 600 1204 1264 
1191 375:2460:780 1680 
1174 105 981 1484 935:6904:1248 2600 944 504 1608 
172 1234 1018 814 1264:4527:1692 324 660 963 888 
888 1510 921 78 1260:3372:471 370 992 1149 390 
472 228 1210 1021 45:3457:456 592 1352 669 388 
1374 958 1234 1524:4904:2580 1056 324 944 
752 402 519 342 1164 508 1384:9430:588 648 2103 894 921 2908 1368 
315 791 1014:1828:712 786 330 
1232 96 1132 129:3312:645 1206 624 837 
812 755 1431 29:6605:2504 1629 1120 1352 
1148 400 649:4292:1512 828 1952 
1408 686 1308 719 1435 1058 802:10742:1503 1328 1473 1404 1968 1518 1548 
630 426 875 726:7308:2080 440 2588 2200 
480 476 859 869 1385:6225:1264 1968 512 1188 1293 
999 955:3606:1506 2100 
239 689 539 589 572 716:7499:782 936 2022 1464 1311 984 
279 156 578 56 612 183:6278:2076 204 1664 258 1200 876 
619 829 1279 1129 1179 1162 892:9783:1308 1596 2388 1407 966 1104 1014 
1212 875 87 869:5111:309 2588 1026 1188 
606 444 1399:3351:1497 912 942 
178:468:468 
660 44 1532:4703:1518 2408 777 
1459 922:2868:768 2100 
427 1542 1033 683:4759:768 875 1460 1656 
241:1542:1542 
187 437:1761:714 1047 
88 470 481 997:7361:453 1563 2765 2580 
1246 603 574 65 1273 1390:8546:846 896 1008 2676 2428 692 
650 34 377 506 983 61 750:6642:1104 939 824 2070 608 405 692 
1386 1103 1059:3094:590 904 1600 
1401:1128:1128 
202 452:3035:915 2120 
103 485 82 1012:4683:507 1167 1473 1536 
1358 716 273 1321 971 1088:8200:1152 656 1628 1323 1545 1896 
1298 216 439 1541:6730:774 1324 2536 2096 
1458 682:2073:1629 444 
353:1232:1232 
1401 1212 236 180 856:4672:1128 412 1284 492 1356 
1002 1345:4936:2044 2892 
386:800:800 
1478 10 1019 1202 1279 76:10747:1892 789 2046 3028 2388 604 
1548 639 422:6617:640 3085 2892 
1065 1075 33 1281 865:6151:1011 1116 988 1557 1479 
326 283 1198 755:6426:1338 1479 1980 1629 
64 1538 1428 946 969 580:11179:906 1893 3132 2104 1288 1856 
103 1006 324 413 1422 47:6092:338 1110 692 1760 1260 932 
1559 1170:1807:843 964 
1053 437:2070:1023 1047 
1315 593 1215 627 1342:6340:1047 1050 1168 900 2175 
810 1419 177 1492 916 727:5509:440 604 1284 1104 940 1137 
1300 485 480 863:4557:792 1167 948 1650 
458:789:789 
826 637 1219 749 547:4512:993 495 814 980 1230 
753 1043 427 770:3930:736 586 1152 1456 
903 993 444:4267:1389 1510 1368 
1409 167 337 1319 716 154:4210:288 318 560 600 984 1460 
1267 863:3142:942 2200 
1034 1217 880 91:5860:2116 964 1268 1512 
102 1389 441 757 514 351:6649:1254 2032 306 478 1615 964 
1064 1060:1824:312 1512 
627 305 794 112 615 66 249:8177:900 1902 657 600 956 1974 1188 
95 345:2016:777 1239 
92 475 485 1001:5388:474 1482 1556 1876 
1251 608 579 69 1278 1394:6322:1316 256 568 1130 2136 916 
1190 109 745 1434:4694:744 2960 462 528 
586 37 220 297 653 1435:7678:510 1232 1784 652 2024 1476 
1245 337 120 330:4866:1260 560 1684 1362 
67 477 860:3896:1316 310 2270 
1249 1366 45 866 211:6037:1080 1020 388 2019 1530 
644 667 278 927:3721:471 1446 1328 476 
74 1376 560:2556:891 963 702 
254 25 1140 631 281 398 221:7415:327 837 1940 564 1371 450 1926 
337 1280 65:3907:560 1340 2007 
1550 1013:2166:1098 1068 
844 201 172 1221 871:7116:1794 840 2256 813 1413 
339 1027 278 528 445 335:7730:789 1320 1992 352 1240 2037 
1379 936 840:3641:1352 1473 816 
144 194:2764:376 2388 
743 1553:1476:489 987 
1043 1453 277 1432:5433:879 1776 1374 1404 
1545:1656:1656 
840 996:1006:544 462 
1516:2640:2640 
1366 57 1532 1422 939:3786:1020 440 518 1260 548 
41 1262 473 1256:1876:450 429 250 747 
1236 993 417 227:5762:1232 2265 1521 744 
966:924:924 
483:728:728 
1209 621 1336 960:5164:1964 759 1238 1203 
833 1509 521 1369 1086:8502:890 1689 1950 2500 1473 
1223 607 951 1080 1556 634:7265:348 2100 740 1194 1473 1410 
451 102:1902:648 1254 
128 347 518 1500:4437:500 452 1225 2260 
1197 1127 112:4372:1716 1856 800 
272 1054 931 1354:4518:1384 538 1392 1204 
694 532 1487 511 455:6224:1686 2764 510 256 1008 
1477 1061 924 68 1011:8704:1563 879 1506 2472 2284 
208:1308:1308 
391:735:735 
1206 1256 1240 1383 435 751 507:12819:2628 747 1676 1377 2665 1516 2210 
199 821:1884:891 993 
798 621:2533:1521 1012 
521 332 914:5290:2600 822 1868 
149 838 89 338 255 145:5690:1434 1344 1176 315 230 1191 
1211 475 1378 695:6161:2085 1482 584 2010 
1075 926 976 959:2754:837 420 651 846 
655 27 1275 859:4569:1656 1473 672 768 
6 243 1065:3222:856 1692 674 
739 789 772 502 1111 1427:8530:1296 2788 1089 1767 432 1158 
895:595:595 
348 531 194 866 91:6907:696 216 1791 2692 1512 
227 677 527 577 560 704:6735:744 1668 1281 1443 702 897 
681 144 980 44 1013 171:10116:2070 282 1570 3010 1068 2116 
1150 1294:3134:1746 1388 
1027 158 967 1217 1133:4793:1320 849 440 964 1220 
1297 1374:1664:632 1032 
1187 891 609 565 1480:5960:1648 1860 994 672 786 
748 1557:1893:1218 675 
1048 1457 282 1437:4922:1182 1914 510 1316 
1549:1180:1180 
844 1000:2684:1196 1488 
1520:1692:1692 
1370 62 1537 1427 944:7139:940 2748 1014 1737 700 
45 1267 478 1260:2663:291 942 1040 390 
1241 997 421 232:5717:1178 1935 1698 906 
971:1030:1030 
488:882:882 
1214 625 1341 964:4307:956 906 1284 1161 
934 52 622 1471 1091:5860:410 1200 438 1160 2652 
1228 612 955 1084 3 639:7332:1251 1600 1400 741 489 1851 
456 106:2533:970 1563 
1081 133 449 620 43:5857:1602 408 2079 536 1232 
1452 1048 420 110 1252:8702:2200 1576 1236 1990 1700 
669 27 1142:4167:1023 1473 1671 
208 857 640 437 1300 1150:8630:1308 1520 1868 1396 792 1746 
354 1190:2668:1676 992 
231:1494:1494 
1123 414:2099:1113 986 
1350 1133 930 1379 1229 1279:7140:510 915 1128 1014 1185 2388 
222 844:5268:2876 2392 
821 644:1464:993 471 
544 355 937:5156:2100 268 2788 
269 860 112 361 278 168:5723:1599 1362 600 392 1328 442 
1234 498 1400 718:4273:324 1344 865 1740 
513 496:875:428 447 
1062 313 563:4458:1302 1566 1590 
503 1538 536 1251 1289 619:9220:1292 2524 1420 1974 702 1308 
1203 1053 1103 1086 816 1425 184:8965:1116 1364 904 1964 1206 1149 1262 
256 1093:3027:1380 1647 
197 1245 896 1012:5966:1140 1260 1518 2048 
573 357 153:4154:2484 686 984 
596 1112 802 386 663:5674:354 2046 1032 1600 642 
936 227 1502 1459 816 787 277:8479:1473 1488 1458 512 1608 566 1374 
793 1176 1186 144 1392 976 1253:6557:2032 1264 604 376 640 651 990 
763 934 357 1312:3385:886 615 1029 855 
574 1516 1446 430 907:8164:2016 1980 944 1376 1848 
950 214 1117:6157:2536 1566 2055 
698 428 1037 1353 1110:5228:1275 512 208 1209 2024 
394 910 1014:2938:1662 1056 220 
1443:1572:1572 
1366 857 507:3554:1530 1140 884 
114 97:822:504 318 
164:2180:2180 
563 1506:2862:954 1908 
518 1140 551 1266:5251:980 1940 1881 450 
1330 860 1536 548 1397:5324:514 1362 702 1650 1096 
881 1010 1486:5439:1770 2385 1284 
394 271 694 172:6903:1662 1299 1686 2256 
924 362 1450 568:6540:1004 2148 2140 1248 
1057 42 518 741 285 1094:7279:1112 1527 980 564 987 2109 
1510 1067 558 208 325 562:5133:925 1348 300 1744 592 224 
875 126:2546:1294 1252 
1171 409 6:4845:1998 2205 642 
738 416 905 222:7145:1026 1947 1296 2876 
1138 934 1384 1234 1284 1267:6856:1900 410 1368 324 1912 942 
851 129 751 162:4635:1816 558 758 1503 
262 845 375 1051 63:5283:498 777 1680 180 2148 
476 765 149 493 622:5737:1312 1095 1434 1458 438 
1260 911 1027 850 114:4228:390 1116 880 1170 672 
11 1180:3485:2067 1418 
1064 448:1003:208 795 
305 182 604 82 637 1353:6753:1902 682 904 1964 495 806 
548 344 1207 1058 1107 1091 821:9534:1650 1744 698 1518 1936 1326 662 
278 461 124 894 118:5518:2656 986 618 436 822 
255 704 554 604 587 731:7391:230 897 1716 678 1704 2166 
708 171 1008 72 1041 198:7250:2772 1587 644 1506 393 348 
1177 1321:2673:909 1764 
1055 185 994 1244 1161:5312:861 315 564 884 2688 
1304:378:378 
1410 967 872 522 639 462:7114:1640 440 1401 879 1234 1520 
775 26:978:525 453 
1075 1485 309 1464:5901:837 780 2076 2208 
443 1557 1048 698:4632:456 900 1576 1700 
994 605 1254 1038:5604:564 1716 2776 548 
884:980:980 
505 1288 751 29:3159:586 801 758 1014 
1171 928 352 162 745 689:5095:1332 936 238 1503 462 624 
299 309 825:5504:628 2768 2108 
615:717:717 
1118 1075 432 403 1451:7492:1731 1116 1640 1385 1620 
1355 606 856 772:5253:360 1996 1808 1089 
496 373 795 273:3637:447 1034 528 1628 
929 367 1455 573:5143:200 1833 1868 1242 
1159 144 620 843 290 1099:8932:2780 282 670 1952 948 2300 
697 54 1169 660 310 427 664:9438:702 2008 2830 1012 399 1536 951 
1387 1490 1074 937 82 1024 954:11641:1971 528 1617 2788 1473 2265 999 
1503 1314 338 282 958:3849:1563 488 420 850 528 
258 1201 1447:5193:912 2604 1677 
1471 934:1690:870 820 
25 1554 1045 695:7268:558 2016 2684 2010 
1398:1773:1773 
199 449:2970:891 2079 
957 1366 191 201:5871:1659 1020 1512 1680 
967 324 1439 1343 994:4334:440 692 1168 1611 423 
1280 1529 1446 1336:4569:804 1200 708 1857 
1047 1469 947 1502:4183:1725 760 240 1458 
626 570 1246 1402:4167:960 1230 564 1413 
1060 312 561:3484:1512 1197 775 
501 1123 534 1250 873 617:7473:1024 1484 1818 1227 1302 618 
540 590 574 717 1327 85:8878:445 1364 2520 2094 1983 472 
282 1463 1207:3203:680 1476 1047 
32 1547 904 875 365 16 132:12941:1557 1696 837 2588 2223 2984 1056 
329 19 1064 1341 72 1014:7418:658 1218 416 2568 2008 550 
839 369 1045 1201 905 622 579:8118:234 1636 1342 2604 1296 438 568 
296 1450 822:2949:348 1605 996 
359 1180 525 1401 1490:4802:696 1418 1596 564 528 
821:993:993 
332 808 1031 575 1384 76 1551:6548:822 729 872 1046 1824 604 651 
339 1454 945:4403:1052 2031 1320 
152 202:2340:1425 915 
751 2:1306:758 548 
1465 1461 285 296:3851:1572 944 987 348 
1202 1158 515 486 1535 1185:6704:1514 717 1041 860 2036 536 
1241 626 969 1098 16 653:7975:1767 960 966 526 2238 1518 
567 217:1680:1302 378 
1095 147 463 633 57:2885:864 342 687 552 440 
1465 1062 434 124 1266:5174:1572 1302 801 824 675 
4 919 1155:4815:1842 1485 1488 
203 852 636 432 1295 1146:7088:484 528 1976 1640 1041 1419 
349 1185:2800:1728 1072 
226:396:396 
409:2205:2205 
623:1352:1352 
1182 380 1442 1226 1022 1472:7008:816 944 915 2284 870 1179 
1476 939:1727:1179 548 
30 1559 1049 700:6043:494 1124 2904 1521 
1402:1413:1413 
204 454:1368:879 489 
104 487 497 1013:5253:2013 1428 1011 801 
1263 620 177 81 1290 1406:5713:483 268 1284 1540 1926 212 
1300 218 441 1543:4871:792 1755 408 1916 
690 1460 684:2265:508 1245 512 
14 1301 353 669 426 263:6762:662 704 1232 1705 440 2019 
976 972:1836:651 1185 
217 706 24 527 1536 161:5162:252 1965 614 1281 468 582 
17 772:3129:1677 1452 
464 753 137:4504:1887 736 1881 
703 154 337 414 770 408:8891:2264 1095 420 1972 1456 1684 
1362 453 237 447:5313:819 2008 1476 1010 
112 1000 184 594 977:5269:400 1488 2524 440 417 
817 521:3090:1140 1950 
376 825 675 725:4964:1260 1581 1340 783 
405 1335 1025:3072:1282 1272 518 
160 1035 1125 576:5050:1860 808 1732 650 
931 1541:3140:1044 2096 
1116 1365 1282 1172:4356:984 294 2046 1032 
1305 369 1338:2742:312 1227 1203 
203 1532 1089:2568:363 777 1428 
499 4 1346 1045 1494 1345:7980:1006 1228 1296 1342 939 2169 
44 400 37 1059 337:6196:2408 1104 924 1200 560 
377 427 410 553 1163 1479:5324:1236 1152 940 712 450 834 
513 1549 547 118 1299 630:6549:321 1180 820 1096 1572 1560 
1339 97:900:476 424 
983 873 391:1907:304 868 735 
420:1236:1236 
327 1362:1023:204 819 
809 926 1163:1338:723 315 300 
67 930 780 830 813 543 1152:8776:1316 846 2168 1347 807 867 1425 
960 623 1393 617 81:5589:1203 1014 1008 824 1540 
990 1133 184:5815:2376 915 2524 
1166 1455 840 1183 168 230 867:6597:1245 934 1088 891 663 702 1074 
1440 731 448:4420:1002 2888 530 
1453 970 1407 604 1253 1037:5440:1776 1680 230 452 990 312 
445 535 1544 169 245 601:8057:1240 1980 1040 1520 1116 1161 
285 69:1788:658 1130 
512 375 1078 462 391 934:5356:1050 1260 936 760 735 615 
438 808 165 1280:3706:1047 729 590 1340 
117 7 1082 1105:5893:1482 1896 1444 1071 
986 609:4071:2580 1491 
337 826 143:2331:280 662 1389 
1136 560:2026:1324 702 
114 137 892:3231:336 1881 1014 
410 420 936:3414:705 1236 1473 
734 823:3351:366 2985 
960 1543 1073 191 760 51:6812:1203 1437 1314 1008 1340 510 
1000 1010 1526 1216 800 1077:8847:1488 1431 897 1158 1764 2109 
1356 886 4 160 1423:7340:861 1677 1842 1116 1844 
1036 1512:1819:1528 291 
1506 836 21:5220:2544 952 1724 
1552 1202 1319 1556:6589:1488 3028 600 1473 
717 328 977 760 557 1420:5610:1396 699 417 1340 486 1272 
1170 1353 1016 228 1010 473:5504:1446 1209 928 592 954 375 
1284 1307 504 9 1350 1147 38:8654:1434 988 1360 2120 510 1032 1210 
941 764 441 930 248 338 1346:7764:2277 1989 204 1128 450 420 1296 
389 1077 329:4077:981 2109 987 
551 123 1304:4210:2508 1450 252 
156 1431 1387 745 302 206 1414:10597:510 2800 1314 616 3120 1472 765 
88 791:1632:453 1179 
32 1467 331 1367 364:7874:1038 2082 2040 1926 788 
12 1327 1165:4404:882 1983 1539 
378 1481 732 981:3103:832 1035 528 708 
782 965 628 1398 622 85 921:8344:1660 852 948 2364 584 944 992 
1158 1075 1378 896 918 116:8404:717 558 584 2024 2244 2277 
53 542 1418 1507 958 1141:5266:1286 810 558 1324 792 496 
190 107 1554 1072 1508 706:9543:2205 1280 1512 688 1893 1965 
1548 173:1307:512 795 
1043 999:3180:1172 2008 
53 1461 1511 1495 1224:8315:2572 1416 711 2672 944 
692 729 59 802 1212 36:5070:891 999 476 1032 412 1260 
1085 841 679 76:3635:788 1388 855 604 
427 290 993 377 306 849 1325:12466:1536 1264 3020 1648 3004 1184 810 
1248 1192 310 466 1315:5927:1866 712 399 1554 1396 
896 1439 1502:4922:1518 1460 1944 
1185 823 287 1123 187:4163:804 1194 576 1113 476 
1162 1212 1196 1339 391 707 464:7340:828 309 1665 714 980 957 1887 
1420 217 1000 877 1299 777:9832:1272 504 1984 1176 2096 2800 
195 244:4300:1750 2550 
794 45:948:657 291 
1114 298 708 1091:7345:1902 2068 1386 1989 
931 221 1496 309 1224 781 271:8574:1044 1926 894 1384 944 1516 866 
904 501 1016 1120 704 567:5739:558 1024 696 963 1196 1302 
944 1526 1470 588 744 35:7309:350 1196 1311 828 2884 740 
697 1080 1091 48 1297 881 1157:9457:702 1592 1326 1468 1264 1062 2043 
741 165 1534:2302:423 885 994 
811 1448 578 1387 79 1457:9533:1032 2220 1664 1971 732 1914 
119 1021:2155:1263 892 
1161 1331 755 152 1148 678 1354:11800:2688 1497 2715 950 2016 1332 602 
725 1468:1422:522 900 
53 929 1018 469:3688:1929 300 495 964 
825 1435:3022:1054 1968 
1162 1079 969:3464:1104 1716 644 
539 1281 1277:4327:1348 1557 1422 
1254 905 1021 844 522:5205:1388 1296 446 1196 879 
299 322 1077:4061:942 1713 1406 
212 595 605 1121:6866:1204 822 1716 3124 
1511 1468 825 796 286 1495 53:8986:711 900 1054 964 756 2672 1929 
153 1401 985 1262 1551 935:5377:984 846 540 429 434 2144 
290 966 1122 826 543 500:5684:948 1386 435 662 867 1386 
1371 743 433 17 1438 583 1525:9377:1401 489 1026 1677 984 852 2948 
1046 1362 1119 957 354 936 880:9374:963 819 2416 1106 838 1964 1268 
830:1347:1347 
1498 443 1452 757 420 1190 414:8036:1688 456 2200 478 1236 992 986 
1542 672 1482 173 90 394 1469:5283:350 1260 354 795 276 1108 1140 
437 407 1456 1106 1223:4513:698 1178 1017 1156 464 
680 570 87:3461:795 1640 1026 
819 4 414 796:4813:1503 1842 986 482 
584 488:2349:1467 882 
1253 1303 1287 1016 68 384 554:8704:1320 372 744 696 3090 194 2288 
1000 211 993 871 1293 771:6832:1488 1020 1510 1413 834 567 
285 335:4032:1316 2716 
884 136:3585:1470 2115 
1180 419 15:4832:2127 1875 830 
747 425 914 231:5666:1053 753 1868 1992 
1147 943 1393 1243 1293 1276:5460:1032 856 1008 678 1112 774 
860 138 760 172:5166:1816 988 670 1692 
271 854 384 1060 72:5152:866 882 388 1008 2008 
485 774 158 502 631:5215:778 1398 849 1767 423 
98 2 1211 1327 1151 414:7828:1044 411 2085 1983 333 1972 
362 1464 715 965:5577:2148 1656 921 852 
482 905:1840:544 1296 
1387 1504:2829:1971 858 
1038:274:274 
1162 945 742 47 1358 1408:7985:828 1320 1365 932 1536 2004 
1538 1201 413 1195 659 1495 559:11385:2524 1953 880 1011 1584 1336 2097 
692 715 1470 975:5787:1188 921 874 2804 
122 1424 609:6356:1576 2792 1988 
838 954 778:3741:1344 999 1398 
95 545 395 445 428 572 1181:5882:777 510 1179 1240 384 874 918 
1008 232 109:3322:483 1359 1480 
103 1191 309 465 169 1445:6596:845 780 1384 1680 1520 387 
102 805:2853:1254 1599 
45 1481 345 1381 378:5607:291 1035 2065 1592 624 
1487 1244 1081:3309:510 663 2136 
169 392 1494 746 995:6099:1140 708 939 2892 420 
1345 795 979:6304:2892 528 2884 
1257 1068 92 36:4430:1584 1584 632 630 
1298 283 346 982 113:6351:774 1479 1164 1695 1239 
389 67 556 1431 1521:5526:654 987 1818 1680 387 
1055 1265:985:574 411 
936:1473:1473 
453:1004:1004 
1306 929:1230:930 300 
243 1146 463:3604:1269 1419 916 
1456 879:1281:678 603 
43 1212:1438:1232 206 
576 266 1408 1271 416 1358:10025:390 891 2505 3405 1298 1536 
456 826:2294:970 1324 
410 460 443 173:3480:940 568 912 1060 
237 753 856 440 303:5838:1476 736 1356 378 1892 
1046 1002 773 330 1379:5064:963 1022 360 2043 676 
1185 436 686 603:5337:1072 1485 1660 1120 
843 1199 837 300 1137 201:7220:976 1431 596 1653 1304 1260 
980 764 974 1423 1273 1226:9944:1256 1989 568 1383 3035 1713 
1433 231 1013 891 1313 791:11296:1892 1992 1068 1860 2912 1572 
577 787 1236 1087 1136:6048:1443 849 1232 1200 1324 
317 354 1243 427:5575:1266 2095 678 1536 
350 67 438 1353:3833:939 987 698 1209 
135 25 1100 1123:4659:2283 837 426 1113 
907 531:2172:1848 324 
258 747 65:2952:912 702 1338 
1057 481:2215:556 1659 
58 814:1953:1311 642 
505 794 178:2312:1172 438 702 
655 744 195 378 455 811 449:10392:828 2884 700 832 1344 1032 2772 
804 694 212:4695:1544 2248 903 
153 1041 226 635 1018:3177:984 393 528 777 495 
858 562:1064:840 224 
1085 868 1078 1528 1378 1428:8698:1182 1998 936 866 584 3132 
438 315 738 216:4771:1047 712 1026 1986 
871 1453 1397 515:6068:942 2368 1370 1388 
1004 1547 465 688 232 1041:8190:1725 1272 1680 1308 1812 393 
1555 1111 602 252 369 192:7054:2088 576 1592 1422 818 558 
1251 36 579 641 1278 409 1218:10951:2632 630 426 2226 1068 2940 1029 
815 173:1314:519 795 
258 108 158 141 285 894:5495:608 750 566 2148 987 436 
1310 934:3343:2728 615 
714 365 481 304 1126 471 1346:9318:1916 2223 1659 975 669 580 1296 
277 754 976:3429:1832 946 651 
1097 1519 997 1552:4452:1206 468 1290 1488 
774 718 1394 1550:5549:1864 1305 916 1464 
1111 362 611:3048:288 2148 612 
551 1173 584 1300 924 668:9983:2508 1664 1467 792 1506 2046 
838 688 738 721 865 1474 232:10298:1792 1744 1026 1740 1479 1158 1359 
305 1141:3776:2536 1240 
182:1023:1023 
1172 462:2688:1548 1140 
985 768 978 1428 1278 1328:7809:405 1488 900 1566 2136 1314 
1438 236 1018 895 1317 795:5860:984 1284 660 476 1752 704 
582 792 1241 1091 1141:7674:2079 1269 1178 2652 496 
322 359 1247 432:5449:1713 1160 936 1640 
1064 355 72 442 1357:4277:416 536 1004 1251 1070 
722 1531:1975:1587 388 
256 1411:2370:1380 990 
69 572 23 206 1428 639:9636:1130 1748 1288 1104 3132 1234 
316 620 137 160 915 420 204:8612:708 536 2508 1116 1629 1236 879 
1175 853 1342 659:7460:951 2025 2900 1584 
493 942 792 842 826:8058:1944 1221 1692 2208 993 
534 157 1046 230 640:6455:1818 1016 1284 936 1401 
30 706 862:4420:988 1965 1467 
701 591 108 131 440:3611:572 618 750 1293 378 
302 724:4140:2496 1644 
1323:1653:1653 
954 1537 1481 501 658 1506:7144:666 2028 690 512 1976 1272 
1208 1071:3557:1581 1976 
1021 232 1015 478 1314 378:4939:669 906 814 1560 366 624 
509 13 1355 1151 43 1451 1501:5604:984 950 240 333 616 972 1509 
1351 1534 53:4838:921 1988 1929 
592 1268:2642:1832 810 
1531 183 633:1581:291 876 414 
693 982:3328:1068 2260 
556:1212:1212 
932 383 566:3537:1104 1464 969 
94 1182:1532:444 1088 
1301 912 3 466 676:4936:352 962 326 2072 1224 
1471 336 1372 369 1085:5744:870 404 2470 818 1182 
1162 1478 1234 1072 469:4115:828 1419 216 688 964 
1019 616 1132 1236 820 682:6337:1364 1012 1248 1848 532 333 
1059 83 27 703 859 150:9622:800 2932 1964 1698 1024 1204 
1272:1736:1736 
707 330 74 817:5108:638 2724 891 855 
879 1449 740 457 413 1329:6268:603 600 1464 1215 1760 626 
594 1536 321:2002:440 702 860 
653 743:1501:1012 489 
563 1 1089 207 363 68:6706:954 1599 952 693 1272 1236 
1113 613 1543 1233 817 680:5411:381 1056 1916 408 855 795 
198 1153 178 121 797 953 244:8636:696 294 702 2264 1636 2024 1020 
24 327 71 814 810 48:5705:614 306 2024 963 330 1468 
906 1050 101 417 174 1156 966:9007:348 952 390 2535 1570 1364 1848 
1359 517:2865:996 1869 
697 348 464 288 1523 454:5964:702 696 1258 1635 1184 489 
737 1373 504 1313 5 1480:8412:460 2756 1020 2184 1206 786 
141 1044:3032:2148 884 
1184 1354 778 175 1171 701 1377:10107:1900 903 1864 1472 2664 286 1018 
651 1394:2124:292 1832 
855 944 395:4088:1816 700 1572 
1457 216 1530 1368 765 1347:8100:1914 1986 960 1282 730 1228 
1497 1241 426 422 1218 815:9135:2488 1767 440 2892 1029 519 
29 1344 767 578 1160:4135:1014 554 795 832 940 
695 984:1920:1340 580 
971:1545:1545 
934 385 568:4174:820 858 2496 
1168 193 1281:5418:1488 2892 1038 
925 1174 1091 981 498:6405:453 1248 2652 708 1344 
1158 1235 32 815:3475:717 1028 1038 692 
795 869 292 1247:3451:352 1188 975 936 
606 1548 1477 462 939:5379:1497 384 2084 1140 274 
982 246 1149:4041:1695 1863 483 
730 460 1069 1385 1142:4648:618 852 214 1293 1671 
426 942 1046:2600:330 1628 642 
1475:2124:2124 
283 1398 889 539:6940:986 2364 894 2696 
416 1492 1515 712 217 1558:6390:1947 828 396 1518 504 1197 
353 709:1136:924 212 
10 580 1429 1146 1102 459 430:8054:1315 1856 954 946 1017 590 1376 
830 1346 1036 620:2794:898 864 764 268 
101 923:770:260 510 
956 394 1482:3663:657 2770 236 
1376 1293 1183 700:4320:1284 834 1188 1014 
794 1349 507:5482:657 2615 2210 
1099 590:2407:1725 682 
681 997 754:5596:2070 2580 946 
1363 907 158:2772:974 1232 566 
381 1097 720:2511:1263 804 444 
1533:1784:1784 
828 984:893:458 435 
1210 994 790 1240 1090:5061:1014 423 284 1676 1664 
704 116 831 455 199:5949:598 2277 542 1344 1188 
981 405 215 798 328:3890:472 1282 423 1014 699 
621 5:1563:759 804 
1073 644:3099:2628 471 
728 378 495 318 1140 484:7715:1125 624 648 1380 1940 1998 
767 990 534 1343 35 1510:9634:1060 1782 2424 2148 1480 740 
908 172 1074:3684:375 1692 1617 
288 898 1214 971:4082:1635 939 478 1030 
321 1024 409 338:7565:1290 3020 2940 315 
1251 568 1072 522:8334:3290 2496 1376 1172 
878 1488:1912:1086 826 
801 718 1022:4199:2024 1305 870 
1527 1271 456 452:7085:1830 2043 1940 1272 
150 1065 1036:3963:1806 1011 1146 
349 998 782 992 1441 1292:7397:1296 892 1660 945 714 1890 
249 1032 909 1331:4895:1188 300 912 2495 
785 223 1311:7542:1592 2940 3010 
1121 1011 529:6638:3124 2284 1230 
1261 445 855 1238:5021:348 2480 1362 831 
418:1794:1794 
582 420 1375 399 343 1019:7478:2079 1236 798 495 824 2046 
486:645:645 
925 549:1591:604 987 
276 765 83:4311:2115 730 1466 
1075 499:2067:558 1509 
151 174 929:2714:1572 942 200 
63 446 457 972:5963:1074 2094 1215 1580 
1222 579 550 41 1249 1366:6223:1293 284 1736 300 1080 1530 
1259 177 814 1502:4716:1167 642 963 1944 
1063 1419 643:2935:1126 453 1356 
876 581:1658:606 1052 
454 1103 887 1097 1546 1396 1446:7196:326 904 1384 1206 324 2108 944 
201 1076 1166 617 800 463:8610:2100 1160 2075 824 1764 687 
633 656 267 916:5936:414 2852 320 2350 
161 1463 647:3537:873 1107 1557 
244 15 1130 620 271 387 210:8088:1530 1245 1192 536 1299 1401 885 
327 1269 54:4143:306 2331 1506 
79 1100:1016:732 284 
1331 725:2280:1497 783 
1132 888:1250:936 314 
1494 1011 1448:4559:626 1713 2220 
1025 1435 260 270:5084:1036 984 1412 1652 
1079 1035 393 1508 1412 1062:6082:858 606 400 1893 1023 1302 
1119 503 432 975 1451 116:9072:1812 969 1640 1402 972 2277 
1321 811 462:4527:1323 2064 1140 
483 466:3010:1456 1554 
1032 283 533:3419:200 1479 1740 
569 1191 603 1318 942 686:7171:2188 1560 672 534 1221 996 
759 609 659 642 786 1395 153:9141:1328 1491 1584 1495 531 1728 984 
323 1159:5308:2528 2780 
200:1443:1443 
384:291:291 
1199 1249 1232 1376 427 743 500:8442:1908 810 645 1284 1920 489 1386 
1456 254 1036 913 1336 716:8420:1356 436 1528 1312 2476 1312 
231 281:3820:1992 1828 
830 81:2053:898 1155 
1130 1539 364 1519:5650:1192 2652 1182 624 
423 74:1991:1100 891 
78 1365 417 733 490 327:5195:1149 392 1521 1041 888 204 
943 939:1695:1284 411 
184 673 1548 494 1502 128:5763:1262 1437 256 1050 1458 300 
81 836:1631:1155 476 
431 720 104:3333:728 592 2013 
670 121 304 381 736 374:8025:1280 1698 975 1684 1584 804 
671 1426 517 301 511:6366:1620 2205 1869 288 384 
455:1008:1008 
295 1170 1260 711 894 971:6633:2356 964 390 1566 327 1030 
825 847 458 1107:5822:1054 2043 789 1936 
1474 631 668 1557 741:4564:772 282 2046 900 564 
83 1479 875 598 542 1218:8983:2932 556 2588 798 1080 1029 
532 1329 925 1441 1545:4730:1382 939 453 714 1242 
1169 459 177 133 1462:4682:2264 472 1284 408 254 
1255 41 584 646 1282 413 1222:7576:735 300 1467 657 1364 1760 1293 
80:2055:2055 
590 400 983:2183:1023 552 608 
315 1003 254 504 421 310:3368:534 429 327 680 1132 266 
1280 543 1446 764:4604:804 867 944 1989 
1047 897 947 930:3530:2300 306 360 564 
724 95 1344 927:4157:2192 777 831 357 
75 312 1133:3493:372 1596 1525 
301 618:1352:288 1064 
1337 29 1504 1393 911:3881:309 676 1144 1008 744 
547:1230:1230 
1446 1269 947 1436:3495:472 2331 360 332 
490 939 789 839:4555:888 411 2788 468 
923 933 1449 1139:5386:765 2500 450 1671 
1056 1026 517 167 284 107:4734:1012 774 1246 318 744 640 
1435 513 1202 453:5467:1476 214 2271 1506 
1119 343 220:3528:1812 824 892 
873 311 1399 517 576 280 1555:9056:1302 1242 1570 1246 390 1740 1566 
1326 922:2823:1248 1575 
181 1190 1373 1036 248:4753:480 992 2067 764 450 
1490 1273 1070 375 225 275 258:10569:1056 1821 2004 840 2106 1222 1520 
838:896:896 
1194 844 961 784 461:6528:1662 2392 795 200 1479 
239 262 1017:2952:1173 747 1032 
151 534 545 1060:5902:1048 1818 1020 2016 
1007 657 774:3310:778 1134 1398 
364 214 264 248 391:4885:788 1044 1623 450 980 
1523 348:1584:888 696 
664 115 298 375:5806:951 590 2585 1680 
838 567 1177 1493 105:7966:896 1302 909 2259 2600 
938 534 1464 1154:5695:1204 1818 1656 1017 
628 118 1327 1443 122:5490:711 1096 1322 1179 1182 
1301 818 841:2406:528 490 1388 
1124:306:306 
1434 498 1467:3954:528 1344 2082 
375 332 103 1218:3372:840 822 338 1372 
1431 628:2154:1680 474 
512 1454:3606:1575 2031 
466 1088 499 1215:7909:2072 3160 1509 1168 
1182 712 1388 400 1248:7826:1360 2277 873 828 2488 
36 325 1268 53 182 658:8107:1260 1184 1080 2572 1023 988 
735 92 1207 1111:2986:540 474 1396 576 
336 225 1301 1324 935 26:5933:606 2106 352 1344 1072 453 
776 865 316 499 162:8109:2181 1972 944 1509 1503 
399 196 1059 909 959:5911:825 1824 1200 1216 846 
1162 347:1230:552 678 
1146 76 952 1455 906:6939:1419 1208 2096 1868 348 
143 1206 989 786 1235:7401:2315 2628 465 708 1285 
827 450:1736:528 1208 
1542:350:350 
577 533 1449 1419:3020:962 1305 300 453 
217 134 24 1099 1536 733:5114:378 922 921 1150 702 1041 
480 1355 1445 896 1079:5135:948 360 516 2024 1287 
935 546 1195 979 1189 80 1489:14120:2144 2004 1348 2884 675 3425 1640 
167 1070 388 477 1486 111:6326:212 2004 1251 620 963 1276 
1525 1136:3535:2211 1324 
1020 404:1020:294 726 
1282 560 1182 594 1309:7071:2728 936 1088 330 1989 
1192 1411 1168 591 402:3704:712 660 1488 412 432 
1065 755 339 616:3598:674 1629 789 506 
1458 1281 959 1448:6055:2172 1557 846 1480 
561 1210 994 1204 95 1503 1553:6322:620 676 282 1347 518 1563 1316 
1403 28 105:6127:1305 2872 1950 
1127 1297 721 118 1114 644 1320:8495:1856 948 1305 548 2536 314 988 
691 1434:1850:1146 704 
895 984 435:2655:476 580 1599 
1498 256 1473 1311 708 1290:9620:1266 1380 1816 1204 1386 2568 
1537 1281 466 462 1258 855:6981:1014 1557 1554 1140 354 1362 
1395 419:4755:2880 1875 
1139 1162 359 1422 1206:7364:2228 552 696 1260 2628 
1455 919 197 819 230:6738:1401 1188 1710 1503 936 
1148 1291 343 659 416 1398:11531:2016 1856 1236 2112 1947 2364 
1188 759 383 1271 455 865:8202:1364 996 976 2043 1344 1479 
180 1468 519 835 1006 430:6068:246 675 2103 1246 1110 688 
1045 1455:3881:2013 1868 
1022 286 1189 507 596 47 230:6584:870 756 270 1768 354 1864 702 
234 1336 587 837:6958:1884 2476 1704 894 
820 483 1253 477 1498 776:6682:266 1092 990 465 1688 2181 
1034 817 614 1063 913:7584:2116 1425 1370 1689 984 
1400 557 181 1483:2897:346 729 640 1182 
54 730 1300 591 308 264:7278:1506 618 792 618 1580 2164 
1076 660 936 1226 610:9218:2320 2024 982 2284 1608 
221:1284:1284 
404:968:968 
1316 1366 1350 1079 34 350 520:7354:414 1530 510 858 1252 626 2164 
1063 274 1056 934 1356 834:7311:1689 1442 1012 615 861 1692 
348 301:1312:928 384 
1403 948 199:2584:870 1120 594 
421 1137 760:3355:1698 652 1005 
844 615 172 1220 871:6414:1196 478 2256 1071 1413 
541 845:1785:1008 777 
668 1184 874 458:3746:1364 950 906 526 
1078:936:936 
911 202 1477 1434:3534:744 1220 1042 528 
438 355 924 441:2276:698 268 1004 306 
1513 378 1413 411 1540:5855:672 416 2568 285 1914 
864 594 1203 1520 132 1114 511:7192:897 440 1116 1269 1056 1902 512 
1001 159:2355:1407 948 
242 1450 9 246 1067 412:8007:1479 1605 1272 1863 1011 777 
695 918 462 1271 1521 1438:7867:2010 1683 760 2043 387 984 
1341 832 482 599 422 100 588:8086:1284 1683 408 820 2169 1170 552 
1531 249 539 1481 266 809 871:5776:291 891 1348 690 891 723 942 
1305 835 1511 523 1372:5526:208 1869 474 999 1976 
856 985 1461:4236:1808 540 1888 
1065 409 1285 1374 825:6934:1011 2205 1116 1548 1054 
939 962 573 1222 1006 1216 107:8162:548 654 2484 862 1110 1544 960 
1415:2148:2148 
1338 829 479:3579:1203 1197 1179 
500 483:2016:924 1092 
126 603 825 370 1179 1428:9133:1565 896 1581 510 1449 3132 
409 232 1468:3051:1470 906 675 
1441 26 636 952:6001:952 453 1976 2620 
446 1388:2967:2094 873 
400 1022 433 1149:3046:828 870 1026 322 
1213 743 1419 431 1279:4625:1082 489 302 364 2388 
763 893 1369:4335:1772 688 1875 
154 576 54:3121:1095 520 1506 
28 1543 900:5460:2872 1916 672 
185 834 617 827 1277:5450:420 2256 824 528 1422 
744 1166 644 1200 357 395:6612:2163 1245 314 682 1029 1179 
1294:1388:1388 
629 412:836:318 518 
735 1278:3216:1080 2136 
1334 1078:1977:1041 936 
1061 1550 868 1371:6701:1172 1464 2664 1401 
1131 1275:2255:1359 896 
372 1009 139 948 1198 1115:12002:2944 1668 642 2240 2640 1868 
1335 826 476 593 416 93 582:9394:848 1324 1968 700 1947 528 2079 
962:654:654 
480:632:632 
1332 956:1041:384 657 
270 1172 490:3971:1239 1548 1184 
1482 906:702:354 348 
144 167 1336:2457:282 318 1857 
61 471 853 450 1380:7036:540 435 2025 1208 2828 
537 693 1542 1259 71:5567:1353 712 700 778 2024 
30 1133:1409:494 915 
1428 667:5060:3132 1928 
480 983 434 617 280:4286:948 608 1068 618 1044 
762 613 663:3852:2154 1056 642 
1369 1059 643 920 1209 593 936:8236:1875 800 1017 548 1473 1050 1473 
1486 1296 321 1409 527:4916:963 1425 1290 384 854 
401 91 1233 1413 144 1086 1429:9567:260 1512 408 2568 470 1964 2385 
1094 518 1473 911 441 1117:7041:1406 980 908 1488 204 2055 
894 584:1903:436 1467 
72 1507:2168:1506 662 
86 1361 173 1088 645 135 1344:11425:1635 1650 530 2528 2452 1522 1108 
1044 2 106 1248 1111 256:9114:442 685 2605 3110 432 1840 
676 393:2436:1836 600 
1524:708:708 
549:1316:1316 
1375 160 703 765 1402 532:6985:798 744 1698 730 942 2073 
267 1316 966 1083:3534:640 690 1848 356 
1139 230 13 224:4141:1114 702 1425 900 
679 1422 273 656:3650:570 840 814 1426 
593 298 15 1529 886 443 348:9881:1050 2585 830 1800 2236 684 696 
909:912:912 
344 381 1269 454:4955:872 1263 2331 489 
1342 700:3696:2175 1521 
1299:2096:2096 
633 417:1428:414 1014 
739 1282:4456:1728 2728 
1338 1082:2286:1203 1083 
1066 1555 872 1376:6557:2160 1566 1868 963 
1136 1279:5036:2648 2388 
377 1013 144 953 1203 1119:9245:1648 1068 188 2530 1395 2416 
1340 830 481 597 420 98 587:8352:938 1347 1659 992 1236 1044 1136 
967:220:220 
484:1332:1332 
1337 960:1409:206 1203 
371 1177 495:2025:252 909 864 
1413 26 1008:2701:1926 453 322 
221 1324 575 825:8291:1926 2688 1569 2108 
1349 561 1343 1220 85:5961:1569 465 2148 1071 708 
588 571 301 910 1227:4741:828 672 192 1408 1641 
1433 671 268 784:4260:1419 1620 921 300 
901 458 1507 1157 1274:6052:1092 526 662 2724 1048 
731 1035 552:3298:2166 808 324 
1284 469 465 847:5880:1434 723 1680 2043 
1048 539:2530:1182 1348 
605:1716:1716 
1165 362 1011 795 1005 1454:14546:2565 3580 2284 704 2028 3385 
1205 1388 1464 262 1044 922:6522:996 582 2208 498 663 1575 
37 486:1261:616 645 
220 149 692 1168 1391:5563:1338 1434 891 1488 412 
1212 476 1378 696:3290:206 1968 584 532 
1414 1198 994 299 150 200 183:9111:765 1980 423 942 1806 1443 1752 
778 96 599 50 233 1454 666:10529:932 804 2050 2115 1428 2708 492 
37 1512:1215:924 291 
1250 1246 71 81 597 287:6995:1227 1128 1518 770 1488 864 
1204 734 1410:2576:898 366 1312 
627 544 434 1509 388:5128:900 1050 801 1126 1251 
1044 268 145:1850:442 614 794 
797 236 1324 442 598 302 19:11505:1227 963 3360 834 798 2496 1827 
1251 847:4698:1974 2724 
1018 1201 864 76:3787:330 1953 598 906 
80 1395 1232:3958:1370 1728 860 
223 446 1548 799 1049:10658:1764 2792 384 2088 3630 
895 1399 849 1032:1858:238 628 592 400 
1302 354 670:4320:1364 1676 1280 
1352 337 400 1036 167:3931:1359 280 828 1146 318 
443 121 610 1485 17:5557:456 1698 1206 520 1677 
1206 1416:2348:1314 1034 
990:1188:1188 
507:884:884 
1360 983:1312:856 456 
297 1200 517:4004:489 1023 2492 
1510 933:2430:555 1875 
171 194 1363:4242:1587 1194 1461 
88 498 881 477 1407:4174:604 1344 1416 465 345 
565 721 11 1286 99:6645:504 1305 2756 356 1724 
1393 58 1160:3259:1008 1311 940 
1322 600 1223 634 1349:6569:1806 1320 464 1410 1569 
817 1426 184 1499 923 734:7204:855 2940 1893 762 510 244 
1307 492 488 870:4116:741 999 1323 1053 
465:1680:1680 
1513 1324 348 1436 554:5528:1008 2016 696 664 1144 
1457:1914:1914 
1078 1460 1471:3466:936 1660 870 
811 129:2664:1548 1116 
1500 938 468 1144 1300:4752:904 1204 1272 316 1056 
58 761 146 75 618:5056:874 867 2145 372 798 
182 1231 881 998 1235 499:7764:1364 2109 1062 446 771 2012 
23 272:4426:966 3460 
306 1460 418:5292:2253 1245 1794 
622:438:438 
668 439 1554 1044:7213:1364 3170 2016 663 
965 469:1334:852 482 
282 559 848 232 575:7207:510 2097 1672 1359 1569 
76 1285 1401 1224:3666:906 1488 564 708 
548 332 542 991:6872:2750 1233 1080 1809 
1082:1083:1083 
978 456 1012:4376:900 1940 1536 
333 290 1205 762:5385:789 948 1494 2154 
1448 1338 856 879 489:9031:2960 1604 2260 603 1604 
1275 487 1269 1146 10:7192:448 1428 3108 1419 789 
497 227 836 1152:3756:1348 744 714 950 
963 347:2028:1350 678 
737 148 864:3777:460 2121 1196 
342 1457 947:2232:596 1276 360 
937 733 1183 1033 1083:6794:2788 1388 891 1460 267 
677 301 45 787:3209:1112 480 485 1132 
850 1420 710 428 384 1299:4561:702 1272 992 256 291 1048 
564 1507 292:2472:504 993 975 
1240:838:838 
204 1107 425:4112:1172 1936 1004 
1417 841:4176:2788 1388 
102 1271:2616:1254 1362 
451 1154 539:5348:1296 1356 2696 
1171 395:2784:1998 786 
1477 1194 6 921 478 1527:8216:2084 1108 642 992 1560 1830 
1129 1058 43 519:6961:1407 1518 1232 2804 
1328 991:3123:1314 1809 
1218 509 226 182 1511:4841:1372 1312 660 1023 474 
871 1414 598 1235 365 1174:9371:1413 1020 798 771 3705 1664 
911 882 372 23 139 1520:8996:1116 1425 3680 966 963 846 
1364 1493 412 1048 179 988:9254:894 2259 1036 1576 1593 1896 
1501 1058 962 613 729 552:7421:2012 2024 654 1408 999 324 
769 20:1830:306 1524 
1068 1478 303 1457:6105:1188 946 1419 2552 
533 90 1138 789:6980:1740 552 1900 2788 
250:2072:2072 
256 1359 610 859:4810:1840 996 1206 768 
843 506 1276 500 1521 799:7810:976 2070 774 1386 516 2088 
1056 840 636 1086 936:7031:1518 1088 988 1964 1473 
1423 580 204 1506:5394:922 1392 1172 1908 
1492 1209 1165:4116:1104 1473 1539 
1365 456 240 450:3874:294 1940 432 1208 
905 90 500 882:4059:1296 414 924 1425 
477:465:465 
1019 457 1545 663:5964:2046 1620 1656 642 
1223 1152 137 613 836 380 1189:6785:348 950 1881 1408 714 944 540 
1312 603 320 690 47:5210:1140 896 1226 1016 932 
1426 970 221:3874:1470 1120 1284 
444 1160 783:4160:1368 940 1852 
866 638 195 1243 893:5186:1346 1246 1400 678 516 
564 868:2376:378 1998 
691 1207 897 481:4751:2292 1047 306 1106 
1153 804 920 744 421:5060:196 1158 411 2163 1132 
977:417:417 
271 960:1668:866 802 
1259 111 494:3742:778 1914 1050 
1510 1334 597 1500:4936:555 1041 1984 1356 
441 651 1101 951 1001:4320:306 584 1012 1480 938 
181 219 1107 292:4555:320 1808 1452 975 
312 29 399 1314:2907:1197 1014 330 366 
1447 965 988:4425:1677 852 1896 
116 1271:3561:1518 2043 
298 1068:3256:2068 1188 
525 1373 1091 1047 818 375:7333:1064 1378 1326 1150 735 1680 
980 564 841 1130 514 858 1400:9116:1256 378 1735 1490 1292 2100 865 
1427 545 1115:4949:2316 765 1868 
1238 1127 645 1082 279:7779:831 1856 2452 1083 1557 
276 1058 935 1358:6608:1410 1518 2144 1536 
1112 536 1491 929 459:6282:2728 710 2290 200 354 
136:1410:1410 
326 1041 1079 409 1152 3 386:10965:1784 393 1287 3675 1900 326 1600 
130 993 843 893 876 606:7429:1266 2265 976 516 909 1497 
583 46 883 1505 916 73:7755:568 1887 1094 1533 1410 1263 
392 243 292 276 419:5376:472 1269 975 1410 1250 
1551 376:2968:868 2100 
692 143 326 403:5635:891 1852 1784 1108 
866 1009 61 377 134:7172:2019 1668 405 1236 1844 
966 976 1492 1182:3681:1386 651 828 816 
656 560 211 327 150:5503:2139 936 1020 204 1204 
1329 846 869:4457:1565 912 1980 
1173 1556 1152:4162:1248 1964 950 
907 224:2448:1848 600 
717 661 1337 1396:5899:2792 1320 206 1581 
1054 305 555:4580:538 1902 2140 
494 1116 528 1243 867 611:7154:1400 2460 704 904 1074 612 
1445 31 640 957:4248:387 801 1401 1659 
1296:1425:1425 
341 1056 680 424 1167 1163 1545:7264:948 1518 530 1124 1452 450 1242 
594 444 397 380 524:3955:220 1368 747 708 912 
1343 195 577:4104:1611 1050 1443 
1497 1320 584 1486:5324:1244 1482 1956 642 
428 638 1087 937 987:7320:512 2492 600 2788 928 
265 302 1190 375:8023:1983 3120 1240 1680 
298 15 385 1301:3896:1551 1245 572 528 
1434 951 974:2382:704 1110 568 
199 1354:1497:594 903 
12 516 1524 150 1371 582:7680:588 1324 708 1806 1868 1386 
466 1541 6 761 266 50:7703:1554 1048 642 1156 1188 2115 
1384 1473 924 1107 1184 1540:7857:1368 1816 1004 968 1425 1276 
1423 941 1377 575 1224 1007:7599:1383 2277 1018 1046 708 1167 
416 505 1514 139 216 572:9112:1298 1465 444 1284 3310 1311 
353 136:3039:924 2115 
995 579 442 1145 529 459 1002:7007:840 710 1668 846 820 590 1533 
26 1422 819 1401 1345 463 619:8656:453 1680 1002 1128 2169 916 1308 
1309 466 90 1392 577 573:8749:2652 1554 276 480 1924 1863 
1348 1492 543 859 616 40:6905:1900 1104 1156 768 1012 965 
1461 1205 390 386:7860:1888 1992 2780 1200 
902 873:1414:546 868 
1305 357 673:3257:312 1029 1916 
1452 23 500 1136 267:6468:1650 966 1386 1986 480 
543 1365 710 27 117:4369:867 294 744 982 1482 
1209 1419:1435:982 453 
769 140 1388 972:3456:408 990 873 1185 
217 454 1275:1376:378 326 672 
1392 443 759:2216:640 912 664 
570 1512 1442 427 903 1126 670:8916:2050 388 1525 1152 1852 669 1280 
108 784 941 231 1506 1463:9178:1125 400 2277 1992 1908 1476 
148 1396 980 1257 1546 930:6495:1414 1581 1256 792 324 1128 
285 961 1531 821 538 495:3635:987 795 291 662 468 432 
578 1520:2094:1248 846 
1351 215 1251 249 1378:4862:921 423 2632 594 292 
432 1041 1357 1528 952 349:5596:820 393 1605 866 1048 864 
9 419 802:4586:1272 1250 2064 
1288 1405 84 905 250:6641:1335 338 2550 864 1554 
683 706 317 966:5899:1242 1965 844 1848 
113 1415 599:4617:1239 2148 1230 
1451 1101 1218 1041:4024:1296 1518 686 524 
779 562 359 808:2734:1336 448 464 486 
1484 1228 413 409 791 802:8148:252 1251 1320 2205 1572 1548 
1425 477 793 549 1531 1342 366:8857:1532 620 1524 987 291 2175 1728 
866 1288 766 1321 893 516:6303:2692 1068 324 882 344 993 
280 330 314 43 653:6673:696 2043 678 1232 2024 
436 1179 31 414 10:5922:1188 1932 534 1479 789 
1133 1076 194 350 1199 916:10350:915 2320 2388 939 1908 1880 
1220 804 667 1370:5953:1071 1544 1928 1410 
1393 1509 1332 1010 1499 816:5232:672 1126 512 954 762 1206 
590:682:682 
480 769 153 497 1039:4045:632 306 1968 674 465 
507 1555 1206 1322 1146 823:12172:1768 1566 2628 1806 1419 2985 
770 1459 710 960:4712:1092 1024 992 1604 
477 900:2455:775 1680 
238 354:2364:1107 1257 
751 175 1130:4975:1137 2944 894 
724 947 491 1300 1550 1467:8590:1644 360 1920 792 1098 2776 
129 1031:1491:837 654 
1171 927 765 162 744 688 1364:11205:1998 357 1825 1503 2884 1744 894 
1144 555 1271 894 638 1381:6919:474 1070 1362 327 2492 1194 
984 741:858:435 423 
202 1277 1300:2614:610 948 1056 
1190 15 25:2299:496 1245 558 
1508:1262:1262 
543 499 1415 1385:5243:578 1509 1432 1724 
183 100 1548 1065 1502 699:7183:1752 1560 384 674 1458 1355 
81 264:3163:1540 1623 
1416 1133 1089:4158:1034 1220 1904 
1289 380 164 374:3581:702 708 1635 536 
14 424 806:3399:993 562 1844 
1293 1409 88 910 255:3386:1390 192 755 704 345 
687 710 321 970:4447:603 744 860 2240 
117 1419 604:2613:1482 453 678 
1455 1106 1222 1046:5601:1868 1156 1293 1284 
783 567 363 813:4762:1852 1736 636 538 
1489 1233 417 413 796 806:6759:656 408 2028 1320 964 1383 
1430 481 797 554 1536 1346 371:10853:2404 2212 1227 1716 936 1728 630 
870 1292 770 1326 897 521:8470:1404 2520 1456 936 204 1950 
285 335 318 48 657:6924:987 2037 920 1468 1512 
441 1184 35 418 15:5612:408 1425 740 1794 1245 
1040 984 102 258 1107 824:6340:514 580 1254 912 1452 1628 
1224 808 671 1374:5388:708 972 2160 1548 
1397 1514 1337 1014 1503 821:4084:548 444 206 330 1563 993 
595:548:548 
485 774 158 501 1044:4200:778 1398 849 512 663 
512 2 1210 1327 1150 828:7983:1575 411 1352 1983 1746 916 
775 1464 715 964:5509:525 2208 1228 1548 
482 904:1660:544 1116 
243 359:1965:1269 696 
659 82 1037:3860:1584 1964 312 
729 951 496 1305 1554 1374:8309:1665 1850 298 416 2016 2064 
36 939:1219:945 274 
835 672 69 652 596 1272:6936:1246 2520 1130 936 236 868 
216 732 836:3642:1986 704 952 
433 936 387:4242:1368 1473 1401 
1352 110 1425 849 659 1242:6123:1359 1592 766 592 1056 758 
712 456 1199 1195 19 30:9714:3036 1940 1431 1348 1218 741 
662 473 1055:2658:1260 250 1148 
290 978 229 479 396 286:7145:948 900 1604 1179 1758 756 
1529 1352 616 1518 836:6233:2400 906 759 1692 476 
416 27 676 460:6920:2596 1964 1224 1136 
1485 816 1558 410:3653:780 1206 1197 470 
580:1392:1392 
929 1512 1456:1463:300 485 678 
1349 1266 1156 673:4566:1569 675 1364 958 
480:948:948 
1333 996:954:492 462 
543 1392 1109 1065 1516:5463:867 320 288 1348 2640 
1481 560 1248 499:6237:1035 702 2488 2012 
646 829 906 1262 900 364:4884:657 1596 348 429 672 1182 
1100 297 946 730 940 1389:8303:568 815 2104 1236 1548 2032 
1236 1420 1496 294 1076 954:7175:1232 954 1788 462 1740 999 
1530 421:3310:480 2830 
84 627 1103 1326:3958:1530 900 904 624 
884:980:980 
192 1240 891 1007 1244 508:9081:837 1257 1860 1556 663 2908 
358 1460 712 961:7033:2716 1245 2277 795 
761 944 608 1377 601 65 901:7851:578 525 256 1527 774 2007 2184 
121 877:2286:1698 588 
471 760 144:1387:435 670 282 
621 710 161 344 421 777 415:9010:506 992 582 1744 1698 1400 2088 
951 867 757 275:5942:1110 1432 956 2444 
495:648:648 
335 1211 1300 751 934 1011:7792:2716 1390 792 1137 615 1142 
1347 865 888 499 1148:5893:921 1479 471 1006 2016 
1524 1187 399 1181 1058 1480 958:5938:472 1648 330 918 1518 524 528 
573 490 379 1455 1478 1089 180:9182:1242 888 2788 1401 1419 952 492 
935 612 1101:5738:1608 1600 2530 
49 659 975 1411:9879:2612 2112 3505 1650 
372 1314 99:3867:2208 366 1293 
26 1048:1635:453 1182 
781 139 109 1158 808:7322:2274 642 2960 717 729 
1295 373 1062 313 562 479 369:8437:1388 1551 1302 1566 224 1179 1227 
140 1415 1371 729 286 190 1398:10443:660 2864 934 999 1008 2205 1773 
154 1402 986 849 1552:7490:1095 1884 1935 592 1984 
366 17:3964:1728 2236 
21 1308 360 676 433 270:7644:862 1964 717 1836 1026 1239 
983 979:2619:456 2163 
224 713 31 534 1543 168:6236:600 1884 534 1818 958 442 
962 1265 783 806 3:4543:1308 274 926 1383 652 
349 425 781 419 1441 719:7712:1296 1004 2274 1250 952 936 
1011 196 606 989 999 1515 249 459 908 758:8835:1142 912 1497 465 1004 594 891 236 375 1719 
73 1028 466 1554:6015:1263 1672 2072 1008 
1329 1258 243 720 942 487:6093:626 354 1692 296 1221 1904 
1269 759 410 526:4467:1554 996 705 1212 
87 1429 1225:3344:1026 954 1364 
207 723 827 411 274:4576:693 186 528 285 2884 
1016 973 744 301 1349:4655:696 462 2163 288 1046 
1156 407 657 573:5819:1023 1178 1134 2484 
330 952:3091:2043 1048 
813 929 753:2311:807 400 1104 
168 617 467 517 500 547 1156:8255:663 412 2082 1869 1386 820 1023 
983 207 84:2169:456 693 1020 
78 1166 284 440 145 1420:5321:766 1660 372 378 1191 954 
158 1407 991 853 1556:7206:1132 460 1809 1350 2455 
371 21:1797:504 1293 
25 1313 364 681 437 275:8774:558 2912 1182 1242 1047 1833 
988 984:2331:1896 435 
229 717 35 538 1547 172:6080:802 2094 740 468 848 1128 
29 784:1214:1014 200 
166 1414 998 1275 6 948:5885:888 765 892 672 428 2240 
206 882 1452 742 460 416:9087:1472 1900 2200 1365 852 1298 
499 1441:2223:1509 714 
1272 137 1172 170 1299:7415:1302 1881 2064 1120 1048 
353 962 1279 1449 873 270:6719:616 1308 2388 300 868 1239 
340 723:501:222 279 
171 1047 1136 587 770 433:10311:2116 1725 2648 1704 1092 1026 
604 627 238 887:3926:904 900 738 1384 
34 1336 521:5059:1252 1857 1950 
1543 1100 591 241 358 181:7413:1916 568 1030 1542 2037 320 
1240 25 568 630 1267 397 1206:8423:838 558 1872 1560 628 996 1971 
1063 354 71 28 943:7690:1689 1257 2024 1436 1284 
1396 1525 444 1080 211 1020:8178:1581 2211 1368 1194 1530 294 
1436 993 897 547 664 487:7907:664 3020 204 1640 951 1428 
801 52:2718:1518 1200 
1100 1510 335 1489:4330:426 555 2037 1312 
1292 782 432:4365:1890 1245 1230 
453 436:2899:2008 891 
1002 253 503:2788:1022 474 1292 
540 1162 573 1289 912 656:8462:356 1104 2484 936 1443 2139 
729 579 629 613 756 1366 124:6040:666 284 318 1408 1422 1530 412 
60 416 54 1075 353:7006:1422 2596 1506 558 924 
393 443 426 570 1179 1495:5887:600 684 330 820 1449 2004 
529 7 563 134 1316 646:6677:1230 1896 636 1844 414 657 
1355 113:2012:360 1652 
999 889 407:4465:1506 1192 1767 
1236 421 733 1116:7592:2464 2264 1388 1476 
394:1662:1662 
298 1253 277 221 897:6293:1551 1320 1832 1284 306 
1456 1386:2197:1017 1180 
803 427:3496:2728 768 
251 740 58:2971:1365 732 874 
1050 474:2477:476 2001 
52 807:1724:1200 524 
401 690 75:1778:390 1016 372 
640 91 274 351 707 345:9704:934 1512 2884 1446 1276 1652 
1053 1263:1165:682 483 
1496 214 504 1446 231 360 837:7889:1788 1566 1020 708 1494 717 596 
1270 800 1476 75 1337:4140:930 1764 786 248 412 
1427:1158:1158 
324 1254 944:3124:692 2082 350 
176 1051 1141 592:4608:2130 360 744 1374 
947 1557:1260:360 900 
1284 1201 1091:6493:1912 3255 1326 
1257 415 38 1341 525 521:10556:1980 2088 484 1926 2128 1950 
1411 1394 1538 589 905 662 86:13002:1650 1374 1893 1952 1728 1680 2725 
1515 978 256 878 289:4964:594 900 1380 1086 1004 
1207 1351 402 718 475 1457:9046:1396 1228 648 1740 1482 2552 
1247 818 442 1330 515 924:6984:1248 735 834 771 1388 2008 
256 239 1527 579 895 1065 489:7590:1840 1173 1220 568 238 1348 1203 
1504 1381 246 1282 279:7232:572 1194 1863 2046 1557 
1485 1241 1079:4263:780 1767 1716 
293 1395 646 896:5671:1192 2304 657 1518 
696 879 542 1312 536 1558 836:7152:532 603 1080 570 1420 1995 952 
1380 364 427 1063 194:7541:2121 788 1152 1689 1791 
471 148 637 1513 44:6487:290 2121 660 1008 2408 
1233 1443:1451:272 1179 
1017:1032:1032 
534:1212:1212 
1387 1011:3027:1314 1713 
324 1227 545:3954:1038 1641 1275 
1537 961:3088:2028 1060 
125 1294:2753:1712 1041 
571 1274 658:3434:672 786 1976 
521 1291 515:4730:1950 1392 1388 
948 1530 1474 592 748 39:7638:2240 960 772 916 1624 1126 
318 834 938 522 385:5434:1380 1128 903 879 1144 
1127 1083 855 412 1460:6220:1856 267 1816 1036 1245 
578 1267 518 767 684:4477:1248 942 980 795 512 
249 1124 1214 665 848 925:6294:1485 459 1195 879 1672 604 
681 1118 315 964:4641:828 1731 534 1548 
1427 999 622 1511 695:6730:1158 1506 438 948 2680 
1149 572 1527 966 496 1172:6468:322 1748 1220 1848 298 1032 
949 639:3299:2065 1234 
902 127 4:2892:728 936 1228 
1142 1086 204 360 1208 925:6859:1114 1964 879 717 1581 604 
1229 813 676 1379:4980:711 807 2448 1014 
339 828 146:3129:526 458 2145 
1138 562:1286:950 336 
117 140 895:2216:988 990 238 
412 423 938:2505:777 825 903 
736 825:2900:792 2108 
963 1545 1075 193 763 54:7372:1350 1242 558 1446 1772 1004 
1002 1013 1528 1219 803 1079:8187:1533 801 1299 1221 2046 1287 
939 644:588:274 314 
517 1166 950 1160 51 1459 1509:11145:2492 830 1902 1880 765 1024 2252 
1456 1542 1205:3036:1017 525 1494 
1180 936 774 171 753 697 1373:9365:1418 1473 1864 1058 1472 702 1378 
600 224 1526 710:5396:1760 1200 1196 1240 
1186 1343 633 350 307 78:6139:906 1611 414 1252 807 1149 
101 390 1332 117:3975:390 2085 512 988 
1446:708:708 
897 254 225 1273 924:5957:306 218 2106 1821 1506 
691 1501 192 109 1557:5941:1719 1509 558 1480 675 
1232 549 639 90 273 350 705:8277:430 987 3085 552 1628 939 656 
589:1464:1464 
1032 616 479 1182 566 495 1038:5828:300 759 1572 816 969 864 548 
753:1472:1472 
87 403:1792:684 1108 
1372 1289 1179 696:4382:1482 702 1932 266 
503:1292:1292 
539 1042 493 676 339:7419:2022 828 1944 1836 789 
372 822 672 722:7210:2208 996 1890 2116 
815 1331 1021:2462:519 1497 446 
253 1129 1218 669:3935:474 1407 1372 682 
1312 1295 1439 490:4946:855 1735 876 1480 
363 54 1195 1472 203:5973:954 2008 1348 1179 484 
67 1182 1087 737:3636:658 1088 1200 690 
311 201 1276 1299 910 1559 1342:10139:1242 1680 1290 1572 1056 1124 2175 
1170 434 1336 654:6689:1928 801 2476 1484 
884 934 917:2284:1470 410 404 
697 1240:1959:702 1257 
1296 1040:2453:1425 1028 
1024 1512 830 1333:4156:1510 194 1796 656 
433 284 334 317 460:3086:684 558 432 844 568 
38 34 417:4006:726 1252 2028 
1159 837 1326:4213:2085 1192 936 
907 1050 102 418 175:9210:1848 952 1672 1794 2944 
1007 1017 1533 1223:4401:1167 1548 1338 348 
697 601 252 368 191:4624:702 1548 948 418 1008 
1370 888 911:3467:1880 471 1116 
1214 39 1193:3295:717 2252 326 
948 266:3131:2240 891 
661 605 1281 1437:6020:1760 1716 1557 987 
1095 346 596:2212:576 1164 472 
535 1157 569 1284 908 652:9090:1980 2724 1641 1434 375 936 
45 1453 625 608 752 1361 119:6357:291 1184 906 384 588 1320 1684 
55 411 49 1071 349:6489:1866 380 1959 988 1296 
388 438 422 565 1174 1491:8148:1251 1047 2892 336 1248 1374 
525 3 558 130 1311 641:7683:1596 489 300 1266 1806 2226 
1351 109:3574:614 2960 
1092 982 499:5517:1748 2260 1509 
46 456 838:5726:2516 970 2240 
1227 1344 23 845 189:7828:2735 554 1610 1036 1893 
719 742 353 1002:7639:2340 1820 924 2555 
149 1451 636:4860:1912 972 1976 
232 4 1119 609 259 376 199:10833:1359 1842 2416 1988 1077 1260 891 
1354 1044 628 905 1194 578 922:8685:903 442 711 1728 1662 1664 1575 
586 10 1378 403 1491 609:6547:1020 789 584 831 1832 1491 
625 1035 1418 1428 386 76:10099:1208 606 558 3915 2000 1812 
1176 600 1555 896 426 1102:5852:632 1760 1044 1518 220 678 
976 666:1196:868 328 
57 1492:882:330 552 
1226 583 140 1189 839:4354:1142 1136 1320 405 351 
924 813:2313:1506 807 
637 1153 1256 840:2147:660 196 747 544 
1173 730 221 1429 1546 1369 1046:7713:832 618 1926 1908 216 1250 963 
517 806 190 533 1076:8179:1246 1383 2940 870 1740 
543 34 1242 1359 1182 860:7444:1156 939 1516 747 816 2270 
171 807 1496 747 996:5472:1587 524 1341 1404 616 
381 1256 1346 797 980:4740:842 747 1296 1227 628 
836 447 1096 880 1090 1539 1389:10965:952 1010 1416 1902 1664 1989 2032 
68 971 288 378 1387 12:10756:1854 2060 1635 1040 3285 882 
1037:416:416 
15 1118:2561:830 1731 
1413 652:2862:1926 936 
465 968 419 602 265:8317:1680 960 2500 1194 1983 
748 598 648:3000:1218 798 984 
128 417 1360 145:4327:300 1521 1712 794 
1376:963:963 
827 184 155 1204 854:6767:528 1262 2748 1347 882 
322 1010 261 511 428 318:7327:1713 954 2512 384 384 1380 
3 1384 648 1550 868:5470:652 912 1476 1098 1332 
448 59 708 491:5958:1060 952 1386 2560 
329 366 1254 342 751:8492:1316 1296 3470 894 1516 
915 1071:3111:1629 1482 
33:988:988 
1441 133 50 1498 1015:5562:714 544 1410 1266 1628 
213 1435 646 1428:4482:291 1968 657 1566 
1312 1068 492 303:3703:570 1188 999 946 
1041:262:262 
1027 1037 1553 1243:3841:1760 416 987 678 
342 1257 1228 718 369 485 308:10324:894 1980 2085 2175 1227 778 1185 
1367 152:2709:1284 1425 
751:1516:1516 
887 964 1320:3788:1038 774 1976 
1503 621 777:4943:2084 759 2100 
1314 1203 721 744 355:5787:366 1116 1740 2163 402 
1018 774 612 9 591 535 255 1037 914 1337:9181:495 1864 800 1696 618 990 230 208 1868 412 
1224 462 59 575:3372:472 1140 714 1046 
249 1298 851 968:3948:594 1032 1362 960 
1121 626 409 206:5591:1562 720 2205 1104 
260 256 638:4931:1059 1380 2492 
1558 1381 1058 1547:4358:798 1194 1518 848 
586 796 1245 1095 1145:4746:765 723 1260 1152 846 
739 363 1251 436:5844:1728 954 1974 1188 
1325 682:873:540 333 
1281:2076:2076 
1524 615 399:2159:708 956 495 
638 10 1258 842:4476:2492 526 354 1104 
86 323 1145:4114:1090 1896 1128 
313 629:2618:2088 530 
1349 40 1515 1405 922:4296:1046 772 396 507 1575 
24 1245 456 1239:4378:921 1260 970 1227 
1219 976 400 210:2883:814 651 828 590 
949:1239:1239 
466:1036:1036 
1192 603 1319 943:3874:890 672 600 1712 
913 31 601 1449 1167:5154:656 801 1161 600 1936 
1206 590 934 1063 1539 617:8041:1971 1364 410 1689 1989 618 
434 85:1242:534 708 
1361 785:1854:660 1194 
1507 1118:3055:1324 1731 
1001 385:2082:938 1144 
242 119 542 19 575 1290:8943:1479 842 810 2436 2092 1284 
582 379 1242 1092 1142 1125 855:11130:2079 2091 1895 1311 1114 1732 908 
50 832:5625:2820 2805 
406:912:912 
1454 1265 289 233 909:5958:2031 411 1004 1904 608 
1107:1936:1936 
524 148 1450 634 630 1013 1023:11292:912 2121 2140 940 2600 1335 1244 
1373 1423 1406 1550 601:6992:2067 1383 530 1464 1548 
1220 45 55:2346:714 388 1244 
954 272:3767:999 2768 
85 1081 611 1287 1443:5135:472 2136 459 496 1572 
1167 1096 81:5364:1936 1888 1540 
241 1023 900 1323:5927:1542 622 1008 2755 
663 501 1456 480 424:4627:1284 512 1356 632 843 
102:836:836 
448:1060:1060 
355 977:685:268 417 
837 954 777:3993:894 999 2100 
95 544 394 444 428 571 1181:5597:777 1050 1108 912 384 448 918 
575 652 1007 645 109:8695:1569 936 778 2452 2960 
1018 1161 213:2392:660 1344 388 
895:476:476 
735 1118 1128 86 1334 918:8357:1080 1154 1764 1635 1041 1683 
692 222 898 1055:5432:1188 2157 939 1148 
116:2277:2277 
676 366 1508 1371 516 1458:9991:2448 1296 1893 1401 1324 1629 
712 868 159 1434 246:9179:3036 2664 1264 352 1863 
1271 1201 186 662 885 429:8635:2043 1953 1227 1260 1056 1096 
449 468:4044:2772 1272 
1108 865 289 100:3610:598 1479 753 780 
1498 216 505 1448 233 776 838:10116:1266 1986 879 1480 1428 2181 896 
1272 802 1381 393 1242:6160:1302 1548 1194 600 1516 
823 952 1428:6495:1791 1572 3132 
336 213 636 113:3820:808 291 1482 1239 
207 1295 413:3632:924 1388 1320 
610 633:1494:804 690 
287 1536 1120 982 127:5462:864 936 1284 1130 1248 
500 150:3654:1848 1806 
1033 762 1372 130 1445 404:8234:1460 2872 988 1688 258 968 
230 1411 1156 340 336:4900:936 1320 1705 333 606 
913 1070:2988:984 2004 
233 1296 1080 876 1325 1176:7427:952 1900 1592 909 810 1264 
1067 491 301 884 414 134 1330 793 71:9867:1011 1280 384 980 1479 922 771 1016 2024 
1305 157 540:1491:208 1016 267 
1556 1379 643 1546:3229:982 1014 1017 216 
487 697 1146 997 1046:7008:1904 936 946 2580 642 
227 264 1153 337:4773:1116 2705 392 560 
1067 357 74 445 1360:5410:1348 1372 594 1240 856 
1437:1316:1316 
162 1316 274 378 1520 1383 528:6836:1503 552 1442 624 1269 918 528 
1064 488 298 881:3981:208 1323 1034 1416 
431 974 1037 115:1520:546 426 312 236 
365 721:3093:2223 870 
22 592 1440 1157 1114 471 442:10424:806 1374 2004 2724 1268 580 1668 
386 1528:2066:1200 866 
196 552 1334 1212 76:4403:1368 432 1388 309 906 
626 676 563 292 902 1218:6275:960 1836 1272 975 546 686 
244 666 144 699 1415 1452 782:9590:1530 656 282 813 2864 2200 1245 
274 923 707 503 1366 1216:8116:2163 1020 1276 969 1530 1158 
420 1256:1983:1236 747 
297:489:489 
1189 480:1037:405 632 
1416 1200 996 1445 1296 1346:6768:1551 1023 308 258 1900 1728 
288 910:3588:2180 1408 
887 710:2128:1384 744 
611 421 1004:4466:459 1132 2875 
238 927 178 428 344 234:5835:1107 357 702 512 1744 1413 
8:1482:1482 
884 601 557 1472 1029:8675:2940 1161 972 2358 1244 
1549 241:2646:590 2056 
371 1526 897:2108:504 1196 408 
598 687:1401:798 603 
937 55 211 1060:6999:2091 1866 1530 1512 
581 831 748:3729:2104 813 812 
984 169:1430:290 1140 
968 1456 774 1277 728:6870:720 1356 1398 1896 1500 
1028 811 608 1057:3644:1672 1032 384 556 
1051:180:180 
1458 522 1491:5176:2172 1172 1832 
399 355 1271 1241:4481:495 268 1362 2356 
39 1514 1404 921 1358 555:8762:2815 333 1578 744 1152 2140 
302 1177 1267 718 901:5496:1248 909 942 1305 1092 
368 1017 801 1011 1460 1311:9270:418 2064 2024 1713 1245 1806 
1154 366 1148 1025 1447:5508:678 864 1512 777 1677 
376 106 715 1031:4079:1680 1042 921 436 
842 226:1920:1656 264 
479 1101 513 1228:5168:1572 2024 321 1251 
1195 1139 257 413 1261:3891:674 1671 202 880 464 
963:1350:1350 
887 577:2827:1384 1443 
388 744 381 1403:7523:2085 2884 1684 870 
265 22 1003 814 1397:6067:2644 1209 429 963 822 
174 184 700 390 1532 251 540:11229:1256 3155 1521 2085 1036 1820 356 
1393 817 214 1210:3585:672 855 1044 1014 
417 347 890 1366 31:5379:1521 452 1852 1020 534 
1270 1507 770 115 991:6259:1860 662 1456 472 1809 
182 831 614:4232:1364 813 2055 
1354 951 1467 12 1057:7054:1204 1480 2082 1176 1112 
158 1487 1044:2022:849 510 663 
358 1421 1204 1001 1450 1300:9118:1358 2160 1796 1407 1605 792 
1557 355 1551 1015 293:3570:675 536 651 814 894 
332 382 366 509 1118 1435:7253:1233 861 1296 656 1731 1476 
855 478 1367:4394:908 1560 1926 
938 589 705:4300:1204 2440 656 
195 179 1467:4906:700 2124 2082 
1500 645 29 1516 501 978:7838:1356 1226 1352 1980 1024 900 
1152 509 66 1114:6613:1425 1312 1974 1902 
1351 442:1755:921 834 
669 532 1235 619 548:7082:1023 2073 1028 1308 1650 
656 146 1355 1471 1295:7617:2139 2860 360 870 1388 
1511 762 1012 928 1232 749 772:9623:948 2872 1536 936 645 1960 726 
327:204:204 
686 404:1722:996 726 
1535:2036:2036 
44 1519 1408 926 1362 560:6215:2408 468 1503 315 819 702 
27:982:982 
645 550 200 996:5552:2452 868 1924 308 
1222 739 762 373 1022 806 1016:10857:1293 1728 2872 1551 870 1383 1160 
396 633 1455 799 117 206:8146:2344 276 1868 1566 988 1104 
946 197 447 364 254 1329:6857:1578 1710 1515 788 327 939 
293 797:2828:1192 1636 
1046 164 320 1169:6456:1284 1635 1839 1698 
1123 374 623 540:3287:1113 804 1014 356 
1039 677 141 977 41:6554:620 2780 2148 556 450 
1163 1147 1290 245 561 317:6419:450 774 1926 1116 465 1688 
758 381 1270 454:4293:1146 1263 1395 489 
1087 791 508 464 1380:7954:900 1572 2181 1887 1414 
1283 201 424 1526 777:6537:438 1260 843 1196 2800 
1066 411 1287 1376 827:4140:1620 285 744 963 528 
964 575 1224 1007 804 12:8380:774 2092 944 1556 1544 1470 
408 1417 42 1263 475 1257 720:7139:1263 1394 1527 483 988 1188 296 
152 455 1531 1554:3425:950 672 291 1512 
1211 622 1337 961:4219:2780 438 206 795 
99:1293:1293 
1230 1374 425 741 498 1480:6190:417 2064 753 564 1344 1048 
1367 938 562 1450 635 1044:6496:2568 602 336 1070 1036 884 
279 262 1550 601 918 1088 512:11194:1557 747 1098 1935 1122 3160 1575 
66 1501 366 1401 399:5729:1316 1509 1728 846 330 
1508 1264 1102:4242:1893 1332 1017 
190 413 1515 766 1016:5247:2205 1320 594 432 696 
862 1365 816 999:5086:978 392 1206 2510 
223 540:2120:1764 356 
1095 1012 1315 833:3633:576 1024 698 1335 
1491 769 1391 802 1518:5126:1374 204 824 1032 1692 
842 985 37 353 110 1091 902:7955:1656 540 924 924 1194 1989 728 
978 550:2502:1200 1302 
633 284 400 223 1045 390:8034:414 930 828 1764 2013 2085 
673 895 440 1249 1498 1415:7375:1437 476 252 1080 1266 2864 
77 980:2149:1521 628 
1119 876 714 110 693 637 1313:9287:1812 909 2395 796 1424 495 1456 
1092 503 1219 843 587 1329:7770:1311 1292 1628 1464 1136 939 
784 1393 151 1466:3743:400 1344 1048 951 
956 540 817 1106 490 834:4803:876 178 570 867 1184 1128 
836 193:2883:714 2169 
121 570 420 470 453 597 1206:8853:1698 820 824 1042 1506 992 1971 
936 160 37:3513:1473 1116 924 
128 1216 334 490 195 1470:5281:200 1544 288 888 1050 1311 
1360 944 806 1509:4881:1284 525 1383 1689 
421 71 91 328 1150 494 1370:11254:2264 2024 1008 932 1746 1400 1880 
398 874 1097:2410:600 604 1206 
804 82 704 115:4194:1544 982 1196 472 
312 895 838 1514 112:3402:798 238 1344 222 800 
429 718 102 445 988:7901:548 1305 1672 2480 1896 
456 1504 1154 1271 1094 772:9080:1940 858 678 2043 2109 1452 
132:2112:2112 
531 1473:1686:324 1362 
71 1107 105 1234:5750:2024 1452 1950 324 
1201 731 1407 5 1267:6524:1953 2166 345 804 1256 
1454:2031:2031 
352 1281 971:3340:238 1557 1545 
106 982 1071 522:8013:2605 2260 1976 1172 
878 1487:1766:1086 680 
1312 1229 1021:2249:855 948 446 
1285 442 66 1368 553 548:9841:1860 1668 1316 1923 1424 1650 
1324 1468 519 835 592 16:11021:2016 675 2103 1869 1374 2984 
906 317 1032 656 400 1143 1139:8405:348 1266 300 2139 828 1296 2228 
323 373 356:4165:1264 1551 1350 
533 822 207 550 679:6149:1740 1328 924 1302 855 
928 735 385 502 325:5259:936 810 858 1767 888 
56 1504 1021 1044:2577:387 858 669 663 
957 435 991 148 185:7677:1659 1066 1809 2828 315 
115:236:236 
901 697 2 1411 1461 1444:7838:2184 468 548 990 2360 1288 
711 1547 611 23:3839:1566 848 459 966 
705 649 1325 1481:3531:492 1464 540 1035 
129:1116:1116 
528 1470:1839:528 1311 
1301 579 1201 613 1328:4996:528 284 2604 704 876 
796 1405 163 1478 902 712:5589:723 676 1362 946 364 1518 
775 1518 369 752:3329:525 1692 818 294 
443:684:684 
889 327 1415 533:4636:596 306 2864 870 
1022 7 483 706 250 1059:8758:870 1422 1092 2620 1554 1200 
1419 1070 1186 1423:5056:604 2004 604 1844 
98 747 531 327 1190:3930:1044 1404 432 306 744 
244 1080 144 1113 271 1453:7454:1530 1194 376 254 1732 2368 
1267 1250 1394 445:6432:942 1636 1374 2480 
318 8 1150 1427 158:7511:920 1976 1746 1737 1132 
22 1454 944 595:4861:806 2708 525 822 
265 155 1231 109 865 1514 1297:11343:1983 2061 2812 2220 986 333 948 
1125 388 1291 609:6394:1299 1251 1856 1988 
839 889 872:2348:351 596 1401 
1195:1011:1011 
995 179 589 972 569 1498:7232:630 1593 1464 1185 1094 1266 
57 1012 36 1538:4475:220 2048 945 1262 
1484 149 1251:3254:504 1434 1316 
1414 692 1314 725 1441:3641:765 891 488 783 714 
908 1518 276 32 1014 825:9109:500 1692 2820 2076 440 1581 
96 1398 583 579 962:5380:1206 1773 852 568 981 
1215 506:2946:876 2070 
1028 812 1022 1471 1321 1371:9943:1672 1878 1160 1160 2205 1868 
1502 21 376 1159 1036 1458 936:10987:972 1293 1260 2780 1528 2172 982 
370 260 1335 1358 969 60:5251:510 1059 848 768 644 1422 
810 900 351 534 197:7130:330 1344 1928 1818 1710 
434 230 1093 943 993:5790:534 936 1098 1712 1510 
337 1052 676 420 1162:4772:280 1004 1836 824 828 
963 81:2120:1350 770 
43 493:2074:616 1458 
226 570 1113 1175 253:3494:396 1640 508 634 316 
1316 993 1482 800:5759:552 2265 590 2352 
633 1083 933 983 966:5402:552 356 2500 608 1386 
577 201 1089 274 683:8794:1924 840 1904 2884 1242 
641 171 847 1003:6966:2226 1587 2724 429 
1336 321 797 1020 564 1373 65:10324:1857 1290 1636 294 504 2067 2676 
884 601 971 328 1443:7164:1960 1548 1545 932 1179 
1154 405 655:4596:1017 1923 1656 
637 1473 537 1506 664 287 711:7728:495 908 1353 1908 634 864 1566 
1513:1344:1344 
651 1460 152 68 372 1350:6350:292 1245 1425 1236 1472 680 
988 1104 927 605 1094 412 501:7675:1896 856 238 1287 2109 777 512 
1377 455 1144:3345:1527 1344 474 
746 1302 873:5992:2892 1364 1736 
677 34 1149 1053:4059:1112 939 644 1364 
278 167 1243 1266 877 1526:6213:2656 424 904 450 882 897 
807 258 441 104:4423:786 1216 408 2013 
884 614 1223 1540 1296:7197:980 2055 348 1914 1900 
984 581 1096 1200:5069:580 1578 1888 1023 
771 262 1470 29 1410:4862:567 996 1311 676 1312 
888:628:628 
938:903:903 
778 1160 1171 129 1377 961:10573:932 2350 3330 1395 2036 530 
734:488:488 
69 385:2274:1130 1144 
940 857 747 264:7152:2064 1520 1404 2164 
485:1167:1167 
325 1200 1290 741 924 1001:6955:1480 682 1926 423 1506 938 
1337 854 877 488 1137:5614:309 882 1470 1323 1630 
1514 1177 388 1171 1048 1470 948:7442:222 1212 834 1998 1182 874 1120 
562 479 369 1444 1467 1078 169:8231:224 1179 1636 966 2082 624 1520 
924 602 1091:5750:1506 1592 2652 
816 1425 86 1401:4009:1206 1149 1090 564 
988 572 849 1138 522 865:10322:2528 1748 1184 1425 1465 1972 
316 33 1548 905:3140:472 988 384 1296 
552 469 359 1434 313:3420:324 482 696 352 1566 
968 192 69:3771:960 1116 1695 
63 1151 269 425 130 1405:5110:1074 444 1066 753 1266 507 
144 1392 976 838 1541:4565:282 640 651 896 2096 
6:856:856 
859 1015:1733:512 1221 
1535:2036:2036 
1482 77 1552 1442 959:5722:354 2028 992 1220 1128 
157 1379 590 1372:5040:1524 1352 682 1482 
1256 1012 436 247:3097:498 1024 891 684 
1020 1083:472:294 178 
704 1326 737 1453 1076 820 5:7932:598 1248 920 1776 2320 266 804 
444 893 743 793:4078:1368 860 326 1524 
202 944 1354 179 189 705 395:8140:915 700 1204 1593 1893 656 1179 
301 911 1227 1398:3680:288 1116 1094 1182 
432 1135 519 448:5099:820 1116 2103 1060 
120 995 1085 536:4916:1684 630 1182 1420 
891 1501:3407:1395 2012 
1228 1145 1035:3200:1668 1128 404 
1298 456 80 1382 566 562:6136:1032 1455 1370 651 1292 336 
1338 1482 533 849 606 30:7618:1604 590 1305 888 1996 1235 
919 330 1046 670 317 1059 1055:8871:891 2043 963 960 1266 1600 1148 
337 387 370:2471:560 1401 510 
1099 1442 13:5725:2300 1525 1900 
173 955 832 1255:5803:795 2100 1683 1225 
1009 433 1388 826 356:5793:2224 684 873 662 1350 
131:862:862 
320 1036 1073 403 1146 1556 380:10818:2452 764 1971 831 1892 1964 944 
890 740 790 773 503:3941:1389 1098 568 240 646 
178 174 970:3324:702 942 1680 
1476 1299 977 1466:3409:786 1572 417 634 
1062 1312 1229 1532 1050:4951:1302 1425 474 1036 714 
1295 1372 170 1366:5157:1041 1976 1120 1020 
1030 1347 1103 527 338:4629:1419 614 678 1708 210 
904 594 178 454:2313:558 330 936 489 
1120 384 1286:2063:963 388 712 
868 597 1207 1523 135:7799:1332 1488 1047 888 3044 
967 564 1494 1184:3308:440 504 939 1425 
658 148 1356 1473 152:7912:1976 2121 574 1816 1425 
498 747 664 554 71 94:7804:1344 1053 1268 2288 1518 333 
1276 594 1097 548:4768:1032 330 1206 2200 
904 1513:1509:837 672 
674 924 841 1144:4509:1144 2008 1041 316 
1277 341 1311:5252:1422 1422 2408 
175 1090 1061:4335:2208 1248 879 
375 1024 807 1017 1467 1317:10961:840 3775 786 1032 2776 1752 
16 372 1154 1031 1453:8968:2238 2944 1356 654 1776 
349 399 382 112 721 1037:5104:1296 495 861 400 1740 312 
486 1521 519 1234 1272 602:6299:860 516 2103 324 1302 1194 
939 989 972 702 1311 69:7627:548 620 1185 2940 1204 1130 
921 332 1048 671 415:6738:744 1644 1182 1080 2088 
958:528:528 
488 338 388 372 515:4614:882 315 1251 1472 694 
93 89 472:1842:352 882 608 
1488 1311 989 1478:4043:826 1806 465 946 
419 629 1078 928 978:6308:2500 424 936 1248 1200 
573 196 1085 269:7230:1242 2280 1576 2132 
703 420 377 1292:6472:1698 1648 1236 1890 
1425 942 965:3605:1532 1221 852 
1269 94 1248:4641:2331 444 1866 
100 1003 320:2825:1170 429 1226 
996 833:2242:462 1780 
1555 1166:2396:1566 830 
1050 434:1515:714 801 
1312 590 1212 623 1339:3812:855 1023 206 1014 714 
809 233 44:3114:482 1428 1204 
50 1525:4326:2115 2211 
520 1262 1258 83 94 609 300:8343:1623 572 472 2199 333 1491 1653 
717 1326 84 1399:4678:2094 936 1020 628 
750 1039 424 767:2905:692 310 843 1060 
121 997 1087 537:6258:2264 1290 900 1804 
893 1503:3293:688 2605 
1077 1327 1244 1134:4752:2109 1322 663 658 
1267 745 1300:2196:942 462 792 
578 1493 1050:4221:1248 2259 714 
312 162:3201:1197 2004 
1415 333 556 100:7527:2148 789 3030 1560 
948 611 1380:5120:1680 612 2828 
779 935:2610:1002 1608 
1161 945 741 1191 1041:6142:2016 1760 282 1560 524 
1528 685 309 53:6490:866 927 2768 1929 
182 858 1428 718 435 392:8443:1023 1260 2349 1740 1599 472 
1204 788 1064 1353 738:5077:1796 392 312 1209 1368 
232 349:2655:1359 1296 
648 72 1027:4302:1476 1506 1320 
718 941 485 1294 1544 1461:10282:1740 3795 778 1041 1040 1888 
26 928:1077:453 624 
824 662 59 641 585 1261:6212:814 1680 476 2226 784 232 
206 722 826:5243:1472 2116 1655 
422 926 376:4992:2892 420 1680 
1342 100 1414 838 649 1231:8248:2900 1560 510 896 976 1406 
1478 1222 407 403 786 796:6857:946 1293 2356 831 708 723 
374 690 447 1428 1239 263:9854:804 762 2020 2349 1227 2692 
622 1364 216 599 609:6073:584 1192 1986 820 1491 
77 1165 283 439 143 1418:9150:1521 2052 986 1902 1852 837 
1405 892 755 1458:5829:507 1521 1629 2172 
370 20 137 374 1195 540 1416:7637:510 1524 1881 804 1011 356 1551 
347 823 1046:3382:904 1194 1284 
849 127 750 161:3077:888 624 692 873 
843 787 1463 61:3456:1464 849 738 405 
17 267:1598:1118 480 
300 311 826:3888:1653 1242 993 
624 713:4252:1740 2512 
851 1433 963 81 651 1500:6774:1362 1419 1350 1155 584 904 
890 901 1416 1107 691 967:8542:1852 1638 1551 1452 1719 330 
1246 776 1452 50 1313:8999:846 2181 1650 1410 2912 
1402:942:942 
300 1230 920:1930:1102 417 411 
55 930 1020 471:4208:2488 846 294 580 
923 1533:2549:765 1784 
1260 1177 1067:2406:520 1212 674 
1233 391 14 1317 501 497:5535:544 980 662 1314 1024 1011 
1387 1370 1513 565 881 638 62:13550:3285 1410 1008 504 1416 2492 3435 
1491 954 232 854 265:6925:1374 666 1359 882 2644 
1471 1228 652:2328:870 834 624 
219 469:2079:1356 723 
119 502 512 1028:5859:1263 1767 1575 1254 
1278 635 192 96 1305 1421:6754:1602 1036 1116 1608 312 1080 
781:2274:2274 
841 532 115 1536:4288:1041 2073 472 702 
1058 321 1224:4258:2024 1290 944 
805 535 1047 1364 1120:6133:1066 1485 1725 894 963 
905 502 1018 1122:4158:1296 1767 660 435 
595 86 1294 1411 1234:5135:822 2180 1041 660 432 
809:964:964 
1158 1448 832 1175 160 222 859:11247:478 2960 2244 1268 1116 2157 1024 
626 343:1956:720 1236 
30 14:1734:741 993 
207 336 812 1449 579 1389 80:6439:693 606 1878 450 426 1016 1370 
1511 1216 933 889 247 1362:7616:1185 1158 1875 596 1710 1092 
873 1416:2853:1302 1551 
291 328 1216:3561:1704 699 1158 
25 141:3701:837 2864 
278 1233:2264:1992 272 
1557 1074 1097 708 1357:7584:675 1617 1608 2079 1605 
132 754:2475:1056 1419 
731 554:4454:2166 2288 
1031 455 265 848:4438:436 1008 1322 1672 
495 1038 1101 179:3639:648 411 1518 1062 
352 429 785:2130:238 1096 796 
63 1045 855 1438 968 86 656:11230:1611 2013 1362 492 720 2180 2852 
962 1372:2957:981 1976 
1522 147:1158:816 342 
1016 973:1389:696 693 
706 557 607 590 320:5863:1310 729 1575 1023 1226 
404 787:1616:484 1132 
138 1014 1103 554 737 400:6720:1976 330 904 1716 690 1104 
594 204 854:2312:550 586 1176 
483 1280 876 1392 1496:5680:1092 804 909 640 2235 
1217 508 225 181 1510:7530:964 2908 2808 480 370 
1550 535 597 1233 364 1173:6780:1464 990 1488 408 1182 1248 
798 915 738:3834:1521 1629 684 
55 505 355 405 388 532 1141:8001:2488 586 268 1282 1251 1382 744 
871 95 1530:3861:1884 777 1200 
1206 911 628:5958:3285 1488 1185 
75 1150 1173 784 1433 1217:5983:372 1746 1664 300 1419 482 
1308 625 715 69 252 1473 684:7653:982 906 1228 1695 1422 908 512 
775 665:1404:525 879 
1004 1108 692:4387:2300 1196 891 
1208 659 842:5900:2108 1584 2208 
1218 1028 53 1554:6281:1029 1672 2572 1008 
146 209 845 1534:5574:2145 664 777 1988 
1095 1451 1088:4364:864 972 2528 
849 1419 709:1553:888 453 212 
1431 949 1385 582 1231:7987:1680 826 1293 2079 2109 
1042:828:828 
1425:1149:1149 
876 233 1348 1252 903:9032:1212 2380 1425 1700 2315 
1188 1438 1355 1244:2538:1023 492 360 663 
1378 855 1411:2790:438 1362 990 
319 689 46 1161:5765:566 624 1887 2688 
986:1935:1935 
1425 969:1410:766 644 
503:969:969 
1132 410 1032:2253:1248 705 300 
865 636:2961:1479 1482 
1332:256:256 
667 450:2172:964 1208 
480 756 1046 430 773 1316:6388:1264 1896 1284 1032 360 552 
910 880:2324:1056 1268 
1313 365 681:6063:2184 2223 1656 
1363 1492 410 1047 177:6768:1461 1104 940 2300 963 
817 906:1319:855 464 
435 1431 961 79 236 1498:7091:1599 1680 530 732 1284 1266 
889 485 1415 1105 689 552:6242:596 1167 2148 1071 936 324 
1025 50 1551 669 826 116:7854:518 2820 651 1023 1324 1518 
1279 1142:3462:1791 1671 
1092 303 1086 549 1385 449:10340:874 1892 2455 1316 1724 2079 
445 895 745 795:4122:2480 476 462 704 
878 889 1404 1095:4720:1086 1192 1578 864 
1108 1079 570 220 337 160:6755:897 1716 1640 1338 420 744 
1219 4 133 609 1246 376 1185:11474:2035 1842 544 2485 1128 2100 1340 
1249 1405 1110 827 783 140:5735:810 676 1518 352 1389 990 
163 866 251 180:5115:1362 2019 1365 369 
727 816 267:3764:1516 1608 640 
88 1402 1240 637 1219:5298:453 1884 838 495 1628 
1307 891 753 1456:4625:741 1395 1472 1017 
1479 38 1419 1097 27 903:7550:556 726 755 1206 2455 1852 
373 677:3219:1551 1668 
1016 706 290:5383:1160 3275 948 
806 257 440:2651:1844 303 504 
1526 1056:2714:1196 1518 
807 4 653 437 647:9593:786 2456 2530 1745 2076 
1020 591:1010:392 618 
674 325 441 264 1086 431:7124:2288 888 306 1623 1473 546 
335 811 1033 578 1387 79 1553:9980:2037 1548 1460 832 2628 488 987 
245 1360 850:2674:1116 856 702 
719 472 522:2446:1404 456 586 
502 365 1068 452 382:7311:1767 2223 1188 1272 861 
1440 1091 1207 1031:5563:2004 1989 698 872 
552 348 798:2649:432 696 1521 
112 628 318 1460 178 468:6110:800 711 1380 1245 702 1272 
1343 355 1204 921:3970:1611 268 1347 744 
1293 372 1060 311 561 478 368:7789:834 2208 1008 1242 310 1560 627 
1494:939:939 
375 531:1476:1260 216 
758 542 752 1201 1051:6024:1719 1080 441 2604 180 
379 416 1304:4416:2091 1947 378 
462 113 229:4396:1140 1652 1604 
133 117 1404:3332:272 1482 1578 
583 1525 1454 439 915:8082:852 2211 2031 1902 1086 
809:723:723 
447:1515:1515 
1119 542 353 936:4107:1208 810 616 1473 
486 1029 1092 170:4009:645 933 1311 1120 
343 420 775:3172:1648 824 700 
5 681 1251:4824:1608 1242 1974 
1374 1263 781 1218 415:6718:1548 644 2274 686 1566 
412 1097 974 1397:4166:1036 1608 426 1096 
1078 1248 672 69 1065 595:8166:936 2488 1260 2260 674 548 
237 619 216 1146:6492:1968 1308 1324 1892 
1395 752 309 1358 1008 1125:7724:1728 294 2768 1152 483 1299 
1335 253 476 20:6244:1272 316 2624 2032 
34 816:2547:939 1608 
390:2085:2085 
1438 1249 273 217 893:4294:738 1080 1628 504 344 
118 394 684 68 411:4179:548 1108 384 1854 285 
1470 1120 1237 1060:6011:1748 1284 1467 1512 
481 265 475 924:6681:2212 1983 1482 1004 
419 42 931 115 525 908 918:8484:1875 1018 1044 236 2128 500 1683 
1301 1030 82:4087:704 1419 1964 
162 639 861:4625:1503 1234 1888 
1404 882 1437:3990:1578 1425 987 
345 716 73 1188:4109:826 656 1263 1364 
915:1629:1629 
991 1534 452 675 219:8608:1809 1491 1272 2680 1356 
82 1317 248 1124 69:5164:1964 1314 450 306 1130 
1095 1118 315 1378 1161 957:8194:864 2308 356 438 2016 2212 
1254 1437 1514 312 1508:5687:1388 987 222 1197 1893 
439 289 339 322 466:6344:1268 502 789 1713 2072 
1285 137 519:4101:744 1254 2103 
1439 1262 526 1428:4338:584 572 1616 1566 
369 580 1029 879 929:4345:1227 1392 622 804 300 
207 244 1132 317:4704:462 2040 936 1266 
240 1515 327 1242:2421:288 792 204 1137 
1376 893 916:2717:963 344 1410 
44 1199:3839:2408 1431 
873 536 1305:3034:1302 1420 312 
763:1772:1772 
97 413:1972:212 1760 
969 885 1189 706:4392:966 1056 405 1965 
1452 513:2521:2200 321 
693 344 460 283 1519 450:6859:1068 1308 568 1479 624 1812 
733 1369 500 1309 1559 1475:9536:694 2500 1386 1989 843 2124 
137 1040:2909:1881 1028 
1179 1350 774 170 1167 697 1373:10468:1932 510 2330 1680 1936 702 1378 
647 1389:2562:1038 1524 
851 940 391:4099:1816 1548 735 
1453 211 1526 1364 761 1343:7824:1776 1530 1196 596 578 2148 
1493 1237 421 417 1214 810:10307:3012 1956 2264 2028 717 330 
25 1339 763 574 1156:4332:837 476 1329 1008 682 
690 980:1764:508 1256 
967:330:330 
930 380 564:2340:1128 708 504 
1164 188 1276:3106:614 1976 516 
921 1170 1087 977 494:4857:744 1446 1200 417 1050 
1154 1230 28 810:3788:1356 556 1436 440 
791 961 385 1340:3846:786 795 858 1407 
602 1544 1473 458 934:6115:1592 1040 1816 1052 615 
978 242 1144:3153:1200 1479 474 
726 455 1065 1381 1138:5401:1100 1008 674 1194 1425 
422 938 1042:3486:2169 903 414 
1471:870:870 
279 1394 884 535:6320:1038 1832 1470 1980 
412 1488 1511 708 212 1554:7957:1036 1652 474 2079 1204 1512 
349 705:2056:1728 328 
6 576 1425 1142 1098 455 426:6379:1070 520 766 1114 789 1680 440 
825 1341 1031 615:3779:1581 1284 436 478 
97 918:1334:212 1122 
42 25 1313 364:5960:2036 558 2184 1182 
222 1376 748 438 22 1443 588:11119:2876 1284 1624 1047 1612 1572 1104 
1027 865 261 844:5409:880 1479 1256 1794 
1178 562 492 1034 1511 175:8679:2421 224 999 2116 711 2208 
1218 1174 945 502 1550 1201:8792:686 1664 1320 2356 1464 1302 
305 848 910 1547:4708:1902 1254 704 848 
238 594:1437:1107 330 
465 1314 1031 987 345 315:4501:1120 244 436 928 1239 534 
1018 602 878 1168 552 895 1024:10223:495 1592 1448 2976 216 476 3020 
485 641:4877:1167 3710 
219 868 652 862 1311 1161:10557:1356 2664 1248 1467 1806 2016 
216 998 876 1298:3711:1324 446 909 1032 
639 476 1431 455 399:8568:2468 1968 2800 672 660 
174:628:628 
423:825:825 
330 952:2934:1362 1572 
813 929 752:1917:1076 400 441 
70 519 370 419 403 546 1156:10060:519 3505 680 2500 831 1002 1023 
1402 865:2914:942 1972 
1514 1485 975 626:4085:222 1040 2103 720 
199 89 1165 43 799 1448 1231:8561:891 882 1539 616 1044 1480 2109 
1156 419 1322 640:7174:1023 1875 2408 1868 
773 823 806:2476:360 1194 922 
1129:1876:1876 
211 620 906 503 1432:4461:2040 402 348 969 702 
687 843 134 1409 221:6718:804 1952 1844 192 1926 
1246 1176 161 637 860 404:5946:846 948 873 495 1816 968 
424 541:1851:843 1008 
1084 840 264 75:3428:741 816 1623 248 
1473 191 480 1423 208 751 813:8858:1362 1512 1264 922 1744 1516 538 
1246 537:2199:846 1353 
1059 843 1053 1502 1352 1402:7543:1200 1464 682 972 1812 1413 
1533 52 407 1190 1067 1489 967:8359:1338 1600 1767 992 1348 984 330 
484 401 291 1366 1389 1000 91:8896:1332 390 2130 1020 1016 992 2016 
1120 1357 621 1524:5633:1284 2140 1265 944 
465 261 1124 975 1024:9372:2240 2512 306 2804 1510 
1131 315:1893:1359 534 
1211 142 1018 1521 972:5682:2085 1760 660 387 790 
209 1271 1055 851 1301:6253:996 2043 1148 1362 704 
1452 730 1352 764 1479:5690:1100 618 1812 1326 834 
900 1044 95 411 168 1150 961:6423:1008 884 777 285 663 1746 1060 
940 511:2448:2064 384 
1063 327 1230:2653:1689 408 556 
714 443 1053 1369 1539:6188:958 684 682 1875 1989 
410 1340 1030:3765:470 1876 1419 
164 1040 1130 580:5444:2180 514 894 1856 
1304 1033 85:2543:504 1095 944 
544 767:2635:1575 1060 
1343 501 124 1426 611 607:7720:2148 768 412 2205 612 1575 
1497 1480 65 675 991 748 172:12351:2488 524 2007 2010 2412 1218 1692 
42 1064 342 964 375:5452:1527 312 1192 1161 1260 
23 1338 762:3922:966 802 2154 
1078 329 579:2491:936 987 568 
518 1554 552 123 1304 635:5793:735 1512 216 2175 378 777 
1344 102:1667:831 836 
909 160 410 327 217 1292:5307:912 1116 705 306 378 1890 
670 760:1965:960 1005 
1009 127 283 1132:6136:1668 1248 1972 1248 
1499 750 1000 917:3894:762 1038 1488 606 
1416 640 104 940 4:11606:1551 2335 2684 2580 2456 
1029 1013 1156 208 524 280:6457:933 801 1023 1744 912 1044 
721 344 88 831:4316:870 2180 453 813 
893 1463 754 471 428 1343:5760:516 1476 1892 290 512 1074 
608 1550 335:2968:512 1098 1358 
1407 1284:1301:345 956 
1018 375 1490 1394 1045:5613:330 840 1056 1374 2013 
508:1454:1454 
951 535 398 1101 485 414 957:8937:1480 1485 300 2024 1556 986 1106 
677 621 1297 1453:5391:2224 759 632 1776 
1014 265 515:3591:220 1983 1388 
551 1174 585 1203 827 571:7385:2508 1664 1176 837 528 672 
741 591 641 624 768 1377 135:9479:564 412 2226 1740 1488 1527 1522 
305 1142:4764:2536 2228 
183:1314:1314 
366:1296:1296 
1181 1231 1214 1358 409 725 482:9027:918 2109 717 1152 2940 783 408 
1341 139 921 798 1221 699:7929:2568 963 744 2028 813 813 
213 263:3080:388 2692 
812 63:2863:1252 1611 
1112 1522 346 1501:5834:2046 612 1164 2012 
1358 915 405 735:3676:768 1086 1282 540 
1031 642 1291 1075:4079:654 1196 1392 837 
925 921:1197:453 744 
166 655 1530 476 1485 110:6550:888 1242 480 2624 520 796 
63 818:2101:1611 490 
413 702 86:5895:1320 2940 1635 
1370 1553 72 427 65:7446:1410 987 1506 1536 2007 
202 651 501 551 535 678:7039:1220 438 512 1881 990 1998 
897 1453 1024:5796:408 2368 3020 
731 88 1203 1107:4949:1444 453 1116 1936 
331 221 1297 1320 931 22:6981:1530 1926 632 988 696 1209 
772 861 312 495 158:6932:1452 1888 1596 864 1132 
395 192 1055 905 955:8470:1965 1116 861 1728 2800 
1158 343:2777:717 2060 
1141 72 948 1451 902:6834:744 2008 2240 1296 546 
139 1202 985 782 1231:9892:1284 3028 405 1660 3515 
822 446:2392:996 1396 
1538:1262:1262 
573 529 1444 1415:5264:1242 1230 644 2148 
213 130 20 1095 1532 729:5855:291 1688 1524 576 777 999 
476 1351 1441 892 1075:5533:1312 921 714 2028 558 
931 542 1191 975 1185 76 1484:10124:1740 540 1560 2804 1340 1510 630 
163 1066 383 376 1385 10:10949:1362 2160 1952 2100 2586 789 
1521 1132:1011:387 624 
1016 400:1524:696 828 
1278 556 1178 589 1305:9564:2136 2424 3228 1464 312 
869 1479 237 1552 976 786:7039:1188 1390 1968 1488 651 354 
1263 447 443 826:4726:644 1515 912 1655 
420:1236:1236 
584 8 1376 401 1489 607:7999:1956 1482 1284 390 1312 1575 
623 1033 1416 1426 384 74:8094:1352 1095 1034 2940 485 1188 
397 1379 776 214 424 1100:7838:996 676 2908 1566 1124 568 
846 1229 826 197 1446:6078:912 1185 993 2280 708 
1069 360 77 447 1362:3954:428 956 1014 1010 546 
727 1536:1839:1137 702 
261 1416:3435:1884 1551 
74 577 28 211 1432 644:8638:594 1924 2872 1530 1404 314 
209:996:996 
155 404:2787:2061 726 
55 438 448 964:4634:1244 1047 795 1548 
1213 571 541 32 1240 1357:9024:1623 448 1680 1038 2095 2140 
1250 168 805 1494:4740:1227 442 2132 939 
1055 1410 634:3438:574 984 1880 
867 572:1590:716 874 
414 878 1088 1537 1387 1437:9118:1479 1086 1896 2028 1971 658 
448 325 747 225:6893:795 1184 1404 3510 
880 1463 1407 525:3530:1268 738 460 1064 
1111 96 572 794 339 1148:6314:576 1206 1311 657 1052 1512 
235 6 1121 611 262 378 202:10260:2448 856 3905 765 747 624 915 
126 415 1358 143:4967:939 1566 1536 926 
968 792 469 958 276 365 1374:10154:720 1269 482 1056 2115 2964 1548 
319 1008 259:1606:566 322 718 
23 579 150 1332:2852:966 426 1204 256 
1048 752 469:1711:788 441 482 
13 992 1015 626 1275 1058:6501:1425 945 1221 720 672 1518 
467 556 7 190 1411 623:10247:1388 2424 1896 2205 1320 1014 
617 506 24 47 1216 307 90:7307:618 2070 1228 1398 772 807 414 
1336 1159 836 1325 643:6846:2476 1390 952 1350 678 
1392 897 680:1581:480 306 795 
446 30:3286:2792 494 
180 257 612 250 1272 550:9672:738 404 1600 2590 2170 2170 
290 739 589:3276:948 864 1464 
1036 620 897 1186 570:5116:1528 536 204 1208 1640 
181:320:320 
364:1182:1182 
1179 1229 1213 942 1552 310 481:11867:1932 1185 2164 1628 2480 266 2212 
1023 234 1017 894 1316 794:4305:933 942 1032 327 414 657 
212 261:3716:1204 2512 
811 62:3093:1032 2061 
1106 345 1499:2614:867 1239 508 
771 448 937 255:4610:567 795 2788 460 
388 438 421:2664:834 698 1132 
321 598 887 271 614 1157:8526:860 798 1038 1732 2055 2043 
944 661 617 1532 1503:4772:700 1320 412 777 1563 
51 301:798:510 288 
334 345 860:3033:432 1239 1362 
650:828:828 
1534 1251 1207 564 121 26:8671:1988 2632 1396 504 1698 453 
1147 65:3039:1032 2007 
59 947 132:2130:714 360 1056 
614 105 1313 1430 109:9533:2055 2600 1456 1202 2220 
1288 805 828:2783:801 1066 916 
1111:288:288 
1421 485 1454:4818:1620 1167 2031 
362 318 89 1204:6361:2148 1380 588 2245 
615:717:717 
1441 226 769 831 1468 599:3539:476 264 306 813 450 1230 
236 1285 935 1052:4640:1284 744 1608 1004 
1277 795 1231 428 1077 861 1071:8945:1422 704 2109 384 1406 944 1976 
865 688 1510 855 173 262:6244:1479 872 740 1362 795 996 
1002 253 503 419 309 1385:8220:1533 474 969 1875 2076 1293 
763 852:1725:1329 396 
1158 1102 220 376 1224:5596:956 678 1338 1680 944 
806 1349 267:3592:1383 1569 640 
1509 733 196 1032 96:6700:1689 1735 1368 300 1608 
1122 1105 1249 300 616 373:8653:580 1428 810 2755 1012 2068 
98 813 437 181 923:4382:1392 538 1047 640 765 
1206 963 387 198 780 310 986:9183:1971 1800 1401 696 1626 399 1290 
627 250 1138 323:6468:600 2072 1900 1896 
660 377 333 1249:4502:1518 1648 526 810 
1298 1090 608:2664:1032 1248 384 
549 1437 622 1032 1414:3732:987 987 438 300 1020 
1254 545:2592:2082 510 
216 266:3836:2648 1188 
1368 912 163:3152:1282 962 908 
386 1102 725:2661:1200 678 783 
808 579 136 1185 835:6328:972 568 2115 804 1869 
312 1121 1371 1287 33:7854:1596 3124 1401 992 741 
73 162 1171 1354 1431 229:8789:842 2004 1998 903 2240 802 
1351:921:921 
153 403:2307:1476 831 
53 436 446 962:5252:1286 891 2094 981 
1212 569 126 30 1239 1355:6619:309 1641 1565 988 1636 480 
1249 167 389 1492:3158:810 212 1308 828 
639 1409 633:2691:1851 288 552 
111 1065 90 34 710 866 157:10602:2552 1011 414 1252 992 3365 1016 
713 337 81 823 819 58:11016:2512 560 770 2985 2004 2185 
1106 863 287 98:4366:1156 1650 864 696 
784 1127 112 175:6936:600 1856 800 3680 
385 1260 1350 801 984 1061:4728:1144 390 510 1518 580 586 
817 1254 451 1100:4943:855 2082 1296 710 
1008 6 1135 758 89 831:6512:483 856 1488 1719 882 1084 
189 798 1114 1285:6060:1893 1521 1902 744 
319 1022 406 336:3446:566 1160 912 808 
882 972 423:4780:2375 1580 825 
1388 146 1461 1299 695 1278:9430:873 2145 1888 1048 1340 2136 
1525 1269 453 449 1246 842:9892:1474 2331 1506 2079 846 1656 
1285 310:2259:1860 399 
1052 250 1312 1096:6291:1004 2072 855 2360 
1082 267 263:3061:722 320 2019 
779 749 240 1448 7 1388 1065:9367:1336 1470 432 2960 948 873 1348 
1232 1361:2510:860 1650 
273 1161:3237:1221 2016 
420 1242 586 1462 1552:4880:1236 1137 765 254 1488 
1086 1296:2407:982 1425 
536 1479 1408 393 869:5691:1065 834 2004 600 1188 
1010 274 1176:5335:1908 2163 1264 
661 390 1000 1316 1073:5685:880 2085 992 414 1314 
357 873 977:3803:1372 1736 695 
1353 670 1174 624:5560:1612 960 1248 1740 
980 32:3018:942 2076 
903 820 1124:2247:1389 399 459 
448 71 1373 558 554:8796:795 1518 3445 750 2288 
900 710 1293 823 1499 511:4730:1344 744 556 1194 508 384 
760 1276 966 550:3412:670 516 924 1302 
756:1422:1422 
590 294 11 1526:5142:1023 1155 2067 897 
1307 1224 1113 631:2722:988 944 508 282 
724 1280 437:4729:1644 1340 1745 
1030 521:2719:1419 1300 
514 830 587:4224:1292 1796 1136 
838 89:1778:896 882 
1134 372 1527:4415:987 2208 1220 
701 378 867 185:2690:572 624 1074 420 
354 377 1133:4239:1676 1648 915 
267 650 660 1176:4250:640 828 1518 1264 
1523 880 754 244 1453 11:9545:888 1902 1892 1020 1776 2067 
1334 1463 381 1017 148:7080:1041 1107 1263 1548 2121 
522 1343 688 6 95:5003:879 1611 1308 428 777 
1187 1397:1920:824 1096 
1493 638 22 1510 495 971:8081:2259 1246 1612 555 864 1545 
1145 502 59 1108:4531:564 2356 714 897 
1345 436:2763:2169 594 
662 525 1228 612 542:6534:1260 1596 1668 1200 810 
688 511:1820:1308 512 
988 411 222 804:4050:1264 190 1438 1158 
355 898 961 39:3262:402 939 795 1126 
289 644:1318:1004 314 
42 612 1461 1178 1135 492 463:9082:2036 1600 944 1614 744 999 1145 
852 862 1378 1068 652:4914:396 1956 438 1188 936 
167 1082 639:3146:212 1083 1851 
366 1015 799 1009 1458 1309:10298:1296 1628 2088 1668 1629 1989 
1029 786 623 20 603 547 266 1049 926 1348:10207:933 708 676 2032 672 820 594 1452 420 1900 
1235 474 70 586:3801:771 2001 519 510 
164 1212 863 979:7568:2725 309 1650 2884 
60 1136 1159 356 1419 1202 999:10818:1422 1986 2085 1350 453 1514 2008 
793 616 293 782 100 189:8161:1524 506 1192 1245 1170 2524 
237 1312:2046:1476 570 
989 680 264 540:3447:310 795 2164 178 
1383 1206 470 1372:7571:1377 2628 2084 1482 
621 1070 920 873:6221:1265 2672 548 1736 
1053 650 22 1270:4796:1364 828 1209 1395 
743 234 1442 1559 238:4489:326 1884 610 562 1107 
1417 934 860:4068:2091 615 1362 
85 1240:1729:472 1257 
1456 402 1410 35 1257 468:5158:678 864 656 740 1584 636 
352 1427 1450 647 152 1494:8734:357 1737 2675 2076 950 939 
1341 792 975 1052 1407:4379:1284 846 1402 502 345 
1418:1395:1395 
1401 1291 808 1245 442:4312:564 928 729 840 1251 
84 439 1222 1099 1521:7902:1530 2536 1724 1725 387 
416 466 450 179 789 1105:12066:1947 1554 2416 1593 3485 1071 
553 31 586 1302 1339 573:8655:1780 1335 1020 1705 952 1863 
1156 1006 1056 1040 769 1379 137:8470:1364 1480 2024 1028 306 1014 1254 
701 364 1134 358 1380 658:9196:286 1576 987 2037 2828 1482 
699 495 944 794:2602:813 432 700 657 
549 545 928 938 1454:4928:658 765 1248 903 1354 
611 1181 472 189 145:4306:306 612 304 1893 1191 
1440 518 1207:2784:1002 735 1047 
1124 348 225 647 125 681 252:7498:612 696 2106 1038 856 1242 948 
622 645 255 904 688 898:6011:438 1839 460 837 872 1565 
1281 944 156 938:3189:1557 525 204 903 
675 513 1468:4464:3350 214 900 
330 246:3846:1362 2484 
475 579:1908:1482 426 
1528 991:3108:1299 1809 
593 53 1101 752:5884:700 2572 2024 588 
310:399:399 
1005 256 506:5661:1521 1380 2760 
1232 976:1513:645 868 
766 855:2032:216 1816 
993 17 1105 223 793 84:8842:2265 1118 1071 2352 1016 1020 
879 569 153 429:4833:402 1641 1968 822 
1095 359 1261:2372:864 928 580 
746 475 1085 1401 13:6381:1446 1482 1182 846 1425 
943 539 1469 1159:6531:1284 2022 1140 2085 
633 123 1332 1448 127:6726:414 2900 256 2220 936 
1306 823 846:4706:1395 1791 1520 
1129:938:938 
1439 503 1472:3024:876 969 1179 
380 337 108 1223:2202:708 280 750 464 
536:1065:1065 
1459 244 690 753 1389 520:6037:512 1020 762 1104 1016 1623 
255 1303 954 1070:4397:230 496 999 2672 
1126 217 1 211:3953:446 378 1599 1530 
1462 1033 657 1545 730 1139 1522:7683:254 1460 756 1242 927 2228 816 
324 374 357 87:4315:1038 536 1715 1026 
983 673 257 120:2508:304 958 404 842 
1060 1297 560 1463:5692:2016 1264 936 1476 
404 201 1064 914 964:6231:1210 1680 312 1868 1161 
1070 255:1681:1336 345 
1150 81 957 1460 911:8689:1746 1540 2212 2075 1116 
148 1211 994 791 1240:8886:2828 2780 423 1179 1676 
358:1358:1358 
1547 79 990 1173 1250 48:7224:848 976 1782 1248 1636 734 
716 1152 350 999 782:6039:984 950 939 1506 1660 
1032 909 1331 809 1365:4087:500 1216 1497 482 392 
1155 1138 868 1478 915 1086 510:10031:1488 1900 1998 946 2172 982 545 
623 1178:4918:1690 3228 
186 423 1245:2628:818 550 1260 
1361 413 729:3856:990 2200 666 
636 21 1508 493 969 1192 736:7493:988 862 1893 1458 966 534 792 
959 676 632:3886:846 2448 592 
121 1475:3256:1132 2124 
1083 1146:1686:267 1419 
68:2472:2472 
474 829 467 1489:6898:2668 798 2776 656 
351 108 1089 900 1482:5854:1446 1500 1428 1008 472 
1253 837 1114 1403:6484:1650 1192 1902 1740 
281 398 221 1043 388 1263:6325:1828 600 1284 879 1251 483 
1247 1496 1413 1303:5664:936 1788 2568 372 
463 1233 457 334 756 234 790:6171:916 272 1620 576 948 1413 426 
268 917 700:3048:921 606 1521 
1440 1037 1552 98 1240:5604:1503 312 1488 1044 1257 
385 341 112 1227:5154:1144 1422 400 2188 
541:1008:1008 
1367 152 695 757 1394 524:6550:1284 950 2010 478 916 912 
162 1211 861 978:6899:1503 2780 1416 1200 
1131 222 6 216:5691:906 2157 642 1986 
671 1414 266 648:4248:2160 510 594 984 
488 193 1468 1424 781 338 243:8758:1323 1446 900 2094 1516 210 1269 
1006 696 280 143:3457:740 399 1392 926 
985 1222 486 1389:5506:675 1724 1075 2032 
126 989 840 890:4349:1252 620 1088 1389 
1070 666 1182 1286:4514:2672 492 816 534 
760 250 1459 17 1399:6219:1005 2072 768 1118 1256 
877:1176:1176 
387 1024:4888:1868 3020 
42 757 381 125 867 863:7411:2036 717 842 1284 1432 1100 
907 331:2762:1232 1530 
148 65 1512 1030 1467 664:10091:2828 2676 291 946 2082 1268 
45 228:832:388 444 
1381 1098 1054:3322:1194 1052 1076 
1254 345 128 338:3137:1388 1239 300 210 
1267 771:1823:1256 567 
1417 42 1263:3592:2091 1018 483 
346 1301 325 269 945:4998:1164 704 1184 1066 880 
562 1504 1434:1722:336 858 528 
824:1221:1221 
202 691 9:4784:1220 2292 1272 
1098 522:1698:526 1172 
100 855:2078:1170 908 
449 738 123:6315:2772 1368 2175 
689 139 322 399 755 393:7556:1248 963 1713 660 2172 800 
690 1445 536 320 530:6150:762 387 1065 1839 2097 
473:375:375 
313 1189 1279 729 912 989:6901:2088 270 1791 999 1443 310 
843 866 477 1126:4352:976 2019 465 892 
937 1492 650 687 17 760:7575:2091 552 552 804 2236 1340 
47 1043 800:3870:932 586 2352 
1046 30 507 729 274 1083:7180:963 741 1326 999 2884 267 
1499 1056 546 197 313 137:9052:1016 2024 2004 1710 1044 1254 
1292 78 620 683 1319 450 1259:8349:1890 766 268 1242 600 2416 1167 
117:1976:1976 
627 437 1020:2088:900 698 490 
351 1040 291 541 458 347:5371:1446 771 1278 672 526 678 
1317 580 1483 801:7138:1752 1392 1970 2024 
1084 934 984 967:2463:988 820 435 220 
761 132 1380 964:5142:1156 704 2121 1161 
112 349 1170:2710:400 864 1446 
1287 338 654:2525:992 420 1113 
1407 1337 322 798 1021 565:6422:460 309 2284 2028 669 672 
1339 1111 668 158 1366 1483:7296:714 576 2728 566 1530 1182 
135 198 834 1523:5507:2283 348 1692 1184 
1181 1536 1174:3050:918 468 1664 
837 1407 698:1791:596 345 850 
1517 1034 1471 668 1317:5612:324 1058 870 2046 1314 
1128:1764:1764 
502 1511:3067:2356 711 
751 1427 26 1288 1005:5119:758 1737 302 801 1521 
1142 526 455 998 1475 139:6645:1671 808 672 1115 1416 963 
1181 1552 909 466 1514 1165:9429:1224 1488 1520 2590 555 2052 
339 269 812 1288 1511:5900:789 1599 2504 534 474 
918 595 1084 402:4918:2244 822 988 864 
685 535 585 568:4836:927 1485 1176 1248 
776 1292 982 469:5521:1454 1890 1695 482 
1185:536:536 
1382 1099 1056:4400:651 1725 2024 
1352 443 227 437:4085:1359 912 1116 698 
893 77 487 870:4042:516 1521 952 1053 
464:1887:1887 
1007 445 1533 554:6186:778 2480 1784 1144 
1140 125 601 823 368 1177:7614:1455 1284 1548 1791 627 909 
678 35 1150 640 291 407 644:11469:1998 1480 2328 1401 1278 2356 628 
155 858 242 172:6421:2061 1260 1972 1128 
305 808 259:4342:2536 729 1077 
1540 1297 721 532 1114:8515:1914 1264 1305 2764 1268 
1460 418 108 1250 1526 258:8288:1245 1794 1500 1636 897 1216 
1133 145 994 711:3839:915 794 564 1566 
259 947 199 448 365 255:4570:1077 360 891 530 1482 230 
1224 488 1390 708:5494:708 1323 1384 2079 
841 891 875:4259:1388 930 1941 
751 1294:2525:1137 1388 
206 1094:3213:1104 2109 
1078 423 1298 1388:3408:936 825 774 873 
1465 1194:3788:1572 2216 
803 1025 570 1379 1531 1448:7649:2046 518 820 1014 291 2960 
1352 842 493 609 432 110 599:8656:906 1656 1458 994 1230 1592 820 
1541 260 549 1491 276 819 882:10822:1572 1059 1316 1832 2115 1503 1425 
1297 587:2084:948 1136 
460 1109 893 1103 1552 1403 1453:7359:1136 192 688 678 992 1305 2368 
1400 25 102:2889:519 1116 1254 
1123 1294 718 114 1111 641 1317:7537:1484 1041 1740 336 576 1484 876 
591 1333:904:412 492 
892 981 432:3966:2028 708 1230 
1397 155 1470 1308 705 1287:7481:1370 2061 1748 982 328 992 
1437 1181 365 361 1158 754:6523:658 918 2223 588 717 1419 
1295 319:1954:1388 566 
1062 259 1322 1105:8158:2170 1795 2408 1785 
130 845 469 213 955 951:7129:1266 1036 723 194 2800 1110 
1191 243 559 315 1297:7245:1560 1269 2796 356 1264 
862 1245 1158 116 1364 948:11129:2445 1260 956 3036 1192 2240 
722 252 928 1084:4686:1587 1422 936 741 
1552 243:2684:992 1692 
277 1431 803:6240:1832 1680 2728 
593:1050:1050 
1052 410 1525 1015:5360:753 1175 2211 1221 
343:824:824 
1244 202 306 1448 1311 456:9362:663 1220 2253 1480 1806 1940 
32 1534 652 808 99 1374:8482:1557 1988 936 729 1724 1548 
1264 848 1124 1414:4509:1776 1254 459 1020 
739 389 506 329 7 496 1371:10776:2160 1308 2760 987 948 745 1868 
302 778 1415:5576:2496 932 2148 
1341 1219 83 1022 19:8167:1926 1221 2932 870 1218 
1395 819:2655:1152 1503 
1541 1152:2522:1572 950 
1036 420:2000:764 1236 
276 154 576 54 609 1325:8109:2820 730 520 2008 1491 540 
617 413 1276 1126 1176 1160 889:6307:618 880 1032 669 632 1880 596 
84 866:4895:1530 3365 
986 942 713 270 1318:6228:1935 814 1884 1239 356 
1125 376 626 543:4435:1299 1260 720 1156 
1042 680 143 979 43:7085:828 1060 1389 2884 924 
1166 1149 1293 344 660 417:8774:1660 483 834 1744 1518 2535 
760 384 1272 457:3478:670 291 1302 1215 
1186 891 608 564 1479:4790:1208 1860 384 504 834 
747 1556:2526:1053 1473 
1047 1456 281 1436:4777:1725 1017 1371 664 
414 1529 1020 670:5231:1479 2400 392 960 
228:444:444 
235 1337 588 838:5032:2448 412 828 1344 
821 484 1254 478 1500 778:11758:662 3330 2082 1560 2260 1864 
287 138:3128:1152 1976 
637 21 364 907 970 48 737:8390:660 1293 788 1848 2240 1101 460 
1373 1090 1047:6031:2067 1664 2300 
1246 337 121 331:4972:1128 560 2264 1020 
884 68 478 861:5780:1470 1854 1040 1416 
455:1008:1008 
900 339 1427 545:4287:672 789 2316 510 
1131 115 592 814 359 1071:6686:1359 354 1832 963 696 1482 
669 26 1141 631 282 398 635:4487:1023 453 992 282 510 450 777 
849 136 65:4341:888 2115 1338 
90 1111:702:414 288 
845 616 173 1221 872:5554:518 759 1325 1084 1868 
445 749:3330:1860 1470 
1088 778 362:4726:1896 1398 1432 
625 302 791 109 199 1207 1390:8411:906 1872 786 2220 891 698 1038 
92 342:1210:316 894 
90 472 483 999:4334:414 456 1456 2008 
1248 606 163 67 1275 1392:6750:1244 998 1816 1316 896 480 
1488 153 1255:3450:1239 1476 735 
493 396 274 696 174 729 1445:9270:1458 1758 2884 399 1256 999 516 
176 1518 1314:3320:1704 1128 488 
296 812 916 500 363:6043:261 1252 1410 1848 1272 
1106 1062 833 390 1438:6526:867 1302 1780 2085 492 
556 1245 496 746 662:7523:1818 1260 596 2169 1680 
227 1103 1192 643 826 903:5967:1488 678 534 1017 1324 926 
660 1096 294 943:4833:1012 1416 693 1712 
1406 977 601 1489 674:5390:212 417 1161 1312 2288 
1127 551 1506 944 474 1150:8663:928 2508 1272 875 1334 1746 
927 617:1300:476 824 
1046 1229 893 104 886 764:7482:963 711 688 2013 1118 1989 
231:1992:1992 
680 1489 181 98 1546:3627:795 984 480 1044 324 
807 124 628 78 262 1483 694:6753:786 412 1185 1149 747 788 1686 
578:832:832 
468 757 141 484 1027:8142:954 956 3580 1332 1320 
592 82 1291 1407 1230 908:5965:1374 1473 1856 345 417 500 
758 1447 698 947:6135:1719 2236 1700 480 
562 887:2290:560 1730 
323 439:3798:1896 1902 
739 162 1117:5355:1296 2004 2055 
712 934 479 1288 1537 1454:8913:2277 820 786 801 1521 2708 
1280 1397 76 897 242:4511:1072 548 1208 204 1479 
675 698 309 958:6659:2680 1275 1384 1320 
105 1407 592:3669:1950 345 1374 
285 56 1171 662 312 429 252:9159:987 387 2664 1680 1197 822 1422 
368 1311 96:3848:836 1806 1206 
23 1044:1629:966 663 
875 232 203 1252 902:5787:1941 1359 484 1275 728 
1291 370 1058 309 559 476 366:10622:1856 510 1518 2076 1398 1968 1296 
137 1412 1368 725 282 187 1395:7805:1254 1364 1282 783 680 714 1728 
151 1399 983 845 1548:4314:1572 1256 456 518 512 
13:1900:1900 
866 1022:3562:2692 870 
569 353 149 1012 863:6635:1641 924 1434 1536 1100 
1275 1019:3400:672 2728 
1002 1491 809 1312:5807:2044 1374 964 1425 
975 1118:4411:2103 2308 
313 949 80 889 1139 1055:9265:2088 1239 1370 1192 2228 1148 
766 417 533 356 34 523:5866:324 1521 870 900 1252 999 
427 903 1539 670 1479 171 87:9349:1152 1389 2652 960 1112 1058 1026 
578 482:1520:1248 272 
1248 1298 1281 1011 62 379 549:10468:1866 774 1557 1142 2748 1394 987 
994 206 988 865 1288 765:6939:564 1104 1264 1479 1068 1460 
280 330:4116:1392 2724 
879 130:1668:402 1266 
1175 413 10:3060:951 1320 789 
742 419 908 226:4268:1365 1875 500 528 
456 506 490:2942:970 1380 592 
390 666 955 340 683 1226:7270:1390 492 2100 333 1242 1713 
1012 729 686 43 14:5116:1536 999 664 924 993 
120 369:2069:842 1227 
403 413 929:2451:831 1320 300 
726 816:2708:1100 1608 
539 1536 1066 184 340 44:7316:2022 702 1080 1262 444 1806 
993 589 1519 1209 793 656:8734:1510 1464 624 1473 1524 2139 
175 1129 154 98 774 930 220:10722:2944 1407 1095 1392 1864 1128 892 
680 304 48 790 786 25:4563:1060 975 734 426 531 837 
1170 927 351 161:3349:964 357 1446 582 
1 278 567 1509 295 837 900:11802:1599 2656 1302 1689 2356 1192 1008 
1315 606:2045:1047 998 
479 1128 911 1121 13 1421 1471:9643:1572 882 1116 2343 950 1620 1160 
1504 23:1502:858 644 
1335 1491 1196 913 869 129:7388:1272 1374 1665 656 1584 837 
249 952 336 266:3960:594 1572 606 1188 
813 902 353:2546:1076 546 924 
1415 174 1488 1326 723 1305:6684:2864 942 1652 624 186 416 
1455 1199 384 380 1176 773:5321:934 1431 388 944 1264 360 
1216 240:2506:1930 576 
1057 1080 277 1340 1123:6173:1112 796 1374 1407 1484 
837 115 737 148:4009:1192 236 460 2121 
830 360 1036 48:3929:1347 717 764 1101 
307 943 74 883 1132:6287:807 856 1188 2188 1248 
1172 517 1392 1482 933 1116:7853:1548 1869 480 472 2500 984 
67 1542 1432 949 972 583:6411:987 700 1053 1239 1580 852 
204 1107 424 514 1523 148:6859:586 1452 843 969 888 2121 
4 1173:2674:1842 832 
451 1154 538:3615:1296 1695 624 
1104 555 738 401 1171 395:8671:1284 1605 1026 520 2664 1572 
1350 854 638 434:4356:510 1176 1869 801 
99 1401 585 581 964:7359:1293 846 1568 2104 1548 
1218 508:3210:1029 2181 
1031 814 1024 1474 1324 1374:12297:1090 1605 3020 1158 3360 2064 
67 490 1525:4711:1316 1184 2211 
1359 716:1154:498 656 
803 1412:3410:2046 1364 
1140 1057 947:3292:1940 1112 240 
1113 271 308 1196 381 790:6372:508 1299 790 1665 1684 426 
8 1296 347 664 420 258:7007:1976 950 678 951 1236 1216 
84 1265 1009 194 190:11058:1530 685 2780 2388 3675 
826:993:993 
161 477:1784:1164 620 
1129 1046 1350 867:5704:2345 1605 680 1074 
1516 674:4356:2640 1716 
757 408 524 347 25 514:5008:717 842 912 452 1116 969 
417 894 1530 661 1470 162 78:7918:1521 218 960 1320 1748 1002 1149 
1111 1068 425 1540 1444:5253:432 1188 753 1914 966 
502 752 668:4843:2356 441 2046 
1477 808 1550:3024:1563 729 732 
848:1254:1254 
1347 1503 794 511:3095:921 1042 876 256 
1297 1520 1064 315 565 482 371:4402:1264 846 416 712 504 408 252 
1101 1057 828 385 1434 1084:5628:1518 834 687 1144 704 741 
1141 525 868 1411 1473 552:7452:744 1596 1998 1320 1362 432 
466 116:3831:1554 2277 
1265 1408 460 776 532 1514:8803:411 2004 852 2908 2073 555 
1304 876 499 1387 572 982:7564:630 606 1006 1314 1748 2260 
313 297 26 636 952 1122 546:7464:1566 489 302 1976 1048 580 1503 
3 1439 303 1339 336:4538:652 876 1892 714 404 
110 1398 449 765 522 360:7691:796 2364 2079 1095 879 478 
975 971:3648:2103 1545 
216 705 23 526 1535 160:5434:1324 492 644 1212 1018 744 
113 869:2031:1239 792 
463 752 136:3096:687 294 2115 
702 153 336 413 769 407:9546:2940 1476 606 1760 408 2356 
704 1459 550 333 543:5576:897 1024 1736 1052 867 
487:1428:1428 
327 1203 1292 743 926 1003:6771:510 837 3780 652 420 572 
1339 857 880 491 1140:9369:714 1140 3170 1920 2425 
1516 1179 391 1173 1050 1473 950:7397:1320 1449 490 1248 714 908 1268 
1263 1153 670 1373 984 75:5620:483 294 1280 2756 435 372 
1330 993:3036:771 2265 
1219 510 227 184 1513:6489:1628 436 1860 1893 672 
91 634 697 1333 367 1176:6168:2016 940 702 656 1222 632 
801 917 740:2856:1518 606 732 
1093 1237:3603:1647 1956 
1068 198 1007 1257 1174:6910:1584 522 1556 1584 1664 
1317:1314:1314 
1423 980 884 535 652 475:8166:1844 1256 980 1980 624 1482 
788 39:1983:294 1689 
1088 1497 322 1477:9384:2528 2488 2284 2084 
455 12 1061 711:4586:672 1176 1172 1566 
699 588 106 129 1298 389 172:8027:813 1104 2084 837 516 981 1692 
1301 1418 1241 919 1407 725:5320:528 1116 1178 1485 230 783 
709 958 875 1179:3476:424 792 1294 966 
695 332 1354 632 1254 665:8788:2680 1644 1204 592 2082 586 
821 672 722 705:5561:1655 2520 1058 328 
902 912 1428 1118 702:8755:546 1924 2349 1731 2205 
120 1035 592:2364:842 606 916 
416 1065 849 1059 1411 1262:7241:1947 1348 1184 1200 990 572 
317 1099 976 1398:5817:844 1150 868 2955 
982 739 577 1531 556 500:7515:1695 1728 962 388 1818 924 
1285 524 120 636:4773:1116 912 1263 1482 
214 1262 913 1029:3701:1044 429 984 1244 
590 374 170:2874:682 1072 1120 
1282 1558:3243:2046 1197 
244 866:3549:1530 2019 
843 666:1956:1464 492 
566 377 959:3849:1615 824 1410 
194 882 133 383 300 190:9557:1791 1900 544 1464 1653 2205 
1256 520 1422 740:5514:747 1623 1680 1464 
873 923 907:3044:1302 510 1232 
686 1229:1375:664 711 
238 1126:1776:1107 669 
1110 454 1330 1420:3895:1518 652 771 954 
1497 1226:4772:2488 2284 
737 960 504 1314 5 1480:5132:690 802 1020 366 1206 1048 
1384 874 525 641 464 142 631:8827:912 906 1596 1484 1887 1760 282 
15 292 581 1523 308 851 914:9838:1245 975 2104 1184 1580 1816 934 
1347 637:1251:921 330 
511 1160 943 1153 45 1453 1503:6656:512 940 856 294 194 1776 2084 
1450 75 55:3967:1605 496 1866 
1174 1344 768 165 1161 691 1367:10683:1664 831 2480 590 2688 1146 1284 
641 1384:2852:1484 1368 
845 934 385:2509:1036 615 858 
1447 206 1520 1358 755 1337:7162:1677 1104 2115 768 1086 412 
1487 1231 416 412 1208 805:9261:340 2109 2596 1036 1581 1599 
1345 369:5251:3615 1636 
1089 1112 309 1372 1155:8314:1904 1364 2076 1482 1488 
868 147 769 180:3465:2664 228 204 369 
1158 183 1271 1068 80:8348:956 1314 2043 1980 2055 
1291 1420:2346:1392 954 
709 332 1221:3258:530 1644 1084 
442 559:4047:1251 2796 
562 772 1222 1072 1122:4065:448 1089 862 1376 290 
302 340 1228 413:5400:2496 333 1251 1320 
1283 640:1839:438 1401 
154 1017 867 917 900 630 1239:8841:1460 1548 1432 606 1008 1560 1227 
613 1383 607 71:6557:1056 1377 2100 2024 
161:1164:1164 
948 744 1193 1043 1093 1077:12232:2800 2884 815 879 2745 2109 
661 1497 561 1530:4344:1760 1244 620 720 
751 281 957 1527:5444:1137 1371 1106 1830 
175:2208:2208 
575 1517:1785:1569 216 
115 1151 148 1278:4528:472 333 2121 1602 
1341 871 1547 145 1408:6767:1284 1413 1272 794 2004 
1021 1497:2758:892 1866 
1491 821 6:3340:1374 1324 642 
861:1416:1416 
1361 1517 808 525:3242:990 216 972 1064 
1311 1533 1078 329 579 495 385:6596:1806 892 936 1316 426 648 572 
1115 1071 842 399 1447 1098:8224:1401 1482 1656 660 2236 789 
1251 636 979 1522 26 663:8258:1974 1976 2163 408 453 1284 
480 130:2214:948 1266 
1278 1422 473 789 546 1528:9680:1602 1680 375 2788 1503 1732 
859 1415 986 610 1498 683 1092:10504:768 2148 1290 1206 1688 1656 1748 
310:266:266 
127 377 294 183 1259 1282 893:7710:1248 1236 693 1314 1167 1364 688 
236 473 1295:2254:963 250 1041 
1411 463 779:2904:1320 916 668 
590 1532 1461 446 922 1145 689:8355:1023 777 1416 2094 1575 846 624 
1009 726 683:4004:1112 1650 1242 
387 171 1525:4400:1868 1058 1474 
926 616 200 477:3561:315 1012 1924 310 
1416 1239 917 1406:4419:1551 1636 808 424 
557 1006 857 907:4827:729 1110 1140 1848 
990 1000 1516 1206:7221:1782 1488 1980 1971 
777 681 332 448 271:6239:2100 1656 822 795 866 
1353 871 893:3482:1209 1413 860 
1197 22 1176:3960:1716 1612 632 
931 248:1344:1044 300 
740:1464:1464 
74 391:1574:594 980 
1360 1277 1166 684:5524:1712 1896 1660 256 
490:888:888 
1343 1006:2184:1074 1110 
1233 524 241 197 1526:6124:544 1216 2056 1710 598 
1320 105 648 710 1347 477 1286:5968:1482 1300 984 744 614 310 534 
145:1588:1588 
1327 751 562 1144:3157:1322 1137 224 474 
307 436 912 1548:2916:807 891 962 256 
1219 537 626 77 260 337 693:8791:814 1353 1200 2028 1412 560 1424 
576:260:260 
1019 603 466 1169 553 483 1026:11839:2728 672 2072 2264 712 1456 1935 
746 689 1365 1521:4411:2892 936 196 387 
1082 334 583:2290:722 432 1136 
523 1145 556 1272 895 639:7788:1332 1128 1818 1302 357 1851 
809 660 709 693 836 1446 204:8608:1205 2530 318 1780 952 944 879 
277 1113:2340:1832 508 
251:1365:1365 
1143 434:1773:972 801 
956 740 950 1399 1250 1300:6713:657 1098 1902 628 1636 792 
1410 207 990 867 1289 767:7446:1312 924 1782 1432 936 1060 
282 332:2324:680 1644 
881 132:2118:1062 1056 
438 1180 32 415 11:8205:698 2836 1038 1566 2067 
1133 424 141:2885:610 843 1432 
1077 1100 711 1360 1143:7544:2812 284 2088 1712 648 
856 135 757 168:4328:904 2283 478 663 
365 947 891 9 165:5145:1482 240 1395 848 1180 
481 770 155 498 1041:6599:1106 1456 2748 896 393 
605 96 1304 1421 1244 921:6272:1287 1206 504 1620 663 992 
232 869 1557 809 1058:5814:1359 792 675 964 2024 
442 1318 1408 858 1042:4965:834 534 1503 1680 414 
898 509 1158 942 1152 43 1451:6379:939 656 717 1221 950 924 972 
1221 672 855:4695:813 2520 1362 
944 1527 1471:3545:525 2440 580 
1462 1378 1268 786:2880:508 584 1080 708 
1435 592:3800:1968 1832 
675 326 442 266 1501 432:7235:1340 1338 834 891 2012 820 
80 1555:4143:2055 2088 
550 1292 1288 113 123 639 329:11142:1302 2520 1068 1239 2175 1851 987 
650 1259 17 1332:3928:828 1167 1677 256 
503 780 1069 453 797:5542:969 1626 214 1506 1227 
297 1506 64 1446:4108:652 1908 604 944 
121 770 553 763 1213:5524:1132 728 712 1329 1623 
474 1190 1227:4805:2668 496 1641 
1311 668 225 1273 924:9365:1204 2728 2106 1821 1506 
1091 1008 898:3922:2652 644 626 
222 1404 1148 332 328:8402:2876 1578 2016 1233 699 
808 965:1338:486 852 
1191 975 771 1220 1071:7601:1170 2103 567 1785 1976 
685 96 812 436 180:7325:1236 1608 2504 1485 492 
962 386 196 779 309:5893:981 800 1368 668 2076 
410 699 83:3988:705 1084 2199 
649 100 283 360 716 1498:8037:1464 1560 1479 956 1312 1266 
1309 400 183 393:5194:2652 828 1314 400 
1159 316 353 1242 426 836:7003:2085 708 1540 1516 440 714 
30 1344 1182:2660:741 831 1088 
173 396 1498 749 999:7285:795 1758 1266 1960 1506 
1348 799 982:5726:1900 1566 2260 
1358 1169 193 137:7946:1536 2264 2892 1254 
1302 287 349 986 116:7107:1023 576 1296 1935 2277 
393 70 559 1435 1525:6703:400 519 2097 1476 2211 
1156 1366:2212:682 1530 
939:411:411 
457:810:810 
1310 933:3239:1364 1875 
247 1149 467:4285:1026 483 2776 
1556 980:2415:1473 942 
121 144 1313:4164:1698 282 2184 
38 448 830 427 1357:7002:968 795 1796 768 2675 
514 670 1519 1236 48:4621:969 640 312 1232 1468 
7 1110:2466:948 1518 
1405 644:1135:507 628 
457 960 411 594 257:3832:1215 1604 380 330 303 
740 590 640:3522:1098 1023 1401 
1346 1036 620 897 1186 570 914:7850:1728 764 536 408 906 1640 1868 
1463 1273 298 1386 504:6339:1107 1821 1551 1180 680 
1504:858:858 
1410 1420:2266:1312 954 
168 1177 1360 1437 235:6104:884 1212 856 1316 1836 
342:596:596 
925:604:604 
1364 908:846:596 250 
442:1251:1251 
349 1384:2232:864 1368 
831 948 1185:3297:813 1680 804 
172 156 1443 495:4287:2256 204 1179 648 
622:438:438 
1021 1017:2217:669 1548 
262 751 68 572 22 206:5724:498 1137 1236 1311 806 736 
136 159 914:3997:2115 948 934 
432 442 958:3690:1230 1668 792 
658 748:2612:988 1624 
885 1468 998 116 685 1534:5661:792 675 446 1518 1236 994 
1022 1032 1548 1238 822 1099:4944:580 300 512 831 996 1725 
862 566:1624:978 646 
1088 872 1082 1531 1382 1431:7465:1896 1401 1083 194 651 2240 
4 1225 437 1219 1096 1518 996:7927:1228 1364 698 1221 1416 1692 308 
513 430 320 1395 1418 1029 120:8179:428 1032 1226 1728 837 1244 1684 
606 256 373 196 1431 362:10644:1497 1840 1551 1368 2240 2148 
1471 1388:2034:870 1164 
1223 1219 43 54 570 260:6695:348 1628 924 1506 1230 1059 
609 1285:2235:1491 744 
1452 104 553:4060:1650 1342 1068 
613 902:1602:1056 546 
18 573:2138:896 1242 
767 323 228 1436 1553 1376 640:7836:1325 1264 444 664 987 1284 1868 
1033 617 480 1183 567 497 1039:7069:1460 618 1264 891 868 1348 620 
64 1460 856 1439 1383 501 657:7821:906 830 1808 876 1377 512 1512 
653 1396 1392:3233:1012 1581 640 
1369 1019 1136 959 636:10335:1875 2046 3310 1128 1976 
993 511 534 1289:7179:3775 512 2424 468 
317 1499 1243:3636:1688 1270 678 
68 24 940 910 401 51 168:8111:1854 1228 1548 1408 390 1020 663 
1407 365 55 1197 1473 205 1147:13500:460 2964 1866 2860 2270 2048 1032 
1057 481 1436 874 404:5173:1112 1659 830 604 968 
179:1062:1062 
428:384:384 
335 1371:2759:1358 1401 
817 934 1171:2802:855 615 1332 
75 938 788 838 822 551 1161:9335:372 1204 294 2240 1328 1881 2016 
1407 870:1283:230 1053 
375 1490 980 631:3575:840 1056 1256 423 
204 508 25 48 804 308 92:7341:879 2181 1116 734 772 1185 474 
1161 838 1327 645:7843:2016 1344 2644 1839 
478 928 778 828 811:6129:1560 936 1398 687 1548 
422 46 934 118 528:7878:2892 1887 1025 1370 704 
16 692 848:5875:3730 891 1254 
1384 1274 792 815 426:5523:1824 1048 1692 519 440 
326 1108 985 1407:2801:1338 598 405 460 
1088 845 683 80 662 606:8126:1264 1036 828 2740 1260 998 
1524:944:944 
1351 509:2212:1228 984 
592 242 359 182 1418 349:9712:1832 2465 928 1364 1395 1728 
1374:1548:1548 
299 1241 26:3162:942 1767 453 
50 1072:3147:2115 1032 
806 163 134 1182 832:6634:1383 908 1844 816 1683 
300 989 240 489 406 296:4134:1653 465 432 802 608 174 
1539 1362 626 1529 846:6326:2652 546 720 1800 608 
426 37 686 470:5060:440 1540 996 2084 
210 247 1136 320 730:7278:1180 684 2648 1839 927 
894 1050:932:218 714 
12:1176:1176 
1420 111 28 1476 993:10252:954 2552 2154 1572 3020 
95 1316 527 1310:4350:1036 414 854 2046 
1063:1126:1126 
873 670 1119 969 1019:7728:1302 1280 1812 1288 2046 
613 237 1539 723:5603:704 1968 2652 279 
786 1356 647 364 320 1235:7153:531 1148 2076 788 1839 771 
1443 228:1230:786 444 
1203 827:1086:558 528 
141 1043 361:6025:3580 1465 980 
1353 777:2906:806 2100 
38 1207:1424:726 698 
387 1090 475:5092:1868 1248 1976 
1107 331:1988:968 1020 
1130 1500 857 414 1463:7301:894 1808 1520 1972 1107 
678 222 1031 1281 1198:9743:1998 2157 872 2076 2640 
253 742 59 563 13 196:6359:316 1820 476 954 1425 1368 
127 150 905:3606:936 1806 864 
423 433 949:3707:1100 1368 1239 
649 739:2704:976 1728 
876 1458 988 106 676 1525:9919:909 1629 1896 1563 2448 1474 
1013 1023 1539 1229 813 1090:6222:534 933 1989 711 807 1248 
852 557:750:264 486 
1079 863 1073 1522 1372 1422:11963:1716 2200 3285 612 2470 1680 
1553 1216 427 1210 1087 1509 987:8930:987 1158 1152 1352 1200 1689 1392 
707 730 341 990:5208:957 927 948 2376 
137 1439 623:3771:1881 876 1014 
1549 1106 596 247 364 187:5098:1180 1156 472 1026 788 476 
1343 128 671 733 1370 500 1309:7785:1611 200 1080 1041 940 924 1989 
810 167:648:330 318 
94 544 394 444 427 571 1180:7684:333 1050 1662 912 1152 448 2127 
1007 231 108:3411:1167 1494 750 
102 1190 308 464 169 1444:6991:836 992 790 1887 1520 966 
183 1431 1015 877 22:7816:1752 2240 1221 588 2015 
395 45:1960:1572 388 
49 1337 389 705 461 299:6501:2612 309 981 492 1479 628 
143 1325 1069 253 249:4262:1389 1080 428 474 891 
730 886:2295:618 1677 
1112 896 692 1142 992:8203:2046 1518 594 2785 1260 
18 733 357 101:4624:1344 1388 1372 520 
797 327 1003 15 864 581 537:5957:818 306 286 1245 897 1052 1353 
254 264 780:3576:327 1623 1626 
570:1230:1230 
1074 1030 387 1502 1406:6699:1617 1419 1401 1944 318 
561 811 728:3293:620 1548 1125 
1537 867 52:4702:2028 1074 1600 
25 1233 1350 29:2735:837 544 340 1014 
15 1369 674:4783:1245 1250 2288 
458 321 1024:3589:789 1290 1510 
271 1040:2070:1299 771 
497 1346 1063 1020 791 348:5304:1011 864 1126 196 1179 928 
1050 634 911 1200 584 927 1470:8776:952 940 1488 1705 1467 476 1748 
518 1087:1390:490 900 
251 900 684 894 1343 1194:7375:1365 1344 512 327 1611 2216 
249 1031 908 1330:3423:891 872 375 1285 
1085 509 1463 902 432:5302:1576 656 1476 364 1230 
822 206:1400:664 736 
1498 362 1398 396 1111:7973:1266 2148 2955 1172 432 
1188 1504 1261 1099 495:4127:1023 858 232 1150 864 
485 69 1490:3089:1167 1130 792 
585 36 219 1440:4556:1568 630 1356 1002 
1001 1318 1074:2550:938 534 1078 
814 65:3639:963 2676 
882 67 63 445 456:7615:1425 1316 1074 1860 1940 
1481 1011 129 699 1548 1265:5892:1035 2284 837 813 512 411 
1155 739 1015 1304:4509:1488 1296 1221 504 
280 397 220 1042 386 1262:5530:1392 996 892 621 1200 429 
1245 1495 1412 1302:6071:1680 2004 1364 1023 
1110 1532 1010 7:4671:1518 777 954 1422 
690 633 1309 1465:4328:1016 414 1326 1572 
1026 278 527:4474:774 1992 1708 
467 1089 500 1216 839 583:6087:1388 952 1386 1158 351 852 
1418 4 613 929:4135:837 1842 1056 400 
1268:810:810 
313 1029 653 397 1139 1135 1518:9093:1044 933 1518 747 1671 1488 1692 
816 1253 450 1099:7487:1206 990 2416 2875 
1465 1037 660 1548 733:5039:1572 208 1012 512 1735 
885 324 1412 530:4328:528 1038 1364 1398 
1019 3 480 702 247 1056:8967:2046 489 948 2940 1026 1518 
11 1126 616 267 383 523:6276:2756 892 506 480 976 666 
837 88:1049:596 453 
1132 371 1525:2788:936 378 1474 
700 377 866 184:7973:1521 1236 2692 2524 
414 464 447:3254:986 1258 1010 
347 624 913 297 641 1183:6962:904 1305 984 652 2226 891 
777 748:3318:2100 1218 
232 548:3106:906 2200 
1104 1021 910 428:5099:1712 1115 1760 512 
1077 648:4288:2812 1476 
52 1260 1377 1200 464 488:6851:1200 520 1527 1023 1258 1323 
1416 667 917 834:5777:1551 1928 606 1692 
1430 654 532 954 432:7027:1202 1113 2073 999 1640 
538 295:2824:468 2356 
1314 831 854:2084:366 542 1176 
1137:652:652 
1447 511 1480:2288:1118 384 786 
485 442 213 1328:3975:778 1251 194 1752 
1444 641:2450:966 1484 
525 1467:3678:1596 2082 
479 1101 512 1228:6005:1572 2024 1575 834 
1292 822 1498 509 1358:5620:1260 996 844 984 1536 
842 971 1448:6676:1656 2060 2960 
356 233 655 133:4742:1800 1428 1242 272 
1099 1270 694 90 1087 617 1293:8374:1725 1395 2810 276 1200 412 556 
567 1309:2857:868 1989 
770 860 311:4060:1456 1362 1242 
34 1349 1187 583 1166:6054:626 2092 824 852 1660 
1350 934 797 1500:4944:680 820 1636 1808 
314 1523 81 1463 1140 71 947:10844:1695 1184 1925 1476 1940 2024 600 
451 1087:2496:1296 1200 
106 821 445 189 931 927:7438:1563 993 1240 1893 1392 357 
971 395:2209:1030 1179 
59 309 226 115 1191 70 825:7209:476 2768 396 472 1170 346 1581 
32 1494 1145 1261 1085 348:5518:1557 939 564 348 1182 928 
199 1301 552 802:3399:891 528 432 1548 
1327 538 1320 1198 62:8624:1983 624 1976 1980 2061 
565 549 278 888 1204:5907:504 987 1992 628 1796 
1507 745 342 761:3505:993 462 894 1156 
879 436 1484 1135 1251:5494:402 594 378 1488 2632 
708 1012 529:5357:2079 2048 1230 
1261 446 442 825:6505:464 2792 1668 1581 
1026 516:2210:1548 662 
583:1136:1136 
1142 339 988 772 982 1431:10006:1671 1052 1896 1452 1695 2240 
1182 1365 1442 239 1022 899:5524:816 392 1525 1173 870 748 
14 463:1349:662 687 
197 126 669 1146 1368:5900:1710 939 1023 946 1282 
1189 453 1356 673:4266:270 1506 574 1916 
1392 1175 972 277 127 177 160:7377:480 951 1185 1374 936 963 1488 
73 576 27 210 1431 643:7129:842 520 1964 885 2240 678 
207:693:693 
153 403:2307:1476 831 
54 436 447 962:4718:1004 891 1515 1308 
1212 569 540 31 1239 1356:5575:309 1094 445 534 2045 1148 
616 1558 343 472 949 27 716:7270:1012 1197 824 456 1652 1473 656 
1449 1166 1123:2658:300 1245 1113 
1322 413 197 407:5412:1204 1320 1710 1178 
925 1335 840:2813:453 1272 1088 
166 1069:2097:1776 321 
1208 965 803 200 782 726 1402:10220:2108 852 2046 962 1660 1650 942 
656 1279 690 1405 1029 773 1516:9323:2139 2388 1016 507 933 360 1980 
397 846 696 746:4950:747 912 399 2892 
926 937 1453 1143:5851:315 2788 1776 972 
1059 1030 521 171 288 111:9717:1200 1419 2600 1587 1635 1276 
52 181 560 1197 327 1136:7168:1600 480 1170 2288 306 1324 
734 91 1206 1111 761 878 701:7528:366 2016 1971 288 867 1448 572 
993 138 202 131:6710:3020 1482 915 1293 
514 1336 681 1556 88 1097:7908:969 2476 1242 1964 453 804 
148 38 1113 1136:5341:2121 726 508 1986 
1017 641:4806:2580 2226 
690 368 857 175:5093:762 627 760 2944 
308 358 341:3096:790 1358 948 
518 807 191 534 1077:5847:490 524 1512 1212 2109 
671 642 132 1341 1457 1280 958:8362:1620 598 704 2568 1276 804 792 
1124 1254:3388:612 2776 
263 1054:3499:2692 807 
1134 479 1355 1444:3563:987 1572 360 644 
1521 1251:2361:387 1974 
762 984 529 1338 30 1504:8153:2872 725 820 1604 988 1144 
1330 1447 126 948 292:5740:1028 1118 939 1680 975 
725 748 359 1008:3341:783 1218 696 644 
155 1457 642:4872:2061 1914 897 
335 106 1221 712 362 479 302:12255:2037 1563 813 3036 2148 786 1872 
129 419 1361 146:5462:837 1875 1320 1430 
1377:1527:1527 
925 283 253 1302 855:5744:453 1479 632 1364 1816 
1341 420 1108 360 609 526 416:9272:2568 1236 598 717 994 1212 1947 
1445:258:258 
423 579:1109:825 284 
806 590 800 1249 1099:7933:2305 1364 1764 1350 1150 
330 367 1255:5292:2724 1833 735 
413 64 180:3337:1760 1208 369 
789 639 689 672 402:5873:1394 1851 936 1260 432 
1533 772:2790:1338 1452 
585 1088 539 722 385:8453:784 2528 2696 1587 858 
516 965 815 768:4521:993 852 692 1984 
948 959 1474 1165:6065:2240 1128 1158 1539 
1081 1052 543 193 310 133:7136:2136 1004 1156 2169 399 272 
1289 74 203 679 1316 446 1255:6481:702 594 242 1140 276 2792 735 
1222 1378 1083 800 756 113:6455:1293 584 267 1176 1896 1239 
233 936 321 250:6278:952 1964 1290 2072 
797 887 337:3094:1636 1038 420 
61 1375 1213 610 1192:5229:270 1596 1623 1206 534 
47 750:2556:1864 692 
1549 1012 290 912 323:5901:590 1024 948 1443 1896 
1529 1286 613:2860:1800 356 704 
1026 277 527:4243:1161 1374 1708 
1253 997:3570:990 2580 
787 876:1778:566 1212 
1300 1110 135 1223 341 911 201:8987:1056 2024 2283 348 948 1488 840 
285 1173 357 767 1150:6148:987 1248 1372 795 1746 
834 990 694:4002:1128 1188 1686 
1513 1031 1054 665 1314:3714:1008 654 807 879 366 
473 350 773 250:4179:375 1252 480 2072 
906 1488 1432 550:3743:232 1239 1404 868 
1136 121 597 820 364 1173:8663:2648 1698 1488 399 1182 1248 
260 31 1146 637 287 404 227:7118:1059 801 1892 660 864 726 1116 
1382 1072 656 933 1222 606 949:10007:651 688 2139 2500 1293 1497 1239 
1498 1309 334 1422 540:6772:1266 2652 576 2100 178 
1539:1989:1989 
1063 1446 1456:3650:1689 944 1017 
797 114:1899:1227 672 
1485 924 454 1130 1286:4488:520 2008 652 596 712 
278 141 844 228 158 700:9560:2656 2148 1794 592 849 1521 
318 1166 883 1254 611 168:7576:1380 830 1094 2776 612 884 
1193:652:652 
1091 275 271 1068 664 1180:10792:3315 1833 1299 1584 634 2127 
1297 1107 132 76:5212:1264 1936 1408 604 
225 288 924 55:7892:2808 1090 1506 2488 
694 784 234 417 494 850 488:7776:1124 400 942 2028 1050 468 1764 
927 844 734 251:3882:357 1794 366 1365 
997 568:4452:2580 1872 
652 302 419 242 1064 408:8361:936 2496 1875 1479 312 1263 
691 914 458 1267 1517 1434:7859:2292 2335 526 1570 432 704 
96 998:1652:1206 446 
1138 895 732 129 711 655 1331:7962:1425 357 880 558 2088 1656 998 
1111 522 1238 861 605 1348:8357:432 1465 1385 1888 1287 1900 
802 1412 170 1485:4211:1548 1023 1120 520 
975 559 836 1125 509 852:10320:2804 2796 952 1732 1640 396 
855 212:2566:1362 1204 
139 589 439 489 472 616 1225:6628:963 976 1902 802 456 506 1023 
955 179 56:4611:2100 2124 387 
709 147 1235 353 509 213 1489:4110:424 342 1028 616 656 388 656 
759:664:664 
546 1102:2682:2004 678 
110 347 1168:3480:796 452 2232 
1382 433 749:3216:868 1368 980 
560 1502 1432 417 893 1116 660:7524:468 972 1053 1521 516 1476 1518 
600 556:2698:880 1818 
387 237 287 270 414:5086:934 1476 864 826 986 
1546 370:1004:324 680 
686 137 320 397:6952:996 2508 2452 996 
84 227 837 274 31:6237:1530 1116 894 2163 534 
207 949 1359 184 194 710 400:8479:924 1652 996 1893 1194 992 828 
674 403 1013 1329 1500:5376:1716 831 534 939 1356 
370 1300 990:3178:340 1056 1782 
125 1000 1090 541:4960:1712 992 1248 1008 
994 45:811:423 388 
1081 1330 1247 1137:3961:1602 771 936 652 
1270 334 1303:2343:1395 576 372 
168 1497 1054:3336:663 1866 807 
1267 465 1527 1311 1107 1557 1407:9340:942 1680 2440 1806 1452 675 345 
1490:528:528 
86 1134 785 901:4909:1090 987 1194 1638 
626 1062 260 909 692 902:6387:960 1302 1412 912 891 910 
1285 1362 160 942:4138:1488 1092 744 814 
825 996 420 1375:4656:1054 770 1236 1596 
30 733 117 47 590 1066:7793:741 694 1976 1398 1364 1620 
1143 500 57 1106:3693:648 1848 330 867 
1343 434:2145:1611 534 
1173 757 620 1323 707 637:7890:2080 717 402 2755 1276 660 
1363 1319 1090:3909:1461 1200 1248 
516 312 762:3945:993 798 2154 
545 822 1111:2337:765 996 576 
512 695 772 1128:6667:1575 2680 1089 1323 
1528 1284 708:3641:1299 956 1386 
1024 275 525:6226:2265 1833 2128 
465 1501 498 69 1251 581:9332:1680 1509 896 1695 1974 1578 
1388 146:3442:582 2860 
1032 922 439:4402:400 2100 1902 
1171 356 766 1148:5526:1998 1800 216 1512 
988 279 1554 366 1281 838 329:11346:1896 1557 2016 1728 2595 896 658 
397 1539 1401:2670:498 1326 846 
1505 130 1352:3225:1022 844 1359 
1422:1260:1260 
276 126 176 160 303 913:6673:1410 939 1278 1116 946 984 
1299 710 1426 1049:6488:2096 744 1470 2178 
922 40 610 1459 1176:5648:1575 579 1206 1024 1264 
393 869 1505:3125:800 792 1533 
553 1335 1212 76 1112 110:7556:1424 1272 412 1208 2046 1194 
580 563:2810:1856 954 
1226 477 727:4265:2284 465 1516 
244 666 144 700 1415 1453 783:10610:1530 656 282 1521 2864 2368 1389 
177 826 610 406 1270 1120:7469:963 1324 1608 1216 1395 963 
420 1256:1983:1236 747 
298:1551:1551 
1190 481:1850:744 1106 
1417 1200 996 1446 1296 1346:7676:2091 1023 462 472 1900 1728 
288 910:3588:2180 1408 
888 711:2194:628 1566 
611 422 1004:4780:459 1446 2875 
239 927 178 428 345 234:4256:1173 357 702 256 826 942 
8:1482:1482 
884 601 557 1473 1030:9689:2940 1161 972 2724 1892 
1550 241:2788:732 2056 
372 1526 898:5392:2944 1196 1252 
598 688:2106:798 1308 
937 55 211 1060:6999:2091 1866 1530 1512 
1428 679 928 845:4917:2349 855 936 777 
569 32 868 1490:7054:2188 2076 1998 792 
1001 26 1527 645:5995:1876 453 2440 1226 
216 279 915 46 855:8332:1986 1557 1086 1887 1816 
1558 489 1365 1454 905:6061:1197 802 490 2708 864 
242 679 1434 1204 988 1198 89:10342:1479 855 528 1796 2528 1980 1176 
302 1178 1267 718:6105:1872 2421 942 870 
1344 1074 125:4865:1108 1617 2140 
206 682 905:2622:1104 222 1296 
1448 925 1481:4599:2960 604 1035 
389 759 116 1231:5980:654 996 1518 2812 
959:846:846 
1398 942:3401:1773 1628 
1335 573:3135:1272 1863 
386 889 340 523 186:6204:1600 1192 444 1332 1636 
669 519 569:4220:1023 2103 1094 
869 453 729 1019 403 746:10873:1584 2008 999 2728 1385 2169 
294 11 1525 883:9047:1155 2756 2948 2188 
533 970:4105:1305 2800 
211 1459 1043 1319 51:4758:2040 512 586 600 1020 
107 1382 1339 696 253 157 1366:6149:640 868 714 399 474 1524 1530 
1272 856 719 1422:5322:1302 1356 1404 1260 
1542 100 337 1159 504 1282:7983:700 1170 280 2085 1020 2728 
1169 1418 1335 1225:3985:1132 558 1272 1023 
403 1173 397 1419 697 1319 730:6092:831 832 996 604 702 1200 927 
1352 857 640:4353:1812 1140 1401 
869 880 1396 1086 670:8585:1188 2536 2108 1473 1280 
184 1100 1070:4323:1893 426 2004 
384 1033 817 1027 1476 1326:7031:291 1460 1140 1320 1572 1248 
1047 1217 641 38 1034 564 284 1066 944 1366:12485:1725 1205 1484 968 1058 252 558 2160 525 2550 
109 491 88 1018:5088:2220 1920 453 495 
1364 722 279 1327 978 1094:10023:894 1058 2076 1983 1200 2812 
1304 222 445 1547:5992:378 1438 2480 1696 
1464 688:3400:1656 1744 
242 1090 1487 1444 1215 772 262:6820:1972 832 340 644 584 1452 996 
1007 697 281 558:3842:778 936 1828 300 
1400 1224 901 1390:4449:519 708 2184 1038 
428 638 1088 938 988:8504:384 2492 1896 1204 2528 
582 206 1094 279:7227:1386 1472 2812 1557 
615 333 289 1204:3594:956 789 502 1347 
1434 952 975:5080:704 1572 2804 
1278 103 1258:2997:2136 507 354 
109 1012 330:7791:3700 2048 2043 
908 746:2419:250 2169 
7 1176:2054:1422 632 
1059 444:2568:1200 1368 
1321 600 1222 633 1348:5344:1323 1320 862 414 1425 
819 242 53:4410:1002 1479 1929 
59 1534:2702:714 1988 
529 1272 1268 93 103 619 309:9837:1640 1736 1350 528 507 1308 2768 
726 1336 94 1409:5186:2200 2476 222 288 
760 1049 433 776:6056:670 1452 1026 2908 
909 999 450:3728:912 1004 1812 
1512 270 441 1423 819 258:5579:291 1239 408 922 1503 1216 
1273 869:3405:1821 1584 
1040 1223 886 98:3654:1028 464 1118 1044 
205 1493 544 860 520 357:8616:1024 2259 1575 908 2164 686 
1070 1066:4832:2672 2160 
634 311 800 118 621 72 255:7425:1410 1656 1176 822 1012 1004 345 
403 1040 170 979 1229:7140:554 514 2240 2884 948 
124 613 1489 21 1029 1212:5832:412 1056 656 2155 1244 309 
164 81 1529 1046 1483 680:6935:1635 1540 1800 642 788 530 
61 244:2205:675 1530 
1397 1114 1070:5756:548 2536 2672 
1270 361 145 355:2977:930 588 1191 268 
92 502 884:3711:474 1767 1470 
1273 1390 69 891 235:9318:3035 692 2825 930 1836 
668 691 302 951:5811:1364 1719 1248 1480 
572 195 1497 682:4123:874 1050 1866 333 
1314 605 322 279 50:7455:488 1716 2284 1557 1410 
1304 89 632 695 1331 462 1271:8710:252 1176 592 2010 1497 1140 2043 
1128 418 135 92 1007:7644:1323 1794 3044 316 1167 
1460 32 508 1144 275 1084:8031:1245 1557 2181 474 1833 741 
682 39 1154 1058 709 825 649:9776:333 2252 1695 1012 424 2108 1952 
765 149 79:2904:1460 956 488 
6 1441:1118:642 476 
1272 629 186 1235 885:4491:868 424 1636 771 792 
872 762:3555:1401 2154 
586 1101 1205 789:4665:765 1012 1494 1394 
1122 679 170 1378 1495 1318 995:6306:580 1140 1680 584 1336 356 630 
1259 244:4106:1556 2550 
751:379:379 
451 129 618 1494 25:2040:324 279 532 626 279 
316 166 216 199 343:2463:236 444 662 297 824 
825 515 99 376:2252:1054 347 431 420 
66 249:1613:1316 297 
898 615 571 1486 1043:2228:313 239 448 642 586 
255 172 61 1137 1160 771:2384:230 564 135 326 940 189 
292 1328:1201:325 876 
1128 392 1294:1812:882 236 694 
1434 1190 1028 425 1007:1658:352 248 418 251 389 
73 615 1092 1314:2118:842 717 437 122 
299 921:810:314 496 
399 888:479:165 314 
1056 77 233 1081:5056:1012 1014 1428 1602 
274 296 1052:1867:1442 174 251 
774 1289 980 564 840:1726:466 234 628 126 272 
504 993:1850:340 1510 
649 1325 337 1186:2540:976 540 420 604 
304 1059:725:325 400 
474 751 1040 424 670 799:3229:667 379 257 562 320 1044 
931 194 1097:2097:696 597 804 
1407 831 228 1224:1505:230 271 296 708 
398 648 565:810:150 492 168 
1471 801 1544 395 778 375:3391:580 1012 520 393 466 420 
462 618 1467 1184 1554:6102:760 798 2082 950 1512 
757 1300 218:1088:239 264 585 
337 1053 676:1434:140 682 612 
786 903 726 404:2159:354 463 1100 242 
141 590 440 490 474 617 1227:4082:1432 682 252 296 667 206 547 
1204 389:1225:898 327 
994 1084 535 718 795:2412:141 494 990 435 352 
358 1047 625 1234 1550 1307:3639:1358 1150 302 216 366 247 
1468 798 1541 393 775 786:3039:225 1014 1048 400 175 177 
556 712 417 134 90:6300:1212 2277 1014 1383 414 
1332 1249 1139 656:1668:128 270 557 713 
1305 463 500 1388 573 983:2240:104 458 462 291 621 304 
1308 1251 369 526 1374:3807:491 658 818 808 1032 
611 833 378 1187 1437 1353:5100:612 1780 832 412 658 806 
228 1237 1420 1083 295:2099:296 489 636 89 589 
804 788 931 1541 299 56 141:4368:772 196 348 1048 314 258 1432 
22 1324 509 505 888 898:3772:403 1344 656 586 157 626 
571 1141 432 149 106:2763:448 496 820 478 521 
1458 709 959 876 766 963:2377:543 106 564 606 108 450 
1019 1375 599 476:2147:682 399 410 656 
832 537:1463:561 902 
1482 1115:1637:236 1401 
1549 1466 1356 873:1333:295 317 287 434 
1001 213 995 872 1295 772:3827:1407 97 420 467 347 1089 
223 1511 562 879 635 473:3142:1176 237 224 603 777 125 
865:986:986 
1141 299 1480 1224 409 405:3561:496 314 262 472 735 1282 
332:822:822 
1489 1472 57 667 983 740 164:7128:984 1179 330 1446 456 1098 1635 
27 1329 514 509 892 903:3852:491 626 646 656 507 926 
576 1146 437 154 110:2537:130 946 698 365 398 
390 1199 1449 1366 1256 773:4402:1390 954 300 1020 498 240 
1249 1432 1509 307 1089 966:4108:540 1053 563 538 952 462 
1357 1407 1390 241 851 1167:7229:1605 230 1038 1542 1362 1452 
697 1107 1490 1086 458 148:3461:234 484 528 982 526 707 
435 805 162 1277:3048:533 1066 501 948 
1233 538:428:272 156 
1443 988 239:2439:393 1264 782 
798:507:507 
1544 1208 419 1201 665 1501 565:3027:260 527 625 651 293 503 168 
79 129 16 159:2145:488 279 746 632 
290 579 1521 306 849:1950:632 142 129 751 296 
1538 163:1716:1262 454 
927 644 600 1515 1486:1996:119 157 880 198 642 
131 381 298 188 1263 142 897:3912:862 842 517 988 161 440 102 
797:409:409 
1254 518 1323:2592:694 245 1653 
2 172 1154 551 1547:3279:274 564 339 1254 848 
1373 1236:1994:1378 616 
1480 957 1513 670:2127:262 553 672 640 
518 888 245 1360:1694:245 314 279 856 
1520 1317 622:1153:423 438 292 
1428 1358:1935:783 1152 
775 399 143 885:2508:525 330 1389 264 
858 509 625:1798:840 656 302 
949 1265 1022:840:413 137 290 
995 73 762 13 263 180 483:5902:420 1263 1436 950 1346 123 364 
553 231 720 37 127:2386:356 498 296 924 312 
320 170 220 204 347:2924:613 1120 446 293 452 
927 617 201 477:1439:238 206 840 155 
717 168 351:2104:698 442 964 
440 1436 966 84 240 1503:2055:252 166 462 510 144 521 
654 1357 741 670 1213 132 354:5777:742 1070 282 640 1082 704 1257 
894 1011 1248:1873:109 1142 622 
1554 1310 1148:2372:504 1364 504 
979 869 386:2638:1442 396 800 
1095 692 1208 1312:3851:864 594 2108 285 
1102 32 908 1411:1957:339 1038 250 330 
1464 1221 645:1436:552 271 613 
572 876 393:1243:437 606 200 
699 1215 905:1287:271 584 432 
456 639 716 1072:2446:485 617 656 688 
1429 1239 264 1352 470:3804:477 818 1082 906 521 
1373 1502 420 1056 187 996:4127:689 972 824 1012 476 154 
916 366 549:1992:470 864 658 
1527 951:1960:1220 740 
1381 472 255:817:398 304 115 
561 1264 648:2182:310 888 984 
505 382 805 282:2396:586 574 1066 170 
679 835 126 1401 213:2821:570 1246 626 282 97 
794 312:1017:219 798 
821 684 1387 771:1953:662 256 657 378 
885 1068 731 1501:4360:792 396 2166 1006 
1347 1158 182 126 802:2916:614 478 682 626 516 
1154 338 975 105 914:2262:339 105 701 650 467 
759 836 1192 830 293:2480:332 476 178 898 596 
397 713 470 1452 1262 287:3988:249 1256 521 1100 286 576 
422 699 988 373:3719:723 813 632 1551 
649 1005:1971:1464 507 
167 1442 1398 755 312 216 1425:4428:106 610 1182 1086 399 662 383 
1086 71 547 770 314 1123:4252:982 1012 820 728 339 371 
757 75 165 1173 1356:2311:478 124 590 832 287 
1236 1087 1136 1120 850 1459 217:4027:1232 300 1324 321 468 256 126 
1159 317 1499 1243 427 423:4316:1390 422 508 678 768 550 
1157 447:3053:2043 1010 
1457 1507 1490 76:2475:1276 331 264 604 
1547:424:424 
910 921 1437 1127:1993:704 496 329 464 
1331 261 1137 1227:2825:998 628 652 547 
1304 1447 498 815 571 1553:4542:126 1118 1344 519 448 987 
1246 817 441 1329 514 924:3006:564 285 204 626 323 1004 
1269 666 105 1193 311 467 171:4663:777 328 650 163 828 1388 529 
920 783 1486 870:1272:137 463 321 351 
887 1070 733 1502:2333:346 668 347 972 
301 1256 281 225 901:2395:192 498 457 702 546 
904 1447 365 588 132:4062:558 1118 1482 552 352 
935 146 928:1875:536 715 624 
1161 452 169 125 1454:3677:1344 848 380 428 677 
127 1202 1225:2849:312 1514 1023 
1298:258:258 
293 1009 632 376 1119:3028:596 1112 296 420 604 
1248 538 255 212 1127:2436:1244 312 115 301 464 
1260 778 1214:1540:130 932 478 
1287:248:248 
1427 998 621 1510 694:3419:1158 446 506 185 1124 
1268 1424 1128 845 802 159:4300:540 1396 441 259 1032 632 
985 236 486:886:135 321 430 
689 726 56 799 1209 33:5083:624 550 129 1566 1473 741 
1275 1431 722 439:2476:224 560 1058 634 
590 507 397 1472 1495 1106 197:4872:341 442 249 786 1336 578 1140 
940 390 574 237 1006 230:3919:516 695 1008 492 740 468 
843 1453:1080:488 592 
517 766 683 987 504 527:4217:1246 108 828 928 680 427 
264 341 697 335 1356 634:4379:1082 948 234 1358 287 470 
707 851 1460 218 1533:2992:638 908 415 585 446 
705 981 1270 655 998:2362:164 236 465 828 669 
255 1131 1220 671:1580:230 453 357 540 
1547 944:599:424 175 
1200 291 75 285:1220:341 426 124 329 
546 1289:969:501 468 
847 937 388 571 234:4092:1362 1394 417 448 471 
1030 1014 743 1353 111 1426:3893:946 110 326 403 638 1470 
234:471:471 
962 374 1089 713 457 1199:3326:327 536 476 628 405 954 
857 668 1250 1194 312 468:3705:380 682 818 1108 399 318 
898 1441 1503:2144:626 476 1042 
288 1125 189 1158 315 1497:4325:545 866 631 239 178 1866 
29 1344 767 578 1160 690:2774:676 277 265 832 470 254 
694 984 368 711:2105:562 290 209 1044 
936 1292 516:2413:491 1260 662 
170 127 1042:1079:560 312 207 
969 1418 1269 1319 1302:2682:644 279 777 300 682 
939 522:567:274 293 
1105 329 206 629 106 662:3425:357 658 736 212 1042 420 
1136 188 504 261 98:6448:1986 1482 680 1256 1044 
1473 751 1374 785 1500 1257 1186 171:7047:454 1137 1548 796 1356 396 302 1058 
885 1467 1411 529 685 1534:4181:528 1388 330 820 618 497 
1387 772 1115 100 162 702:5369:1314 726 467 390 1002 1470 
1441 372 1248 1337:2321:238 736 1244 103 
1072 124 440 197 1179:3332:688 412 126 1140 966 
1219 1349:1860:814 1046 
637 261 1149 333 743:2960:165 1884 322 263 326 
387 344 1259 816:2999:934 872 389 804 
175:1472:1472 
1433 125 41 1489 1007:3108:946 428 300 656 778 
358 1128:1120:679 441 
1248 60 975 532 23 1231:5010:622 948 1402 691 644 703 
1219 1108 626:1593:814 299 480 
640 636 1432 1029 1545 90:4096:467 988 1053 622 828 138 
540:178:178 
986 11 1512 630:3382:1290 1378 194 520 
993 909 1213 730:3277:1510 608 541 618 
537 160 1463 647 643:4021:451 1116 738 1038 678 
674 644:886:572 314 
1077 128 445 201 1183:4900:1406 200 1860 840 594 
1127 1256:2139:1392 747 
544 168 1056 241 651:2639:525 442 1012 514 146 
1164 869 586 542 1458:2422:307 792 510 270 543 
452:848:848 
1361 279 502 46:3285:330 519 1178 1258 
522 1078:605:293 312 
318 1527 85 322 1144 489 1365:3092:920 610 236 571 158 401 196 
533 556:2688:870 1818 
1019:682:682 
60 1363 547 543 1340 936 1452:6038:1422 487 820 289 938 982 1100 
347 1023 1179:2266:678 622 966 
145 1220 1243 440 1503 1287 1083:2658:397 714 226 126 521 496 178 
1533 850 940:2158:892 234 1032 
1077 102 1190 308:2430:703 836 496 395 
931 1181 1097 987 505:3784:696 306 804 1392 586 
1154 725:861:339 522 
398 1220 565 1441 1530:1391:150 357 168 476 240 
579 789 1238 1088 1138 1121 851:5830:284 1394 554 632 950 1562 454 
319 356 1244:1687:566 900 221 
1009 499 149 266 503 1325 669:4413:1112 503 956 297 323 540 682 
1528 220 137 27 1102:6129:866 892 1881 1473 1017 
879 290 1006:1573:201 632 740 
1459 1016 506 157 273 97:4292:512 464 1380 1016 814 106 
1219 1469 1386 131 1207 1230 427:3471:814 380 590 431 349 139 768 
853 171 260 1269 1452 1529 327:5068:675 1058 706 777 550 1200 102 
1449 102 551:1822:150 418 1254 
334 611 900 285 628 757:2342:144 153 672 658 237 478 
55 958:1772:1244 528 
615 1291 1447 1151:2841:478 464 1677 222 
1024:1510:1510 
1463 1008 259:1778:738 322 718 
662 1404 256:2286:840 526 920 
567:868:868 
384 1499 989 639:1375:194 254 310 617 
760 610 660:1243:335 402 506 
1109 494 423 966 1442 107:3848:192 1050 275 1386 305 640 
569 393 70 559 1435 380:4354:547 400 346 2097 492 472 
1284 415 1224 1473 1390 136:2977:478 522 472 454 346 705 
1371 1554 73 429 66:3523:467 1008 842 548 658 
1192 1508 1265 689 499:2392:178 1262 137 312 503 
761 1238:1132:578 554 
1247:312:312 
1014:220:220 
22:403:403 
814:642:642 
891 847:2973:930 2043 
1440 1170 221 537:4152:1002 964 1284 902 
302 778 1001:3118:1248 932 938 
19 734 772 102:3442:1218 244 726 1254 
586 569 299 908 1225 1327 818 468:6046:510 1094 942 125 682 1322 735 636 
199 303 1445 1308 453 1395:3367:594 946 258 491 502 576 
689 512:1362:312 1050 
1425:766:766 
180 163 306 916 1232:3515:123 454 2253 470 215 
629 13:581:106 475 
720 131 846 470 214:2969:148 431 304 1042 1044 
813 343 1019 31 880 597 553:4561:269 412 1364 534 634 992 356 
444 734 118 461 590:2142:912 122 274 493 341 
684 134 317:2777:128 1383 1266 
504 1500 1030 148 304 9:3768:680 452 473 1414 325 424 
1259 84 1238 610 300 1442:3623:389 1020 554 804 551 305 
217 1332 822:714:126 256 332 
541 590 574 206 816:3057:672 341 504 736 804 
474 337 1040:2128:1334 280 514 
721 384 1154 378 1302 580:3427:870 194 678 416 341 928 
750 894 1503 261 18:3028:692 218 1042 628 448 
165 441 731 115 458:2705:295 204 1444 236 526 
681 131:2535:1242 1293 
971 821 871 855 1184 1140 498:4510:1030 662 471 454 475 970 448 
1171 755 1031 1321 705 1048:4247:1332 1086 436 441 164 788 
139 961:907:642 265 
309:1384:1384 
862 592 1201 1517 130:3497:978 916 651 108 844 
1275 859 722 1425 809 739:3074:448 512 1058 383 241 432 
7 244 1065:1795:948 510 337 
1099:575:575 
909 706 11 1419 1469 1452:3418:304 655 1378 151 380 550 
256 252 1048:1722:460 474 788 
1152 83 958 1462 912:6594:1425 2199 792 254 1924 
1125 1268 320:2632:866 540 1226 
366 1002 133 942 1191:2834:864 511 272 407 780 
312 495 572 928 566 29 865:3605:399 216 874 624 323 676 493 
605 1055 905 955 938:3297:858 574 864 700 301 
946 1329 1340 297 1546:3372:526 626 1407 489 324 
1462 1019 923 574 690 514:2954:254 1364 255 504 254 323 
916 433 456 67:2767:940 684 485 658 
739:432:432 
1082 240:1010:722 288 
1149 493 1369 1459:2314:322 486 1250 256 
75 1362 414 730 487 324:3203:248 546 493 618 952 346 
636 259 3 746:2098:494 718 163 723 
1221 992 549 39 1248 1364:5387:542 630 329 1126 1866 894 
655 905 821 1125 642 665:4837:828 864 662 1299 598 586 
1056 519 1355:2654:1012 1402 240 
1139 629:1220:1114 106 
696 120 1488:2355:266 1263 826 
1301 819 1255:1668:176 1002 490 
283 1425:1369:986 383 
1522 746 624 1046 524:2612:204 723 435 642 608 
224 1179 617 147 823:2597:600 966 206 228 597 
638 1447:2987:1869 1118 
195 937 1347 172 1326 698 388:6069:1050 1394 614 1128 624 425 834 
1413 11 860:2928:642 1378 908 
119 1473 778:1807:421 454 932 
978 562 425 1128 512 441 984:3054:600 112 502 441 1050 204 145 
1167 1124 895 452 1500 1151:4150:1452 153 119 848 1356 222 
1497 627 1436 128 45 348 1424:3535:1244 300 166 100 97 232 1396 
769 219 403:1560:102 904 554 
906 1488 1018 136 706 1555:3936:116 413 165 1410 1310 522 
359 488 965 43:1265:232 441 284 308 
172 1208:1618:564 1054 
1008 272 1175:1648:322 692 634 
1411 24 1006 402 1399:1851:330 307 370 216 628 
1222 606 536 1078 1555 219:3357:862 499 710 312 522 452 
959 304 1180 1269:3195:282 650 709 1554 
1076 127 443 200 38:4592:1740 936 228 962 726 
1201:651:651 
1076 672 1188 1292:4312:1740 1260 682 630 
1082 13 889 1392:2605:722 1425 298 160 
1199 250 566 323 1305:4303:954 1554 323 1264 208 
1002 1346 330:2816:1022 432 1362 
47 763:909:466 443 
437 114 603 1479 10:2062:349 168 448 834 263 
54 104 87 231:4026:1004 1342 684 996 
1159 1288:1924:1390 534 
1199 771 394 1282 467 877:4343:954 189 554 1364 694 588 
1040 1196 901:2716:514 1110 1092 
1417 308:2579:1394 1185 
757 9:1087:239 848 
508:1454:1454 
1234 231 947 984 314:2420:216 996 240 290 678 
178 854 1010 300 18 388:5847:702 882 1431 1102 896 834 
1380:1414:1414 
217 321 1463 1326 471 1413:2949:252 860 738 312 145 642 
413 370:1730:880 850 
1512 4 1545 131:5513:291 1842 1656 1724 
303 1445 164:3498:1892 516 1090 
316 1192 1281 732 915 992:6365:944 534 1557 528 2172 630 
749 1186 383 1032:4152:980 1208 1464 500 
1398 969 593 1481 666:5375:1182 1288 1050 1035 820 
1216 640 37 1033 563 1239:5805:772 1868 616 1095 636 818 
1016 707:1566:928 638 
873 97 1532:2572:1736 318 518 
1209 1153 271 427 1276 993:7186:982 392 866 1152 774 3020 
1297 881 743 1446:3606:948 1062 652 944 
358 8 125 1506 1184 115 990:14333:3395 1976 1712 1908 1900 472 2970 
865 1408 1470:5231:1479 2004 1748 
895 1251 889 352 1188 252:5610:238 1974 596 357 1023 1422 
935 718 928 1378 1228 1278:8510:2144 1305 936 438 2085 1602 
1388 186 968 845 1268 745:4319:582 1227 720 518 810 462 
532 742 1191 1041 1091:7214:2764 1820 780 524 1326 
272 309 1197 382:9544:2076 3460 2860 1148 
1111 402 119 489 1405:3422:576 864 842 802 338 
672 1482:2874:2520 354 
206 1361:1726:736 990 
19 523 1531 157 1378 589:6022:1218 1332 388 1524 584 976 
266 570 87 110 865 370 154:6579:594 1230 1368 796 986 510 1095 
1125 803 1292 609:7853:1299 2046 2520 1988 
540 989 840 890 873:4239:267 465 816 1389 1302 
484 107 996 180 590:4855:1998 1280 308 246 1023 
327:408:408 
1317 75:1372:876 496 
961 851 368:3258:1060 1362 836 
1100 285 695 1077:5191:426 1316 1340 2109 
917 208 1483 295 1210 767 258:6370:606 1308 788 1178 1352 530 608 
872 469 985 1089 673 536:9929:1868 1205 540 2856 2395 1065 
912 1494 1438 556 712 3:7573:962 939 492 1818 3036 326 
1049 1059 17 1265 849 1126:8638:2178 1600 2236 548 1184 892 
1302 593:1723:1023 700 
563 1212 996 1206 97 1408 1458:7644:1272 206 308 1971 212 1503 2172 
1406 31 108:2511:318 1068 1125 
1129 1300 723 120 1117 647 1323:9609:1876 792 279 1263 2740 1557 1102 
694 1436:1788:1124 664 
897 987 438:3311:408 1856 1047 
245 1200:1240:558 682 
1524 1041 1064 675 1324:5439:708 393 312 2010 2016 
99 721:2598:1293 1305 
698 522:2447:1275 1172 
998 422 232 815:4040:446 2169 906 519 
463 1005 1068 146:6069:916 2535 1188 1430 
396 752:2638:2344 294 
53 623 1471 1189 1145 502 473:8294:2572 1352 580 270 1128 1767 625 
959 969 1485 1175 759:4539:846 966 780 951 996 
177 1092 649:3417:642 1311 1464 
130 340 789 639:6074:1688 444 2091 1851 
1538 390 772 369 1299:8249:2524 2085 726 818 2096 
612 1461 1178 1548:7828:1600 2360 3228 640 
1329 1246 1136 653:5758:1252 846 2648 1012 
460:1136:1136 
1312 976:1221:570 651 
1202 493 210 166 1496:8378:3028 1944 1180 1332 894 
132 194 831 1519 770:6092:1408 1791 813 624 1456 
12 501 1377 1467 917:7119:882 512 2545 2776 404 
934 1371 568 1217 1001 1211 102:11525:820 1868 2496 482 1407 2780 1672 
499 1507:3508:2515 993 
748 1424 22 1285 1002:6767:1218 2094 806 1116 1533 
426 355 898 1374 39:3963:330 536 939 1032 1126 
905 222:2734:1296 1438 
618 561 1237 1394:3881:1064 465 978 1374 
206 455:2784:1104 1680 
1250 489 85 601:4299:1227 1203 708 1161 
719 276 1324 975 1091:9818:936 1410 2016 2804 2652 
548 852 369:2723:1100 396 1227 
1102 286 282 665:2740:1017 504 340 879 
356:1800:1800 
1405 1215 240 1328 446:4963:507 876 432 1752 1396 
223 1471 1055 1332 63 1005 1348:8242:1764 580 861 512 1611 1014 1900 
1013 437 1392 830 360 1036:5139:801 1047 320 1347 478 1146 
203 1091:2352:363 1989 
1075 419 1295 1384:5121:837 1875 1041 1368 
1461 1191:2586:1416 1170 
1366 617 867 783:5175:1530 824 1432 1389 
507 1528 806 1428:8909:1768 2165 1844 3132 
939 1522 1466 584:2928:274 408 1268 978 
154 217 853 1542 696:3880:1095 378 1350 525 532 
1496 427 1303 1392 843:3874:894 1152 372 480 976 
860 1296 494 1143 926 1136 28:12641:1816 1900 1400 972 315 2648 3590 
1433:1419:1419 
884 241 1356 1260 911:5524:1470 1028 1148 390 1488 
1300 1523 1067 318 568 485 374:6849:792 592 674 1840 1248 1167 536 
1104 1474 831 388 1437 1087:6823:1712 772 1084 1668 987 600 
555:2140:2140 
922 506:2955:1575 1380 
656 319 1088 313 1334 612:10758:2139 1415 2528 2088 1388 1200 
653 449 899 749:7559:2024 2079 1496 1960 
503 499 882 892 1408:6578:646 1509 1900 1521 1002 
1022 978:1770:870 900 
263 712 562 612 595 739:7277:1346 2277 336 1200 822 1296 
302 179 602 79 635 206:6753:2496 1062 1194 488 777 736 
643 853 1302 1152 1202 1185 915:9503:1017 2025 1364 1425 1514 1072 1086 
1235 898 110 892:4340:771 1252 796 1521 
629 467 1422:3072:424 1388 1260 
201:1260:1260 
683 68 1555:4140:1242 1854 1044 
1482 946:1932:354 1578 
776 547 104 1153 803:7298:1454 820 2684 294 2046 
1343 474 1283 1533 1450 98:6560:1074 2001 292 892 1605 696 
917 235:2240:404 1836 
461 1044 574 1250 262:4975:986 663 1512 818 996 
398 675 964 348 692 821:6201:450 2010 1161 696 891 993 
731 288:5068:2888 2180 
328 312 41 651 967:3276:466 1596 300 584 330 
411 8 938:3354:475 1976 903 
638 728:3369:1869 1500 
977 95 251 1100:3244:417 1036 1365 426 
1467 719 968 885:4998:2082 1404 720 792 
1384 608 72 908 1530:5361:1368 640 2008 625 720 
997 981 1124 176 492 249:6932:1935 944 459 1704 999 891 
689 312 56 799:5223:624 1995 516 2088 
862 1431 722 439 396 1311:10687:1467 2240 2116 1902 1758 1204 
1402 986 1262 1551 936 1279:7818:942 1935 429 651 1473 2388 
1122 827 544 500 1415:5152:580 704 1050 1386 1432 
683 1492:2484:1656 828 
983 1392 217 1372:3290:456 480 378 1976 
447 4 1053 703:7094:1010 2456 1364 2264 
691 581 98 121 1290 381 165:10454:2292 1052 696 1698 2568 1263 885 
134 623 1499:3489:2305 676 508 
933 357:2279:1250 1029 
1492 689:1176:552 624 
381 670 54:4470:1684 1280 1506 
620 71 254 331 687 325:7840:536 2530 545 2040 1005 1184 
1279 370 154 364:4354:1791 680 1095 788 
917 101 511 894:1579:606 390 256 327 
584 488:2349:1467 882 
1457:1914:1914 
215 1384 475 259 469:5529:423 1824 1482 1077 723 
938 96:2410:1204 1206 
179 1388 1504 183 1005 349:8037:1593 1455 858 1314 1521 1296 
729 855 399 1209 1458 1375:8265:1332 1362 330 1473 2172 1596 
769 420 536 359 37 526:4654:204 1236 710 464 1232 808 
76 1551:1774:906 868 
970 980 1496 1186:5183:1680 1256 1341 906 
1103 1074 564 215 331 154:6147:678 2156 630 423 1530 730 
1213 1556 127 604 1240 371 1180:8059:1623 982 624 904 838 252 2836 
1244 1400 1104 821 778 135:6809:663 519 1284 662 1398 2283 
158 861 245 175:5027:566 1416 837 2208 
819 908 359:3075:2004 375 696 
82 1397 1235 631 1214:4462:1473 1096 514 423 956 
1301 885 748 1451:4240:528 792 1624 1296 
362 13 129 1511 1188 119 995:11405:3580 1900 1116 711 1364 1684 1050 
914 604 188:3293:1401 904 988 
703 154 337:4649:2264 1825 560 
953:2530:2530 
238 448 897 747 797 780 924:7590:1107 530 408 1053 818 2168 1506 
1004 1360 584:3901:1150 1284 1467 
817 522:1449:570 879 
1044 828 1038 1487 1337 1387:4839:884 687 411 680 206 1971 
398 275 697 175:5068:450 2444 702 1472 
1413 1356 474:5075:1926 1148 2001 
574 597:2992:1008 1984 
1493 39 1181 1044 189:8395:2259 2252 918 442 2524 
561 212:1523:620 903 
1360 1503 555 871 628 52:8697:1284 2084 1605 1413 711 1600 
941 352 1068 692 436 1178 1174:10377:2277 357 1188 1188 891 3228 1248 
359 409 392:3377:464 2205 708 
292 569 858 242 585 715:7777:1300 1641 1260 1479 1176 921 
1345 1501 1206 923 879 237:9398:2169 2012 1971 765 1005 1476 
357 1060 347 276:5696:686 1512 678 2820 
920 1010 461:3458:548 1431 1479 
1426 184 1499 1336 733 1316:7598:2205 1893 1016 1238 694 552 
1268 507 103:2812:810 1326 676 
836 513 1002 320:5531:714 321 2044 2452 
453 503 486:2080:1004 646 430 
483 760 952 336 680 1222:7493:1456 1340 1572 606 795 1724 
816 787:2338:1206 1132 
1317 368 684:2453:1314 627 512 
1367 1496 414 1051 181:5496:1926 1341 1479 270 480 
458 1279 624 1500 31:5590:789 1791 1305 904 801 
1220 1431:2954:714 2240 
1526 671 56 1543 528 1004:6359:897 1080 516 1437 704 1725 
1081 438 1553 1044:4114:1068 1396 987 663 
1450 967 990 601 1250:6699:1605 330 2376 1161 1227 
647:1557:1557 
1444:966:966 
772 543 100 1148:4564:726 1156 1170 1512 
1554 1072 1095 292 1355:4983:1512 1032 864 975 600 
130 752:1707:1266 441 
729 552:1431:999 432 
263 845:2382:1346 1036 
76 1151 30 785 1434 1218:3990:906 333 741 796 528 686 
782:830:830 
89 1552 1202 1319 1142 406:11036:1176 1984 3785 900 1671 1520 
353 1455 706 956:6069:924 1868 2620 657 
474 896:4186:2668 1518 
1378 1495:2442:438 2004 
1029:622:622 
1056 840 636 1499 1349 1399:7358:1518 816 1482 508 2092 942 
1529 1193 404 1186 650 1486 550:6451:1800 489 484 906 828 642 1302 
67 1542 288 1363 1386 583 88:5982:658 525 1635 974 885 852 453 
1508 66 1448 1125 56:7875:2524 1316 2220 1299 516 
925 123 772:4382:755 2175 1452 
815 1198 1208 166 1414:6004:346 1980 1581 1332 765 
1135 840 557 513 1428:5056:1488 1088 486 428 1566 
696 1505:2065:532 1533 
996 1405 230 1385:3395:462 507 702 1724 
580 231:3350:1856 1494 
251 235 1523 574 890 647 484:12426:2275 1224 888 2520 926 2595 1998 
39 1060 338 960 371:4513:1126 1512 420 1203 252 
1480 1237 661:3084:786 978 1320 
977 228 478:2941:417 444 2080 
1301 1045:3212:528 2684 
835 924:3254:1246 2008 
1061 86 1174 292 862 152:8663:879 2180 1248 975 1956 1425 
948 638 222 498:7321:1680 1869 2876 896 
1164 428 1330:2461:921 512 1028 
814 544 1154 1470 82:8283:963 2100 1017 1748 2455 
1011 608 1538 1228:5241:1713 384 1893 1251 
701 192 1400 1517 196:3726:572 1116 346 324 1368 
1278 795 818:2934:1602 352 980 
1101:2024:2024 
672 1508 572 1541:7189:2520 1262 1311 2096 
665 609 1285 1441:3828:879 1491 744 714 
89:1176:1176 
489 1431:2883:1203 1680 
443 1065 476 1192:4019:684 1011 1968 356 
1255 785 1461 473 1322:5286:490 1194 944 250 2408 
1023:933:933 
541:672:672 
1393 1017:2220:672 1548 
331 1233 551:5073:1530 408 3135 
1543 967:2356:1916 440 
986 131 1300:4832:2580 1724 528 
1292 664:3158:1890 1268 
454 1463 88 1309 520 1302:7041:326 1476 604 1989 1623 1023 
1210 301 85 1439:2256:676 288 708 584 
1489 728:2109:984 1125 
540 1044 495 678 341:5346:178 884 864 1998 1422 
471 920 771 821:2926:435 411 756 1324 
904 914 1430 1120:5471:837 1868 1803 963 
1037 1008 498 149 265 88:5910:416 644 1792 1434 1322 302 
1244 29 159 635 1271 402 1211:10030:884 1014 948 1295 2724 1080 2085 
1178 1334 1038 755 712 69:10582:2421 1041 411 2172 2277 2260 
275 1524 1107 970 115 1058 987:9337:1833 472 1452 2240 472 1012 1856 
392 1347 371 315 991:4298:708 921 504 356 1809 
705 90 19:2124:492 414 1218 
1504 968:1578:858 720 
472 29 1078 728:4029:304 1352 1248 1125 
341 977 11 820 1069:5416:1422 278 2756 532 428 
62 551 1426 1516 967 1150:8859:1374 1881 1470 2640 330 1164 
198 115 5 1080 1517 714:4278:522 472 1206 796 324 958 
1557 182:1923:900 1023 
1051 1008:753:270 483 
838 689 739 722 355:4454:896 936 1296 1058 268 
29 439 822:3272:676 1268 1328 
1211 1327 6 828 173:7101:2780 1983 856 687 795 
584 500 390 1466 1488 1099 190:11424:978 1386 2780 951 1239 1150 2940 
946 623 1112:5658:1578 1352 2728 
740 1349 107 1422:4467:1098 1569 960 840 
1319 1009 593 870 1159 543 887:9301:900 1668 1050 1404 2085 1156 1038 
1436 1246 271 1359 477:3949:498 846 1299 996 310 
601 877 1167 551 894:6308:1548 882 1452 1881 545 
492 142 259 82:4950:999 1760 718 1473 
704 315 964 748 958 1407:5947:897 890 1548 1624 528 460 
1255 1438 1101 312 1095 972:5811:490 738 2024 798 576 1185 
1134 439:3194:658 2536 
102 645 1122 1344:4214:1254 1839 290 831 
902:364:364 
1258 909 1025 849 526:3470:236 912 518 592 1212 
303 326 1081:4359:1419 1338 1602 
216 599 609 1125:5777:1324 1230 1491 1732 
23 1072 722 839:3497:644 1032 1587 234 
1544 1327 1538:3995:780 1322 1893 
938 629 212 489:3032:903 424 903 802 
1506 65 1446 710 54:5753:1272 2007 472 496 1506 
483 400 290 1365 1388 999 90:5746:728 1104 1580 196 582 1004 552 
1022 1259 523 1426:6988:1160 1556 1332 2940 
464 260 1123 974 1024:7377:3145 1412 742 568 1510 
1483 1227 411:3502:1576 1641 285 
1337 894 384 35 151 1533:3916:412 436 388 740 1048 892 
1377 361 424 1060 191 1000:7189:1527 588 562 1512 1512 1488 
741 565:1095:423 672 
276 858:3090:1410 1680 
199 88 1164 43 798 1447 1230:5430:891 453 921 616 1014 1118 417 
788 438 555 378 1200 544 1420:7647:294 1047 1605 624 1023 2100 954 
351 827 1050:3232:1928 352 952 
1268 132 1168 165:4239:810 1056 1488 885 
383 1338 362 306 982:8728:1464 1203 2864 1502 1695 
696 80 10:2980:399 2055 526 
1495 958:2796:2004 792 
463 20 1069 719:4322:458 2032 428 1404 
293 596 114 137 892 397 180:5422:894 472 672 1254 1014 747 369 
1249 926 1415 733:5377:810 315 2864 1388 
567 1016 866 916 899:7447:1736 1160 2019 1410 1122 
607 231 1119 304 714:8249:2100 996 2416 1300 1437 
104 780 936:5783:2684 1626 1473 
1473 1363 880 903 514:7893:1362 1948 1902 1389 1292 
394 816:3422:2216 1206 
1415:1432:1432 
949 1532 1476 594 750 40:4638:826 1036 786 220 1384 386 
1203 1066:2457:837 1620 
1450 1113 324 1107 570 1406 470:8016:2140 381 1038 1452 1230 212 1563 
1074 1378 895 918 18:5165:1078 584 476 1683 1344 
1211 675 1511:4348:1390 2010 948 
198 874 1444 735 452 408:4894:522 906 966 810 848 842 
589 1531:1658:1464 194 
1265 129 1165 162 1292:5562:411 837 2052 1002 1260 
345 955 1271 1441 865 262:8972:1239 2800 2724 476 986 747 
20 430 813:2780:1016 688 1076 
1202 1318 1555 819 164:11113:3785 534 2610 2004 2180 
218:2925:2925 
8 1110 361:2588:988 1012 588 
1173 584 1300 923:4424:1664 1467 528 765 
1210 328 484 1333 1050:4489:1014 699 1332 492 952 
1187 571 914 1457 1519 598:6489:1236 672 1401 1914 468 798 
415 65:3573:1566 2007 
1214 1357 408 725 481 1463:8299:717 2140 1263 1044 1659 1476 
1350 922 545 1433 618 1028:6447:680 1575 510 946 1064 1672 
262 246 1533 585 901 1071 495:9232:747 1863 1338 1568 1092 1976 648 
49 1485 349 1385 382:6544:1306 780 2160 1724 574 
544 1193 977 773 78 1487 1536:5393:1575 326 417 480 1149 510 936 
1387 12 1233:2310:1314 588 408 
1207 964 388 198 781 725 1401:7079:698 1161 1251 348 2274 783 564 
501 1470 627 251 675 1417:9530:768 874 600 1820 2680 2788 
1020 777:2394:294 2100 
1383 900 1337:2797:1377 1008 412 
914 1324 148 159:6130:1401 1344 2121 1264 
924 281 1396 1301 951:6536:1506 914 2108 528 1480 
1340 5 1107 358 608 525 415:8791:1407 804 968 2716 256 1596 1044 
1144 1514 871 428 1477 1127:5852:632 333 1884 512 1563 928 
372 595:4040:2944 1096 
1171 329 1510 1254 439 435:10567:2664 1316 370 2082 2536 1599 
1308 1451 503 819 575 1557:7710:1473 1296 969 1503 1569 900 
530 154 1456 640 636:9563:2097 1460 1695 2335 1976 
1558 982 793 1375 905 23 593:8876:1197 1695 1524 798 1296 966 1400 
1525 855 40 450:5360:2211 1362 579 1208 
147 1063 620:2748:228 2252 268 
347 996 780 990 1439 1289:6822:678 616 2168 1782 876 702 
1010 767 604 1 584 527 247 1029 907 1329:12380:1431 1325 452 2132 1467 854 684 622 1848 1565 
1216 455 51 567:3413:772 1008 765 868 
145 1193 844 960:5241:1191 652 1794 1604 
618 402 198:1844:1064 432 348 
641 1157 847 431 708:7624:2968 1362 1362 546 1386 
884 175 1450 1407 764 735 225:9404:1470 1472 1605 345 1326 1080 2106 
970 660 244 521:5978:1120 1518 2040 1300 
1538 97 1478 742 86:6333:2524 318 946 910 1635 
515 432 322 1397 1420 1031 122:7975:694 1230 2855 548 636 436 1576 
1054 1291 555 1458:6432:807 1856 2140 1629 
399 195 1058 909 958:5245:825 1400 1012 1216 792 
1162 346:1716:552 1164 
1145 76 952 1455 906:6366:846 1208 2096 1868 348 
143 1205 989 785 1235:7084:1852 1992 620 1592 1028 
826 450:2201:993 1208 
1542:350:350 
576 533 1448 1419:3498:260 1305 1480 453 
217 133 23 1099 1535 733:4750:378 544 966 1150 1018 694 
114 297:1329:840 489 
1449 1167 1123:2865:300 1452 1113 
317 207 1282 1305 916 7 1349:7670:1266 693 2046 208 940 948 1569 
1176 440 1342 660:5934:632 378 2900 2024 
1378 1162 958 263 114 163 147:6253:292 828 792 2019 504 1362 456 
60 563 14 197 1418 629:6582:948 1272 1324 1710 1116 212 
306 610 127 150 906 410 194:8639:2253 1206 1248 1204 232 705 1791 
1166 843 1332 650:4868:1660 1464 640 1104 
580 1030 783 833 816:8113:1856 1419 1852 1780 1206 
524 148 1036 220 630:8404:1216 1414 1910 1784 2080 
588 118 794 950:4344:1104 1096 876 1268 
1283 268 744 967 511 1320 12:8270:438 1228 2884 550 512 1482 1176 
614:2055:2055 
963 1545 1489:4076:1350 2070 656 
1383 1300 1190 707:3799:1377 792 992 638 
1356 514:2117:1148 969 
1398 888 539 655 478 156 645:10497:2955 471 2022 1242 1560 408 1839 
858 1201 186 248:5449:1260 1953 1636 600 
1527 458 1334 1423 874 1057 1134:8735:2440 1052 1041 922 1510 1112 658 
362 838 1475 605 1414 106 23:10639:2148 1344 2832 1287 1020 1042 966 
959 915 272 1387 1291:8299:846 1086 2076 1971 2320 
446 696 613:4247:2792 399 1056 
752 1495:2966:294 2672 
80 956 1045 496:5321:2055 657 2013 596 
852 1461:2284:396 1888 
1286 1203 995:2248:712 1116 420 
1259 417 40 1342 527 523:8345:1556 1521 386 2175 1708 999 
1299 1442 493 810 566 1548:5756:1572 915 1458 330 969 512 
1411 1156 340 336:3282:1320 1023 333 606 
852 823:2187:396 1791 
39 688 472 682 1131:5598:1689 1308 456 333 1812 
375 1504 1128:3155:1260 572 1323 
1254 1211 568 125 29 1238:10558:2082 2085 2496 1712 1352 831 
688 1391 775 705 1248 166 389:8593:1744 824 700 492 1866 1332 1635 
156 1431:1324:204 1120 
672 1535 1385 1435 1418:8024:1890 2036 1293 1968 837 
819:1002:1002 
1222 685 1522:2401:862 927 612 
463 419:2958:458 2500 
3 53 36 180:4170:489 1929 1260 492 
353 1495 213:3122:924 2004 194 
1558 183 260:4008:1197 1752 1059 
1269 799 1475:5430:1554 1044 2832 
115 804 55 305 124 14 1090:7484:236 1158 1866 1902 412 662 1248 
471 28 1490 1141 1257:5384:580 1436 792 992 1584 
1445 136 53 1501 1018:7808:387 2820 1929 2012 660 
486 1495 120 1341 552 1334:7764:430 2672 1263 1926 432 1041 
1242 333 117 1471:5124:1516 1052 1976 580 
1521 760:1727:387 1340 
572 1076 527 710 373:8542:874 2900 1708 992 2068 
503 952 803 755:7441:969 1572 2728 2172 
936 946 1462 1152:5383:1473 2104 381 1425 
1069 1040 530 181 297 120:6762:428 1028 3495 480 489 842 
1276 61 190 667 1303 434 1243:7553:1032 270 2205 1928 372 1068 678 
1210 1366 1070 787 744 101:9236:1352 2040 2004 566 2884 390 
1019:2046:2046 
1339 936:2678:714 1964 
97 1106 1289 952 164:4570:318 867 702 1048 1635 
597 1460 1311 1361 1344:7931:1984 1660 1806 1650 831 
511 1481 638 262 6 748 744:7592:384 1035 1246 498 642 1624 2163 
1520:1269:1269 
545:1020:1020 
1370 156 698 761 1397 528:4362:940 204 1275 867 548 528 
263 1311 962 1078:5983:1346 2408 981 1248 
1135 226 9 219:4140:1116 396 1272 1356 
772 1515 366 749:2966:726 396 864 980 
589 293 11 1525 882 439 343:12730:1464 1490 1378 2948 1900 1902 1648 
905:1296:1296 
585 1328:2098:784 1314 
789 879 329:5934:3485 804 1645 
53 1368 1205 602 1184:7963:1286 2564 1494 1194 1425 
1272 856 718 1421:6558:1302 1356 1740 2160 
333 1542 100 1481 1159 90 965:8640:1052 525 1560 1035 2780 552 1136 
1112 497 840 1383 1445 524:7994:2728 1011 816 1836 387 1216 
1549:1180:1180 
430 1000:2176:688 1488 
261 910 693 904 1353 1203:7878:1884 1408 1424 1116 1209 837 
161 943 820 1243:3169:582 1284 399 904 
997 421 1376 814 344:8269:2580 1698 1605 642 1744 
119:842:842 
308 1024 1061 391 1134 1543 368:7360:1185 1510 879 735 987 1437 627 
878 728 778 761 491:5933:1086 1125 1864 578 1280 
166 162 958:3627:1332 1503 792 
1464 1287 965 1453:3884:1104 744 852 1184 
809 605 1054 904 954:3945:723 858 807 558 999 
678 1300 711 1427 1050 795 1537:10139:1332 1056 2610 2316 952 352 1521 
418 867 718 768:5226:1794 1074 870 1488 
948 958 1474 1164:5111:2240 792 1158 921 
1265 1382 1205:2195:548 651 996 
523 972 822 872 855 585 1195:8583:666 1185 1328 1401 1816 1176 1011 
1003 666 1435 659 537:5785:429 492 1476 1584 1804 
1446 1175 227:3011:944 951 1116 
210 686 909:3097:885 996 1216 
713 1549 613 24:5738:2512 590 1408 1228 
707 650 1326 1482:2763:957 828 624 354 
130:1266:1266 
530 1472:3276:2097 1179 
581 1203 614 1233:4057:1578 837 1370 272 
1297 827 1503 514 1363:5119:632 528 1042 969 1948 
847 976 1453:5062:2043 651 2368 
1239 238 660 138:5209:1227 1476 1518 988 
1122 1293 717 114 1110 640 1316:8941:580 834 3490 336 2024 1401 276 
590 1332:1066:682 384 
511 161:1676:512 1164 
165 1453 504 820 577 415:6368:590 1184 1360 266 1924 1044 
1128 1124:1782:1323 459 
691 368 857 175 678 129 312:9815:1719 418 760 2208 1998 1116 1596 
1004 255 505:3242:1725 345 1172 
1231 975:4913:2109 2804 
765 854:1906:730 1176 
1278 1089 113 1201 319 889 180:10421:2670 1904 1239 2604 566 1192 246 
263 1151 336 746 1128:5979:1346 333 808 2169 1323 
488 1485 1015 133 289 1551:4844:1323 780 814 272 1004 651 
942 538 1468 1158 742 605:5326:814 468 675 717 1365 1287 
123 1078 103 47 723 879 169:8143:2900 936 507 1864 372 804 760 
351 347 1046:3087:1446 678 963 
1532 91 1472 1150 81:6509:1036 1008 1179 1746 1540 
1410 927 950 147 1210:5280:984 476 1902 228 1690 
704:1196:1196 
504 182 671 1546 78 1087:5312:1020 682 1620 324 766 900 
138 28 1103 1540:5016:988 1436 678 1914 
1421 1044:1743:1080 663 
1094 358 1261 578:6690:2109 2037 464 2080 
711 761 745:2452:1566 578 308 
1061 645 508 1211 595 524 1067:9306:879 1839 1454 2085 822 1216 1011 
787 731 1407 5:5136:1132 2166 230 1608 
1124 375 625:2774:306 1260 1208 
798 209 925 548 292:4712:1014 996 302 1100 1300 
932:552:552 
462 313 363 346 489:5238:1140 1566 954 776 802 
67 63 446:5061:658 1611 2792 
1365 1188 866 1355:4824:196 1023 3365 240 
393 603 1052 903 953:5619:600 896 753 1852 1518 
547 170 1059 243:6912:820 2800 1600 1692 
580 297 254 1169:5733:2784 815 436 1698 
1399 917 940:2894:942 404 1548 
1243 68 1222:4238:904 2472 862 
977 295:2323:556 1767 
690 634 1310 1466:4233:508 1410 1364 951 
1313 298 774 997 541 1350 42:9715:1456 1551 1864 1290 1008 510 2036 
861 578 535 306 1421:7527:1416 1248 990 2253 1620 
271 907 38 847 1097:7589:1299 1232 726 2724 1608 
481 1357 1446 897 1080:4641:1659 1070 708 408 796 
1350 548 1197 980 1190 82 1490:8641:510 2200 1716 942 744 1473 1056 
1487 112:1280:680 600 
981 938:1611:708 903 
522 572 555 285:3774:1172 874 1070 658 
349 1278 968 552 415:4302:864 1068 480 324 1566 
1158 1528 885 442 1491:6964:717 1732 1056 2085 1374 
706 250 962 1212 1128:6562:1965 1554 1308 412 1323 
1292 955:3360:1260 2100 
1183 1140 911:3575:891 1940 744 
941 725 521 971:6538:3036 522 1950 1030 
465 89 1391 575 571 954 964:9288:1680 882 824 1569 1120 1665 1548 
1411 1461 1444 30 639:6348:660 944 1288 988 2468 
1161 1544 1554:5224:2688 520 2016 
109 226 49 871 215 1091:10686:2960 660 1306 2826 282 2652 
1324 1241 1131:5278:2016 2356 906 
1297 455 492 1380 565 975:8199:1264 672 666 2121 672 2804 
306 290 19 629 945 702 539:11226:3004 632 1218 530 880 2940 2022 
1554 1018 296 918 329:4192:1008 495 348 1683 658 
1535 1292 715:3401:1527 1260 614 
1032 283 532:4543:300 1479 2764 
734:610:610 
1477:1042:1042 
511 468 1383 1354:3332:256 954 918 1204 
152 68 1516 1034 1470 667:9692:1425 2472 1980 1058 1311 1446 
49 232:4624:3265 1359 
1384 1101 1058:4960:912 2024 2024 
1257 348 132 342:4120:1188 928 1408 596 
79 489 872:3179:976 802 1401 
1261 1377 57 878 223:4410:464 1018 440 724 1764 
656 679 289 939:4894:2852 855 502 685 
87:1368:1368 
493 1262 486 1508:5614:1944 286 860 2524 
1002 54 370 127 1108 919 1501:9595:2044 2008 510 936 897 1188 2012 
1076 540 1376 440 1409 567 190:7202:1160 267 963 378 192 1302 2940 
596 1352 443 226 436 7:4742:236 1359 912 396 891 948 
896 1252 476 353:4754:1012 850 1968 924 
992 43 359 530 1512 909 347:7392:1260 1232 696 2097 291 912 904 
1066 943 1366 843 1399 556 594:8806:1620 1284 2040 976 628 1818 440 
1106 411:1053:578 475 
241 171 714 1190 1413:5867:1542 1587 958 496 1284 
744 395 511 334 12 501:4981:1442 1179 384 288 1176 512 
52 1526:2097:1200 897 
619 1361 1357 85 95 611 301:7096:1308 1320 2140 708 777 459 384 
718 1328 86 1401:5428:1740 1752 1090 846 
752 1041 425 768:3424:294 393 753 1984 
123 999 1088 539:8496:2900 1004 1896 2696 
895 1504:1501:357 1144 
1232 1148 1038:3150:860 2016 274 
1205 362 400 1288 472 882:6570:996 2148 1104 1068 304 950 
76 1390 1228:2893:604 1038 1251 
219 442 1544 795 1045:6104:1356 1251 780 704 2013 
439 622:3754:3170 584 
609 1457 1174 1131:6918:1491 1914 1248 2265 
731 1035 552:3298:2166 808 324 
1285 469 465 848:5191:1116 723 1680 1672 
442:1668:1668 
606 30 1398 423 1511 629:7192:1996 741 2364 825 948 318 
645 1055 1438 1448 406 96:8207:1226 861 738 2960 1216 1206 
1196 620 17 1013 543 1219:4957:1110 536 1118 801 578 814 
996 686:972:308 664 
1115 1298 961 173 955 832:7284:1868 774 1060 1060 1400 1122 
995 300:2073:420 1653 
325 254 797 1273 1496:4550:888 327 1227 1214 894 
903 581 1070 387:7044:926 1578 2672 1868 
1432:1755:1755 
1249 1499 1416 161 1237 1259 457:8171:1080 1016 1551 1164 978 1167 1215 
777 893 717 394:6518:2800 516 2094 1108 
131 581 431:4307:1293 2104 910 
364 641 930 314:5271:1182 2226 846 1017 
791 880:3322:786 2536 
701 139 1130 248 404 108:4327:429 1284 596 300 968 750 
771 1154 751 122 1370 954 817:7521:567 1356 758 1576 1410 999 855 
336 1194:1512:404 1108 
1472 137 1239:3878:1179 1881 818 
1402 680 1302 713 1429:8804:1884 795 1705 2512 1908 
850 993 45 361 117 1099 910:9530:702 2265 291 588 1976 2300 1408 
461:1972:1972 
1467 398 1273 1363 814 997 1074:10735:2082 750 1821 1461 963 2580 1078 
680 1317 447 1257 1506 1423:9771:795 2190 1515 1980 1908 1383 
866 890:2945:2019 926 
899 338 1426 544:5053:748 315 2940 1050 
1033 17 494 716 261 1070:8694:1095 1677 1050 984 1884 2004 
25 1043 533 184 300 537:7055:1116 1172 870 1893 1102 902 
851 102:2162:908 1254 
1146 385 1539:3603:1419 858 1326 
714 391 880 198:4596:1437 735 1902 522 
428 478 461:2282:256 1040 986 
345 1287 72 615:4619:1652 744 1506 717 
26:604:604 
180 1228 879 995:2940:246 1251 603 840 
142 1484 136:4127:1760 252 2115 
676 1192 785 369 646:3851:1224 356 796 818 657 
506 210 1485 1442 799 356 260:8427:2070 1180 520 610 2088 900 1059 
776 1159 755 127 1375 959 822:10022:2181 2780 1086 936 1197 846 996 
340 1295:916:222 694 
1522 1039 1062 673 1322:5622:612 465 1302 1437 1806 
1452 676 139 976 40:7096:1650 3060 963 651 772 
1065 1048 1192 243 559 316:7618:1011 1576 534 1692 2097 708 
756 380 124 867:2990:948 708 618 716 
929 1499 790 507 463 1378:3976:300 1016 568 884 916 292 
643 28 371:3762:1356 2154 252 
1135 1318 1395 193 975 852:7789:1116 534 2304 2169 1402 264 
1428 320:5414:2349 3065 
80 623 1099 1322:6573:2055 1014 2300 1204 
783:926:926 
90 1139 789 906 1143 406:9221:552 2228 3485 464 972 1520 
257 1359 610 860:4370:404 996 1608 1362 
757 940 603 1373 597 61 897:8056:478 1548 896 2067 1984 675 408 
117 872:2416:1482 934 
467 756 140:4714:2776 948 990 
616 706 157 340 417 773 410:7914:506 2620 1016 444 2028 360 940 
947 863 753 271:4963:360 2200 1104 1299 
491:1920:1920 
331 1206 1296 747 930 1007:7456:2040 1314 1425 1053 846 778 
763 786 397 1046:3448:886 531 747 1284 
219 1010:2787:1356 1431 
1091 435 1311 1401:6240:1989 1599 1806 846 
1477 1207:2610:1563 1047 
718 941 485 1294 1544 1461:7310:1305 1518 778 1041 780 1888 
1365 855 505 622 445 123 612:7564:196 1362 879 292 1860 2175 800 
1554 272 562 1504 289 832 895:9066:2016 2768 224 572 1004 2244 238 
1328 858 1534 546 1395:7434:876 1260 1491 1503 2304 
879 1008 1485:2488:804 644 1040 
1271 1148 692 170:6070:2043 2016 891 1120 
1154 1325 749 146 1142 672 1348:9994:1356 810 1960 1430 2228 1260 950 
622 1364:1186:292 894 
923 1012 463:3755:1020 2048 687 
1428 186 1501 1339 736 1318:8351:3132 1227 2012 476 792 712 
1468 1212 396 392 1189 786:4397:450 309 1758 944 405 531 
1326 350:1874:1248 626 
1070 1093 290 1353 1136:10221:3340 1098 1264 1209 3310 
1200 264 1233:3190:1023 1623 544 
98 1013 984:2547:1044 1068 435 
394 1043 827 1037 1486 1337:6289:2216 1465 704 208 1284 412 
295 1077 954 1376:6927:1178 2812 1332 1605 
1131 555 1509 948 478:7251:1812 1070 1689 1120 1560 
868 252:2280:1332 948 
109 1544 408 1444 442 1157:7904:2220 520 1263 1288 1251 1362 
148 1011 862 912 895 625:7798:2121 1142 1467 1924 238 906 
844 255 970:4264:1794 230 2240 
677 448 5 1054:4185:1112 1060 1206 807 
877 382:1456:882 574 
292 568 858 242 585:7182:975 1872 1680 1479 1176 
595 86 1294 1411 1234:5573:822 2180 1041 990 540 
1547 799 1048 965 758 275 712:11736:1696 1566 1182 852 1719 2444 2277 
772 676 326 443 266:5479:1089 2448 892 456 594 
1348 865 888:3532:1425 1479 628 
185 607 85:3333:525 2100 708 
1203 16 931:4796:1116 2984 696 
215 864 648 444 1307:5837:564 1196 1968 1368 741 
361 1197 261 1230 388 11:8412:588 1716 2512 278 1251 2067 
1384 1367 1511 562:6374:1824 2568 1422 560 
1477 435 125 1267 1544 275:9261:1042 1599 2140 1256 780 2444 
1222 247 1335 453 1023 313 30:8694:1293 684 1696 1506 933 2088 494 
1359 1369:2622:747 1875 
117 1126 1309 1386 184:6255:1482 669 1326 885 1893 
1426 1209 1419 311 161 211 194:9391:2205 1473 604 828 873 1020 2388 
1300 618 707 158 341 4 774:7965:528 798 1276 849 1422 1228 1864 
1320 865 116 365 282 172:8170:1482 1479 1518 2223 340 1128 
824 502 991 309:8168:1221 1767 2412 2768 
442 492 475:2488:834 666 988 
375 652 941 325 668 1211:10208:1680 936 2277 1184 2046 2085 
805 776:3780:1599 2181 
260 576:1579:1059 520 
1132 1048 938 456:6490:1560 1970 1505 1455 
1105 676:3264:1428 1836 
80 1288 1405 349 1171 516:7251:2055 1068 507 1296 1332 993 
1444 695 945 862:6433:966 2680 1320 1467 
1361 585 462 885 362:5916:660 1176 1140 792 2148 
1392 444 760:3134:640 1824 670 
1449 833 763 1305 224 446 1549:8343:450 1335 1772 312 1200 2094 1180 
91 767 923 213 1488 1445:5745:1512 1325 765 388 1239 516 
227 1475 1059 1336 67 1009:9144:744 2124 1600 1238 658 2780 
267 943 1513 803 520 477:6993:640 1712 1344 1364 1623 310 
560 1502:1674:702 972 
1333 197 1233 231 1360:5760:656 2280 544 996 1284 
414 1023 1339 1510 934 331:4433:986 933 714 370 410 1020 
89 498 881:3582:1176 1344 1062 
1270 1387 66 887 232:7857:1860 1314 2632 692 1359 
665 688 299 948:5055:879 1308 628 2240 
601 1223 634 1350 973 717 1460:8047:1161 464 1880 510 693 2094 1245 
341 790 640 690:4011:1422 426 1401 762 
911 602:2656:1860 796 
412 768 406 1427:4898:1036 1488 1216 1158 
386 143 1125 839 1421:6462:800 1852 1299 351 2160 
1192 776 1052 1341:6214:712 2181 753 2568 
220 337 160 982 326 1202:8392:1784 560 744 1695 1338 2271 
1282 1532 1449 1339:3728:2046 518 450 714 
1049 1472 950 1505:5765:2178 786 1268 1533 
629 573 1249 1405:3334:424 1863 540 507 
1063 314 564:3336:1689 1017 630 
504 1126 537 1253 876 620:6821:1360 892 1804 1320 909 536 
543 593 577 720 1330 88:4791:578 700 1443 740 1028 302 
317 939 350 1066 689 434:6577:1688 548 939 1620 1248 534 
357 407 390 533 1143 1459:8621:1029 1767 2780 1305 972 768 
41 1171 794 124:3654:600 1998 438 618 
1018 974:921:495 426 
708 558 608 592 321:3996:1386 450 384 916 860 
406 789:3396:608 2788 
140 1015 1105 556 739 402:7947:1320 1221 1428 1818 1296 864 
595 206 855:3648:1096 736 1816 
586 582 1379 975 1491 37:7959:765 1386 1014 2804 1374 616 
626 50 1418 443 386 1062:8320:720 2115 837 912 2000 1736 
807 1323 1013:2973:786 1653 534 
147 1023 1113 563:3055:342 933 508 1272 
1206 1189 1333 384:3787:1971 675 656 485 
355 45 1187 1463 195:4811:268 388 1648 1107 1400 
1520 1077 981 631:4789:846 2812 708 423 
350 826 1049 593 1402 94 11:7887:939 993 1452 1050 942 444 2067 
136 1411 223 1139 696 186:8181:2115 990 1764 2228 266 818 
404 1346 1275 260 737:4461:968 1296 448 1059 690 
776 427 543 366 44 533:7326:1454 1152 578 864 2408 870 
1489 181 97:1560:656 480 424 
1156 567 1283 906 651 1393:5960:1364 1736 730 348 438 1344 
750 1360 118 1433:3388:1038 856 548 946 
604 881 1170 554 897:4828:678 1062 964 1716 408 
398 49 165 1546:4126:600 2612 590 324 
221 870 654 864 1313:6180:1284 702 1113 897 2184 
557 1273 1310:3550:972 1214 1364 
1393 750 307 1356 1006:5760:672 1384 1076 1148 1480 
1077 994 883:4470:2812 564 1094 
1147 305 1486 1230 415 411:7460:1032 2536 963 556 2088 285 
1039 90 406 163 1145:4281:465 414 912 1362 1128 
995 1005 1521 1211 795:6658:630 2028 516 2780 704 
213 1128 1099:3339:291 1323 1725 
1313 510 1159 942 1152 44 1452:13856:3640 327 2085 1221 1425 2408 2750 
1535:1018:1018 
1275 1179 830 946:5796:896 1449 1347 2104 
689 712 323 972 756 966:10623:1248 3036 1896 1185 948 2310 
1349 1012 223 1005:6395:1569 2048 1764 1014 
646 483 1438:1877:657 728 492 
397 314:1854:498 1356 
543 647:2424:867 1557 
37 1059:1724:924 800 
793 564 121 1169 820:6195:1016 252 2830 1698 399 
490 794:1545:888 657 
558 1301 1297 121 132 648 338:6963:450 704 1264 1698 1056 1476 315 
658 1267 26 1340:3501:1482 628 453 938 
512 788 1077 462 805:6547:1575 294 1406 1140 2132 
306 1514 73 1454:6887:3004 333 842 2708 
129 778 562 772 1221:6076:1116 1864 560 1452 1084 
786 1208 686 1241 399 436:6593:531 1581 1328 1767 495 891 
1031 1015 745 476:4340:436 1628 308 1968 
1331 915 778 1481:6869:1996 1629 1864 1380 
295 1504 62 1443 1121 52 928:13113:2356 858 2748 1179 3124 1600 1248 
432 1068:3224:1640 1584 
86 802 426 170 912 908:7802:2180 1548 220 1680 1924 250 
1049 473:1827:1452 375 
40 290 207 96 1172 50 806:8292:386 1264 693 1608 1548 1410 1383 
13 1475 1126 1242 1066 329:8447:1425 2124 446 1516 1620 1316 
277 1379 630 880:5330:1374 1014 1040 1902 
397 819:2499:996 1503 
542 99 1148 798 915:8480:540 1724 2016 2028 2172 
773 290:1308:360 948 
999 596 1112 1216 800 662:8292:1004 472 2046 1158 2352 1260 
1039 63 7 683 839 130:5798:620 1074 948 1656 234 1266 
925 615 199 476:3519:302 717 1188 1312 
1141 819 1308:4712:744 2004 1964 
792 935 1545 303 60:6960:1269 1608 1242 1419 1422 
989 999 1515 1205:4214:620 1506 594 1494 
679 583 234 350 173:4687:1140 1136 942 939 530 
1352 870 796:3617:1359 1053 1205 
1196 21 1176:4576:2220 1724 632 
930 248:1146:846 300 
643 587 1263 1419:3835:1356 1704 322 453 
1077 328 578:3769:1406 699 1664 
517 1139 551 1266 890 634:11397:2492 2228 2508 900 1389 1880 
557 607 590 734 1343 101:3796:486 1050 682 244 1074 260 
1534 691 315 59:5447:1491 2292 712 952 
285 961 1531 822 539 495:6556:1316 1060 388 664 2696 432 
578 1521:1506:1248 258 
119 1154 152 1281:6623:2105 1017 1425 2076 
1345 875 1551 149 1412:6358:1446 1941 651 956 1364 
1025 1501:3048:1036 2012 
1495 825 10:5042:2672 1581 789 
1541 1191 1308 1545:5356:1572 1560 982 1242 
706 317 966 750 546 1409:7616:1310 1688 1848 1384 1002 384 
1159 1342 1005 217 999 463:9396:2780 2900 1521 504 1004 687 
779 563 359 808:3558:1336 1272 464 486 
1484 1229 413 409 792 802:8168:252 711 1760 2205 1692 1548 
1425 477 793 550 1532 1342 367:10374:1532 620 1524 1302 777 2175 2444 
866 1288 766 1322 893 516:6733:2692 1068 432 1204 344 993 
281 331 314 44 653:8011:1371 1530 678 2408 2024 
437 1179 31 414 10:7235:1745 1932 534 1972 1052 
127 1415 466 783 539 377:9996:1248 2864 1036 1852 1348 1648 
203 1384 1129 313 309:7370:484 1368 1876 1566 2076 
886 1043:1997:1118 879 
206 1269 1053 849 1298 1149:7907:736 3108 1364 1184 1032 483 
204 1400 863 141:6078:879 519 1100 3580 
1040 464 274 857 387:7074:771 1258 2884 760 1401 
488 777 161:5028:1764 2100 1164 
638 727 178 361 438 794 18:9469:2492 1516 702 784 1745 438 1792 
1518 209 126 16 1091:9282:1692 1328 626 2984 2652 
559 10 193 1414 625 1407:7358:1398 1052 2892 765 906 345 
1315 406 190 1544:4335:698 912 2205 520 
40 36 833:3812:772 1260 1780 
1161 839 1328:3798:2016 468 1314 
812 955 7 323 80:11157:1878 2800 1896 2528 2055 
1009 1019 1535 1225:6946:1668 2728 1527 1023 
1142 1113 603 254 370 193:6526:2785 508 1120 327 340 1446 
1336 254 891 21 831:4872:1238 327 930 1293 1084 
1120 464 1340 1430 880:7797:963 1887 1876 1803 1268 
162:2004:2004 
611 1421 112 29 1477:5256:459 1620 600 1014 1563 
372 462 1470 96 1317 528:8824:2944 1520 874 1206 1752 528 
830 441 1090 874:4211:1347 408 1248 1208 
487 1456 614 238 1540 724 720:8627:952 1017 1370 738 1914 2192 444 
1496:894:894 
618:1064:1064 
1443 229 771 834 1470 601:6839:1179 802 567 2256 874 1161 
239 1287 938 1054:3505:782 744 903 1076 
299 82 195:2938:1256 982 700 
735 1251 941 525 802:5986:540 1316 1518 1064 1548 
565 269 1545 1501 858 415 319:10555:672 2665 828 2012 1680 1566 1132 
978:1200:1200 
1255 412 450 1338 523:6246:980 518 1812 1604 1332 
966 1549 1493:4988:1386 590 3012 
31:534:534 
1439:584:584 
337 852 956:1692:420 396 876 
1235 553 1056 507:5382:1028 1068 1518 1768 
960 11:4360:1604 2756 
883 800 1103:5444:2188 2352 904 
427 51 1353 538 534:6256:1536 510 1612 780 1818 
21 697 1267:4033:2155 936 942 
1390 1280 797 1234 431:4099:1038 1072 1227 216 546 
1094 1264 688 85 1081 611 331 1113 990 1413:14440:2109 1776 872 944 1068 306 2040 381 2376 2568 
156 538 135 1065:4068:306 468 2283 1011 
1314 671 228 1277 927 1044:5264:366 2160 296 1422 357 663 
818:735:735 
464 568 152 15:6429:1887 1872 1425 1245 
358 847:3401:1358 2043 
917 35:1346:606 740 
299 95 545:2225:942 518 765 
53 569 259 1401 119 409:10698:2572 1641 1436 846 1263 2940 
705 1381 393 1242 959:4351:492 1194 400 1137 1128 
383 726 855 1331 410:5394:1464 1100 1362 998 470 
91 1472 736 81 956:5583:2016 786 1188 1155 438 
536 147 796 580:4214:1420 456 482 1856 
1259 417 454 1343 527 937:9510:1556 1521 326 1611 1708 2788 
155 1442 494 810 567 404:5345:1374 915 1050 220 1302 484 
230 1412 1156 340 336:4944:936 1364 1705 333 606 
817 973:1263:570 693 
1200 983 779 1229 1079:4811:1023 456 668 948 1716 
693 105 820 444 188:7673:1068 1950 399 2280 1976 
970 394 205 787 317:6668:1680 1108 2048 566 1266 
610 1553:1864:1206 658 
1383 248 1284 281 1410:6096:1836 450 1912 914 984 
464 1073 1390 2 984 381:5673:1258 1971 1038 274 290 842 
42 451 834:5828:2036 972 2820 
1320 1437 116 938 282:6782:1976 658 3036 602 510 
715 738 349 998:4135:921 1026 1296 892 
145 1447 632:3312:1191 1677 444 
844 667:3240:1794 1446 
1143 567 378 960:3569:648 1302 416 1203 
265 608 1151 1213 292:5665:1983 640 444 1623 975 
1257 934 1423 741:4211:1188 615 1844 564 
575 1024 874 924 907:10931:2092 3775 1208 2008 1848 
615 239 1127 312 722:6777:956 782 1856 1596 1587 
112 788 944:1619:800 294 525 
6 1481 1371 888 911 522:6261:642 1380 1401 471 1488 879 
143 1045 363 453 1461 86:9136:926 2013 636 2510 1416 1635 
1501 1112:3376:2012 1364 
995 380:1338:630 708 
1447 605:3523:2236 1287 
688 339 455 278 1514 445:6608:872 1052 1008 1992 444 1240 
1554 1470:2823:1512 1311 
1208 1204 29 39 555 245:8494:1581 1796 1014 1126 2140 837 
692 1368:2173:891 1282 
1534 186 635:3086:1491 818 777 
696 985:939:399 540 
559:1398:1398 
412 62 179 2:6047:1295 2748 1593 411 
624 235 884 668 878 1327:11020:1740 1224 1960 2728 724 2644 
1014 238 115:2262:550 1476 236 
1253 1197 315 471 1319 1037:5355:660 2288 356 435 1200 416 
1340 924 787 1490:5384:1407 1506 1415 1056 
401 52 168 1550 1227 158 1034:8609:520 1200 884 1098 2188 1132 1587 
538 1077:3280:468 2812 
193 908 532 276 1018 1014:6326:2169 375 1382 1410 660 330 
1058 482:1420:1012 408 
146 396 313 203 1181 60 815:7976:1430 1758 1566 363 918 1422 519 
119 24 1232 1349 1172 436:7134:1263 921 645 1569 1548 1188 
1536 228:1060:468 592 
261 1415 787:5792:2512 2148 1132 
577:1443:1443 
394 1509 999:6476:2216 2252 2008 
4 867 718 768:4660:1228 1074 870 1488 
851 447 963 1067:6647:1816 2020 1800 1011 
31 1240 1356 1180:6174:801 1676 861 2836 
1014 798 594 1044:2226:440 1014 330 442 
538 162 1464 648 644 1027 1037:7707:312 1503 2208 984 628 1760 312 
1484 1534 1517 103 712:5282:252 994 324 676 3036 
1234 59 69:2298:216 952 1130 
968 286:1968:960 1008 
99 1095 625 1301 1457:5488:1724 576 1208 704 1276 
1181 1110 95:3978:918 2024 1036 
255 1037 915 1337:3125:230 208 2172 515 
775 612 1470 494 438:4209:700 800 1311 700 698 
829 213:1391:1197 194 
369 991 402 1118:5199:1227 1809 432 1731 
1413 11 860:5402:1284 2756 1362 
238:1476:1476 
716 1525:3604:656 2948 
1527 1523 347 358:6042:1830 592 904 2716 
1167 1123 481 451 1500 1150:8008:968 1113 1659 1296 1808 1164 
527 1469 934 1063 1539 618:7695:1281 760 615 2252 1989 798 
937 294 1409 1313 964:5972:1394 462 384 2184 1548 
1353 17 1120 371 620 537 427:5862:1209 1118 642 504 268 1353 768 
1156 1527 884 441 1489 1140:7844:1364 1830 1960 408 1312 970 
482 704:1740:544 1196 
1281 438 62 1364 548 544:9166:2076 1047 1374 894 2200 1575 
1320 1464 515 831 588 12:8118:1482 2208 1041 813 1104 1470 
901 313 1028 652 396 1138 1134:9950:1638 1566 836 936 1758 1900 1316 
319 369 352:2150:566 1227 357 
1407 818 202 546 675:6173:460 980 1220 1503 2010 
575 692 515 1337:4557:1569 1188 1388 412 
282 132:2270:510 1760 
631 16 1503 488 964 1187 731:9775:423 2238 1563 1323 1548 1236 1444 
1051 768 1138:3589:180 1984 1425 
1338 429 213 9:2763:802 822 291 848 
160 156 952:2994:1116 306 1572 
1458 1281 959 1448:7053:1629 2076 1128 2220 
803 599 1048 899 948:9968:3410 1640 1182 1496 2240 
640 263 7 750:6560:934 2692 1896 1038 
813 1382 673 390 347 1262:7335:807 868 1916 2780 678 286 
1372 157:2512:988 1524 
849 326 882 453 77:5936:592 892 1425 1506 1521 
1065 116 432 603 27 982 420:12079:1348 3036 1230 672 1473 2260 2060 
1139 1016 1439 916 1472 629 570:6987:1671 464 1168 940 786 318 1640 
192:1116:1116 
642 1451 142 59 1507:4597:598 972 1320 714 993 
86 589 40 223 1347 559:8985:1090 1952 965 2352 1228 1398 
236 539 57 79 835 339 123:8391:963 2022 220 976 1246 789 2175 
825 475 592 415 92 581 1457:9879:1581 1482 916 1566 316 2104 1914 
388 864 1501:4074:1668 897 1509 
645 1427 1305 169 1205 202:8808:2452 2316 416 1520 1494 610 
672 656:3316:1890 1426 
1221 472 722:3385:813 456 2116 
875:2588:2588 
1235 459:1125:771 354 
1541 1258 70 986 543 33:7039:2096 236 519 2580 867 741 
1096 1025 10 486:4105:1416 777 1052 860 
1393 1056:2190:672 1518 
1282 573 290 247 18:8398:2728 2484 1264 1026 896 
1272 57 600 663 1299 430 1239:8321:868 440 1760 963 2096 1376 818 
1077 368 85 42 957:8373:2109 836 1180 2036 2212 
1410 1539 458 1094 225 1034:11121:1312 1989 1315 2812 2106 1587 
1547 1104 1008 659 775 598:7165:1696 1712 322 2112 525 798 
815 66:2320:346 1974 
1114 1524 349 1503:5754:1902 472 1296 2084 
1222 579 136 1184 835:7544:862 568 2820 1425 1869 
822 712:3273:996 2277 
1051 1155 739:2682:270 1116 1296 
1352 803 986:6438:1812 2046 2580 
1265 1075 100 44:4428:548 1116 1560 1204 
193 256 892 23:8311:3615 1380 2028 1288 
662 752 202 385 462 818 456:7932:1260 588 610 1144 1900 490 1940 
895 812 702 219:5796:357 1878 2205 1356 
480:632:632 
856 307 490:3503:1808 807 888 
18 1106:2948:1792 1156 
347 1516 607 390 600:9263:678 2640 2100 2085 1760 
1070 227:4456:3340 1116 
311 1519 78 315 1136 481:8823:1656 624 1149 534 2648 2212 
764 987 531 1340 32 1506:9213:1989 1392 324 1407 1557 2544 
1410 901 551 668 491 168 657:8878:656 1638 1881 1364 1920 663 756 
940:1548:1548 
865 555:3577:1972 1605 
365 721 359 1380:6379:2964 1305 696 1414 
1557 981 792 1374:4491:450 708 1269 2064 
1197 582 925 1054 1530 609:6842:1716 1386 453 1076 720 1491 
927 285 1400 1304 954:4259:238 987 865 504 1665 
1344 8 1111 362 611 528 418:7001:831 988 288 2864 306 528 1196 
1147 1518 875 432 1480 1131:9621:1032 1692 2588 1640 1310 1359 
376 598:2744:1680 1064 
1271 429 53 1355 539 535:9373:2724 822 1286 360 2696 1485 
1311 1454 506 822 579 3:8658:1806 2708 2070 996 426 652 
892 303 1019 643 387 1129 1125:12118:2028 1892 1364 1356 1401 2345 1732 
679 889 1338 1188 1238 1221:6471:855 1192 1203 1023 1385 813 
805 1228 706 1261:5696:2132 1251 1965 348 
799 329 1005 1161:6612:2088 987 1521 2016 
70 320:2798:346 2452 
353 1508 880:5027:1232 1893 1902 
670:960:960 
1129 486 43 1092:4971:1876 860 924 1311 
1426 517:3451:2205 1246 
744 606 1309 694 623:9012:2163 1497 2652 1686 1014 
633 124 1332 1449 1272:3808:414 824 384 450 1736 
847:2724:2724 
897:306:306 
737 1120 1130 88 1336 920:5626:920 642 1192 604 1857 411 
597 127 803 1373:8709:1984 1248 3410 2067 
1318 1447 365 1002 132 941:9300:534 1677 2223 1533 1056 2277 
1347 1464 1287:3625:921 2208 496 
1277:1896:1896 
1520 611 395:2907:1269 459 1179 
731 103 1351 935:5924:2888 507 921 1608 
82 319 1141:2575:982 849 744 
309 625:3976:2768 1208 
1345 36 1511 1401 918:6951:2169 1260 711 1128 1683 
117 1338 549 1332:4384:1482 1604 658 640 
1215 972 396 206:4263:584 1185 1758 736 
945:1320:1320 
462:760:760 
1285 696 1412 1036:4602:1860 532 682 1528 
909 27 597 1445 1162:5189:608 1473 1488 516 1104 
1202 586 929 1058 1535 613:8040:2271 510 300 2024 1527 1408 
932 289 1404 1309 959:6275:552 502 2104 1989 1128 
1348 13 1115 366 616 533 422:8294:1425 950 934 1728 506 1305 1446 
1152 1522 879 436 1485 1135:6288:1900 612 804 1188 1040 744 
380 603:1840:944 896 
1179 337 1518 1262 447 443:6613:1932 420 1128 429 2020 684 
1316 1459 510 827 583 7:5041:414 1024 327 528 852 1896 
211 927 550 294 1037 1033:5274:1530 238 1302 693 416 1095 
1417 1173 597:3915:2091 832 992 
165 414:2364:885 1479 
65 447 458 974:5911:2676 2020 789 426 
297 413:2249:489 1760 
713 137 1092:5076:1884 1881 1311 
686 909 453 1262 1512 1428:7543:1328 1216 1004 572 291 3132 
90 993:1924:414 1510 
1132 889 727 124 706 650 1326:8209:936 894 1895 412 2620 828 624 
1105 517 1232 856 600 1342:8834:1071 2492 860 1356 880 2175 
797 1406 164 1479:3191:1227 318 1090 556 
970 554 830 1119 504 847:9738:1120 2288 1796 1812 1360 1362 
1104 395 112 68 983:4955:1284 1179 800 1236 456 
1437 8 484 1121 251 1060:9687:987 1482 1998 2343 1365 1512 
797 354 258 1466 705 528:4526:818 838 1216 634 492 528 
933 1476 395 617 162 971:7899:1875 1179 1179 618 1503 1545 
1387 944 434 85 201 438:5872:2628 700 534 472 840 698 
655 1464:2898:1242 1656 
294 916:2342:462 1880 
776 893 716:3353:2181 516 656 
34 483 333 383 367 510 1120:8368:939 1456 789 1952 1833 436 963 
829:1197:1197 
14:662:662 
889 606 563 1478 1449:4896:894 1497 636 1419 450 
94 344:1530:222 1308 
377 387 903:4438:1648 1401 1389 
604 693:2328:904 1424 
416 1413 943 61 217 1479:8248:1947 2568 1712 405 504 1112 
967 564 1493 1183 767 630:6856:220 378 3012 891 795 1560 
1007 31 1533 651 807 98:4920:778 1068 892 438 1048 696 
1357 1220:2141:1070 1071 
1507 1170 382 1164 627 1463 527:7184:1324 1446 574 921 900 738 1281 
1520 265 1341 1364 561 66:9153:1269 1983 2568 894 465 1974 
308 1183 1273 724 907 984:8690:1580 891 1821 1644 2464 290 
740 1177 374 1023:3689:732 909 804 1244 
1486 1058 681 11 754:8661:963 2024 1242 2067 2365 
1207 631 28 1024 554 1230:6385:698 564 1436 2265 1144 278 
1105 795:1780:1428 352 
961 185 63:2554:1060 420 1074 
1201 1144 262 418 1267 984:5748:1302 632 498 1794 942 580 
1281 1385 969 832 1535:8018:1557 1724 966 2244 1527 
1558:1596:1596 
852 1009:1932:264 1668 
117 567 417:3871:1482 868 1521 
1058 641 918 1207 592:10645:2024 3710 1683 1396 1832 
202:915:915 
386:1600:1600 
698 1308 66 1380:5478:1275 1473 1316 1414 
731 1021 405 748:5883:1444 892 1923 1624 
881 971 422:4615:1416 1030 2169 
1484 242 412 1394 791 229:6592:378 1479 1036 916 1179 1604 
1245 841:2648:1260 1388 
1012 1195 858 69:5594:2048 1011 840 1695 
177 1464 516 832 589 426:7789:963 2208 1324 1122 1952 220 
1042 1038:1032:621 411 
605 283 772 89 593 44 227:9725:1287 1479 1089 1176 1400 1806 1488 
170 420:2916:1680 1236 
70 453 463 979:5423:346 1506 687 2884 
1229 586 557 47 1256 1372:6559:711 1020 486 1864 996 1482 
632 17 360 489 965 43 732:7470:740 2236 478 1604 1136 924 352 
1369 1086 1042:4042:1250 1964 828 
1339 430 213 423:2349:476 1032 291 550 
64 473 856:3718:1208 250 2260 
1245 1362 41 862 207:4986:1680 546 600 1467 693 
737 760 371 1020:2465:690 1005 378 392 
167 1469 654:2571:318 1140 1113 
347 118 1233 724 374 491 314:7201:678 822 408 2192 804 1280 1017 
141 431 1373 158:6016:2148 546 2756 566 
1389:1524:1524 
537 188:3286:1804 1482 
1138 895:1663:1425 238 
53 1500 1018 1454:5003:1286 1356 330 2031 
1238 862:2852:1385 1467 
292 409 232 1054 398 1274:7189:1300 2940 906 807 450 786 
1257 1507 1424 1314:5008:1188 662 2792 366 
1122 1544 1022 19:3622:435 780 580 1827 
701 645 1321 1477:4856:572 1839 882 1563 
1038 289 539:4534:411 753 3370 
1298 576 1198 609 1325 948 692:8286:774 390 1980 1491 1080 1680 891 
520 316 765 616:3820:1623 708 730 759 
370 366 749 759 1275:5264:340 1296 1960 996 672 
530 1099 390 107 64:8148:2097 1725 2780 640 906 
1432 3 480 1116 247:4829:1053 326 948 1476 1026 
10 886 975:4306:526 1677 2103 
1302 699:2177:1364 813 
466 77 726:5286:2072 1014 2200 
769 1152 749 120 1368:6285:204 1425 1470 1263 1923 
1089 380 97 467 1382:6587:2380 944 530 2082 651 
650 1459:1596:828 768 
184 1339:1976:1262 714 
776 94 597 48 231 1452 664:8856:1454 222 1984 1101 1494 1650 951 
547:820:820 
437 726 111 454 997:8386:1047 2200 2552 652 1935 
561 52 1260 1377 1200 877:6360:620 1200 520 1527 1023 1470 
728 1416 667 917:5447:1125 2068 1446 808 
434 857:2054:534 1520 
404 1519 1423 1074 1190:7434:726 468 2305 2695 1240 
54:1004:1004 
1463:1107:1107 
360 1290 980:3346:478 1926 942 
602 691:2913:1194 1719 
1038 156 312 1161:4032:411 408 1197 2016 
1431 682 932 849:3729:1680 333 828 888 
572 36 872 1494:5033:1748 945 1401 939 
1102 126 70 746:4433:1356 939 692 1446 
220 283 919 50 859:6550:1338 1479 594 2115 1024 
4 493 1368 1458 909:7615:1842 972 2564 1629 608 
190:2940:2940 
640 1449 140 57 1505:4374:1401 450 660 330 1533 
400 490 1499 124 201 556:5274:1104 592 508 412 840 1818 
854 877 488 1137 920:4319:882 588 1323 978 548 
1047 1470 947 1503:4402:1725 874 240 1563 
724 668 1344 1500:6830:2192 2728 554 1356 
1061 312 562:2636:879 1197 560 
502 1124 535 1251 874 618:8131:2356 612 1485 1974 906 798 
788 638 688 672 815 1425 183:8633:392 1869 1308 2520 519 1149 876 
353 1092:2980:1232 1748 
230:702:702 
413:1760:1760 
1228 1278 1262 1405 457 773 529:7168:1251 1602 429 676 1620 360 1230 
166 588 66:4410:1332 1104 1974 
1458 815:3037:2172 865 
805 1414:2086:1066 1020 
1142 1058 948:5372:2228 2024 1120 
1212 369 407 1295 479 889:7031:412 1636 1178 1041 1572 1192 
107 1395 446 762 519 357:9981:640 2304 2094 2154 2103 686 
1069 1065:1332:321 1011 
633 310 799 117 620 71 254:5214:414 399 1044 1482 536 1012 327 
100 350:1719:780 939 
97 480 491 1006:5306:318 948 2560 1480 
1256 613 584 75 1283 1400:4336:498 704 1956 248 584 346 
1196 114 751 1439:4729:1665 672 1516 876 
610 61 244 320 676 1458:9913:804 540 2040 2452 2448 1629 
1269 360 144 354:4501:2331 956 376 838 
338 1053 1091 421 1164 15 398:7451:315 682 1989 2264 921 830 450 
908 758 808 791 521:5277:500 1719 972 786 1300 
196 192 988:4101:1368 837 1896 
1494 1317 994 1483:3151:626 1314 423 788 
935 732 1181 1031 1081:6634:2144 880 918 1090 1602 
675 299 43 786:4359:1340 1256 1232 531 
848 1418 709 426 382 1298:4391:1254 1116 424 220 861 516 
563 1505 290:3753:1272 1533 948 
1239:1227:1227 
203 1105 423:3012:484 1428 1100 
1198 249 565 736 160:7284:1980 1188 672 1584 1860 
1185 10 1164 536 226 1368:4819:804 526 614 1065 528 1282 
632 576 1252 1408:3335:592 390 850 1503 
1066 317 566:3638:1080 1266 1292 
506 1128 540 1255 879 623:7143:2760 1764 267 735 603 1014 
793 643 693 676 820 1429 187:8871:2032 1017 1068 2448 399 1431 476 
260 1096:3300:1412 1888 
38 1552 909 880 370 21 137:11149:968 1984 912 3170 510 1724 1881 
1376 334 24 1166 1443 174 1116:7959:642 432 921 1660 1572 1256 1476 
1027 451 1406 844 374:4388:880 1296 212 1196 804 
980 843 1545 930:4494:942 1464 1242 846 
364 1186 530 1406 1496:4989:1182 604 2097 212 894 
1127 923:1948:928 1020 
578 1520 1449 434 910:4472:1248 1269 450 801 704 
707:638:638 
777 1453 51 900 617 573 345:7795:1400 1776 510 1008 412 1863 826 
914 604:2320:1868 452 
415 770 408 1430:7373:2610 1456 2105 1202 
292 49 1030 841 1423:7566:650 2612 1419 1041 1844 
1194 778 1055 1344:6414:2770 1398 861 1385 
1101 1217 1041 304 1207 1204:6641:1012 482 655 1300 1396 1796 
564:252:252 
1007 591 454 1157 541 471 1014:6062:1167 618 652 2043 672 580 330 
728:1500:1500 
195 844 628 424 1287:6090:1400 2392 711 843 744 
438 1274 338 1307 465 88:4880:1047 786 420 494 1680 453 
1363 1347 1490 542:4561:1461 1228 792 1080 
1554 512 202 1344 63 352:7729:2016 1575 1220 831 1611 476 
1227 239 1088 805:6550:1641 782 2528 1599 
256 945 196 445 362 252:7688:1380 1320 1368 1240 1432 948 
1318 582 1485 802:5201:534 2079 1040 1548 
1085 935 985 969:4375:1182 2144 405 644 
189:2524:2524 
1331 329 1044 1082 412:6213:1996 1316 884 722 1295 
955:2100:2100 
899 749 799 782 512:5664:748 1470 1566 830 1050 
187 182 979:3900:714 1023 2163 
1485 1308 985 1474:3170:520 1473 405 772 
829 625 1075 925 975:6650:1197 1208 837 604 2804 
666 290 34 777:4944:328 1264 1252 2100 
839 1409 700 417 373 1288:6369:351 384 2028 1521 1551 534 
553 1496 281:4136:1424 1341 1371 
1229:474:474 
194 1096 414:6248:2388 1888 1972 
1406 830:1559:212 1347 
1552 1163:1788:1488 300 
527 217 1359 1222 367 1309:9596:1281 378 1245 2155 1222 3315 
406 776:3516:608 2908 
360 410 394 123:8295:1195 705 2770 3625 
187 703 807 391 254:4419:714 1132 1048 980 545 
996 953 724 281 1329:6545:616 1518 1644 1828 939 
1136 387 637 553:5938:1986 1868 660 1424 
1150 788 251 1087 151:6102:2328 392 910 900 1572 
1177 1160 1303 355 671 428:5654:606 1880 372 536 1620 640 
1297 868 492 1380 564:6278:948 1332 666 2828 504 
1018 442 1397 835 365 1041:5786:660 834 548 1869 1482 393 
879 476 1405 1095:3942:603 1968 507 864 
60 1268 1385 64:4000:1422 810 862 906 
783 394 1043 826 623 1486:7089:926 1662 879 1324 1014 1284 
1236 1419 1082 294 1076 539:7830:1848 302 1805 693 1160 2022 
1350 1373 570 75 1416 1213 104:10193:510 2067 1640 248 1551 2164 2013 
1412:1023:1023 
863 220 191 1240 890:10059:2200 2230 2520 1257 1852 
1176 1425 1342 1232:4534:948 766 2175 645 
1066 943 1365 843 1398:7138:2160 856 294 1464 2364 
640:1401:1401 
58 507 357:3661:1748 884 1029 
857 241:1788:760 1028 
98 1533 397 1433 430 1146:7691:1392 1338 747 1892 1376 946 
234 1097 948 997 981 711:8539:1413 1608 2240 1290 944 1044 
3 785 248 1084 148 1117 275:9595:652 1592 450 988 1414 2055 2444 
961 984 182 1244 1028 824:6666:1060 290 1364 663 1254 2035 
616:759:759 
1515 1338 1016 1505:3317:396 1203 696 1022 
446 656 1105 955 1005:10338:2094 2852 1071 2800 1521 
697 320 1209 393:4993:468 2452 1473 600 
730 447 403 1319:4759:1236 1515 1108 900 
1549 969 992:2796:885 966 945 
983 1393 218 1372:5195:456 1008 1755 1976 
351 1466 956 607:4683:964 1268 876 1575 
581 1 24 1193 284 68:7093:2104 1599 921 489 744 1236 
758 421 1190:5300:2292 2264 744 
55 1037 847 1430 1373 491 648:11445:1244 312 2043 1202 2756 1920 1968 
1386 1382:1753:885 868 
1532 157:2560:1036 1524 
1027 983:2368:1760 608 
267 717 567 617 600 744:7537:480 2094 1302 618 880 2163 
1180 404 281 704 181 737 308:7331:2836 726 1371 598 320 690 790 
410 21 670 453 663:5442:470 1724 960 1004 1284 
1458 323 1359 356 1072:6996:2172 1896 996 900 1032 
1149 1465 1221 1059 456:5337:483 1572 542 800 1940 
909 506 1022 1126 710 572:8798:1216 3450 1160 669 992 1311 
1046 70 14 690 846 137:5890:642 692 1324 762 1216 1254 
800 1183 1193 54 1302 886 1162:8538:1764 1188 326 2008 1023 1677 552 
1087 844 267 78:3640:600 1794 480 766 
1476 195 484 1426 211 340 817:9258:1572 1050 1998 2205 1530 333 570 
1250 780 1456 55 1317:6118:818 1626 678 1244 1752 
1407:230:230 
304 1234 924:3563:1625 432 1506 
534 771 34 937 255 344 1353:8905:2424 756 626 2788 230 872 1209 
1443 987 238:2821:786 928 1107 
558 1273 800:4166:600 1214 2352 
980 751 308 1357 1007:5343:628 758 1185 1605 1167 
664 581 884:4842:1268 2104 1470 
1390 1134 318 314:5228:1384 987 1840 1017 
927 898:1102:476 626 
1331 382 698:4058:1497 861 1700 
1381 1510 428 1065 195:4507:1194 740 512 1011 1050 
569 1391 735 53 143:5744:1641 618 810 1286 1389 
1235 1445:1030:514 516 
1540 685 70 1557 542 1018:6092:1914 1236 692 675 1080 495 
378:832:832 
282 1237 262 205 881:5706:510 1956 996 1536 708 
1441 1370:2594:714 1880 
788 411:484:294 190 
236 725 43:2101:963 522 616 
1035 459:758:404 354 
110 133 889:1800:796 408 596 
406 416 932:3687:912 1947 828 
633 722:3197:552 2645 
471 1053 583 1259 271:4675:290 1023 852 778 1732 
408 685 974 358 701 830:6429:1263 927 426 2037 429 1347 
741 298:1974:423 1551 
660 98:2720:2024 696 
887 138 388 304 194 1270:7932:1038 1482 1251 975 1791 1395 
648 737:2396:1476 920 
987 105 261 1110:9014:1856 3250 1884 2024 
1477 728 978 894:4590:1563 1500 1200 327 
1394 618 81 917 1539:5932:916 1064 1155 808 1989 
1104 990 1134 185 501 258:6747:1284 2376 987 420 768 912 
698 322 66 808:5837:850 2284 1974 729 
871 1441 732 449 405 1320:7366:1413 952 704 1386 1923 988 
585 1528 313:3911:1568 1299 1044 
1261:232:232 
226 1128 446:4511:396 1323 2792 
1202 254 570 740 164:7882:2271 327 1640 1464 2180 
1190 14 1169 541 231 1373:10155:992 662 2264 1680 2490 2067 
636 580 1256 1412:4889:1976 1392 498 1023 
1070 321 571:4414:2004 1290 1120 
511 1133 544 1260 883 627:6238:512 1220 1575 390 1641 900 
647 697 681 727 1337 95:6150:2076 936 1656 758 206 518 
292 1473 1217:3839:1300 1816 723 
42 1556 914 884 375 25 142:10548:1527 1964 1401 1960 1260 1116 1320 
1381 339 29 1171 1448 179 1121:12690:796 789 1014 2664 2960 2124 2343 
1032 455 1410 848 378:3660:200 1344 656 836 624 
984 847 1550 934:4762:435 2043 1464 820 
369 1190 535 1411 1500:4772:1227 496 1485 660 904 
1131 928:2154:906 1248 
582 1524 1454 439 915:7806:2079 708 2031 1902 1086 
711:1044:1044 
782 1458 56 905 622 578 349:6417:830 1629 258 1296 292 1248 864 
918 609:3238:2244 994 
419 775 413 1434:5137:2500 525 1760 352 
296 53 1035 846 1428:7396:174 2572 606 912 3132 
1199 783 1059 1348:6397:1908 1389 1200 1900 
227 344 167 989 333 1209:6171:1488 1744 212 465 789 1473 
1426 970 221 471 388 278:8263:2205 1680 1926 290 834 1328 
1247 511 1413 731:8042:1560 384 3210 2888 
1111 961 1011 995:3360:432 795 1713 420 
691 1207 1311 895:5034:2292 698 1806 238 
1101:1518:1518 
199 875 1031 322 39 1554:10122:891 2588 654 2284 1689 2016 
239 1487 1071 1348 79 1021:5842:782 510 1976 950 732 892 
1157 275 845 135 1410 488:11478:2724 2444 518 3044 984 1764 
52 1300 884 1161 1450 834:8894:800 792 1960 2016 1070 2256 
189 865 1021 725 442 399:8410:2524 2465 892 783 1251 495 
642 332 1474 1337 482 1424:5936:598 1233 1158 309 544 2094 
619 989:1773:1308 465 
723 573 623 606 336:4964:186 1863 1014 1497 404 
11 7 803:6691:2067 1896 2728 
1132 809 1298:3190:936 964 1290 
782 926 1535 293 50:6394:1245 315 1527 1192 2115 
419:1250:1250 
556 1272 895:3162:1818 868 476 
978 336 307 1355 1005:4199:600 404 807 360 2028 
1395 473 1162 413 662 579 469:6384:1728 375 552 1320 1260 426 723 
387 37:1858:934 924 
1525 283 454 1435:6391:2948 986 489 1968 
1036 965 1508:4806:1146 1136 2524 
207 990 867 1289:4125:693 1188 1074 1170 
630 467 1422 447 391:6893:2080 1388 1680 1010 735 
1472 430 534 118 1539 684 68:9766:1179 1376 1818 548 1989 384 2472 
981:472:472 
511 361 411 394 538:2677:384 588 285 1108 312 
994 990 1372:3828:564 1782 1482 
723:186:186 
380 1056 68 917 634 590 1505:7292:708 1012 1236 1010 940 1364 1022 
524:608:608 
344 1473 1097:5116:1744 1362 2010 
1224 1180 537 94 1557 1207:5894:708 2127 1353 333 675 698 
1263 648 577 1120 38 261:6654:483 1476 1443 642 726 1884 
125 1400 212 1127 684 175 1383:8570:1284 865 1204 1856 512 1472 1377 
231 1533 718 714 1510:7693:1992 1784 1740 1437 740 
1291 1447 738:4312:1392 2236 684 
95 12 315 1391 1414 611 116:7284:518 1176 712 618 765 459 3036 
548 1037:2066:1650 416 
668 91 1460 485 15 691:11671:2046 2016 2075 1167 2075 2292 
707 1117 1500 1510 468 158:7229:957 2055 1356 740 1272 849 
1087 1258 681 78 1075 605 1281:6688:900 354 1656 766 1116 858 1038 
555 1297:2018:1070 948 
855 945 396:5920:1816 1760 2344 
1361 119 1434 1272 668 1251:8151:1320 1263 704 868 1364 2632 
1401 1145 329 325 1122 718:5650:564 846 1316 1184 435 1305 
1258 283:1458:472 986 
1025 223 1285 1069:4932:1036 2352 1116 428 
94 809 433 177 919 915:6570:333 723 1710 1284 891 1629 
1155 206 523 279 1261:5093:1488 1104 999 1038 464 
729 1111 1122 80 1328 912:7739:1332 432 725 2055 1752 1443 
686 216 892 1048:5685:996 1986 1521 1182 
110:1194:1194 
767 457 41 1462 607 1452:6591:795 1215 450 381 2100 1650 
646 1016:1353:657 696 
750 600 650 634 363:4416:692 1320 828 940 636 
38 34 830:4016:968 1252 1796 
1159 837 1326:5518:2780 1490 1248 
810 953 5 321 78:4155:330 1012 804 860 1149 
446:1396:1396 
1172 584 1299 923:5868:2064 1467 1572 765 
796 1472 484 1332 1049:5555:482 1179 1332 384 2178 
1186 570 914 1043 1519 597:7104:906 1640 934 1172 468 1984 
414 65:2993:986 2007 
1552 310 481 1463:5385:1984 266 1659 1476 
1147:774:774 
1045 229 639 1022 618 1548:7143:2013 1203 1851 1160 532 384 
106 1061 86 30:6475:2084 1172 2725 494 
1362 1292 276 753 975 520:11976:1092 2520 2820 736 2103 2705 
443 559:2781:684 2097 
1102 859 283 93:3277:678 768 1479 352 
762 1105 90 152:6395:2872 1071 552 1900 
362 1238 1327 778 961 1038:8410:2864 831 1983 1398 1060 274 
795 1232 429 1078:3067:352 645 822 1248 
986 1541 1112 736 66 809:12188:2580 2096 2728 1188 2632 964 
166 776 1092 1262:5110:1332 2181 1311 286 
296 999 384 313:4059:174 1506 291 2088 
860 950 400:4546:1816 1902 828 
1366 124 1438 1276 673 1255:5586:1530 618 984 516 958 980 
1502 1246 431 427 1223 820:4829:972 846 728 1536 348 399 
1263 287:1220:644 576 
1030 227 1290 1074:6245:1419 744 1926 2156 
1041 226 222:2683:262 264 2157 
738 709 199 1408 1524 1347 1025:7010:1368 318 891 2004 472 921 1036 
1288 1417:2892:801 2091 
706 329 1218:4636:2620 987 1029 
440 556:2802:378 2424 
685 856 279 1234:3855:618 1356 1557 324 
593 1535 1465 449 926:6962:1050 1527 2096 2079 210 
969 233 1136:4702:1288 1428 1986 
350 959 1275 1032:2151:939 564 448 200 
617 480 1183 567 497:5383:618 1264 1188 1302 1011 
1555 1206 1322 1146:7812:2088 2628 1204 1892 
883 667 463 913:4365:1094 1928 687 656 
1396 1392 216 227:6037:1581 320 2648 1488 
1519 1490 980 631:2733:312 1056 942 423 
204 94 1170 48 804 1453 1236:7196:879 333 1446 734 772 1184 1848 
1161 424 1327 645:7342:2016 843 2644 1839 
778 828 811:2888:1398 458 1032 
1134:987:987 
118 528 911 508 1437:5579:1096 528 1116 2181 658 
692 848 139 1414 226:5050:1188 1672 1284 510 396 
1348 1278 166 642 865 409:9376:1425 1602 1332 598 1479 2940 
429 546:2325:822 1503 
1088 845 269 80:6274:2528 777 1599 1370 
748 1091 76 139:5699:1218 1989 1208 1284 
349 1224 1314 765 948 1025:6655:1728 708 366 1095 2240 518 
1361 878 1315 512 1161:8026:1320 724 1047 1575 3360 
1538 57 412 1195 1072 1494 972:6478:1262 330 777 1348 1032 939 790 
586 503 393 1468 1491 1102 193:7350:510 646 800 450 1374 678 2892 
1125 1362 626 1529:5151:1299 1092 960 1800 
567 363 1226 1077 1029:7700:2170 954 1142 2812 622 
1489 1233 417:3569:1640 408 1521 
1343 900 390 41 157 1538:7104:1074 672 2780 300 1016 1262 
387 1075 326:2830:934 558 1338 
929 1552 963 120 1302:5378:300 992 1800 1263 1023 
197 513 270 1252 1063 87:7452:1710 321 1652 1275 1126 1368 
1199 1210:2783:1431 1352 
966 1149 1226 24:4862:1848 644 1142 1228 
34 1322 374 690 860 284:6802:626 2408 1072 508 1816 372 
997 1407:2395:1935 460 
238 1140 458 547 1556 181:6374:1107 1455 789 1230 1473 320 
112 135 1304:4348:800 3044 504 
29 25 821 418 934:5465:1352 837 662 1794 820 
1384 661 1510 1227 1183:7283:1824 1760 370 2735 594 
1432 120 663 726 1362 493:6161:702 842 963 1650 546 1458 
228 1276 927 1043:2599:296 774 357 1172 
190 1532 184:4399:1470 1036 1893 
1295 14:2034:1041 993 
1445 1522 320 1102 979 1402 879:9848:258 612 2452 1356 2884 1884 402 
314 203 1279 1302 913 4:5754:1017 363 1194 682 656 1842 
754 843 294 477 140:5750:1419 1952 924 465 990 
377 174 1037 887 937:6587:1648 1256 208 1384 2091 
1140 325:1858:970 888 
1123 54 930 1433 884:7611:1113 2008 1128 1892 1470 
121 1184 967 764 1213:8647:2264 1900 330 1989 2164 
805 428:1855:1599 256 
1520:846:846 
555 511 1427 1397:3982:1070 384 1158 1370 
195 112 2 1077 1514 711:7497:1050 400 411 3515 555 1566 
476 1352 1441 892 1075:6627:1968 1359 714 2028 558 
932 543 1192 975 1185 77 1485:9722:828 1156 534 2804 1072 2028 1300 
163 1066 384 473 1482 107:4313:908 1620 291 500 354 640 
1522 1133:1222:612 610 
410 1113 497:2561:705 508 1348 
1063 514 697 360 1130 354:7088:1689 1292 702 956 1192 1257 
1309 814 597 394:6102:1989 963 1488 1662 
58 1360 545 541 923:6589:1748 1712 1020 1344 765 
1280 810 1486 497 1346:4247:536 330 642 1011 1728 
830 959 1436:2857:1347 846 664 
344 221 643 121:5383:1308 1926 1017 1132 
873 312 1400 518:3665:868 1197 865 735 
1006 1549 468 690 235 1044:6210:1110 885 954 762 1836 663 
642 1557 1114 604 255 371 608:5667:897 675 2536 452 345 378 384 
725 109 38:4227:783 2960 484 
18 1239 450 1232:5496:1792 1636 1208 860 
436 873 296 107:4031:1188 1302 261 1280 
775 1119 103 166:4789:525 1812 676 1776 
376 1252 1341 792 975 1052:8814:1680 1275 1284 1269 2804 502 
1388 906 1342 540 1189:3138:873 232 1450 178 405 
7 84 440 1222 1099 1521 999:8335:948 2040 378 1724 1725 516 1004 
221:2568:2568 
11 1113 364:2814:1378 254 1182 
31 587 1302 1340:4392:1068 1704 682 938 
1366 1310 428 584 1336 1053:9311:1020 2728 256 1467 2476 1364 
1350 1453 1037 900 45:4489:510 2368 312 1008 291 
418 68:3050:1196 1854 
48 1363 786:2606:1101 974 531 
1103 354 603:2831:678 1257 896 
1329 1073:2910:939 1971 
1546 863 953:3954:324 1100 2530 
1376 1187:2108:1284 824 
954 151 800:5256:1332 1572 2352 
844 1227 1237 195 1443:7080:1196 2188 1467 1050 1179 
1164 868 585 542 1457:7670:1228 2664 784 1080 1914 
725 1534:2274:783 1491 
1024 1434 259 1413:6438:2265 528 1077 2568 
392 1507 997 648:6344:472 1324 2580 1968 
206:1104:1104 
212 1315 566 815:4261:1204 1396 969 692 
799 462 1231 456 1477 755:12033:2610 1140 2109 1940 2605 1629 
265 115:2880:2644 236 
614 1557 342 885 947 26 714:6694:2740 675 596 792 480 453 958 
1068 1024:3849:1584 2265 
196 406 855 705 755 738 882:11191:1824 912 1816 656 2715 1368 1900 
1221 445:2673:813 1860 
433:1026:1026 
878 316 1404 522:4358:724 944 2104 586 
1108 93 569 792 336 1145:6334:897 528 2188 1269 606 846 
1255 545:1245:735 510 
216 266:4498:3310 1188 
913 67:2300:984 1316 
1208 447 43:3712:1581 1515 616 
775 453 942 260:5071:525 1506 1628 1412 
393 443 426:1076:400 456 220 
1155 1498 483:3888:744 1688 1456 
229 1425 888 166:4041:802 1149 314 1776 
1065 489 300 882 412:5744:1011 802 2204 950 777 
513 802 187:2690:428 1548 714 
663 752 203 386 463 819 43:5514:642 588 242 1200 916 1002 924 
800 317:3030:1764 1266 
1026 623 1553 1243 827 689:5246:774 1014 1316 678 528 936 
208 1163 187 131 710 866 157:10005:1744 450 714 1724 992 3365 1016 
714 337 81 824 820 58:5558:1437 420 770 1221 399 1311 
1107 863 287 98:5842:1936 1650 864 1392 
766 1109 94 157:3088:324 288 444 2032 
367 1243 1332 783 966 1043:7940:3055 678 384 1389 1848 586 
1379 897 1333 530 1180:5071:1014 204 328 1398 2127 
1556 75 431 1213 1090 1512 990:7012:982 496 546 2164 1248 388 1188 
605 521 411 1487 1510 1121 212:5898:858 1300 380 340 555 1562 903 
1143 1380 644 1547:6605:1296 2828 785 1696 
585 382 1148 998 1048:5509:1960 861 1008 892 788 
1507 1251 435:4897:1324 1974 1599 
1361 918 408 59 176 1557:6366:660 2244 1684 476 852 450 
405 1093 345:5222:1923 1647 1652 
948 12 981 139 1320:7362:2240 1176 1180 1284 1482 
216 532 288 1270 1081 105:12381:1986 2073 2725 1395 1602 2600 
1218 1228:2280:1029 1251 
985 1168 1245 42:5139:540 2232 840 1527 
53 1340 392 708 878 302:7590:1286 1876 708 1386 1086 1248 
1015 1425:2753:1221 1532 
256 1159 476 566 17 200:8581:920 2085 1968 969 1677 962 
934:615:615 
1373 917:3766:2756 1010 
50 1353 537 533 1330:6753:2115 1209 1353 1305 771 
1169 460:2266:1698 568 
1396 1180 976 1425 1276 1326:7188:1581 2127 434 766 1032 1248 
268 890:2310:921 1389 
867 690:2194:1432 762 
591 401 984:1458:618 260 580 
315 1004 255 505 421 214:8367:534 2300 575 1172 1698 2088 
1280 544 1447 765:5710:804 1575 2236 1095 
1047 898 948 931:5615:2300 939 1680 696 
725 96 1344 928:4017:1044 1206 831 936 
75 313 1134:2801:248 1566 987 
302 618:2936:1872 1064 
658 908 1504 1394 912:5212:1482 250 1144 1374 962 
548:2200:2200 
1447 1270 948 1436:4525:1118 1395 1680 332 
791 588 1037 887 937:7782:1572 1380 312 1730 2788 
629 252 1554 739:5420:212 1896 2016 1296 
801 1371 662 379 335 1251:11207:1518 1868 1680 2788 2037 1316 
1458 243:2355:1086 1269 
1219 842:2877:1221 1656 
156 1059 376:3288:408 1200 1680 
1368 792:2551:1282 1269 
1514 1125:1199:333 866 
403 1106 490:2882:831 867 1184 
1122 346:1066:290 776 
1145 1515 873 430 1478:5124:846 396 1302 688 1892 
538 455:1656:312 1344 
684 787:1361:512 849 
954 178 1199:2988:1332 702 954 
1234 352 508 1357 1074:5892:324 357 1454 2140 1617 
1114 498 841 1384 1446 525:7275:1902 896 1041 1368 472 1596 
1179 1135 492 463 1511 1162:5497:966 1116 999 916 948 552 
1218 602 946 1075 1551 629:5726:1029 1592 1578 558 651 318 
543 194:2658:867 1791 
1072 123 440 610 34:6445:1032 2175 378 1608 1252 
1156 1539 1136 507 197 1339:7755:1023 1326 1324 1326 2280 476 
603 547 1223 1379:3372:896 1230 232 1014 
191 441:1920:1512 408 
556 474 71 587:7041:1818 2001 1518 1704 
300:1653:1653 
1192 483:1262:534 728 
1419 1203 999 1448 1298 1348:7208:453 837 1506 1480 1032 1900 
291 913:3016:1704 1312 
774 890 713:4043:1398 1389 1256 
31 480 331 380 364 507 1117:7046:801 632 1020 472 1182 884 2055 
943 168 45:2887:1712 884 291 
39 1127 245 401 105 1380:8280:1126 1856 837 390 1950 2121 
1270 854 717 1420:5325:1395 882 2094 954 
331 1540 98 335 1157 502 1377:12961:2040 1914 1044 2037 2043 2356 1527 
308 785 1007:3543:1580 796 1167 
904:1116:1116 
1280 731 914:6096:1340 2888 1868 
1004 28 1530:5892:2300 2872 720 
1010 927 1230 748:4087:1431 476 556 1624 
1494 651:1690:1252 438 
735 385 502 325 2 491:7828:1080 1144 1767 592 685 2560 
774 1411 541 1350 42 1517:5627:932 990 1344 510 1527 324 
915 179 1081:5889:1629 2124 2136 
295 905 1221 1391:4017:1767 1296 542 412 
328 1031 416 345:4719:466 654 1947 1652 
113 989 1079 529:5044:1652 465 1287 1640 
885 1495:4396:1056 3340 
1222 1139 1029:4574:1724 2228 622 
515 1231 1534 1278 463 459:7670:1041 2109 1988 1602 458 472 
992 416:2577:630 1947 
91 749:2492:1512 980 
441 730 114:2148:408 1236 504 
680 131 314 391 746 384:8450:1060 1293 1017 980 3615 485 
1436 430 214 424:4002:498 1376 1566 562 
88 977 161 571 954:3263:302 417 873 672 999 
794 498:1782:438 1344 
1020 804 1014 1463 1313 1363:6308:196 1158 330 738 2912 974 
1494 1157 368 1151 1028 1450 928:10329:939 2724 627 444 1672 2675 1248 
648 671 282 931:4828:1476 1620 340 1392 
78 1380 565:3774:1149 2121 504 
1490 1047 538 188 305 128:7086:1056 2300 780 1482 1268 200 
1284 69 612 674 1311 441 1250:8397:1912 1130 800 1716 1204 408 1227 
848 205:2790:1254 1536 
133 582 432 482 465 609 1218:6999:408 1386 1230 272 1680 994 1029 
948 172 49:4114:1680 1128 1306 
702 140 1228 346 502 207 1482:10154:3675 990 1668 776 1767 924 354 
752:294:294 
540 1095:932:356 576 
166 1214 865 981 1218 482:6538:1332 717 1972 944 1029 544 
332 1435 686 935:6216:1644 1968 996 1608 
736 919 582 1351 576 39 875:11528:1584 891 2772 921 520 2252 2588 
1028 1332 849 872 70:4452:836 512 1184 1401 519 
1166 629 1465:4289:1245 424 2620 
250 926 1496 786 503 460:7814:3108 420 1788 354 1292 852 
543 1485:1647:867 780 
83 1119 117 1246:7072:2932 1812 1482 846 
1310 840 1516 114 1376:5780:1364 816 1980 336 1284 
1466:634:634 
364 1293 983:2902:1182 1112 608 
118 994 1083 534:4772:822 564 356 3030 
429 479 462 192 801:6294:822 1572 760 1116 2024 
1328 1323 562 159:4128:1314 1102 448 1264 
404 1519 1009 660:4850:484 624 2224 1518 
218:1755:1755 
164 414:3114:1635 1479 
64 447 457 973:4258:604 1515 1215 924 
1320 677 648 138 1250 1366:8307:1482 1112 1968 988 1227 1530 
1260 178 814 1503:4460:390 702 1284 2084 
1064 1420 644:1998:416 954 628 
397 1393 923 41 197 1460:5199:996 1008 510 300 1140 1245 
850 447 1377 1067 651 513:5280:468 1515 1527 1011 438 321 
987 11 1513 631 787 78:8254:1392 3445 672 564 1415 766 
1241 1104:4068:2356 1712 
1054 265 1047 511 1347 411:5894:1076 1983 1150 384 921 380 
541 46 1388 1184 75 1484 1533:7312:1008 1887 582 1425 248 378 1784 
1384 9 86:4699:1368 1696 1635 
1192 722 1398:4307:356 1587 2364 
615 532 422 1497 376:9047:956 2073 2892 1866 1260 
1031 256 133:2306:654 1380 272 
1211 1367 1071 789:6942:2085 1284 1482 2091 
1384 928 179 429 346 235:6445:1368 936 1593 548 776 1224 
1205 468 1371 689:6062:1992 954 1868 1248 
1069 919 969 952:3226:321 891 966 1048 
649 1164 1268 852:3640:1952 614 810 264 
1185 742 233 1441 1558 1381 1058:10033:1340 1820 1904 952 1197 796 2024 
1322 307:2613:1806 807 
24 739 363 107:4142:614 1296 1272 960 
333 1009 21 870 587 446:6733:526 1112 1293 702 1704 1396 
626 11:3476:720 2756 
1078 650:2076:1248 828 
733 384 500 323 1145 490:6630:1041 291 1386 1896 1128 888 
773 995 540 1349 40 1515:4286:360 630 356 1569 579 792 
913 177 1080:3141:984 963 1194 
294 903 1219 976:3330:693 1389 814 434 
424 1127 414 343:5855:843 1392 1972 1648 
820 377 1425 1076 1192:4888:266 824 766 2320 712 
746 1050 567:5580:2892 952 1736 
1299 484 480 863:7558:2096 1998 1264 2200 
1064 554:2808:520 2288 
621:759:759 
1180 377 1026 810 1020 1469:7190:2127 1648 1161 440 294 1520 
800 1156 380 257:4146:2352 682 708 404 
1505 264 434 1416 813 251:8152:1533 1623 1335 1034 807 1820 
1266 863:3100:900 2200 
121 1130 1313 976 188:6692:1698 894 2184 434 1482 
1430 1213 1010 315 165 215 198:7428:1803 1623 1431 534 885 282 870 
778:932:932 
784 901 724 402:4214:500 1638 1644 432 
42 491 341:4229:1527 1280 1422 
551 841 225:5935:3135 694 2106 
592:916:916 
1491 1314 992 1480:2751:916 366 945 524 
422 632 1081 931 981:6699:2169 592 1602 1392 944 
576 199 1087 272:5082:520 594 1200 2768 
518:980:980 
1433 46 1028 424 1421:8543:1892 2516 1672 843 1620 
678 541 1244:3669:1998 1008 663 
925 588 1358:2817:453 828 1536 
815:692:692 
149 465:5190:2390 2800 
1434 1351 1241 758:6228:352 1228 2356 2292 
147 1116:1932:456 1476 
1183:594:594 
184 860 1016 307 24 1539:9054:1893 1816 696 1076 921 2652 
1363 321 11 1153 1430 161 1103:8215:974 1290 1378 392 2404 873 904 
1014 437 248 831 361:3156:330 1396 300 542 588 
134 1382 966 1243 1532 916:7905:922 868 2310 678 777 2350 
174 850 1006 710 428 384:3925:942 702 1110 496 384 291 
1353 724 414 1556 1419 564 1506:9331:1209 1644 1479 1473 604 378 2544 
930 1247 1003 841 238 820 764:5511:846 936 572 694 738 399 1326 
1416 695 1317 728 1443 1067 811:10801:1551 2680 1314 1125 1572 1011 1548 
735 532 981 734:3502:810 1382 944 366 
1401 586 582 964 975 1491:7791:564 510 2079 1161 2103 1374 
1418 442 1530:2946:558 1668 720 
661 551 68:5682:1320 2508 1854 
801 1543 395 778:4194:1518 958 786 932 
372:2944:2944 
256 1344 462:5205:2300 1385 1520 
658 681:2644:988 1656 
336 26 1168 1031 176:6124:404 604 2976 436 1704 
645 199:3659:3065 594 
317 300 30 639 955 712 550:11490:1688 1102 494 2468 1400 3036 1302 
104 1125 403 1025 437:5224:1342 1299 1108 777 698 
1545 1302 726:3024:1242 682 1100 
1042 293 543:2671:621 894 1156 
839 250 966 589 333:6178:234 1554 1386 1952 1052 
1115 539 350 932 462:5693:1401 1348 1252 552 1140 
466 755 140:4173:1554 1629 990 
713 803 253 437 513 869 93:8802:1884 2728 474 1396 428 1188 704 
753 270:2343:1104 1239 
979 576 1506 1196 780 643:8684:1442 390 2544 1665 1626 1017 
1310 1254 372 528 1377:9064:2728 1388 2208 704 2036 
861 1404 322:5278:1416 1578 2284 
6 788 251 1088 152:5544:642 196 910 1896 1900 
1224 1274 1257 1401 452 769 525:7478:708 786 1188 564 1696 408 2128 
120 742:3504:1684 1820 
763 254 1462 21 1402:5323:1329 436 381 1293 1884 
880:2536:2536 
930:1128:1128 
770 1152 1163 121 1369 953:9913:1456 1425 750 2264 2500 1518 
727 257 933 1089:5122:1516 303 1875 1428 
151:2096:2096 
711 401 1543 1406 551 1493:8478:1566 390 1437 318 2508 2259 
970 687 1057:3036:1120 804 1112 
1257 348 132 1486:4562:1584 928 1408 642 
1536 774:2566:702 1864 
587 1091 541 725 388:10060:2272 3315 1344 1044 2085 
518 967 818 868:4709:735 330 980 2664 
951 961 1477 1167:5555:1480 1060 1563 1452 
404 375 1423 1074 1190 135:9389:726 840 1383 2156 1240 3044 
1463 541 1230 481:3855:1107 672 417 1659 
791 1147 371 248:2130:786 516 378 450 
35 352 522 1504 901 339:5782:1110 238 1172 572 1638 1052 
1354 951:2684:1204 1480 
112 1121 1304 967 179:4808:400 2343 252 220 1593 
286:504:504 
103 353 270 159 1235 1258 869:6407:338 1232 1239 1264 514 236 1584 
775 892 715 392:3614:700 1521 921 472 
130 579 429:2372:1266 284 822 
363 639 928 313:5924:954 2468 936 1566 
789 879:2198:1394 804 
817 627 1210 740 1416 428:6187:1140 900 1352 732 1551 512 
677 1193 883 467:6052:2224 652 1094 2082 
790 907 730 1552:4998:426 1848 1236 1488 
48 497 347:4172:1468 1348 1356 
846 231:1604:608 996 
87 1522 387 1423 420 1136:8658:1368 612 1401 2305 1648 1324 
224 1087 937 987 970 700:11012:900 1200 2788 1856 2240 2028 
677 141 977 41 1010 168:8409:2224 2864 556 450 1431 884 
1147 1290:3342:774 2568 
422 485 1121 252 1061 1310 1227:13636:1446 1945 3124 1422 1465 2046 2188 
1477 1448 938:5207:2084 2220 903 
514 724 1174 1024 1074:11211:1292 2740 1248 3775 2156 
668 292 1180 364:7401:1364 1625 2836 1576 
701 418 375 1290:6007:429 2392 1260 1926 
73 1520 1038 1061:5226:1684 2115 548 879 
844 882:3219:1794 1425 
195 1098 416:3137:1050 789 1298 
994 832:2106:423 1683 
93 1262:814:528 286 
442 1145 529:4019:1251 1128 1640 
1095 546 729 392 1162 386:7302:1152 1503 999 944 1104 1600 
683 1438 943 726 523:6246:1242 738 1284 1650 1332 
466:2072:2072 
306 1182 1271 722 905 982:8806:1502 816 2043 1587 1728 1130 
342:596:596 
1468 546 1235 486:4291:900 1503 1028 860 
796 1151 376 253:2438:482 222 1260 474 
1501 259 429 1411 808 246:7196:1509 718 1096 660 729 2484 
1359 955:2847:747 2100 
117 1126 1309 972 183:5087:988 669 1326 790 1314 
291:852:852 
108 357 274 164 1239 1262 873:9305:750 1372 2163 2180 818 286 1736 
780 896 719 397:5588:2168 1518 1404 498 
134 584 434:3162:1383 978 801 
367 644 933 317:5602:1833 628 1875 1266 
1477 408 1284 1373:5638:1563 1263 1434 1378 
1467 1450 36:5326:2776 1605 945 
69 358 1300 85 215 691:7206:1695 2037 1056 708 564 1146 
865 222 1337 1241:6527:986 2876 309 2356 
549 465 355 1431 1454 1065 156:6547:658 1120 536 1120 2031 674 408 
1185 1422 685 30:4461:804 1680 1236 741 
529 325 1189 1039 1089:4666:1640 1184 270 620 952 
1548 1292 477:2867:512 1890 465 
1402 959 450 100 217 40:6846:1884 1128 2416 780 252 386 
1442 427 489 1126 256 1065:6330:915 1152 1203 669 1380 1011 
791 281 1490 48 1429:6808:1179 1828 792 1101 1908 
907:2464:2464 
957:2212:2212 
797 1180 1190 148 1396 980:8442:1636 1418 744 2121 1581 942 
755 285 961 1117:6009:2172 987 795 2055 
179:2124:2124 
1366 738 428 12 1433 578 1520:8702:1530 1368 384 588 1892 1248 1692 
1041 1357 1114 952 348 931 875:8732:393 1605 2536 1048 464 1392 1294 
825:1581:1581 
712 1215 666 849 512 1282 506:11181:2277 1168 328 1184 2100 1364 2760 
945 862 1165 683:5568:1320 1467 1539 1242 
489:1203:1203 
615 65 249 325:5708:956 2676 1188 888 
692 835 1444 203 1517:4091:891 1869 644 363 324 
889 899 1415 1105:5235:894 1122 2148 1071 
483 133 250 73:3935:1092 544 1036 1263 
792 403 1052 836 1046 1495:7294:846 1108 753 952 963 2672 
1246 1429 1092 303 1085 963:6827:564 1431 1748 946 788 1350 
1222 527:2143:862 1281 
261 190 733 1210 1432:6855:1884 2205 1388 676 702 
839 517 1006 323:6228:351 1869 1480 2528 
457 507 490:4827:2025 2210 592 
1218 4 547:4782:686 2456 1640 
293 1489 952 230:4088:596 984 1572 936 
1129 553 363 946 476:6411:1407 712 1272 1052 1968 
1084:494:494 
980 458 1013:2850:1256 526 1068 
78 234 1496 1213 1170 527 84:10685:1149 1884 894 1082 1928 1708 2040 
1413 1103 687:3433:1926 904 603 
1300 751 934:2544:792 1137 615 
69 1024 48 1550:7847:2260 3020 1835 732 
1227 1157 142 618 840 385:9968:2188 2724 1760 1064 1088 1144 
405 522:2802:1923 879 
821 245 56:1757:662 837 258 
62 1537:3582:2061 1521 
532 1274 1270 95 106 621 312:9277:2073 1048 1860 777 1563 759 1197 
729 1338 96 1411:3666:999 1203 804 660 
762 1051 436 779:5279:2872 180 891 1336 
925 748 12 915 232 322 1331:10221:604 1218 588 2172 1359 2284 1996 
1420 964 216:2734:636 774 1324 
535 1251 1288:3830:1980 1316 534 
1371 729 286 1334 985:4950:934 1332 756 1388 540 
972 862:3536:1580 1956 
782 1298 1402 986:5137:1660 774 1413 1290 
1192:356:356 
193 869 1026 316 33 1548:7111:2169 1584 1161 944 741 512 
1372 330 20 1162 1439 170 1112:12860:1482 2724 1016 1380 1168 1680 3410 
1023 447 257 840 370:3090:622 1010 404 544 510 
143 1392 976 1252 1541 926:5017:926 480 868 1275 1048 420 
183 859 1015 720 437 393:6751:1752 1280 1628 444 1047 600 
1362 733 424 8 1428 573 1516:14930:819 1388 843 2964 3132 2484 3300 
939 1256 1012 850 247 829 773:6137:411 747 2048 468 1026 1197 240 
820:532:532 
273 456 119 889 113:5885:1221 970 1263 1192 1239 
153 602 452 502 485 629:6873:1968 1194 848 1767 778 318 
848 259 975:5494:1254 1436 2804 
681 39 9 1058:5870:828 2252 1272 1518 
282 172 1247 126 881 1530:4880:510 1692 624 626 708 720 
812 263 446 523:8361:1878 2692 2792 999 
889 618 1228 1544 156:4288:894 798 1668 520 408 
1086 682 54 1302:4826:1964 333 1506 1023 
776 266 1475 33 270:6765:2181 1188 1416 741 1239 
1449 966 989:2301:450 1386 465 
118 1272:1850:548 1302 
1489 434 1443 68 1289 500:6880:1312 1068 786 1854 936 924 
1558 1063 846:4361:1197 2252 912 
1075 1086 43 1292 875:7864:837 1964 1232 1890 1941 
337 293 1208 1179:4046:420 596 1581 1449 
74 1549 1439 956 1393 590:5635:891 1180 876 657 1008 1023 
1432 57:1734:1404 330 
927 883:2973:238 2735 
564 614 597 230:3830:504 1370 1488 468 
294 1223 914 498 360:4137:462 232 934 1792 717 
1103 1473 830 387 1436:6023:678 1816 1796 1401 332 
651 195 1004 1254 1171:9228:438 1050 2300 2776 2664 
901:2184:2184 
1420 977 468 118 235 58:5607:1272 417 1272 548 1224 874 
270 333 969 100 909:6505:1652 789 1288 1560 1216 
54 543 1419 1508 959:4643:1004 578 604 1893 564 
1073 1509 707 1356 1139 1349 144:10158:2628 2252 1276 574 1671 1569 188 
540 1549:1241:356 885 
1234 938 655:2662:216 1204 1242 
212 102 1177 1200 811 1460 1244:7886:903 1254 909 1364 1548 1245 663 
1168 432 1335 652:7150:2976 1230 1696 1248 
785 835 819:4065:1194 1869 1002 
1141:744:744 
126 122 919 515 1031:6242:1565 1576 1188 1041 872 
700 856 146 1421 1378:8214:2028 1808 2860 1080 438 
173 236 872 3:3490:795 642 1401 652 
642 731 182 365 442 798 436:11002:598 2888 682 2964 1668 1014 1188 
792 682 199:3324:1692 444 1188 
43 931 116 525 908:6667:616 1044 3036 1596 375 
845 550:1386:518 868 
1072 856 1066 1515 1365 1415:7660:1032 1356 1620 396 392 2864 
1545 1209 420 1202 982 1405 882:8379:828 1473 824 2271 1695 338 950 
497 414 304 1379 1402 1013 104:9120:674 1972 1300 1014 942 534 2684 
956 634 1123:4021:657 1880 1484 
750 1360 118 1432:3572:1038 1284 548 702 
923 507 783 1073 457 800:9090:1020 1326 1389 1971 1620 1764 
160:1488:1488 
670 480 1063:4723:960 948 2815 
297 986 237 487 403 293:6002:489 1935 1476 952 554 596 
1536 1359 623 1526 844:4541:936 498 1014 897 1196 
424 34 683 467:5980:1124 1252 828 2776 
207 245 1133 317 727:5105:924 558 1220 1266 1137 
891 1047:2655:930 1725 
9:1696:1696 
1417 109 25 1473 991:9383:2091 2960 558 1362 2412 
189 1410 622 1404:4549:1893 1312 292 1052 
1405 1388 1531 583 899 656 80:10918:845 873 291 1136 1496 2852 3425 
1508 972 250 872 283:8103:1893 790 1554 1401 2465 
1201 1345 396 712 469 1451:12309:2604 2892 1758 3036 723 1296 
1241 812 436 1324 509 918:12473:2945 2504 891 2016 1312 2805 
250 233 1521 572 889 1059 483:8794:2072 1428 258 1748 596 1600 1092 
1498 1375 240 1275 273:4997:844 1197 432 896 1628 
1479 1235 1073:4511:1112 771 2628 
287 1389 640 890:4999:1152 1524 934 1389 
690 873 536 1306 530 1552 830:11260:1016 1302 1420 1395 2796 1984 1347 
983 1287 804 827 24:4441:456 992 1544 528 921 
1120 584 1420:4509:963 1956 1590 
986 104 673 1522 1239 317:8912:1935 2013 1437 612 1227 1688 
1129 713 990 1279 663:9245:1876 2512 1782 1791 1284 
274:1442:1442 
850 554:1612:468 1144 
1076 860 1070 1519 1370 1420:8570:1740 1362 2004 312 1880 1272 
1453 1116 328 1110 987 1409 887:6920:1184 1476 466 1518 1392 192 692 
502 418 308 1384 1406 1017 108:8664:1178 1794 1580 1368 212 1032 1500 
541 1030:2900:1008 1892 
1254 1198 316:5902:2082 2640 1180 
428 678 595 898 416 439:7903:256 1998 548 1252 1947 1902 
62 938 1027 478:7105:2061 1204 1760 2080 
92 541 391 441 425 568 1177:4750:474 672 490 204 753 1248 909 
907 131 9:4605:2464 1293 848 
99 1187 305 461 69 1344:7783:862 1648 1268 1479 1695 831 
1331 915 778 1481:5559:1497 1629 1398 1035 
295 1503 62 299 1121 465 1341:12155:1767 1563 1374 942 2343 2240 1926 
369 845 1068:3342:1636 518 1188 
775 53 675 86:5456:525 1286 2010 1635 
866 809 1388 1544:4104:2019 723 582 780 
40 289:1139:386 753 
345:1652:1652 
858 270 985:3865:1260 2065 540 
692 49 20 1068:5918:594 2612 1524 1188 
293 182 1258 136 892 1541:6149:894 1023 236 1410 1014 1572 
1314:488:488 
1421 978 882 532 649 472:7815:2160 1200 950 2073 976 456 
688 1497:3174:1308 1866 
988 1398 222 1377:9804:2528 2364 2876 2036 
453 10 1058 709:4398:1004 1052 2024 318 
696 586 103 126 1295 386 170:7523:399 1275 676 1252 1041 1200 1680 
1299 1415 1238 916 1405 722:9265:1572 2864 554 2350 338 1587 
706 955 872 1176:7581:1965 2800 1868 948 
1406 470 1439:3570:318 2084 1168 
347 304 1219 1190:3293:678 650 1221 744 
190 627 1382:4708:2940 900 868 
107 516 899 909 1425:4807:640 993 1496 912 766 
583 739 443 161 117:5556:852 1728 912 582 1482 
1239 1169 154 630 853 397:10526:1227 1698 1825 2080 2700 996 
1179 670 320 437:4143:966 640 1839 698 
95 1436 1233:1653:777 332 544 
634 737 321 184:5473:940 920 1720 1893 
527 1016:2209:1281 928 
1087 205:2436:900 1536 
468 265 617:2894:954 1322 618 
498 774 1064:3054:1344 1398 312 
464 647 724 1080:6801:1887 2076 1644 1194 
1234 285 602 358 1340:5739:324 987 1194 1358 1876 
1037 727 311:2277:312 1137 828 
827 278 461:5508:880 2656 1972 
1547 1077:3381:1272 2109 
317 1486 577 361 571:5538:1266 1284 1924 392 672 
1209 553 1429 1519 969:5561:1473 1068 1908 468 644 
154:1460:1460 
700 1510 201 118 1469:4791:1014 555 1260 822 1140 
47 551 1 185 1406 617:6723:932 2508 2132 315 424 412 
197 501 18 41 796 301 85:5698:1710 768 896 600 964 288 472 
805 455 572 395 72 561 1437:7271:1599 1008 874 1179 1004 620 987 
336 465 941 20:4820:606 1680 1518 1016 
469 558 9 192 269 625:6932:482 600 1696 1116 2132 906 
309 92:2392:2076 316 
1049 633 495 1198 583 512 1055:8965:2178 414 864 1980 568 2100 861 
79 1475 872 1454 1398 516 672:12193:732 2832 934 2708 1773 1324 1890 
1362 520 143 1445 630 626:7369:1092 2164 926 387 2080 720 
1418 1402 1545 597 913 669 93:8211:558 1884 1242 1488 1312 1023 704 
206 1175:1687:736 951 
6 1242:1400:642 758 
1275 300 1388:3458:672 2204 582 
1032 1282 1198 1088 606:7159:400 2046 1320 1896 1497 
1362 1439 237 1019:4608:1092 1168 984 1364 
902 1073 497 1451:4975:364 2628 1011 972 
107 810 194 27 569 1046:7048:960 220 1791 1473 1641 963 
1220 577 134 1182:5551:1428 1924 1383 816 
1419 511:860:604 256 
737 600 1303 687 617:3833:920 1320 372 603 618 
724 214 1423 1540 1363:8339:1644 2088 1383 1276 1948 
841:1388:1388 
890:1389:1389 
960 650 234:3650:1604 1104 942 
750 201 384:3032:1384 1260 388 
999:2008:2008 
970:2240:2240 
1409 500:1308:384 924 
727 1003 1293 677 1020:4839:1516 429 834 1668 392 
714 618 268 385 208:5152:1437 1064 921 858 872 
1387 904 927:2886:1971 558 357 
1231 56 1210:4133:2812 645 676 
965 282:1646:1136 510 
310 1265 289 233 909:4203:399 685 1255 952 912 
623 8 1495:3832:1014 1482 1336 
1422 886:3076:840 2236 
390 1505 996 646:4707:1390 2044 616 657 
220 524 41 64 819 324 107:9148:2230 912 450 1208 2004 1384 960 
809 460 576 399 77 566 1441:5350:723 852 260 495 1014 1292 714 
469 849 1485:2336:964 592 780 
630 1412 1289 153 1189 187:7229:2080 1364 936 1968 405 476 
657 640:2068:1134 934 
1206 457 706:5806:1971 1215 2620 
860:1816:1816 
1220 444:2439:1071 1368 
1525 1243 55 970 527 17:13035:3685 678 2488 2240 1708 2236 
1080 1010 1552 471:5189:1194 1431 1984 580 
1377 1040:1789:1018 771 
1267 557 275 231 2:7745:1570 1215 3055 1494 411 
1256 42 584 647 1283 414 1223:10847:747 2036 2445 2076 730 2465 348 
1080 371 88 44 960:4583:1194 378 604 1204 1203 
1413 1542 460 1097 227 1036:7055:1926 525 1136 1206 1116 1146 
1550 1107 1011 661 778 601:8861:1464 1936 1142 1760 1398 1161 
817 69:2265:570 1695 
1117 1527 351 1506:7265:2055 1220 1446 2544 
1224 582 139 1187 838:7429:472 2772 1605 1236 1344 
825 715:2502:1581 921 
1054 1158 742:2889:807 717 1365 
851 1355 806 989:2810:908 360 922 620 
213 529:1931:291 1640 
1084 1001 1305 822:3782:494 1876 416 996 
1480 758 1380 792 1507:6599:786 1146 2828 846 993 
831 975 26 342 99 1081 891:9719:813 2804 453 894 1293 1602 1860 
968 539:2982:960 2022 
622 273 389 213 1034 379:7016:438 1628 981 291 1587 2091 
662 885 429 1238 1488 1405:5887:1260 1056 548 1108 1239 676 
66 969:2940:1974 966 
1109 865 703 100 682 626 1302:6561:192 1479 2264 780 444 720 682 
1179 590 1305 929 673 1319:5687:1449 1364 416 300 958 1200 
773 1382 141 1455:3377:360 651 1432 934 
946 530 806 1095 480 823:7746:2104 1398 922 864 1264 1194 
826 183:2307:993 1314 
110 559 410 459 443 586 1196:8182:1592 2097 470 354 684 765 2220 
1023 247 124:2919:933 1368 618 
118 1206 324 480 184 1459:8108:548 2628 692 948 2524 768 
1349 933 796 1499:4929:1569 1875 723 762 
858 176:2538:1260 1278 
612 1191 1347:2194:800 780 614 
1022:870:870 
1461 1005:2465:944 1521 
1301 539:2550:528 2022 
352 856 306 489 153:7848:357 1808 3004 1203 1476 
732 583 632:1676:528 852 296 
932 516 793 1082 466 809:7830:1104 1324 1524 1083 2072 723 
260 1535 1492 849:3440:706 1018 828 888 
496 412 302 1378 256:3885:447 518 1248 292 1380 
912 136 13:4989:1924 2115 950 
104 1095 213 369 73 1348:6603:1342 1152 194 1227 1263 1425 
1335 919 782 1485:4485:1272 1188 1245 780 
300 1508 67 304 1125 470 1346:9858:1653 1893 658 975 1299 2084 1296 
374 850 1073:3511:1072 468 1971 
779 57 680 91:5666:1336 220 1590 2520 
773 717 1393 1549:4011:360 2094 672 885 
44 294:1897:1204 693 
327 338 854:1902:306 420 1176 
643:1356:1356 
1147 1103 460 431 1480:3614:774 452 1136 728 524 
363 840 1476 607 1416 107 24:8546:954 816 1572 1575 2068 640 921 
960 916 274 1389 1293:6942:1203 940 2163 1524 1112 
448 697 614:4736:1060 936 2740 
754 1496:2287:946 1341 
82 957 1047 498:8268:1964 2212 2300 1792 
853 1463:3501:2025 1476 
1287 1204 1094:4643:992 2245 1406 
1260 418 42 1344 528 524:5779:520 1794 1018 831 704 912 
1300 1443 495 811 568 1550:7503:792 1179 648 1548 1872 1464 
881 292 1008 632 376 1118 1114:9632:1062 975 322 592 1260 2885 2536 
668 878 1327 1177 1227 1210:11816:2728 1448 2644 909 2735 1352 
794 1217 695 1250:4595:876 482 2010 1227 
885 415 1091 1150:6357:1056 1566 1989 1746 
59 309:3244:476 2768 
342 1497 869:3948:894 1866 1188 
658:1482:1482 
1118 475 32 1081:7937:2308 2470 1557 1602 
1415 506:3528:2148 1380 
733 595 1298 683 612:6084:1388 822 1032 1242 1600 
622 113 1321 1438 1261:4615:438 1652 1323 738 464 
836:1190:1190 
886:1677:1677 
451 35:1712:972 740 
185 262 618 255 1277 555:5056:315 747 798 230 1896 1070 
182 392 841 692:3663:1023 708 1041 891 
32 442 825 835 1351:6037:1038 1251 1581 1246 921 
509 665 369 86 43:4947:984 586 818 1635 924 
20 1122:1451:1016 435 
274 656:3581:1442 2139 
883 973 423 606 270:6401:1641 924 1100 1497 1239 
604 400 1263 1113 1163:2862:904 828 322 508 300 
1525 1269 454:5031:2211 2331 489 
1380 937 427 77 194 17:11369:2828 2788 1920 1521 1194 1118 
1516 501 564 1200 331 1140:7134:1980 768 378 1023 1530 1455 
881 704:2313:1416 897 
604 415 998:2614:678 1044 892 
232 921 172 421 338 228:5433:1359 744 1692 1132 210 296 
2:411:411 
877 595 551 1466 1023:5469:882 822 1881 951 933 
1543 235:3406:958 2448 
268 1423 794:3948:1228 1844 876 
592 681:2616:1374 1242 
931 49 205 1054:5346:1044 1959 1536 807 
575 825 742:5038:2092 1581 1365 
66:2632:2632 
568 1338 562 1486:4085:1872 802 448 963 
1078 129 446 202 1184 995 19:10074:1248 1116 2094 915 1425 840 2436 
1055 518 1355 419 1388 545 169:6286:574 490 480 1875 582 765 1520 
915 1352 549 1198 982 1192 83:12709:2715 1359 1316 1980 1695 712 2932 
296 1171 1261 712:4125:261 1998 348 1518 
1338 1068 119:4476:1604 1188 1684 
579 801:2450:426 2024 
822 1377 535 572 1461 645 1055:9875:996 1527 990 874 1888 2452 1148 
370:340:340 
952:2096:2096 
1391 936:1885:412 1473 
470:1563:1563 
1098 376 998:2981:1052 1260 669 
929 700:1821:300 1521 
1299:1048:1048 
633 417:1290:276 1014 
446 723 1012 396 739 1282:9707:2792 279 1536 1758 1296 2046 
876 847:2271:909 1362 
1280 331 647:4410:804 1530 2076 
1330 1459 377 1013 144:3858:771 768 1236 801 282 
796 619 1441 786 103 193:6895:964 872 952 708 507 2892 
836 87 336 253 143 1218:5117:714 1368 606 474 926 1029 
693 783:3276:1424 1852 
1033 151 307 1155:5755:1095 2096 1076 1488 
1426 677 926 843:5652:2205 1668 315 1464 
1440 664 127 963 27:8238:1503 1585 936 2250 1964 
1053 1036 1180 231 547 304:10096:1364 1910 2127 2490 1230 975 
78:1532:1532 
483 839 477 1498:3154:1456 234 620 844 
361 117 1099 910 1492:6253:392 1976 1725 1056 1104 
1166 750 1026 1315:5601:1660 1384 1161 1396 
291 408 231 1053 397 1273:8396:1704 2105 996 1023 747 1821 
1256 1506 1423 1313:7181:1245 1908 1844 2184 
1121 1543 1021 18:5570:2343 1437 446 1344 
700 644 1320 1476:4666:2028 471 988 1179 
1037 288 538:2727:312 1635 780 
575 1197 608 1227 850 594:7437:2092 2288 384 1641 702 330 
764 614 664 648 791 1401 159:10112:1989 2055 951 2460 1179 846 632 
95 451 89 1110 388:5724:777 1296 882 1518 1251 
428 478 461 605 1214 1530:6211:384 1560 1972 858 717 720 
564 42 598 169 1351 584:6474:378 2036 532 1140 921 1467 
878 1487 246:4080:1086 510 2484 
928 1471 389 612 156:4293:936 870 981 1200 306 
433 1254 599 1475 6:9044:1368 2776 1640 2832 428 
1195 992:1619:674 945 
1501 646 30 1518 503 979:6858:1006 438 988 1692 1292 1442 
642 413 1528 1019:6741:1196 2200 1299 2046 
1406 924 947 144 1207:3768:318 1506 360 188 1396 
604:678:678 
81 570 1446 1536 986:4911:1155 820 944 702 1290 
268:1535:1535 
717 1526 218 135 25:6520:2094 897 1170 1522 837 
478 568 18 201 278 634:11074:1040 2496 1792 1680 2656 1410 
1324 415 199:4176:2016 1566 594 
1368 1058 642:4709:1282 2530 897 
1158 608 791:2280:717 384 1179 
881 1463 1407:3491:1416 1845 230 
1398 1315 1205 722:7868:2364 1396 1992 2116 
1371 529:3098:1868 1230 
612 263 379 202 1438 369:9100:1600 2692 2091 915 984 818 
608 1297 548 798 715:6597:384 1264 2200 1521 1228 
182 1058 1147 598 781 858:8161:1705 1012 774 798 3032 840 
712 1148 346 995:5034:1518 1512 1164 840 
555:1605:1605 
1558 876 965:2559:798 909 852 
1389 786:2563:2032 531 
553 164 813:3590:1424 1090 1076 
856 1239 835 207 1455:6503:904 1636 1869 693 1401 
1176 467 184 554 1469:7778:1264 2776 1262 1716 760 
737 1546:1014:690 324 
271 1426:3504:1299 2205 
766 84 587 38 221 1442 654:7917:432 2040 1136 726 1926 915 742 
155 964 1213 1130 1434:5404:1374 1161 1623 894 352 
1473 5 1014 1197 1274 72:6614:908 1608 330 1716 1048 1004 
52 1127 6 761 1410 1194:6458:1200 1392 642 578 984 1662 
1285 603 692 143 326 403 662:7565:744 672 1188 1389 1338 554 1680 
752 642:1637:441 1196 
1395 1085 669:3933:1728 1182 1023 
1282 733 916:4497:2046 1041 1410 
1005 30 1532:3781:2028 1235 518 
1426 1342 1232 750:6278:2205 2175 860 1038 
1408 686 1308 719 1435:7343:1503 996 1964 1404 1476 
902 1511 270 26 1008 819:6316:728 1185 1652 604 644 1503 
90 1392 577 573 955:6921:414 480 1443 2484 2100 
1209 500:2859:1473 1386 
1022 806 1016 1465 1315 1365:6328:870 1383 464 1572 1745 294 
1496 14 370 1152 1030 1452 930:7930:894 993 510 1900 1419 1650 564 
364 254 1329 1352 963 54:5447:1182 327 626 906 900 1506 
804 894 345 528 191:5286:1158 436 1652 528 1512 
1306 1102 407 937 987:7803:930 678 2945 1394 1856 
331 1046 670 414 1156:4952:1020 963 960 986 1023 
957 75:2584:2212 372 
37 487:2044:616 1428 
317 661 1204 1266 344:6144:1266 1760 1796 450 872 
1116 793 1282 600:6124:1476 1524 1364 1760 
103 86:2142:507 1635 
153:1968:1968 
552 1495:2328:324 2004 
93 1129 126 1255:3785:704 1407 939 735 
1319 849 1525 123 1386:7354:900 888 2211 2175 1180 
999 1475:4840:2008 2832 
1469 799 1542:3056:1140 1566 350 
54 1165 1282 1519:5903:1506 2565 1364 468 
680 291 940 724 520 1383:8466:530 1278 1548 2192 1082 1836 
1133 1316 980 191 973 437:4797:610 414 1256 1008 462 1047 
1270 467 1530 1314 1110 1:9574:1395 3470 720 366 2024 1599 
5 1027:2526:1206 1320 
457 108:2340:1215 1125 
1256 1400 451 767 524 1506:7812:996 692 972 1060 912 3180 
1296 867 491 1379 563 973:6768:1900 716 1280 676 1272 924 
305 288 18 627 943 1114 538:9493:1902 1635 896 1200 856 2536 468 
1553 1430 294 1330 328:4391:658 1803 693 771 466 
1533 1290 1128:4587:1338 1926 1323 
342 1444 695 945:4818:1192 966 1340 1320 
745 928 591 1361 585 48 884:8362:616 936 824 990 1568 1468 1960 
1038 1341 859 882 79:6279:274 2568 1280 1425 732 
1175 638 1474:5056:634 2492 1930 
19 1294 1250:4704:2436 1041 1227 
695 1450 541 325 535:6996:2010 1605 1008 888 1485 
479:1179:1179 
319 1194 1284 735 918 995:6587:1132 1108 1434 810 1683 420 
1331 848 871 482 1131:5749:998 1254 1413 272 1812 
1508 1171 382 1164 1042 1464 942:7960:1262 2664 574 921 621 1104 814 
556 473 363 1438 1461 1072 163:7517:1212 375 1272 738 1416 688 1816 
918 596 1085:3731:1683 472 1576 
1154 1138 1281 333 649 406:9600:1356 1900 1557 1315 1952 1520 
749 372 116 859:5497:980 1472 2277 768 
343 1019 30 879 596 553 1468:5039:824 1364 494 603 236 1068 450 
486:430:430 
1339 962:1457:476 981 
1109 373 1276 593:4271:288 1551 1032 1400 
727 776 760:3261:1137 1454 670 
1076 660 523 1226 610 539 1082:13822:1740 2024 1665 2284 1608 2696 1805 
797:1227:1227 
131 447:3313:1293 2020 
1416 1333 1223 740:3769:1551 656 464 1098 
1398 677 1299 710 1425:7430:1773 1668 2096 744 1149 
893 1502 261 17 999 810:7481:516 1458 1884 1677 1506 440 
81 1383 568 564 946:6486:1155 1377 1872 504 1578 
1200 491:2943:1023 1920 
461 1110 894 1104 1553 1403 1453:9035:1972 1012 436 1284 658 1305 2368 
1486 5:2490:1284 1206 
1220 1376 1081 798 754 112:7970:1071 1284 1602 1521 1892 600 
232 935 319 248:3963:906 1608 849 600 
795 885 335:3533:704 792 2037 
59 1374 1211 608 1190:5892:952 1032 2780 384 744 
45 748:1200:388 812 
1547 1010 288 910 321:5783:848 954 1635 1056 1290 
1430 1187 611:3086:1803 824 459 
1024 275 525:6226:2265 1833 2128 
1251 995:2814:1974 840 
785 874:2704:1194 1510 
1011 36 1124 242 812 102:7758:1713 1260 459 986 2504 836 
765 1148 1158 116 1364 948 1225:10520:1095 2016 478 3036 1192 1680 1023 
809 233 1188:3174:723 1428 1023 
403 879 1102 646 1455 147 64:6449:831 603 1356 657 1868 228 906 
1173 1543 900 457 1506:7400:1248 1916 1344 1620 1272 
721 265 1074 1324 1241:9899:1305 1983 2156 2688 1767 
1307 970:2174:494 1680 
1197 488 205 161 1490:8013:2288 1764 2560 873 528 
1284 69 612 674 1311 441 1251:8666:1434 1130 800 1716 1204 408 1974 
109:2960:2960 
618 429 1011:4178:798 1096 2284 
1313 1230 1120:3703:2184 556 963 
1287 858 481 1370 554 964:8134:992 1260 1106 940 2288 1548 
279 9 618 837 1008 431:4715:1038 848 1064 596 805 364 
1144 1554:2490:474 2016 
1121 385 1288 605 695 146 329:11308:2343 858 534 1716 2010 2860 987 
332 1435 686 936:6081:1644 1968 996 1473 
736 919 582 1352 576 39 875:11966:1584 891 2772 1359 520 2252 2588 
1029 1332 850 873 70:3891:622 512 936 1302 519 
1166 629 1465:4289:1245 424 2620 
153 829 1399 689 407 363:6677:1476 1197 942 1248 1178 636 
1175 759 1035 1325 709:4436:1268 1328 606 810 424 
203 320:2202:363 1839 
619 43 998:3209:1308 1232 669 
689 912 456 1266 1515 1432:7040:1248 1924 970 900 594 1404 
1555 899:1792:1044 748 
796 633 30 612 556 1232:4370:482 552 494 1200 1212 430 
693 797:2651:1424 1227 
963 187 1209:3946:2250 714 982 
1146 264 420 1269 986:8132:1419 1623 824 2331 1935 
1123 507 850 1393 1456 534:7926:1113 1326 702 1344 1017 2424 
2:548:548 
441 1010:1839:408 1431 
137 587 437:4064:1881 1136 1047 
370 647 936 320:5379:510 1557 1473 1839 
1003 1119 943 206 1109 427 516:6255:286 1208 856 1472 288 1152 993 
1489 154 1256:3191:984 1460 747 
1173 397 274 696 174 730 1445:7414:1664 747 2163 399 1256 927 258 
671 694 305 954 737 534:8529:1620 1124 1902 999 460 2424 
993 205 987:5657:2265 1536 1856 
1220 511:1327:1071 256 
481 1544 1327 1124 15 1423 1473:8196:1659 520 1983 459 830 1383 1362 
1506 25:2466:1908 558 
131:1724:1724 
641 452 1034:5509:2226 1696 1587 
1087 1336 1253 1143:4100:900 1238 990 972 
854 1276 754 1309:4885:1176 774 946 1989 
1409 847 377 1053 1209:7210:192 2724 1648 682 1964 
65 768 152 81 624:6711:1338 1488 1425 1155 1305 
92 1140 791 907 1144 408:7730:474 1455 1179 2464 474 1684 
355 1458 709 958:3275:536 1629 318 792 
759 942 605 1374 599 62 898:11453:1328 1221 1716 1548 1640 2748 1252 
1051 1355 872 895 93:3880:180 480 2335 357 528 
1189 652 1488:3583:270 1248 2065 
176 852 1422 712 429 386:7592:1278 396 1260 3036 822 800 
1198 782 1058 1347 732:7443:2640 1660 1518 921 704 
226 343:1632:396 1236 
642 66 1021:4198:897 2632 669 
712 935 479 1288 1538 1455:10528:3036 2144 786 801 1893 1868 
20 922:3607:2032 1575 
818 656 53 635 579 1255:6179:490 2852 1286 777 284 490 
200 716 820:2959:1443 984 532 
416 919 370:4464:2596 1188 680 
94 1408 832 643 1225:4378:333 1002 1683 678 682 
580 856 1146:4640:1392 1356 1892 
547 730 807 1162:3818:1230 1236 524 828 
851 634 844 1294 1144 1194:11813:1816 2820 2990 1735 790 1662 
1304 102 884 761 1184 661:8119:378 1254 1960 867 1900 1760 
448 658 1107 957 1007:6729:795 1976 968 2212 778 
188 225 1113 298:5728:988 2808 381 1551 
318 35 405 1321:6196:1840 1110 1923 1323 
1454 971 994:4676:2708 1545 423 
122 1277:2210:788 1422 
32 536 1545 170 1391 602:7414:1038 1420 1656 1680 824 796 
486 3 26 781 286 70:4457:645 489 453 1516 1008 346 
326 681:2612:1784 828 
80 649 1498 1215 1172 529 500:10258:2740 1464 844 584 1548 1230 1848 
889 899 1415 1105 689:6171:894 1122 2148 1071 936 
31 1293 1010 967 324 1439:5707:801 834 954 220 1730 1168 
997 581 444 1147 531 461 1003:10425:2580 2630 1824 774 216 1972 429 
28 1424 820 1403 1347 465 621:11125:2154 2792 266 1740 921 2240 1012 
1311 468 92 1394 578 574:8228:2408 954 316 1374 1664 1512 
1350 1494 545 861 618 42:7494:510 939 1020 1416 1064 2545 
931 343 1058 682 426 1168 1164:8469:1044 1236 1518 444 330 2976 921 
349 399 382:3084:1728 495 861 
1111 1454 25:4256:432 2708 1116 
185 967 845 1267:2573:210 330 777 1256 
1021 445 1400 838 368:4556:892 1240 692 896 836 
143:926:926 
332 1048 1085 415 1158 10 392:7242:1233 788 1182 2088 717 526 708 
902 752 802 786 515:3583:546 441 1548 354 694 
497:1011:1011 
1125 404 1026:3619:1732 726 1161 
956 727:1794:657 1137 
1326:624:624 
661 444:1792:880 912 
474 750 1039 424 767 1310:7855:2668 1038 465 843 795 2046 
904 874:2324:1116 1208 
1307 358 675:5458:741 2037 2680 
1357 1486 404 1041 171:5274:1605 963 726 393 1587 
810 900:1228:220 1008 
623 62 1150 268 424 128:7271:1014 2748 1164 921 1124 300 
694 1077 673 45 1293 877 740:9806:1686 2812 1437 485 1112 1176 1098 
258 1213:1994:912 1082 
1440 957 980 591 1240:5979:1503 1659 942 618 1257 
637:495:495 
522 1531:1073:879 194 
46 894 612:2894:1258 436 1200 
472 1547 12 768 272 56:7204:608 1696 882 992 2768 258 
312 668:2960:1596 1364 
66 636 1484 1202 1158 515 486:9207:2632 1976 252 1514 717 1041 1075 
875 885 1401 1091 675:7578:1941 792 846 1989 2010 
35 1298 1015 971 329 1443:5853:740 774 814 1030 1316 1179 
489 351 1054 439 368 911:6868:1604 1446 807 1268 627 1116 
469 625 1474 1191 3 919 476:10503:1205 1208 1544 1560 815 891 3280 
1278 875 1391 1495 1079:7452:1602 1941 618 2004 1287 
1093 810 767 538 95:3642:1647 220 530 468 777 
1047 298 548:5476:1725 1551 2200 
1273 1018:2481:1821 660 
807 897:932:524 408 
1034 59 1147 265 834 125:7747:1587 952 774 1322 2256 856 
788 1171 1181 139 1387 971 1248:10893:294 2664 612 1284 2628 1545 1866 
832 256 1210:4178:2244 920 1014 
426 902 1124 669 1478 170 86:7158:330 546 612 1023 1892 1120 1635 
336 1451 941:5140:808 1296 3036 
712 563 613:4957:2277 1272 1408 
1325 1254:3586:810 2776 
295:1767:1767 
1387 332 1341 1524 1187 399:8448:1314 1644 2568 944 1648 330 
380 1455 1478 675 180 1522:5499:708 1401 946 1340 492 612 
219 575:3377:1808 1569 
1531 543 1392 1109 1065 423 393:3866:388 867 320 192 674 825 600 
793 1309 999 583:4198:1016 1326 1004 852 
1525 789:2868:1474 1394 
919 357 1445:2521:891 1372 258 
1339 1256 1146 663:5362:1190 996 1892 1284 
757 1312 470:3941:717 1140 2084 
1063 553:3113:1689 1424 
1121 1104 834 1443 202 1516:9698:3124 1284 1128 1572 610 1980 
1483 1227 412:3994:1576 1641 777 
1337 894 385 35 152 1533:4944:412 436 1144 1110 950 892 
70 133 769 1458 709:3621:519 408 204 2172 318 
1509 440 1316 1405 856:3329:1126 378 414 507 904 
873 1309 507 1156 939 1149 41:9759:2170 2652 1768 1364 411 644 750 
1446:708:708 
897 254 1369 1273 924:6853:306 218 2500 1821 2008 
1313 1536 1080 331 581 498 387:9286:2184 936 796 2040 1052 1344 934 
1183 673 323:4071:891 1916 1264 
328:466:466 
144 394 311 201 1276 1299 910:9040:188 1662 1242 2100 516 1572 1760 
1263 914 1030 853 531:4343:322 1401 946 1350 324 
308 331 1086:4188:1185 1530 1473 
221 604 614 1130:7178:2568 678 2740 1192 
1520 1477 834 805 295 1504 62:11585:1269 2084 1128 2132 1767 1144 2061 
162 1410 994 1271 2 944:5567:1002 984 564 2043 274 700 
299 975 1131 835 552 509:6958:942 2103 1359 1246 324 984 
1380 752 442 26 1447 592 1534:10281:2121 441 1668 453 2236 1374 1988 
189 1144 168 112:4440:2524 632 884 400 
1347 1277 262 738 961 505:7962:1535 1896 1245 1026 795 1465 
875 525 642:4020:1294 2128 598 
82 132 115 259:4928:1964 1056 472 1436 
432 16 292:4118:1230 2238 650 
1540 165 242:4573:1914 1180 1479 
1348 878 1554:4527:1425 1086 2016 
522 772 689 579 96 533:6164:586 726 936 568 1608 1740 
156 1032 1121 572:4160:306 200 2343 1311 
1246:1128:1128 
211 101 1176 1199 810 1459 1243:7062:2040 390 948 1908 330 768 678 
334 1236 554:3852:288 1848 1716 
1132 970:2616:936 1680 
208 231 1400:2996:1308 996 692 
125 121 917 514 1030:8396:2140 2264 808 1292 1892 
601 757 48 1323 1279:8059:1548 956 1468 1102 2985 
172 235 871 2:4877:1692 1224 1413 548 
1121 1476 1114:6058:2343 1179 2536 
875 1444 735:3447:1941 966 540 
1457 974 1411 608 1257:4430:1914 284 660 384 1188 
1068:1584:1584 
1451:972:972 
222 1137 1374 1278 929:7114:2876 1304 1032 1602 300 
1214 1464 1381 1270:4410:717 1104 1194 1395 
1403 881 1437:3354:1305 1062 987 
442 812 169 1284:4758:834 1252 760 1912 
1012:2048:2048 
1451 995:1068:648 420 
529:1640:1640 
1157 435 1058:5841:2724 1599 1518 
988 759:2892:1896 996 
1358:768:768 
693 476:2024:712 1312 
506 782 1071 456 799 1342:11408:2760 1245 1482 1455 1566 2900 
72 1160:3888:2008 1880 
475 912 109 758 542 752:8835:1482 1443 2220 2292 810 588 
1135 1212 9 791:4320:1488 412 848 1572 
772 942 366 1321:4566:726 1221 1296 1323 
583 1525 1454 439 916:8613:852 2211 2708 1902 940 
275 1484 42 280 1101 446:8394:1833 378 1527 1044 1518 2094 
729 951 496 1305 1555 1471:5778:1332 1110 298 312 1566 1160 
866 419 535 359 36 525:6869:1346 1250 1485 464 1260 1064 
1481 173 90:2037:690 795 552 
1148 560 1275 899 643 1385:7280:2016 936 896 1122 1017 1293 
696 840 1449 207 1522:3296:399 1088 300 693 816 
807 1322 1013:2262:524 1204 534 
244 1120 1209 660:4657:1530 642 1473 1012 
1016 67:2573:928 1645 
1103 1353 1270 1160:3819:678 806 1395 940 
1293 770 1326:2862:834 1092 936 
390 546 1395 1112 1482 840 397:10507:2780 1503 2304 1364 472 1088 996 
796 1312 1416 1000:4362:964 855 1551 992 
67 1303:1564:1316 248 
544 1526 1336 361 304:6088:1575 897 1857 784 975 
1386 344 34 1176 1453 184 1126:9254:590 1308 939 1264 2368 1893 892 
1134 558 368 951 481:5584:987 600 1045 740 2212 
485 774 158:3414:1167 1398 849 
732 821 272 455 532 888 112:8083:352 1324 2076 1344 2073 314 600 
771 289:1320:567 753 
998 594 1524 1214 798 661:5885:669 440 472 956 2028 1320 
884 2 158 1007:3897:1470 411 849 1167 
528 778 695:4112:704 1398 2010 
19:2436:2436 
521 1291 515 1537:5787:1950 928 1388 1521 
1031 82 399 155 1137 948 1530:9010:872 1964 495 2061 978 1680 960 
277 1113 178 1147 304 1486:6049:1374 381 936 774 1300 1284 
1260:260:260 
180 1522:858:246 612 
407 683 973 357 700 829:7449:1767 1242 693 1029 1521 1197 
837 394:3110:894 2216 
1436 194:2886:498 2388 
1080 970 487:5260:1592 2240 1428 
1220 404 814 1197:4718:1071 968 963 1716 
474:2668:2668 
378 1333 358 301 977:4441:624 492 2716 192 417 
595 1537 1466:2977:822 1521 634 
1491 954:2373:1374 999 
459 16 1064 715:4557:236 2984 416 921 
288 592 109 132 887 392 176:7413:1635 916 1480 704 692 708 1278 
1528:866:866 
563 519 1435 1405:4399:636 2103 984 676 
203 120 10 1085 1522 719:5172:363 1684 789 788 612 936 
101 284:1208:650 558 
1436 1153 1109:1344:664 392 288 
1309 400 184 394:5155:1326 828 1893 1108 
131 541 924:4669:2155 1008 1506 
1313 1429 108 930 275:7763:2912 954 1500 564 1833 
707 730 341 990:5363:638 927 1422 2376 
611 234 1537 721:4545:306 1413 1521 1305 
1197 1354 644 361 318 89:6136:1716 903 471 784 1380 882 
1439 1129 713 990 1279 664 1007:9666:876 938 1884 2376 1791 634 1167 
1556 1367 391 1479 597:8390:1964 2568 980 1390 1488 
1254 39:5159:3470 1689 
1110 987 1410 887 1443 1014 638:8409:1012 1392 1312 692 1179 330 2492 
1451 103 552:2066:1296 338 432 
198 901:2160:522 1638 
44 826 704 1126 604:4639:1806 662 598 669 904 
710 467:2826:744 2082 
25 1003 1026:2570:837 572 1161 
251 1406:1228:910 318 
64 568 18 202 1423 634:8591:604 2496 1792 915 1844 940 
311 615 132 155 910 415 199:7902:1242 717 1408 1374 704 1566 891 
1170 848 1337 654:4699:1446 1254 515 1484 
488 937 788 837 821:5583:882 2091 392 894 1324 
1007 1416:3235:1167 2068 
8 191:3488:1976 1512 
1060 1017:3060:1512 1548 
751 601 651 634 364:4085:758 1161 438 940 788 
39 448 831:3303:1689 530 1084 
1220 1337 16 837 182:6535:1428 206 2984 894 1023 
712 735 346 995:5091:2277 810 1164 840 
142 1444 629:2604:1320 966 318 
1554 1111 602 252 369 192:6982:2016 576 1592 1422 818 558 
1314:366:366 
50 566 256 1398 116 405:12243:2820 969 1840 1773 2277 2564 
1281 293 1142 859:5149:1557 596 2228 768 
1128 1377 1294 1184:4807:1323 1018 1041 1425 
1018 895 1317 795 1350:2925:660 357 876 352 680 
262 246 1533 585 901 1072 495:9024:747 1863 1338 1960 1092 1376 648 
50 1485 349 1385 382:5785:1410 780 1728 1293 574 
30 1345 1085:5456:988 2892 1576 
174 396 1499 750 999:7440:942 2344 762 1384 2008 
943 1446 897 1080:3800:856 944 408 1592 
304 620:1511:975 536 
926 1176 1093 1396 913:5686:210 1264 1647 1581 984 
550:1302:1302 
1449 1272 949 1438:3333:300 1302 1239 492 
380 590 1039 889 939:4035:944 1023 465 1192 411 
630 254 1142 327:4010:1040 436 2228 306 
664 381 337 1253:4045:951 1684 420 990 
1386 903 926:2126:885 926 315 
917 1327 151 1306:6021:606 1983 1572 1860 
1126 1496 853 410 1459:6374:669 1788 2700 705 512 
674 218 1027 1277 1194:9343:1716 1755 1760 1896 2216 
1260 924:1766:260 1506 
1150 441 158 114 1443:5158:2328 408 1132 504 786 
1237 22 565 628 1264 395 1204:8259:1467 1209 672 711 888 1965 1347 
62:2061:2061 
571 382 964:3405:896 574 1935 
296 985 236 485 402 292:3489:261 405 963 778 432 650 
1261 525 1428 745:5538:348 1596 3132 462 
878 928 912:2310:724 624 962 
1553 698 82 12 555:8055:1316 1700 1964 1470 1605 
22 1070 721 837 1074 338:7875:1209 2672 870 1192 1617 315 
286 1388 639 889:4009:1008 873 1234 894 
689 872 535 1305 529 1550 828:9223:1248 1401 1980 208 1640 1830 916 
982 1285 803 729 1484:7970:1695 1488 3410 999 378 
1119 582 1418:4403:1208 2079 1116 
106 782 1352 643 360 316:6370:1563 1245 1359 1017 478 708 
496 1439:1615:447 1168 
37 1073 70 1199:5153:1232 1971 519 1431 
1166 696 1372 1528 1233:5309:1660 399 1976 866 408 
1252 1181 166 643:5750:1700 918 1776 1356 
1452 1115:2034:1100 934 
1185 1341 632 349 719 77:7753:804 2568 592 864 1404 1521 
197 900 284 213:3656:1710 1008 744 194 
346 850 301:2542:1552 702 288 
24 1339 763 573 1156:4650:921 476 1329 1242 682 
510 787 1076:3496:327 849 2320 
477 660 737 1093:4826:465 2024 690 1647 
1246 298 614 371 1353:6724:1128 1551 2055 378 1612 
917 1300 1310 268 1516 1100:6709:808 528 2046 921 1980 426 
778 308 984 1140:5517:932 1580 580 2425 
254 477 21 830 1080:5318:327 310 1293 1796 1592 
1340 1429 880 1063:5960:938 1431 1902 1689 
287 604:1604:1152 452 
1420 112 29 1477 994:5416:954 800 1014 2084 564 
95 1316 528 1310:3848:1036 414 352 2046 
1291 950 374 185:3844:928 1902 804 210 
1020:196:196 
538:312:312 
1361 772 1488 1111:4537:1320 1815 826 576 
1454 984 102 672 1521 1238:7102:2031 580 1254 1890 516 831 
1509 467 157 1299 18 307:11061:2252 2082 2032 2096 1792 807 
1280 1436 1140 857:3731:804 332 1455 1140 
1452 997 248 497 414 304:6175:1650 1290 600 674 986 975 
1133 1370 634 1537 854:8691:1220 1880 1880 2535 1176 
694 478:3288:2248 1040 
800 1343:3912:1764 2148 
1400 1144:993:519 474 
254 757:805:327 478 
1007 125 281 1130:4745:1167 856 1828 894 
986 237 487 404:5807:1935 1476 1428 968 
541 4 840 1463:5290:1008 2456 1088 738 
1071 95 1183 301:3380:1482 518 1188 192 
1333 251 888 18 827:4055:328 1365 314 1344 704 
1214 558 1434 1524 974:3391:717 600 704 944 426 
159:1580:1580 
608 1417 109 26 1474:7154:384 2788 2220 604 1158 
466 556 6 92 1314 525:7032:1036 2424 856 632 488 1596 
616 506 23 46 1215 306 90:8304:759 2070 966 1258 584 2253 414 
558 382 59 1228 545:3778:300 1148 476 834 1020 
319 1394 1417 614 119 1461:9092:1132 1832 1394 2055 1263 1416 
159 515:1989:948 1041 
483 1331 1048 1005 362 333:7943:728 1497 788 1014 2864 1052 
522 799 1088 472 815 945:6484:879 1566 1896 304 519 1320 
37 952 509:4200:924 2620 656 
237 886 669 879 1329 1179:8268:1476 2236 1364 804 939 1449 
137 919 796 1218:3943:1254 594 723 1372 
656 494 1449 473 417:5923:2852 700 600 250 1521 
94:222:222 
284 999 623 367 1109 1105 344:7928:744 2008 676 1833 288 1071 1308 
1237 1220 1363:4975:1956 1071 1948 
128 1070 1413 398 461:7052:400 2004 1926 750 1972 
1424 914 565 681 504 182 671:8206:1396 1401 504 1242 1020 1023 1620 
1051:180:180 
878 568:3320:1448 1872 
1517 1394:1240:324 916 
1171 1128 485 42 1504 1155:8006:1998 1323 1556 1527 858 744 
1308 692 622 1164 83 305:9543:1964 1485 438 921 2199 2536 
72 1348 160 1075 632 122 1331:8236:1506 1900 1116 837 592 788 1497 
1128 86 190 1332 1195 340:7074:882 1635 2940 384 1011 222 
662 380:1548:840 708 
499 948 798 848 832:8626:1509 1680 1521 1672 2244 
420 1256:2644:1648 996 
278 394:4872:2656 2216 
694 118 1486:4581:2248 1370 963 
764 1400 531 1243 1493 1410:6263:1326 692 324 678 2259 984 
71 974:3240:2530 710 
1114 1284 708 105 1101 631 1307:10149:2536 1434 2079 1300 2024 282 494 
678 1421:2952:1332 1620 
882 971 422:6604:2375 2060 2169 
1387 146 1460 1298 695 1277:9884:1971 2145 830 1032 2010 1896 
1230 468 65:3378:417 954 2007 
797 475 964 281:6085:1227 1482 1548 1828 
414 464 448:2774:986 1258 530 
445 722 1011 395 738 1281:9542:2480 1587 1713 1179 1026 1557 
778 749:3358:1398 1960 
233 549:3549:1904 1645 
952 1201 1118 1008 525:9248:2096 2604 2308 644 1596 
1185 1262 60 842:4532:804 572 948 2208 
725 896 319 1274:4181:522 2024 849 786 
1488 633 17 1505 489 966:8274:1239 276 2236 1533 1604 1386 
1043 400 1515 1005:4960:1465 1380 594 1521 
1411 929 952 563 1212:3807:990 300 1572 636 309 
609:1491:1491 
1405:507:507 
1328 819 469:3299:1314 1503 482 
173 157:2319:795 1524 
1531 223:1958:194 1764 
256 267 783:3872:1380 640 1852 
573:1863:1863 
1076 1032 389 360 1409:5703:2320 400 1308 1195 480 
563 813 730:3006:1272 807 927 
1539 869 54:5346:2652 1188 1506 
441 91 208 31:3995:306 2016 872 801 
750 361 1010 794 1004 1453:7876:692 784 1431 876 1725 2368 
1203 1386 1050 261 1043 921:4981:558 885 952 1256 586 744 
156 805 589 385 1248:7216:408 2132 1952 858 1866 
302 1138 202 1171 329 1510:8900:1872 1425 1220 1998 1645 740 
1227 1211 1354 406:6540:1641 2780 903 1216 
376 66 1208 1485 216:8481:840 2632 1581 780 2648 
1123 614:4224:1484 2740 
1021 777:2769:669 2100 
1383 900 1337:1899:918 672 309 
1227 51 62:3488:1094 1020 1374 
960 278:4260:1604 2656 
791 188 1184 714 1390 1546:6647:1179 1482 1425 1437 692 432 
858 442:2094:1260 834 
548:1650:1650 
1550 868 958:4152:1098 1998 1056 
767 605 1:3252:795 858 1599 
421 338:1552:1132 420 
567 671:2922:1302 1620 
62 1083:2239:2061 178 
914 685 242 1290 941:7234:934 618 1479 1926 2277 
515 818:1776:1041 735 
641 1157 847 431:5253:1484 1362 2043 364 
861 832 322 1531 89 1471 1051:9214:2360 1683 2284 485 882 1160 360 
1315 1444:2013:1047 966 
732 356 1244:2717:704 1350 663 
912 563 679:4336:1924 1272 1140 
170 153 1441:3310:1120 1476 714 
1474 619 3 1491 476 952:8114:1544 872 652 1374 2624 1048 
971 262 1537 349 1265 822 312:7763:1545 747 2028 1296 685 664 798 
380 1522 1385:2173:472 408 1293 
1489 114 1335:3512:1312 504 1696 
1405:507:507 
259 110 159 143 286 896:5619:718 796 948 1389 756 1012 
1282 693 1409 1032:4288:2728 1068 192 300 
906 24 593 1442 1159:7248:232 921 1400 1220 3475 
1296 680 1023 1152 71 707:6843:1425 1060 933 950 1518 957 
524 175:2816:608 2208 
1053 104 420 591 14:6420:1023 2013 1236 824 1324 
1269 959 543:3831:1554 1410 867 
510 693:1504:436 1068 
583 1432 1149 1519:3079:568 1404 483 624 
1120 1009 527:4789:1284 2224 1281 
54 1356 541 537 1333:5220:1506 861 1008 1353 492 
1173 464:2506:1248 1258 
1400 1183 980 1429 1279 1329:8020:519 891 942 1431 2985 1252 
272 894:2403:2076 327 
871 694:3099:1413 1686 
594 405 987:3468:330 1282 1856 
915 805:4304:2172 2132 
1031 1042 1558 1248 832:6228:654 828 1197 1866 1683 
390 346 1262 819:5682:2085 1164 429 2004 
30 1505 1395 912 935 546:8828:988 1022 1728 1443 2144 1503 
70 972 290 380 1388 14:5525:346 1185 948 1180 873 993 
1525 1136:3535:2211 1324 
1020 404:1020:294 726 
1282 560 1182 593 1309:7791:2728 936 1088 1050 1989 
873 1483 241 1556 980 790:8027:1302 1970 2056 1473 942 284 
1266 451 447 830:4509:675 972 1515 1347 
970 926 283 254 1302:4719:1680 210 1479 327 1023 
360 610 527:3870:956 1206 1708 
666 1409:520:328 192 
870 959 410:2839:1053 846 940 
1472 231 401 1383 780 218:8749:1179 1494 650 918 2168 2340 
1233 830:2204:408 1796 
1000 1183 846 58:5528:1984 1188 608 1748 
165 1453 504 821 577 415:8243:885 2368 1360 662 1924 1044 
1031 1027:1974:654 1320 
594 271 760 78 581 32 215:6054:330 866 670 1149 1578 1038 423 
158 408:2112:849 1263 
59 441 452 968:3438:476 306 1696 960 
264 1179 1150 640 1244 1361:10060:2164 1932 2910 1401 663 990 
1289 74 203 680 1316 447:4143:468 594 484 530 552 1515 
1326 1230 881 997:4683:624 417 1062 2580 
145 1486 138:4206:1588 642 1976 
167 1097 787 371 234:3711:424 804 566 504 1413 
977 1347 704 261 1309:5912:278 1228 1196 1884 1326 
525 69 878 1128 1044:7590:1596 2260 1086 1764 884 
1264 195 974 1477 928 1111 774:7854:1332 1400 426 2084 1248 432 932 
416 478 1115 245 1054 1304 1221:6613:1947 1040 934 837 538 504 813 
911 202 1477 1433 791 761 252:8417:1116 1220 1563 946 1572 578 1422 
768 1150 1161 119 1367 951 1227:11596:1984 2328 1344 1263 1926 1110 1641 
738 908 332 1287:3036:684 375 1233 744 
549 1491 1420 405 881:6618:987 1374 1272 1923 1062 
1022 286 1189:2456:1160 756 540 
673 402 1012 1328 1085:5126:958 648 1024 1314 1182 
369 885 989:2903:1227 1056 620 
1365 683 1186 637:3877:490 1656 906 825 
992 44:3353:945 2408 
666 916 832 1136:6602:492 1880 2244 1986 
1269 333 1302:4484:2331 789 1364 
506 463 1378 1349:4451:1380 687 292 2092 
243 160 50 1125 4 759:7630:1269 1488 2115 866 1228 664 
44 227:4498:3010 1488 
163 839 995 699 417 373:6345:1362 468 630 813 1521 1551 
616 306 1448 1311 456 1398:10615:506 2253 2220 2408 1455 1773 
593 963:2400:1050 1350 
697 547 597 580 310:4844:468 1230 1488 1392 266 
1442 680:1710:915 795 
493 996 447 630 293:6062:972 616 2020 1560 894 
424 873 723 773:2904:843 1302 279 480 
856 867 1383 1073:6136:1356 1432 1377 1971 
989 960 451 101 218 41:5810:465 1604 1296 390 1755 300 
1540 111 587 1224 354 1163:10107:2552 1914 2840 944 1257 600 
1543 900 457 361 691 808 631:7174:1437 1008 1215 784 1719 729 282 
228 1476 1060 923 68 1010 939:7118:444 786 1512 1020 1854 954 548 
604 441 1396 421 365 1041:6534:904 306 1054 2264 1482 524 
508:2908:2908 
947 571:1152:480 672 
298 787 105:4067:1551 566 1950 
1437 1194 618:2893:987 1108 798 
185 435:1914:315 1599 
85 468 478 994:4826:708 954 2600 564 
1244 601 572 62 1271 1387:7916:663 774 1748 1374 2043 1314 
1281 199 835 1524:4964:1557 594 1869 944 
1085 1441 665:2674:788 714 1172 
898 602:2531:939 1592 
439 888 738 788:2717:1268 471 684 294 
871 468 1398 1088:6036:1413 954 1773 1896 
52 1260 1377 56:3255:1200 650 1018 387 
775 386 1035 819 615 1478:7371:350 1600 808 2004 717 1892 
1228 1411 1075 286 1068 532:6726:1251 990 1116 504 792 2073 
1342 1365 562 67 1409 1205 96:6563:2175 294 448 658 288 1494 1206 
1405:507:507 
953 213 183 1232 882:4590:1012 194 1314 645 1425 
1369 447 1136 387 636 553 443:11444:1875 2020 2648 1401 1976 1068 456 
105 1220 1124 775:4397:1300 1785 612 700 
1380:2828:2828 
182 431:1751:1023 728 
82 465 61 991:5858:1964 1680 405 1809 
1338 695 252 1300 951 1067:7352:1203 1340 1896 792 1110 1011 
1277 196 418 1521:5242:1422 912 2392 516 
1535 759:2855:1527 1328 
869 587 543 314 1429:5918:1188 1704 578 1017 1431 
1535 227:2134:1018 1116 
357 367 883:7162:1372 3055 2735 
673:1437:1437 
1177 1133 490 461 1509:9192:1212 1220 1480 2465 2815 
567 817 734:2835:1736 855 244 
82 970 155:5214:1473 1680 2061 
637 541 192 309 132:5342:660 1344 558 2076 704 
731 754:4531:2166 2365 
1134 505 196 1338 1200 345:7520:658 1172 1824 1604 1023 1239 
1221 1377 668 385:4449:813 1018 2046 572 
1317 1234 1124:2052:1314 432 306 
1290 448 71 1373 558 554:8758:2568 795 1012 2067 600 1716 
1330 1473 525 841 598 21:7292:771 1362 1596 1041 798 1724 
911 322 1038 661 406 1148 1144:8120:1116 1713 411 1320 912 2016 632 
329 379 362:5923:987 2788 2148 
359 636 925 309 652 781:7917:696 1482 453 2076 936 2274 
692 249:1782:891 891 
1291 49:3540:928 2612 
1032 922 440:3629:500 2625 504 
1172 356 766 1149:4047:1548 1800 216 483 
989 279 1555 367 1282 839 329:10174:465 1557 2088 2444 2728 234 658 
962 559 1075 1179 762 625:9514:654 2796 837 1449 2872 906 
1002 26 1528 646 802 93:5414:1022 453 866 657 2064 352 
756 1138 1149 107 1355 939 1215:6976:1422 1900 322 1600 600 548 584 
799 223 34:3956:1566 1764 626 
772 1409 539 1348 40 1515:6308:726 288 2696 1425 579 594 
913 177 1079:3984:984 1284 1716 
293 903 1219 1389:4113:894 1389 814 1016 
561 424 1127 511 440:3126:465 843 928 512 378 
1499 1150 1266 1503:5878:1016 2328 450 2084 
178 827 611 407 1270:5977:468 528 765 2356 1860 
514 1229 853:4143:969 474 2700 
936 707 264 1312 963:5448:982 638 1623 855 1350 
536 840:2863:1775 1088 
760 1276 966 550:3440:670 516 1386 868 
1170:1446:1446 
1004 294 12 1526:4428:1725 924 882 897 
960 1210 1127 1016 534:6524:1604 1014 1392 696 1818 
1290 1367 165 947:5966:2568 2568 590 240 
831 1001 425 1380:5054:542 2345 753 1414 
35 738 123 52 595 1071:8472:1110 684 2900 1200 1096 1482 
1148 505 62 1111:4087:1008 586 2061 432 
1517 1034 1057 668 1317:6383:324 1587 1112 2046 1314 
714:1916:1916 
502 1510:2137:1767 370 
25 874 591:2384:558 1208 618 
245 549 66 89 844 349 133:7665:558 987 2632 588 1196 1296 408 
1104 782 1271 588:6357:1284 1245 2724 1104 
