1 3 5 7 9 11 13 15 17 19 21 23 25 27 29 31 34 36 38 40 42 44 46 48 50 52 54 56 58 60 62 64 66 68 70 72 74:12285:76 175 590 132 219 582 495 39 219 845 264 846 435 220 368 303 276 56 560 304 82 20 151 444 192 123 484 14 568 948 285 470 725 117 504 90 64
1 3 5 7 9 12 13 15 17 19 21 23 25 27 29 31 34 36 38 40 42 44 46 48 50 52 54 56 58 60 62 64 66 68 70 72 74:11383:380 35 472 176 219 955 297 26 146 845 264 564 261 220 368 303 69 56 560 456 164 10 755 444 240 82 605 28 142 237 171 470 435 78 672 18 160
1 3 5 7 9 12 13 16 17 19 21 23 25 27 29 31 34 36 38 40 42 44 46 48 50 52 54 56 58 60 62 64 66 68 70 72 74:10399:380 140 236 132 219 764 198 166 365 507 198 846 174 132 276 404 276 112 336 608 82 20 151 1110 240 82 242 7 426 237 171 188 435 117 336 54 32
1 3 5 7 9 11 13 15 17 20 21 23 25 27 29 31 34 36 38 40 42 44 47 48 50 52 54 56 58 60 62 64 66 68 70 72 74:9016:76 175 118 176 438 388 495 52 73 39 264 282 87 88 184 303 138 168 336 304 246 10 1116 1110 96 82 121 7 142 711 57 376 145 195 168 90 160
1 3 5 7 9 11 13 15 17 19 21 23 25 27 29 31 34 36 38 40 42 44 46 48 51 52 54 56 58 60 62 64 66 68 70 72 74:12061:304 35 118 132 876 388 297 13 292 338 198 846 348 220 92 505 276 280 448 152 410 25 604 1110 36 41 242 7 568 1185 228 470 435 156 168 90 128
1 3 5 7 9 11 13 15 17 19 21 23 25 27 29 31 34 36 38 40 42 44 46 48 51 52 54 56 58 60 63 64 66 68 70 72 74:11360:152 175 236 88 657 970 99 26 292 338 264 282 261 176 368 303 345 280 560 760 164 10 755 222 90 123 363 14 568 237 164 94 725 195 840 36 128
1 3 5 7 9 11 13 15 17 20 21 23 25 27 29 31 34 36 38 40 42 44 47 48 51 52 54 56 58 60 62 64 66 68 70 72 74:10640:152 35 354 88 876 388 99 39 146 78 66 1128 87 132 460 505 345 168 336 304 246 10 558 888 90 82 363 21 710 474 285 94 290 39 504 72 128
1 3 5 7 9 12 13 15 17 19 21 24 25 27 29 31 34 36 38 40 42 44 46 48 50 52 54 56 58 60 62 64 66 68 70 72 74:11583:228 140 472 220 876 191 396 52 292 676 132 546 435 220 276 505 345 224 224 456 246 5 302 888 144 164 605 7 284 237 57 376 145 195 840 54 128
1 3 5 7 9 11 13 15 17 19 21 24 25 27 29 31 34 36 38 40 42 44 46 48 50 52 54 56 58 60 62 65 66 68 70 72 74:12754:152 35 590 220 438 582 99 26 292 845 198 364 435 220 460 202 138 168 224 456 164 10 453 1110 192 41 242 28 710 711 171 1565 145 78 840 54 96
1 3 5 7 9 11 13 16 17 19 21 24 25 27 29 31 34 36 38 40 42 44 46 48 50 52 54 56 58 60 62 64 66 68 70 72 74:13041:152 105 236 88 876 776 495 830 365 338 198 728 435 220 184 202 69 224 560 760 246 25 755 222 144 123 121 7 710 1185 228 282 145 117 672 90 128
1 3 5 7 9 12 13 16 17 19 21 24 25 27 29 31 34 36 38 40 42 44 46 48 50 52 54 56 58 60 62 64 66 68 70 72 74:8983:152 105 354 220 219 764 198 166 219 338 264 546 348 132 92 505 69 56 112 152 410 5 302 444 240 41 605 35 284 474 285 188 145 78 336 36 64
1 3 5 7 9 11 13 15 17 20 21 24 25 27 29 31 34 36 38 40 42 44 47 48 50 52 54 56 58 60 62 64 66 68 70 72 74:11497:380 35 354 176 657 776 396 26 292 156 330 182 261 44 460 404 138 280 336 608 410 25 279 444 144 164 363 35 284 1185 285 282 725 195 168 90 128
1 3 5 7 9 11 13 15 17 20 21 24 25 27 29 31 34 36 38 40 42 44 47 48 50 52 54 56 58 60 62 65 66 68 70 72 74:11089:152 175 472 88 219 582 495 52 365 117 264 182 435 220 460 202 138 56 224 152 246 5 279 1110 144 41 605 28 284 948 285 626 435 195 672 72 64
1 3 5 7 9 11 13 15 17 20 21 24 25 27 29 31 34 36 38 40 43 44 47 48 50 52 54 56 58 60 62 65 66 68 70 72 74:12084:380 70 472 44 876 776 99 26 219 195 132 728 261 88 368 404 207 224 336 456 55 25 837 222 48 82 484 21 710 474 171 1252 725 117 336 36 128
1 3 5 7 9 12 13 15 17 20 21 24 25 27 29 31 34 36 38 40 42 44 47 48 50 52 54 56 58 60 62 65 66 68 70 72 74:12244:76 105 236 176 1095 955 495 26 146 156 66 546 435 220 184 303 207 224 560 760 164 10 1116 666 96 205 484 14 142 474 228 626 435 195 168 90 160
1 3 5 7 9 12 13 15 17 19 21 24 25 27 29 31 34 36 38 40 42 44 46 48 51 52 54 56 58 60 62 64 66 68 70 72 74:11339:228 105 590 176 219 955 198 65 365 845 66 364 348 44 276 101 138 280 336 304 82 25 453 888 18 205 605 7 142 1185 171 376 580 195 336 36 32
1 3 5 7 9 11 13 15 17 19 21 24 25 27 29 31 34 36 38 40 42 44 46 48 51 52 54 56 58 60 62 65 66 68 70 72 74:11396:76 70 236 176 876 970 198 26 365 507 330 182 261 176 184 101 276 280 448 456 164 20 302 888 18 205 242 14 284 1185 228 313 725 156 336 90 32
1 3 5 7 9 12 13 16 17 19 21 24 25 27 29 31 34 36 38 40 42 44 46 48 51 52 54 56 58 60 62 64 66 68 70 72 74:11729:380 105 590 220 1095 955 297 498 292 676 198 728 435 44 92 303 276 56 112 152 164 15 302 444 72 82 605 35 426 474 171 282 290 195 504 36 128
1 3 5 7 9 11 13 15 17 20 21 24 25 27 29 31 34 36 38 40 42 44 47 48 51 52 54 56 58 60 62 64 66 68 70 72 74:10853:76 175 236 88 1095 388 495 65 219 195 132 364 348 44 276 101 207 280 112 608 82 5 558 1110 90 41 242 28 568 711 57 282 290 195 840 90 160
1 3 5 7 9 11 13 15 17 20 21 24 25 27 29 31 34 36 38 40 42 44 47 48 51 52 54 56 58 60 62 65 66 68 70 72 74:10268:76 175 118 132 219 582 396 52 146 195 132 546 261 88 276 101 69 168 560 304 246 5 1395 222 72 123 484 14 142 1185 57 313 725 117 504 36 32
1 3 5 7 9 11 13 15 17 20 21 24 25 27 29 31 34 36 38 40 43 44 47 48 51 52 54 56 58 60 62 65 66 68 70 72 74:10806:228 70 472 132 876 582 99 52 292 195 132 728 261 44 184 202 276 168 224 608 22 5 1116 444 54 123 242 21 710 237 285 313 580 39 672 54 64
1 3 5 7 9 12 13 15 17 20 21 24 25 27 29 31 34 36 38 40 42 44 47 48 51 52 54 56 58 60 62 65 66 68 70 72 74:11252:228 105 472 88 219 573 198 65 219 117 198 182 435 132 460 303 138 168 336 304 164 5 558 888 72 82 484 7 284 711 228 1252 435 156 840 18 128
1 3 5 7 9 11 13 15 17 19 21 24 25 27 29 32 34 36 38 40 42 44 46 48 50 52 54 56 58 60 62 64 66 68 70 72 74:8340:380 35 354 132 657 194 99 65 73 338 132 910 87 132 276 84 138 280 112 608 82 15 151 222 48 123 363 21 568 237 171 188 580 195 168 90 32
1 3 5 7 9 11 13 15 17 19 21 24 25 27 29 32 34 36 38 40 42 44 46 48 50 52 54 56 58 60 62 65 66 68 70 72 74:11622:76 140 354 176 657 582 99 26 292 676 132 182 261 44 92 56 207 168 224 608 82 10 604 888 48 205 242 7 426 1185 285 939 435 156 840 90 128
1 3 5 7 9 11 13 15 17 19 21 24 25 27 29 32 34 36 38 40 43 44 46 48 50 52 54 56 58 60 62 65 66 68 70 72 74:10286:228 140 354 88 876 582 495 52 365 169 198 728 174 88 276 56 345 56 112 456 33 25 453 666 96 123 121 35 568 237 114 939 145 117 672 72 32
1 3 5 7 9 11 13 16 17 19 21 24 25 27 29 32 34 36 38 40 42 44 46 48 50 52 54 56 58 60 62 64 66 68 70 72 74:11840:228 140 118 44 657 970 495 498 219 507 132 364 261 44 460 28 207 280 448 760 164 15 151 888 96 41 605 28 426 1185 114 376 145 156 504 54 32
1 3 5 7 9 12 13 16 17 19 21 24 25 27 29 32 34 36 38 40 42 44 46 48 50 52 54 56 58 60 62 64 66 68 70 72 74:10855:152 140 472 44 219 955 99 664 292 338 264 728 348 44 184 84 276 280 336 456 82 15 151 888 192 205 363 28 142 1185 228 188 145 78 504 54 32
1 3 5 7 9 11 13 15 17 20 21 24 25 27 29 32 34 36 38 40 42 44 47 48 50 52 54 56 58 60 62 64 66 68 70 72 74:10606:76 70 590 176 1095 776 297 52 73 39 264 182 348 132 368 140 345 224 336 608 164 5 279 888 96 205 605 21 426 711 228 282 145 78 168 18 96
1 3 5 7 9 11 13 15 17 19 21 24 25 27 29 32 34 36 38 40 42 44 46 48 51 52 54 56 58 60 62 64 66 68 70 72 74:12044:76 70 236 176 876 582 495 52 219 845 198 546 261 176 184 140 207 280 560 304 328 10 151 888 54 82 363 28 426 1185 285 470 435 156 504 36 160
1 3 5 7 9 11 13 15 17 19 21 24 25 27 29 32 34 36 38 40 42 44 46 48 51 52 54 56 58 60 62 65 66 68 70 72 74:8621:304 35 118 176 219 388 495 52 146 169 264 182 435 220 184 84 276 112 560 456 410 15 453 444 36 41 363 28 142 474 228 313 435 78 168 54 64
1 3 5 7 9 11 13 15 17 19 21 24 25 27 29 32 34 36 38 40 43 44 46 48 51 52 54 56 58 60 62 65 66 68 70 72 74:10793:228 70 590 88 219 194 495 65 219 676 132 546 348 44 92 84 138 112 448 456 11 10 453 222 36 164 121 14 710 948 285 1252 580 39 504 72 128
1 3 5 7 9 11 13 15 17 20 21 24 25 27 29 32 34 36 38 40 42 44 47 48 51 52 54 56 58 60 62 64 66 68 70 72 74:10879:228 35 354 88 438 582 495 65 219 156 198 546 348 44 184 140 345 56 448 760 410 25 558 444 90 205 363 21 142 1185 171 376 725 117 168 54 96
1 3 5 7 9 11 13 15 17 19 21 24 25 27 29 32 34 36 38 40 42 44 46 48 50 52 54 56 58 60 62 64 66 68 70 73 74:11843:76 35 118 220 438 388 99 65 365 507 198 910 87 44 460 84 69 280 336 760 164 10 151 888 144 205 121 14 710 948 285 188 290 195 840 1055 96
1 3 5 7 9 11 13 15 17 19 21 24 25 27 29 32 34 36 38 40 42 44 46 48 50 52 54 56 58 60 62 65 66 68 70 73 74:12248:304 175 590 132 1095 776 297 13 365 169 330 546 348 176 184 56 345 224 224 152 410 25 302 444 48 205 242 14 426 237 285 626 725 39 504 1055 160
1 3 5 7 9 11 13 16 17 19 21 24 25 27 29 32 34 36 38 40 42 44 46 48 50 52 54 56 58 60 62 64 66 68 70 73 74:11017:76 70 354 88 657 194 99 332 292 845 132 364 348 176 368 112 345 168 448 304 82 20 302 444 192 205 242 14 710 711 171 282 145 156 840 633 96
1 3 5 7 9 12 13 16 17 19 21 24 25 27 29 32 34 36 38 40 42 44 46 48 50 52 54 56 58 60 62 64 66 68 70 73 74:12937:228 105 118 220 438 764 396 664 219 676 66 546 87 88 460 140 207 112 336 608 410 5 604 1110 192 123 605 28 142 1185 114 188 725 195 168 633 32
1 3 5 7 9 12 13 16 17 19 21 24 25 27 29 32 34 36 38 40 43 44 46 48 50 52 54 56 58 60 62 64 66 68 70 73 74:12472:228 70 354 88 876 955 297 498 73 169 198 728 348 220 368 140 207 224 336 760 11 10 453 888 48 164 121 21 142 711 57 188 725 195 840 633 128
1 3 5 7 9 11 13 15 17 20 21 24 25 27 29 32 34 36 38 40 42 44 47 48 50 52 54 56 58 60 62 64 66 68 70 73 74:12806:152 70 354 88 438 970 396 65 292 156 132 182 261 220 460 140 138 56 560 760 246 10 837 1110 96 164 363 14 710 948 114 376 435 156 672 633 32
1 3 5 7 9 11 13 15 17 19 21 24 25 27 29 32 34 36 38 40 42 44 46 48 51 52 54 56 58 60 62 65 66 68 70 73 74:11048:304 35 354 176 876 582 396 65 73 169 66 728 87 88 368 84 138 56 224 304 164 10 453 666 54 164 605 35 284 237 57 626 580 117 672 1055 96
1 3 5 7 9 11 13 15 17 20 21 24 25 27 29 32 34 36 38 40 42 44 47 48 51 52 54 56 58 60 62 64 66 68 70 73 74:11338:76 70 472 176 438 776 297 65 146 39 264 728 174 88 184 84 207 112 336 608 410 25 558 888 72 205 121 14 426 711 171 282 725 39 168 1055 128
1 4 5 7 9 11 13 15 17 19 21 24 25 27 29 31 34 36 38 40 42 44 46 48 50 52 54 56 58 60 62 65 66 68 70 72 74:10645:228 41 590 176 438 970 495 65 219 338 264 182 174 88 92 303 207 56 560 152 328 20 453 444 96 41 605 7 710 711 114 313 290 117 672 54 32
1 4 5 7 9 11 13 15 17 19 21 24 25 27 29 31 34 36 38 40 42 44 46 48 51 52 54 56 58 60 62 64 66 68 70 72 74:10770:152 82 354 176 1095 194 99 52 365 338 132 910 261 132 276 505 138 112 224 608 164 25 453 666 72 123 121 35 426 237 285 376 725 117 672 36 32
1 4 5 7 9 11 13 15 17 19 21 24 25 27 29 31 34 36 38 40 42 44 46 48 51 52 54 56 58 60 62 65 66 68 70 72 74:12130:380 164 118 44 219 582 495 39 219 169 132 182 87 220 460 505 138 168 560 456 246 15 453 1110 18 82 121 7 426 1185 114 1252 725 117 672 90 160
1 4 5 7 9 11 13 15 17 19 21 24 25 27 29 31 34 36 38 40 42 44 46 48 51 52 54 56 58 60 63 64 66 68 70 72 74:12535:380 205 590 132 876 970 99 52 292 338 330 728 435 176 276 505 345 56 224 304 164 25 604 888 36 164 605 35 568 474 820 188 145 156 168 54 128
1 4 5 7 9 12 13 16 17 19 21 24 25 27 29 31 34 36 38 40 43 44 46 48 51 52 54 56 58 60 62 64 66 68 70 72 74:8910:228 205 118 220 219 764 495 166 73 169 66 182 174 176 368 303 276 168 224 304 22 15 755 666 36 123 242 21 142 711 171 282 145 195 336 54 96
1 4 5 7 9 11 13 15 17 19 21 24 25 27 29 31 34 36 38 40 42 44 46 48 50 52 54 56 58 60 62 65 66 68 70 73 74:11512:380 123 590 176 438 388 198 65 146 507 198 910 348 132 92 505 138 168 560 760 328 25 151 444 144 164 484 35 142 237 228 313 580 78 672 633 32
1 4 5 7 9 11 13 15 17 19 21 24 25 27 29 31 34 36 38 40 42 44 46 48 51 52 54 56 58 60 62 64 66 68 70 73 74:11463:304 123 236 220 657 970 396 39 73 507 198 546 87 132 460 303 276 224 560 304 246 5 604 222 18 82 484 28 426 948 57 282 725 78 336 211 96
1 4 5 7 9 11 13 15 17 19 21 24 25 27 29 31 34 36 38 40 43 44 46 48 51 52 54 56 58 60 62 64 66 68 70 73 74:12898:152 123 354 88 657 970 297 39 219 845 330 728 261 220 184 404 345 280 112 608 33 15 755 444 54 205 605 21 142 1185 228 188 435 117 168 1055 32
1 4 5 7 9 11 13 15 17 19 21 24 25 27 29 31 34 36 38 40 42 44 46 48 51 52 54 56 58 60 62 65 66 68 70 73 74:12586:380 205 590 44 1095 194 297 26 365 169 66 546 261 220 368 303 345 280 560 608 164 5 604 888 36 41 605 21 426 237 285 939 435 156 336 422 64
1 4 5 7 9 11 13 15 17 19 21 24 25 27 29 33 34 36 38 40 42 44 46 48 50 52 54 56 58 60 62 64 66 68 70 72 74:10334:304 164 472 132 219 388 396 39 219 169 132 546 174 176 276 808 69 56 112 304 328 15 453 1110 48 164 121 7 142 948 285 94 725 117 504 54 64
1 4 5 7 9 11 13 15 17 19 21 24 25 27 29 32 34 36 38 40 42 44 46 48 50 52 54 56 58 60 62 65 66 68 70 72 74:12281:228 205 118 88 219 970 99 13 146 169 330 364 435 220 460 140 345 224 560 760 164 5 755 666 192 164 605 7 710 237 228 1252 725 78 168 72 160
1 4 5 7 9 11 13 16 17 19 21 24 25 27 29 33 34 36 38 40 42 44 46 48 50 52 54 56 58 60 62 64 66 68 70 72 74:9440:228 82 354 176 219 582 297 664 146 338 198 364 174 88 276 202 69 280 560 760 82 10 302 222 240 205 121 14 426 237 228 376 435 195 168 90 32
1 4 5 7 9 11 13 15 17 19 21 24 25 27 29 32 34 36 38 40 42 44 46 48 51 52 54 56 58 60 62 64 66 68 70 72 74:10011:152 164 354 88 219 776 396 52 146 338 198 728 174 176 368 112 345 280 224 152 82 5 453 666 90 41 605 28 142 237 228 470 725 39 672 54 32
1 4 5 7 9 11 13 15 17 19 21 24 25 27 29 32 34 36 38 40 42 44 46 48 51 52 54 56 58 60 62 65 66 68 70 72 74:12562:380 41 472 44 219 194 99 26 146 845 198 910 348 132 460 56 207 224 448 456 246 20 302 444 54 205 605 7 710 1185 228 1565 290 78 504 54 160
1 4 5 7 9 11 13 16 17 19 21 24 25 27 29 32 34 36 38 40 42 44 46 48 51 52 54 56 58 60 62 64 66 68 70 72 74:11713:304 205 590 132 876 582 297 166 365 338 330 728 261 88 92 28 69 56 560 760 246 5 151 666 90 164 484 7 710 948 57 282 145 195 504 72 160
1 4 5 7 9 11 13 15 17 19 21 24 25 27 29 33 34 36 38 40 42 44 46 48 50 52 54 56 58 60 62 64 66 68 70 73 74:12702:152 82 590 220 876 388 495 65 292 338 66 910 261 88 276 404 138 224 224 152 164 10 755 1110 48 82 605 21 568 711 57 282 580 117 168 1055 128
1 4 5 7 9 11 13 15 17 19 21 24 25 27 29 32 34 36 38 40 42 44 46 48 51 52 54 56 58 60 62 64 66 68 70 73 74:11862:76 82 354 132 1095 970 297 13 73 845 264 728 174 132 92 140 207 168 112 608 82 10 755 444 90 82 242 14 142 474 114 188 580 156 840 1055 32
1 4 5 7 9 11 13 15 17 19 21 24 25 27 29 33 34 36 38 40 42 44 46 48 51 52 54 56 58 60 62 64 66 68 70 73 74:11327:152 164 354 220 438 776 495 52 146 845 132 364 348 88 184 404 276 224 336 608 246 25 302 222 72 205 484 14 284 711 171 470 290 117 168 844 96
1 3 5 7 9 11 13 15 17 19 21 23 25 27 29 31 34 36 39 40 42 44 46 48 50 52 54 56 58 60 62 64 66 68 70 72 74:11304:304 175 590 44 876 582 198 26 146 507 330 846 261 220 92 202 345 280 180 608 246 10 604 666 192 41 484 7 426 237 228 282 580 39 336 18 96
1 3 5 7 9 11 13 15 17 19 21 23 25 27 29 31 34 36 39 40 42 44 46 48 50 52 54 56 58 60 62 64 66 68 71 72 74:11738:228 35 236 220 657 388 198 13 365 169 66 1410 174 176 368 101 276 224 225 760 164 10 755 222 48 164 605 35 710 948 171 188 435 156 720 54 64
1 3 5 7 9 12 13 15 17 19 21 23 25 27 29 31 34 36 39 40 42 44 46 48 50 52 54 56 58 60 62 64 66 68 70 72 74:10137:380 70 590 176 438 573 297 39 219 338 66 846 87 220 92 303 69 112 135 152 246 20 755 1110 240 205 121 7 710 237 171 470 290 117 168 36 32
1 3 5 7 9 12 13 16 17 19 21 23 25 27 29 31 34 36 39 40 42 44 46 48 50 52 54 56 58 60 62 64 66 68 70 72 74:12602:380 105 354 88 438 764 495 830 146 507 198 1410 435 44 184 202 276 112 135 760 246 5 604 444 144 82 242 7 284 1185 114 376 435 39 336 36 160
1 3 5 7 9 12 13 16 17 19 21 23 25 27 29 31 34 36 39 40 42 44 46 48 50 52 54 56 58 60 62 64 66 68 71 72 74:11160:76 140 236 132 438 382 198 830 219 169 264 1410 348 220 276 404 345 168 90 152 164 15 302 444 144 82 363 7 284 1185 57 376 290 156 576 90 128
1 3 5 7 9 11 13 15 17 19 21 23 25 27 29 31 34 36 39 40 42 44 46 48 51 52 54 56 58 60 62 64 66 68 70 72 74:12830:152 140 590 220 657 776 495 39 292 676 330 1128 261 176 184 404 276 224 135 760 328 25 604 888 18 41 363 21 284 711 228 470 435 195 168 72 64
1 3 5 7 9 11 13 15 17 19 21 23 25 27 29 31 34 36 39 40 42 44 46 48 51 52 54 56 58 60 62 64 66 68 71 72 74:10211:76 35 472 176 219 194 297 39 365 169 330 1128 348 176 276 505 207 168 225 456 328 5 302 1110 18 82 484 21 426 474 114 282 435 39 144 54 32
1 3 5 7 9 12 13 15 17 19 21 23 25 27 29 31 34 36 39 40 42 44 46 48 51 52 54 56 58 60 62 64 66 68 70 72 74:10222:228 35 236 44 876 191 396 65 73 845 132 564 174 88 276 303 276 168 180 456 164 20 755 666 54 41 484 14 568 237 171 470 290 78 504 36 64
1 3 5 7 9 11 13 15 17 19 21 23 25 27 29 31 34 36 39 40 42 44 46 48 51 52 54 56 58 60 63 64 66 68 71 72 74:10664:228 35 354 44 219 970 495 13 73 169 330 1128 261 88 184 101 345 224 90 152 410 20 755 1110 72 123 363 35 710 237 328 188 435 117 144 18 96
1 3 5 7 9 12 13 16 17 19 21 23 25 27 29 31 34 36 39 40 42 44 46 48 51 52 54 56 58 60 62 64 66 68 70 72 74:11317:76 140 590 220 876 573 99 664 365 845 330 282 261 176 92 505 345 280 45 608 246 15 302 222 72 41 121 35 284 1185 228 282 145 117 504 18 128
1 3 5 7 9 12 13 16 17 19 21 23 25 27 29 31 34 36 39 40 42 44 46 48 51 52 54 56 58 60 62 64 66 68 71 72 74:9809:76 140 236 176 438 191 297 332 146 169 198 846 435 44 276 404 138 56 180 760 164 25 302 888 36 41 121 28 568 711 228 282 580 39 144 18 96
1 3 5 7 9 11 13 15 17 19 21 23 25 27 29 31 34 36 39 40 42 44 46 48 51 52 54 56 58 60 62 64 66 69 71 72 74:11881:304 105 236 220 876 582 99 65 292 845 66 1128 87 88 276 404 345 168 180 760 164 10 151 666 54 123 121 28 142 948 285 470 435 688 288 54 128
1 3 5 7 9 11 13 15 17 19 21 24 25 27 29 31 34 36 39 40 42 44 46 48 50 52 54 56 58 60 62 64 66 68 71 72 74:11634:76 140 354 220 657 776 396 13 146 676 132 546 435 220 92 505 138 112 45 608 410 20 302 1110 48 41 121 21 142 711 228 470 725 78 720 72 128
1 3 5 7 9 11 13 15 17 19 21 24 25 27 29 31 34 36 39 40 42 44 46 48 50 52 54 56 58 60 62 65 66 68 71 72 74:11541:152 70 472 132 438 776 495 65 219 169 330 182 174 220 460 303 276 112 180 304 164 5 755 222 96 123 484 28 142 1185 171 1565 435 117 288 72 160
1 3 5 7 9 12 13 15 17 19 21 24 25 27 29 31 34 36 39 40 42 44 46 48 50 52 54 56 58 60 62 65 66 68 71 72 74:10619:152 35 236 44 219 573 99 13 146 338 264 364 261 88 276 101 207 280 90 608 328 15 755 888 96 205 484 21 142 1185 171 626 580 39 576 18 96
1 3 5 7 10 12 13 15 17 19 21 24 25 27 29 31 34 36 39 40 42 44 46 48 50 52 54 56 58 60 62 65 66 68 71 72 74:12868:304 105 472 220 400 955 99 26 219 676 330 546 261 176 368 404 207 112 135 456 82 20 151 1110 48 164 363 28 710 1185 228 1252 145 117 576 90 128
1 3 5 7 9 12 13 16 17 19 21 24 25 27 29 31 34 36 39 40 42 44 46 48 50 52 54 56 58 60 62 64 66 68 71 72 74:10791:380 175 236 44 438 573 297 664 219 676 66 728 348 220 368 101 276 168 180 304 246 15 453 888 144 205 242 14 142 711 285 188 290 195 144 72 96
1 3 5 7 9 11 13 15 17 19 21 24 25 27 29 31 34 36 39 40 42 44 46 48 51 52 54 56 58 60 62 64 66 68 71 72 74:10058:152 140 472 44 219 776 297 13 219 169 264 182 435 88 276 101 207 224 225 608 328 10 604 666 18 205 363 7 568 474 285 282 580 195 144 90 128
1 3 5 7 9 12 13 15 17 19 21 24 25 27 29 31 34 36 39 40 42 44 46 48 51 52 54 56 58 60 62 64 66 68 71 72 74:10336:228 70 354 44 1095 573 495 39 365 338 330 910 348 44 368 505 345 280 135 152 82 20 151 222 72 164 484 28 568 474 114 94 580 39 144 18 64
1 3 5 7 9 11 13 15 17 19 21 24 25 27 29 31 34 36 39 40 42 44 46 48 51 52 54 56 58 60 62 65 66 68 71 72 74:12690:228 70 354 176 876 970 495 65 219 676 198 546 348 132 368 505 69 112 90 152 328 10 755 666 90 164 242 28 710 1185 171 313 435 78 720 18 128
1 3 5 7 9 12 13 16 17 19 21 24 25 27 29 31 34 36 39 40 42 44 46 48 51 52 54 56 58 60 62 64 66 68 71 72 74:12735:380 35 354 88 1095 764 495 830 73 676 198 728 348 176 276 101 345 224 90 608 246 5 755 1110 18 164 121 14 568 474 285 94 435 78 288 36 160
1 3 5 7 9 11 13 15 17 19 21 24 25 27 29 31 34 36 39 40 42 44 46 48 50 52 54 56 58 60 62 65 66 68 71 73 74:12181:304 70 118 176 657 194 495 52 219 338 198 182 87 132 276 101 207 168 225 456 164 25 453 888 96 82 363 35 710 1185 171 1565 580 195 432 422 160
1 3 5 7 9 11 13 15 17 19 21 24 25 27 29 31 34 36 39 40 42 44 46 48 50 52 54 56 58 60 62 65 66 69 71 73 74:11279:76 70 472 132 438 194 297 65 146 169 264 728 348 44 184 404 138 280 180 760 164 15 151 666 192 82 363 14 710 1185 285 313 435 688 288 211 128
1 3 5 7 9 11 13 15 17 19 21 24 25 27 29 31 34 36 39 40 42 44 46 48 51 52 54 56 58 60 62 65 66 68 71 73 74:11120:304 175 236 176 876 582 99 65 73 338 198 910 261 88 368 303 138 224 90 760 164 20 302 444 36 123 605 21 142 474 57 1252 435 39 288 422 32
1 3 5 7 9 11 13 15 17 19 21 24 25 27 29 31 34 36 39 40 42 44 46 48 51 52 54 56 58 60 62 65 66 69 71 73 74:11876:228 35 236 176 657 388 495 13 219 169 330 728 261 132 460 202 69 112 45 456 410 20 302 666 90 41 605 35 710 474 57 1252 435 172 288 844 64
1 3 5 7 9 11 13 15 17 19 21 24 25 27 29 32 34 36 39 40 42 44 46 48 50 52 54 56 58 60 62 64 66 68 70 72 74:12404:380 70 472 220 1095 582 495 52 219 338 198 364 435 44 92 112 276 224 45 760 410 10 453 444 192 41 605 14 568 1185 285 470 290 78 672 54 160
1 3 5 7 9 11 13 15 17 19 21 24 25 27 29 32 34 36 39 40 42 44 46 48 50 52 54 56 58 60 62 65 66 68 71 72 74:10262:304 70 354 132 438 970 99 13 146 507 264 364 348 88 184 140 69 280 135 456 82 15 302 666 192 123 363 7 142 948 57 626 725 39 432 54 128
1 3 5 7 9 11 13 15 17 19 21 24 25 27 29 32 34 36 39 40 43 44 46 48 50 52 54 56 58 60 62 65 66 68 70 72 74:11911:380 105 354 176 438 388 297 13 365 338 132 546 348 176 276 56 345 112 135 760 11 25 151 666 144 164 484 21 284 711 228 1565 725 156 672 36 128
1 3 5 7 9 12 13 16 17 19 21 24 25 27 29 32 34 36 39 40 42 44 46 48 50 52 54 56 58 60 62 64 66 68 70 72 74:10656:152 140 472 132 438 764 396 166 292 169 132 910 87 44 184 112 345 112 90 304 328 25 453 1110 144 82 605 21 568 474 228 94 580 117 336 18 32
1 3 5 7 9 12 13 16 17 19 21 24 25 27 29 32 34 36 39 40 42 44 46 48 50 52 54 56 58 60 62 64 66 68 71 72 74:13165:228 175 354 88 1095 191 99 830 146 507 330 910 348 220 460 84 207 56 225 760 410 25 604 666 144 205 121 28 568 948 57 282 725 117 720 72 160
1 3 5 7 9 11 13 15 17 19 21 24 25 27 29 32 34 36 39 40 42 44 46 48 51 52 54 56 58 60 62 64 66 68 70 72 74:8437:380 70 236 88 876 388 198 65 292 507 66 182 261 44 276 28 69 56 45 456 246 15 302 222 72 82 605 21 142 711 171 376 290 195 336 36 32
1 3 5 7 9 11 13 15 17 19 21 24 25 27 29 32 34 36 39 40 42 44 46 48 51 52 54 56 58 60 62 65 66 68 71 72 74:10098:76 35 472 132 1095 194 99 52 73 507 66 364 348 220 92 56 138 168 225 760 164 25 151 444 54 82 605 7 710 237 171 1252 145 117 576 90 96
1 3 5 7 9 12 13 16 17 19 21 24 25 27 29 32 34 36 39 40 42 44 46 48 51 52 54 56 58 60 62 64 66 68 71 72 74:11574:304 70 354 44 657 382 396 664 146 845 330 728 87 220 368 112 138 280 135 760 246 10 151 222 36 123 605 35 568 474 228 282 580 156 720 54 64
1 3 5 7 9 11 13 15 17 20 21 24 25 27 29 32 34 36 39 40 42 44 47 48 51 52 54 56 58 60 62 64 66 68 70 72 74:10622:76 140 472 220 438 970 396 26 365 156 132 546 261 88 460 140 276 280 90 760 246 10 837 666 18 82 121 28 142 474 285 188 580 195 336 90 32
1 3 5 7 9 11 13 16 17 20 21 24 25 27 29 32 34 36 39 40 42 44 47 48 51 52 54 56 58 60 62 64 66 68 70 72 74:9265:304 70 590 132 219 194 297 664 146 156 264 182 261 88 460 112 345 224 135 608 328 5 279 1110 18 82 242 28 142 474 57 94 290 39 504 90 32
1 3 5 7 9 11 13 15 17 19 21 24 25 27 29 32 34 36 39 40 42 44 46 48 50 52 54 56 58 60 62 64 66 68 70 73 74:12327:380 140 590 132 1095 194 198 13 292 845 198 728 174 44 184 28 69 224 90 152 328 10 755 222 192 164 605 7 284 1185 57 94 725 117 840 844 128
1 3 5 7 9 11 13 15 17 19 21 24 25 27 29 32 34 36 39 40 42 44 46 48 50 52 54 56 58 60 62 65 66 68 71 73 74:12683:76 35 118 220 876 388 396 39 292 845 132 546 261 132 460 28 345 168 90 608 328 25 755 444 144 82 484 14 710 711 171 939 145 195 720 633 128
1 3 5 7 9 11 13 16 17 19 21 24 25 27 29 32 34 36 39 40 42 44 46 48 50 52 54 56 58 60 62 64 66 68 70 73 74:11496:228 70 590 220 438 194 99 830 219 845 198 728 435 132 368 112 207 56 135 456 328 10 604 666 144 123 242 21 284 474 171 376 290 117 504 422 160
1 3 5 7 9 12 13 16 17 19 21 24 25 27 29 32 34 36 39 40 42 44 46 48 50 52 54 56 58 60 62 64 66 68 71 73 74:10212:152 140 236 220 876 382 495 664 365 338 66 182 174 132 368 28 276 56 135 304 328 20 755 222 96 123 484 35 284 711 57 282 290 117 576 211 32
1 3 5 7 9 11 13 15 17 20 21 24 25 27 29 32 34 36 39 40 42 44 47 48 50 52 54 56 58 60 62 64 66 68 70 73 74:10643:228 175 354 176 219 776 99 65 365 78 264 910 261 88 276 112 345 280 45 304 82 25 1116 1110 192 82 121 21 142 474 228 94 290 117 336 633 160
1 3 5 7 9 11 13 15 17 19 21 24 25 27 29 32 34 36 39 40 42 44 46 48 51 52 54 56 58 60 62 64 66 68 70 73 74:12123:304 175 354 220 876 194 297 26 365 169 132 182 174 88 460 140 207 280 45 152 328 10 755 1110 36 41 484 21 710 948 285 470 145 117 672 1055 96
1 3 5 7 9 12 13 16 18 20 21 23 25 27 29 31 34 36 38 40 42 44 46 48 50 52 54 56 58 60 62 64 66 68 70 72 74:10731:152 70 590 132 876 382 99 830 205 78 264 1128 87 220 368 101 69 168 336 304 246 10 151 666 192 82 121 28 142 948 114 376 725 117 168 90 96
1 3 5 7 9 12 13 16 18 20 21 23 25 27 29 31 34 36 38 40 42 44 47 48 50 52 54 56 58 60 62 64 66 68 70 72 74:10769:228 35 354 88 1095 573 495 498 41 117 330 564 435 176 184 202 138 56 112 304 328 5 279 444 240 205 605 35 142 948 171 94 145 195 840 36 32
1 3 5 7 9 11 13 16 18 20 21 24 25 27 29 31 34 36 38 40 42 44 46 48 50 52 54 56 58 60 62 64 66 68 70 72 74:11937:228 105 472 176 876 970 495 166 82 39 330 364 261 132 184 404 138 280 560 456 328 5 302 888 96 82 121 7 426 948 57 188 725 156 672 90 128
1 3 5 7 9 12 13 16 18 20 21 24 25 27 29 31 34 36 38 40 42 44 46 48 50 52 54 56 58 60 62 64 66 68 70 72 74:9544:152 105 590 88 657 382 495 830 123 39 66 364 435 220 184 101 207 112 112 304 82 15 604 888 48 41 121 7 142 237 57 282 580 156 504 54 160
1 3 5 7 9 11 13 16 18 20 21 24 25 27 29 31 34 36 38 40 42 44 47 48 50 52 54 56 58 60 62 64 66 68 70 72 74:10924:380 70 118 88 219 970 495 498 164 195 330 364 435 132 368 505 207 56 224 304 82 10 558 444 96 164 363 35 142 948 228 282 435 39 840 72 64
1 3 5 7 9 12 13 16 18 20 21 24 25 27 29 31 34 36 38 40 42 44 46 48 51 52 54 56 58 60 62 64 66 68 70 72 74:9867:304 35 590 44 1095 573 198 830 123 78 198 182 348 88 460 505 69 56 112 304 328 20 453 222 36 123 605 7 142 474 171 282 145 117 336 54 160
1 3 5 7 9 11 13 16 18 20 21 24 25 27 29 32 34 36 38 40 42 44 46 48 50 52 54 56 58 60 62 64 66 68 70 72 74:10085:76 105 118 220 219 776 297 166 205 39 198 182 435 44 460 140 138 224 448 456 82 25 302 1110 192 205 363 28 426 711 228 470 290 39 504 36 128
1 3 5 7 9 11 13 16 18 20 21 24 25 27 29 32 34 36 38 40 43 44 46 48 50 52 54 56 58 60 62 64 66 68 70 72 74:8788:228 105 236 44 876 582 495 166 164 156 330 546 174 88 92 84 276 112 448 304 55 5 151 222 240 164 121 35 284 474 57 94 580 78 672 18 32
1 3 5 7 9 12 13 16 18 20 21 24 25 27 29 32 34 36 38 40 42 44 46 48 50 52 54 56 58 60 62 64 66 68 70 72 74:8963:228 70 236 132 219 573 396 332 41 39 264 546 87 132 92 56 207 280 560 152 246 10 604 222 240 164 363 28 284 711 285 470 145 195 168 90 96
1 3 5 7 9 11 13 16 18 20 21 24 25 27 29 32 34 36 38 40 42 44 47 48 50 52 54 56 58 60 62 64 66 68 70 72 74:11019:380 140 590 88 657 582 495 498 41 156 198 728 261 220 184 56 69 168 560 456 246 5 279 888 48 123 484 21 142 711 171 282 435 39 504 18 96
1 3 5 7 9 11 13 16 18 20 21 24 25 27 29 32 34 36 38 40 42 44 46 48 50 52 54 56 58 60 62 64 66 68 70 73 74:10908:380 70 118 88 1095 194 396 830 41 156 198 546 348 176 92 28 207 224 112 760 164 5 302 222 48 164 484 14 426 711 285 470 580 195 504 211 64
1 3 5 7 9 12 13 16 18 20 21 23 25 27 29 31 34 36 39 40 42 44 46 48 51 52 54 56 58 60 62 64 66 68 70 72 74:11104:380 105 118 44 657 382 99 498 41 156 198 1410 87 44 276 101 69 56 45 760 246 15 604 888 90 123 605 7 426 1185 285 376 435 39 168 54 32
1 3 5 7 9 12 13 16 18 20 21 23 25 27 29 31 34 36 39 40 42 44 46 48 51 52 54 56 58 60 62 64 66 68 71 72 74:10660:152 35 118 176 657 573 495 498 82 78 66 1410 261 88 184 202 138 168 45 608 246 5 755 666 72 82 242 35 284 711 228 188 580 156 144 72 160
1 3 5 7 9 11 13 16 18 20 21 24 25 27 29 31 34 36 39 40 42 44 46 48 50 52 54 56 58 60 62 64 66 68 71 72 74:10611:304 70 118 44 438 582 495 830 164 156 264 182 174 176 184 404 276 224 90 456 164 20 755 444 144 164 363 35 284 1185 285 94 145 78 720 36 64
1 3 5 7 9 12 13 16 18 20 21 24 25 27 29 31 34 36 39 40 42 44 46 48 51 52 54 56 58 60 62 64 66 68 71 72 74:10291:304 35 472 44 1095 382 297 166 164 117 132 728 435 44 460 202 69 112 90 152 328 15 302 888 36 205 121 7 568 948 171 470 145 195 288 72 32
1 3 5 7 9 11 13 16 18 20 21 24 25 27 29 32 34 36 39 40 42 44 46 48 50 52 54 56 58 60 62 64 66 68 71 72 74:10379:380 35 354 132 876 776 495 664 41 39 132 910 87 132 184 84 207 56 135 456 164 5 151 666 48 41 242 35 426 711 228 188 435 156 576 36 96
1 3 5 7 9 11 14 15 17 19 21 23 25 27 29 31 34 36 38 40 42 44 46 48 50 52 54 56 58 60 62 64 66 68 70 72 74:10765:76 105 236 132 219 776 23 52 219 507 198 1410 348 176 184 505 207 112 224 304 328 5 151 888 96 123 242 28 568 474 171 282 725 117 504 18 32
1 3 5 7 9 11 14 15 17 19 21 23 25 27 29 31 34 36 38 40 42 44 46 48 50 52 54 56 58 60 62 64 66 68 71 72 74:10258:304 105 472 44 1095 970 69 13 292 338 132 564 87 44 276 505 69 224 448 456 246 10 302 444 48 82 242 28 284 948 171 94 290 156 288 54 64
1 3 5 7 10 11 14 15 17 19 21 23 25 27 29 31 34 36 38 40 42 44 46 48 50 52 54 56 58 60 62 64 66 68 71 72 74:9469:152 175 236 220 200 776 46 13 365 169 66 1410 435 88 276 404 345 112 336 152 164 25 604 222 48 82 605 35 142 237 171 94 145 117 720 18 64
1 3 5 7 9 12 14 15 17 19 21 23 25 27 29 31 34 36 38 40 42 44 46 48 50 52 54 56 58 60 62 64 66 68 71 72 74:9957:228 35 118 44 438 764 115 13 365 338 66 282 435 220 92 101 207 56 224 608 82 15 302 666 144 82 605 35 426 1185 285 188 145 78 720 90 160
1 3 5 7 10 12 14 15 17 19 21 23 25 27 29 31 34 36 38 40 42 44 46 48 50 52 54 56 58 60 62 64 66 68 70 72 74:13316:152 70 472 88 1000 382 115 39 146 845 330 1128 174 176 92 505 69 168 448 608 246 20 302 1110 96 123 605 14 710 1185 114 188 725 117 504 90 160
1 3 5 7 10 12 14 15 17 19 21 23 25 27 29 31 34 36 38 40 42 44 46 48 50 52 54 56 58 60 62 64 66 68 71 72 74:9512:152 175 118 44 800 764 69 65 73 845 264 564 261 88 92 505 345 112 112 760 82 25 302 222 192 41 242 14 284 237 228 188 290 195 576 90 96
1 3 5 7 9 11 14 16 17 19 21 23 25 27 29 31 34 36 38 40 42 44 46 48 50 52 54 56 58 60 62 64 66 68 71 72 74:11534:380 35 118 88 219 582 46 332 365 338 132 564 261 220 184 404 345 224 224 152 328 25 755 666 144 82 242 7 710 1185 57 376 725 117 720 54 128
1 3 5 7 9 12 14 16 17 19 21 23 25 27 29 31 34 36 38 40 42 44 46 48 50 52 54 56 58 60 62 64 66 68 70 72 74:12593:228 35 236 88 876 764 92 166 146 845 330 1410 261 44 184 202 138 280 560 608 328 15 302 666 144 123 242 21 710 237 228 188 725 117 840 54 160
1 3 5 7 9 12 14 16 17 19 21 23 25 27 29 31 34 36 38 40 42 44 46 48 50 52 54 56 58 60 62 64 66 68 71 72 74:11743:228 70 236 88 1095 764 115 664 365 507 198 282 174 88 276 404 69 112 112 456 164 20 604 1110 192 164 605 14 568 474 171 188 725 39 288 18 96
1 3 5 7 9 11 14 15 17 19 21 23 25 27 29 31 34 36 38 40 42 44 46 48 50 52 54 56 58 60 62 64 66 69 71 72 74:12700:152 175 472 44 1095 970 115 65 146 507 132 1410 261 44 92 404 276 56 336 760 246 10 151 666 96 41 363 21 568 711 114 470 145 688 720 18 160
1 3 5 7 9 11 14 15 17 20 21 23 25 27 29 31 34 36 38 40 42 44 47 48 50 52 54 56 58 60 62 64 66 68 70 72 74:9088:380 175 118 44 219 776 92 39 146 39 264 564 435 44 276 505 276 280 224 152 410 20 279 666 192 82 242 21 284 237 285 470 145 39 504 36 128
1 3 5 7 9 12 14 16 17 20 21 23 25 27 29 31 34 36 38 40 42 44 47 48 50 52 54 56 58 60 62 64 66 68 70 72 74:10904:152 140 590 220 438 382 46 830 219 117 66 564 348 176 276 303 138 112 336 456 246 15 558 222 144 164 242 28 568 1185 171 470 725 39 168 18 32
1 3 5 7 9 11 14 15 17 19 21 23 25 27 29 31 34 36 38 40 42 44 46 48 51 52 54 56 58 60 62 64 66 68 70 72 74:11400:76 35 118 176 657 970 92 26 73 169 198 1410 87 88 460 202 69 112 448 760 164 25 604 222 36 82 605 28 142 948 285 470 435 156 840 36 96
1 3 5 7 9 11 14 15 17 19 21 23 25 27 29 31 34 36 38 40 42 44 46 48 51 52 54 56 58 60 62 64 66 68 71 72 74:10040:380 70 472 44 1095 388 69 65 146 338 198 564 87 220 184 101 138 224 336 760 246 20 453 444 54 164 121 28 568 474 285 94 580 156 288 90 96
1 3 5 8 9 11 14 15 17 19 21 23 25 27 29 31 34 36 38 40 42 44 46 48 51 52 54 56 58 60 62 64 66 68 71 72 74:11706:380 35 590 450 657 582 92 13 219 845 330 1410 348 88 460 404 207 56 336 456 164 5 302 666 54 205 121 14 142 1185 57 94 435 78 144 18 64
1 3 5 7 10 11 14 15 17 19 21 23 25 27 29 31 34 36 38 40 42 44 46 48 51 52 54 56 58 60 62 64 66 68 71 72 74:10702:228 175 354 176 200 388 69 13 146 845 330 1128 174 44 184 404 207 56 224 760 246 25 453 222 18 205 484 21 142 1185 114 470 580 156 144 36 96
1 3 5 8 9 12 14 16 17 19 21 23 25 27 29 31 34 36 38 40 42 44 46 48 51 52 54 56 58 60 62 64 66 68 71 72 74:11070:76 175 118 225 657 955 92 664 292 845 330 282 348 176 184 101 69 112 112 456 328 20 453 888 18 164 121 28 284 948 228 376 290 117 288 90 160
1 3 5 7 9 11 14 15 17 19 21 23 25 27 29 31 34 36 38 40 42 44 46 48 51 52 54 56 58 60 62 64 66 69 71 72 74:13496:152 175 354 176 876 776 46 26 365 338 66 1410 435 176 92 404 207 280 560 608 82 25 604 1110 72 205 605 28 710 474 171 188 290 688 576 18 128
1 3 5 7 9 11 14 15 17 20 21 23 25 27 29 31 34 36 38 40 42 44 47 48 51 52 54 56 58 60 62 64 66 68 70 72 74:11235:228 35 354 44 438 970 115 52 365 39 66 564 87 176 92 505 207 280 112 152 328 20 1116 888 54 205 242 35 284 948 171 376 580 117 840 54 96
1 3 5 7 9 11 14 15 17 19 21 24 25 27 29 31 34 36 38 40 42 44 46 48 50 52 54 56 58 60 62 65 66 68 70 72 74:10198:152 175 354 132 438 970 69 65 365 676 264 182 348 176 92 404 138 280 112 304 246 20 302 222 48 82 242 28 426 237 285 1565 435 78 168 54 64
1 3 5 7 9 11 14 15 17 19 21 24 25 27 29 31 34 36 38 40 42 44 46 48 50 52 54 56 58 60 62 65 66 68 71 72 74:8692:304 175 354 44 657 194 23 52 219 169 66 182 348 176 184 404 345 168 336 456 410 25 302 444 96 164 121 21 426 237 171 626 290 195 144 36 128
1 3 5 7 10 11 14 15 17 19 21 24 25 27 29 31 34 36 38 40 42 44 46 48 50 52 54 56 58 60 62 65 66 68 70 72 74:11923:228 70 236 132 1000 970 115 52 365 845 66 182 435 132 368 505 207 168 112 456 82 15 151 888 48 164 605 7 426 948 171 313 580 195 504 54 128
1 3 5 7 10 11 14 15 17 19 21 24 25 27 29 31 34 36 38 40 42 44 46 48 50 52 54 56 58 60 62 65 66 68 71 72 74:10665:304 140 590 88 600 194 115 65 219 676 330 910 87 220 460 101 207 56 112 304 82 25 302 222 48 164 363 7 142 474 285 1252 580 39 720 54 128
1 3 5 7 9 11 14 16 17 19 21 24 25 27 29 31 34 36 38 40 42 44 46 48 50 52 54 56 58 60 62 64 66 68 70 72 74:11541:152 140 118 132 1095 970 115 498 365 507 132 182 435 176 368 202 207 112 560 608 410 25 604 666 96 205 242 28 426 474 171 282 435 117 168 54 64
1 3 5 7 9 12 14 16 17 19 21 24 25 27 29 31 34 36 38 40 42 44 46 48 50 52 54 56 58 60 62 64 66 68 70 72 74:11003:228 140 118 88 876 382 92 830 219 169 66 546 174 44 368 404 69 168 112 456 82 20 755 888 96 205 363 21 426 1185 285 94 145 117 672 36 64
1 3 5 7 9 12 14 16 17 19 21 24 25 27 29 31 34 36 38 40 42 44 46 48 50 52 54 56 58 60 62 64 66 68 71 72 74:11766:152 70 472 132 876 191 115 332 292 338 330 728 261 88 460 505 207 280 448 760 164 15 302 666 240 205 363 28 142 948 57 282 725 78 432 18 64
1 3 5 7 9 11 14 16 17 19 21 24 25 27 29 31 34 36 38 40 43 44 46 48 50 52 54 56 58 60 62 65 66 68 70 72 74:11696:304 35 472 220 1095 582 46 498 73 676 132 546 174 44 184 101 345 224 560 760 22 20 302 444 240 205 242 14 710 474 228 626 435 195 336 36 96
1 3 5 7 9 11 14 15 17 20 21 24 25 27 29 31 34 36 38 40 42 44 47 48 50 52 54 56 58 60 62 65 66 68 70 72 74:10744:152 35 118 44 219 194 92 39 292 117 264 546 261 176 92 404 345 112 560 304 328 20 1116 1110 240 123 484 21 568 1185 114 313 435 39 168 18 96
1 3 5 7 9 11 14 15 17 20 21 24 25 27 29 31 34 36 38 40 42 44 47 48 50 52 54 56 58 60 62 65 66 68 71 72 74:11224:76 70 590 176 657 776 92 13 73 39 264 728 261 44 276 101 207 280 560 304 246 25 279 1110 192 82 363 28 284 948 171 313 725 195 576 36 64
1 3 5 7 9 11 14 15 17 20 21 24 25 27 29 31 34 36 38 40 43 44 47 48 50 52 54 56 58 60 62 65 66 68 70 72 74:9204:152 140 472 44 219 388 115 65 365 117 66 728 87 176 92 404 138 224 224 456 55 20 279 222 96 123 242 21 142 237 285 1565 435 156 504 54 96
1 3 5 7 9 11 14 16 17 20 21 24 25 27 29 31 34 36 38 40 42 44 47 48 50 52 54 56 58 60 62 64 66 68 70 72 74:11028:304 35 354 132 876 582 92 664 146 156 132 546 348 132 368 404 138 112 336 304 164 25 279 888 96 82 121 35 284 1185 57 94 725 78 672 18 64
1 3 5 7 9 12 14 16 17 20 21 24 25 27 29 31 34 36 38 40 42 44 47 48 50 52 54 56 58 60 62 65 66 68 71 72 74:12818:152 140 472 88 219 382 115 332 365 195 264 546 435 220 368 404 345 224 560 608 328 20 837 666 144 123 121 7 710 237 285 1565 580 39 576 18 128
1 3 5 7 9 11 14 15 17 19 21 24 25 27 29 31 34 36 38 40 42 44 46 48 51 52 54 56 58 60 62 65 66 68 70 72 74:9947:304 35 236 132 876 776 92 39 146 169 330 546 87 220 184 101 345 56 112 608 328 10 151 444 90 123 363 7 142 711 285 313 580 156 672 18 160
1 3 5 7 9 11 14 16 17 19 21 24 25 27 29 31 34 36 38 40 43 44 46 48 51 52 54 56 58 60 62 65 66 68 70 72 74:10987:76 140 236 220 438 388 92 498 73 676 66 728 435 176 92 202 345 112 336 760 44 25 151 888 90 205 242 14 710 237 57 1565 145 39 336 54 96
1 3 5 7 9 11 14 15 17 20 21 24 25 27 29 31 34 36 38 40 42 44 47 48 51 52 54 56 58 60 62 65 66 68 70 72 74:10436:380 105 354 132 876 776 46 52 146 117 66 546 348 44 460 505 138 168 224 304 164 25 279 666 72 123 605 28 142 711 114 626 145 195 672 18 64
1 3 5 7 9 11 14 16 17 20 21 24 25 27 29 31 34 36 38 40 42 44 47 48 51 52 54 56 58 60 62 64 66 68 70 72 74:12319:228 35 118 132 657 776 46 830 219 39 198 728 87 88 460 505 276 56 112 456 410 15 558 1110 90 41 484 28 142 948 228 376 725 156 840 90 32
1 3 5 7 9 11 14 15 17 19 21 24 25 27 29 31 34 36 38 40 42 44 46 48 50 52 54 56 58 60 62 65 66 68 70 73 74:11912:304 105 590 44 438 582 23 26 146 845 330 728 348 176 276 202 345 280 448 152 164 5 151 888 96 164 605 7 142 474 57 939 725 117 504 422 64
1 3 5 7 9 11 14 15 17 19 21 24 25 27 29 31 34 36 38 40 42 44 46 48 50 52 54 56 58 60 62 65 66 68 71 73 74:11022:76 35 472 44 219 970 46 39 365 338 66 364 87 88 460 303 207 168 448 760 164 5 151 888 144 82 605 28 568 237 114 313 580 117 288 1055 128
1 3 5 7 9 11 14 16 17 19 21 24 25 27 29 31 34 36 38 40 42 44 46 48 50 52 54 56 58 60 62 64 66 68 70 73 74:9569:304 140 236 176 876 194 46 166 219 507 330 182 87 220 460 303 69 280 224 152 82 15 302 222 96 123 363 14 568 474 171 188 580 117 840 211 32
1 3 5 7 9 11 14 16 17 19 21 24 25 27 29 31 34 36 38 40 42 44 46 48 50 52 54 56 58 60 62 64 66 68 71 73 74:11295:228 140 354 220 1095 194 23 830 219 338 330 910 348 44 184 202 345 168 448 608 82 5 151 888 48 123 121 28 426 948 114 282 290 78 144 211 128
1 3 5 7 9 12 14 16 17 19 21 24 25 27 29 31 34 36 38 40 42 44 46 48 50 52 54 56 58 60 62 64 66 68 70 73 74:12241:228 105 118 132 876 573 46 166 219 845 330 364 348 44 460 404 69 56 336 456 164 15 453 666 240 205 605 28 710 948 228 470 145 156 336 633 64
1 3 5 7 9 12 14 16 17 19 21 24 25 27 29 31 34 36 38 40 42 44 46 48 50 52 54 56 58 60 62 64 66 68 71 73 74:10443:152 35 236 44 657 573 23 166 146 338 132 364 435 132 368 404 69 224 112 152 246 20 151 444 96 205 242 35 426 1185 285 188 725 195 720 422 96
1 3 5 7 9 11 14 16 17 19 21 24 25 27 29 31 34 36 38 40 43 44 46 48 50 52 54 56 58 60 62 65 66 68 70 73 74:10563:228 175 236 44 1095 776 46 332 146 169 264 364 261 88 184 303 276 56 224 456 44 10 755 222 144 82 242 14 142 237 114 939 145 117 840 633 160
1 3 5 7 9 11 14 15 17 20 21 24 25 27 29 31 34 36 38 40 42 44 47 48 50 52 54 56 58 60 62 65 66 68 70 73 74:10736:304 175 236 44 876 194 46 65 219 117 264 364 174 132 276 404 276 168 336 304 82 25 279 666 240 123 484 28 284 948 57 939 145 39 336 1055 32
1 3 5 7 9 11 14 16 17 20 21 24 25 27 29 31 34 36 38 40 42 44 47 48 50 52 54 56 58 60 62 64 66 68 70 73 74:12599:380 70 118 88 1095 776 115 498 73 39 264 910 174 220 460 101 138 168 336 304 164 20 837 888 96 164 605 35 142 948 57 94 435 39 840 844 64
1 3 5 7 9 11 14 16 17 20 21 24 25 27 29 31 34 36 38 40 43 44 47 48 50 52 54 56 58 60 62 64 66 68 70 73 74:10945:304 35 236 220 876 388 46 332 73 117 66 182 174 176 184 505 69 112 224 760 44 5 1116 888 96 41 242 21 568 711 228 188 290 195 504 633 96
1 3 5 7 9 11 14 15 17 19 21 24 25 27 29 31 34 36 38 40 42 44 46 48 51 52 54 56 58 60 62 65 66 68 70 73 74:10884:152 140 472 220 438 970 23 39 365 169 132 182 435 88 92 303 207 224 224 456 328 15 302 888 54 82 484 7 142 474 285 313 725 117 672 633 32
1 3 5 7 9 11 14 15 17 19 21 24 25 27 29 32 34 36 38 40 42 44 46 48 50 52 54 56 58 60 62 65 66 68 70 72 74:10134:152 140 118 88 1095 776 23 39 146 169 66 182 87 220 276 28 207 112 224 152 328 15 755 222 96 164 242 28 710 711 285 626 580 78 840 90 64
1 3 5 7 9 11 14 15 17 19 21 24 25 27 29 32 34 36 38 40 42 44 46 48 50 52 54 56 58 60 62 65 66 68 71 72 74:12004:304 35 354 220 657 970 23 65 292 676 264 364 435 176 368 140 138 280 224 456 82 5 604 888 48 123 484 28 284 474 114 1252 580 195 288 18 96
1 3 5 7 9 11 14 15 17 19 21 24 25 27 29 32 34 36 38 40 43 44 46 48 50 52 54 56 58 60 62 65 66 68 70 72 74:10013:228 35 472 132 876 776 23 39 365 338 198 364 87 132 184 84 276 280 224 456 11 20 453 222 96 205 363 28 426 948 285 626 290 117 168 90 96
1 3 5 7 9 11 14 15 17 19 21 24 25 27 29 32 34 36 38 40 43 44 46 48 50 52 54 56 58 60 62 65 66 68 71 72 74:9203:76 175 354 44 438 194 46 13 292 169 198 546 435 132 276 140 207 280 336 608 44 20 302 222 96 164 363 7 284 237 171 1252 145 117 720 36 64
1 3 5 7 9 11 14 16 17 19 21 24 25 27 29 32 34 36 38 40 42 44 46 48 50 52 54 56 58 60 62 64 66 68 70 72 74:9552:304 175 118 132 438 582 23 830 219 338 132 182 261 176 368 140 345 168 448 608 164 10 151 666 192 82 484 21 426 237 285 94 290 195 168 36 64
1 3 5 7 9 12 14 16 17 19 21 24 25 27 29 32 34 36 38 40 42 44 46 48 50 52 54 56 58 60 62 64 66 68 70 72 74:9320:304 35 472 132 657 573 115 166 73 507 264 182 261 176 368 84 276 168 112 456 410 20 453 222 96 123 121 21 284 474 114 376 290 117 672 18 128
1 3 5 7 9 12 14 16 17 19 21 24 25 27 29 32 34 36 38 40 42 44 46 48 50 52 54 56 58 60 62 64 66 68 71 72 74:9195:152 70 354 132 219 191 92 498 146 338 198 546 261 44 368 140 276 56 448 152 82 20 302 444 48 82 242 14 426 1185 114 188 435 156 576 72 128
1 3 5 7 9 11 14 16 17 20 21 24 25 27 29 32 34 36 38 40 42 44 47 48 50 52 54 56 58 60 62 64 66 68 70 72 74:10700:228 70 118 88 657 776 69 498 292 78 198 728 435 88 276 112 69 168 448 760 410 25 279 444 240 123 121 7 568 1185 57 470 145 156 168 18 128
1 3 5 7 9 11 14 15 17 19 21 24 25 27 29 32 34 36 38 40 42 44 46 48 51 52 54 56 58 60 62 65 66 68 70 72 74:13050:380 105 590 176 657 582 23 52 292 338 330 910 435 176 92 112 138 224 224 760 164 5 755 1110 18 41 605 14 568 1185 57 626 435 117 672 18 64
1 3 5 7 9 11 14 15 17 19 21 24 25 27 29 32 34 36 38 40 43 44 46 48 51 52 54 56 58 60 62 65 66 68 70 72 74:9747:152 35 236 220 876 970 69 52 73 676 264 364 87 132 184 84 138 224 224 304 44 15 151 444 72 41 363 14 142 474 228 939 435 117 672 72 160
1 3 5 7 9 11 14 16 17 20 21 24 25 27 29 32 34 36 38 40 42 44 47 48 51 52 54 56 58 60 62 64 66 68 70 72 74:11468:152 70 236 88 1095 388 115 332 365 156 198 910 174 44 184 84 69 280 560 304 328 5 1395 888 90 123 605 14 142 711 57 282 145 39 672 72 96
1 3 5 7 9 11 14 15 17 19 21 24 25 27 29 32 34 36 38 40 42 44 46 48 50 52 54 56 58 60 62 65 66 68 70 73 74:11582:152 105 472 220 438 582 46 13 146 338 132 364 174 176 276 140 207 112 336 608 246 25 604 666 48 164 605 21 710 474 114 313 725 39 672 1055 64
1 3 5 7 9 11 14 15 17 19 21 24 25 27 29 32 34 36 38 40 42 44 46 48 50 52 54 56 58 60 62 65 66 68 71 73 74:11598:76 70 472 176 876 776 23 52 73 338 66 546 261 132 276 84 207 280 560 152 82 5 453 1110 48 41 605 35 284 711 285 939 725 117 144 422 96
1 3 5 7 9 11 14 16 17 19 21 24 25 27 29 32 34 36 38 40 42 44 46 48 50 52 54 56 58 60 62 64 66 68 70 73 74:12343:76 175 118 176 219 970 23 332 146 676 330 728 87 176 276 140 345 224 560 456 82 5 453 444 144 164 605 28 710 474 114 376 725 195 504 1055 32
1 3 5 7 9 12 14 16 17 19 21 24 25 27 29 32 34 36 38 40 42 44 46 48 50 52 54 56 58 60 62 64 66 68 70 73 74:13915:304 140 236 88 876 955 46 498 219 676 198 728 348 176 460 112 276 168 560 608 164 5 755 1110 48 205 121 7 568 1185 228 94 435 117 504 633 64
1 3 5 7 9 12 14 16 17 19 21 24 25 27 29 32 34 36 38 40 42 44 46 48 50 52 54 56 58 60 62 64 66 68 71 73 74:13383:76 35 590 220 657 191 92 664 219 845 330 728 174 176 368 112 69 168 112 608 328 10 604 1110 192 205 484 28 710 711 285 470 435 117 288 844 128
1 3 5 7 9 11 14 16 17 20 21 24 25 27 29 32 34 36 38 40 42 44 47 48 50 52 54 56 58 60 62 64 66 68 70 73 74:10191:304 35 236 44 219 970 115 498 365 195 198 728 174 220 276 28 138 56 224 760 246 10 1395 222 96 123 121 21 284 711 114 470 145 39 168 211 32
1 3 5 7 9 11 14 15 17 19 21 24 25 27 29 32 34 36 38 40 42 44 46 48 51 52 54 56 58 60 62 65 66 68 70 73 74:10621:152 105 236 176 657 388 23 39 146 845 264 364 261 44 368 56 276 112 112 304 410 10 604 1110 90 41 484 21 142 948 171 626 290 39 336 211 160
1 4 5 7 9 12 14 15 17 19 21 24 25 27 29 31 34 36 38 40 42 44 46 48 50 52 54 56 58 60 62 64 66 68 71 72 74:11626:76 205 236 88 1095 955 69 65 219 338 132 364 435 220 92 505 276 168 560 152 328 10 604 1110 144 205 363 35 568 1185 114 94 290 78 144 72 32
1 4 5 7 9 11 14 15 17 19 21 24 25 27 29 31 34 36 38 40 42 44 46 48 50 52 54 56 58 60 62 65 66 68 70 72 74:9373:304 82 590 176 438 582 115 13 73 845 66 182 261 132 92 404 69 112 224 456 410 5 302 666 48 82 121 28 142 237 57 939 145 117 672 90 96
1 4 5 7 9 11 14 16 17 19 21 24 25 27 29 31 34 36 38 40 42 44 46 48 50 52 54 56 58 60 62 64 66 68 70 72 74:12213:228 123 590 220 657 970 115 332 365 338 66 910 87 176 184 505 138 224 448 304 164 15 755 1110 240 205 484 7 142 711 285 282 145 156 336 36 160
1 4 5 7 9 12 14 15 17 20 21 24 25 27 29 31 34 36 38 40 42 44 47 48 50 52 54 56 58 60 62 64 66 68 70 72 74:10945:228 41 472 176 438 955 46 39 219 195 330 910 261 220 368 303 138 224 336 456 410 10 558 444 240 123 242 28 142 237 285 282 725 78 672 18 96
1 4 5 7 9 12 14 16 17 20 21 24 25 27 29 31 34 36 38 40 42 44 47 48 50 52 54 56 58 60 62 64 66 68 70 72 74:12119:304 164 354 132 438 764 115 498 365 78 132 546 435 132 184 404 138 56 448 608 164 25 1116 666 96 164 605 28 426 474 228 94 725 195 672 18 128
1 4 5 7 9 11 14 15 17 19 21 24 25 27 29 31 34 36 38 40 42 44 46 48 51 52 54 56 58 60 62 65 66 68 70 72 74:12288:380 123 590 132 219 970 69 65 219 507 330 546 87 132 460 505 138 56 560 152 164 10 151 888 72 82 242 7 284 1185 114 1252 725 78 672 90 32
1 4 5 7 9 11 14 16 17 19 21 24 25 27 29 31 34 36 38 40 42 44 46 48 51 52 54 56 58 60 62 64 66 68 70 72 74:9762:304 82 590 88 219 388 46 332 146 338 264 546 348 88 368 202 138 280 224 304 328 10 151 444 36 205 242 7 568 948 171 188 145 156 672 36 160
1 4 5 7 9 12 14 16 17 19 21 24 25 27 29 31 34 36 38 40 42 44 46 48 51 52 54 56 58 60 62 64 66 68 70 72 74:10911:76 123 236 220 876 191 92 664 73 507 198 364 435 220 368 404 138 168 560 608 246 25 151 1110 54 82 484 28 710 237 114 188 290 117 336 90 128
1 4 5 7 9 11 14 15 17 19 21 24 25 27 29 31 34 36 38 40 42 44 46 48 50 52 54 56 58 60 62 65 66 68 70 73 74:11730:152 82 118 176 219 776 115 65 146 845 198 546 87 44 92 202 69 56 560 456 410 10 604 666 96 82 363 14 710 711 228 1565 145 39 840 211 32
1 4 5 7 9 11 14 16 17 19 21 24 25 27 29 31 34 36 38 40 42 44 46 48 50 52 54 56 58 60 62 64 66 68 70 73 74:12656:380 205 472 176 876 970 23 830 292 338 132 910 435 220 184 101 207 168 336 608 164 15 453 222 240 123 605 35 710 474 57 282 145 78 672 422 96
1 4 5 7 9 11 14 15 17 19 21 24 25 27 29 31 34 36 38 40 42 44 46 48 51 52 54 56 58 60 62 65 66 68 70 73 74:10757:152 82 236 176 657 776 23 13 73 169 330 182 261 176 460 505 69 224 336 304 246 20 302 666 18 164 363 35 426 474 57 1252 145 195 672 422 96
1 4 5 7 9 12 14 15 17 19 21 24 25 27 29 33 34 36 38 40 42 44 46 48 50 52 54 56 58 60 62 64 66 68 71 72 74:10562:152 82 590 44 438 764 115 13 146 845 198 546 435 176 184 808 69 112 336 608 164 25 151 222 96 205 363 7 284 711 114 470 145 156 720 36 32
1 4 5 7 9 11 14 15 17 19 21 24 25 27 29 32 34 36 38 40 42 44 46 48 50 52 54 56 58 60 62 65 66 68 70 72 74:10080:152 123 354 88 438 582 23 52 146 169 264 728 261 132 368 140 69 112 112 760 328 25 302 888 48 123 242 14 142 948 57 626 725 117 336 54 32
1 4 5 7 9 11 14 15 17 19 21 24 25 27 29 33 34 36 38 40 42 44 46 48 50 52 54 56 58 60 62 65 66 68 70 72 74:10809:304 41 354 176 1095 582 46 26 292 169 132 546 174 176 184 606 345 280 560 608 82 5 453 222 240 164 605 35 284 237 285 939 145 117 168 36 96
1 4 5 7 9 11 14 16 17 19 21 24 25 27 29 32 34 36 38 40 42 44 46 48 50 52 54 56 58 60 62 64 66 68 70 72 74:11215:380 82 590 88 438 582 46 166 73 169 330 728 435 176 368 56 276 112 224 608 164 20 604 666 144 205 363 7 426 948 171 376 580 78 336 72 128
1 4 5 7 9 11 14 16 17 19 21 24 25 27 29 33 34 36 38 40 42 44 46 48 50 52 54 56 58 60 62 64 66 68 70 72 74:10750:152 123 118 176 876 776 46 332 146 169 132 546 261 132 92 1010 69 112 224 608 410 10 453 444 144 164 121 21 710 474 228 282 725 78 168 90 128
1 4 5 7 9 11 14 15 17 19 21 24 25 27 29 33 34 36 38 40 42 44 46 48 51 52 54 56 58 60 62 64 66 68 70 72 74:11381:76 123 236 88 876 388 92 65 73 338 264 182 261 176 184 808 69 168 112 760 410 10 151 666 36 205 605 35 710 1185 57 94 725 117 840 36 160
1 4 5 7 9 11 14 15 17 19 21 24 25 27 29 32 34 36 38 40 42 44 46 48 51 52 54 56 58 60 62 65 66 68 70 72 74:10632:76 82 472 44 438 388 115 65 73 338 66 546 435 88 92 140 345 224 560 456 410 15 302 1110 72 164 484 28 284 948 57 313 435 195 672 36 64
1 4 5 7 9 11 14 16 17 19 21 24 25 27 29 32 34 36 38 40 42 44 46 48 51 52 54 56 58 60 62 64 66 68 70 72 74:10930:152 164 354 88 219 970 69 332 219 338 330 910 174 132 276 140 207 280 448 456 82 20 755 222 36 123 484 14 568 1185 114 188 435 156 168 90 32
1 4 5 7 9 11 14 16 17 19 21 24 25 27 29 33 34 36 38 40 42 44 46 48 51 52 54 56 58 60 62 64 66 68 70 72 74:10766:380 123 354 44 219 776 115 830 292 338 132 182 261 44 184 606 276 168 448 304 246 5 302 444 54 82 605 35 710 711 114 282 290 156 504 54 96
1 4 5 7 9 12 14 16 17 19 21 24 25 27 29 32 34 36 38 40 42 44 46 48 51 52 54 56 58 60 62 64 66 68 70 72 74:9538:76 41 236 176 876 573 115 664 292 676 198 364 261 88 92 28 276 224 336 608 82 10 151 444 36 41 242 7 426 237 285 376 580 39 168 54 160
1 4 5 7 9 11 14 16 17 19 21 24 25 27 29 32 34 36 38 40 42 44 46 48 50 52 54 56 58 60 62 64 66 68 70 73 74:9849:152 82 236 88 219 388 69 664 73 845 198 364 261 132 276 112 138 224 336 760 410 25 302 222 48 41 121 35 142 1185 171 188 725 78 168 211 160
1 3 5 7 9 11 14 15 17 19 21 23 25 27 29 31 34 36 39 40 42 44 46 48 50 52 54 56 58 60 62 64 66 68 70 72 74:11109:304 140 236 88 1095 194 92 65 146 845 264 846 435 176 184 404 276 112 225 608 410 5 151 444 144 164 484 35 284 474 285 470 145 39 672 72 96
1 3 5 7 9 11 14 15 17 19 21 23 25 27 29 31 34 36 39 40 42 44 46 48 50 52 54 56 58 60 62 64 66 68 71 72 74:7961:76 70 354 220 438 388 69 52 292 169 198 564 348 176 92 303 69 280 45 608 164 25 302 888 48 205 242 35 142 237 57 94 290 195 144 18 64
1 3 5 7 10 11 14 15 17 19 21 23 25 27 29 31 34 36 39 40 42 44 46 48 50 52 54 56 58 60 62 64 66 68 71 72 74:11995:304 105 236 44 1000 776 92 52 292 169 132 1128 435 132 184 505 345 112 180 152 328 25 453 666 240 164 484 28 710 1185 171 94 725 39 144 36 128
1 3 5 7 9 12 14 15 17 19 21 23 25 27 29 31 34 36 39 40 42 44 46 48 50 52 54 56 58 60 62 64 66 68 71 72 74:11185:304 140 236 220 657 573 46 13 292 845 330 846 261 176 184 505 207 56 45 304 328 15 302 888 96 123 242 28 426 474 114 282 725 78 720 72 32
1 3 5 7 10 12 14 15 17 19 21 23 25 27 29 31 34 36 39 40 42 44 46 48 50 52 54 56 58 60 62 64 66 68 70 72 74:12702:380 105 590 220 400 764 23 39 146 507 264 1410 174 88 92 202 276 112 225 760 246 15 151 888 240 164 242 35 710 948 171 470 580 39 840 90 96
1 3 5 7 9 11 14 16 17 19 21 23 25 27 29 31 34 36 39 40 42 44 46 48 50 52 54 56 58 60 62 64 66 68 70 72 74:10371:380 35 472 220 657 582 115 664 73 676 264 282 87 220 276 101 345 280 135 152 246 10 453 222 96 164 121 7 568 1185 171 94 290 78 504 18 128
1 3 5 7 9 11 14 16 17 19 21 23 25 27 29 31 34 36 39 40 42 44 46 48 50 52 54 56 58 60 62 64 66 68 71 72 74:10188:152 140 472 176 876 388 115 498 73 676 66 564 435 44 184 404 207 224 180 608 328 5 302 222 96 82 605 28 142 474 57 282 290 39 576 18 160
1 3 5 7 9 12 14 16 17 19 21 23 25 27 29 31 34 36 39 40 42 44 46 48 50 52 54 56 58 60 62 64 66 68 70 72 74:10188:304 140 236 44 876 955 115 830 292 338 132 282 174 44 184 101 138 168 90 304 164 10 604 1110 96 164 121 7 142 474 57 470 580 78 168 36 160
1 3 5 7 9 12 14 16 17 19 21 23 25 27 29 31 34 36 39 40 42 44 46 48 50 52 54 56 58 60 62 64 66 68 71 72 74:10544:304 105 354 176 438 191 69 166 73 507 198 1128 174 44 184 303 207 224 180 304 328 10 453 666 96 123 121 21 710 711 228 282 580 156 576 90 64
1 3 5 7 9 11 14 15 17 19 21 23 25 27 29 31 34 36 39 40 42 44 46 48 50 52 54 56 58 60 62 64 66 69 71 72 74:9781:380 105 236 132 219 776 46 39 292 507 132 282 261 88 460 303 276 280 180 456 328 15 302 888 96 123 363 7 142 237 285 376 145 172 720 36 96
1 3 5 7 9 11 14 15 17 19 21 23 25 27 29 31 34 36 39 40 42 44 46 48 51 52 54 56 58 60 62 64 66 68 70 72 74:11838:228 140 472 44 438 776 23 13 365 676 264 1410 261 132 368 404 69 224 90 760 246 5 604 444 36 205 363 7 284 711 114 470 435 39 504 54 160
1 3 5 7 9 11 14 15 17 19 21 23 25 27 29 31 34 36 39 40 42 44 46 48 51 52 54 56 58 60 62 64 66 68 71 72 74:12522:304 70 354 176 876 388 92 39 292 845 264 846 348 132 460 303 138 112 225 456 410 5 151 1110 54 41 605 35 284 711 171 470 725 156 720 90 64
1 3 5 8 9 11 14 15 17 19 21 23 25 27 29 31 34 36 39 40 42 44 46 48 51 52 54 56 58 60 62 64 66 68 71 72 74:10275:76 140 472 675 657 970 46 39 146 338 330 282 87 44 184 404 345 112 180 456 246 20 604 222 36 205 484 7 142 711 285 94 580 156 432 36 32
1 3 5 7 10 11 14 15 17 19 21 23 25 27 29 31 34 36 39 40 42 44 46 48 51 52 54 56 58 60 62 64 66 68 71 72 74:10898:152 105 472 176 200 776 69 65 219 845 198 564 87 132 460 505 345 224 90 152 82 25 453 888 72 41 605 28 568 948 57 282 580 39 144 90 160
1 3 5 7 10 12 14 15 17 19 21 23 25 27 29 31 34 36 39 40 42 44 46 48 51 52 54 56 58 60 62 64 66 68 71 72 74:8455:380 175 472 132 400 955 23 52 365 169 66 282 435 132 92 101 276 280 225 760 82 10 453 222 36 123 363 28 284 237 114 94 290 117 144 54 32
1 3 5 8 9 12 14 16 17 19 21 23 25 27 29 31 34 36 39 40 42 44 46 48 51 52 54 56 58 60 62 64 66 68 71 72 74:11077:228 35 118 675 1095 955 69 664 292 169 132 282 348 220 184 202 69 224 90 456 164 10 151 888 36 41 363 28 568 1185 114 470 145 117 144 18 128
1 3 5 7 9 11 14 15 17 19 21 23 25 27 29 31 34 36 39 40 42 44 46 48 51 52 54 56 58 60 62 64 66 69 71 72 74:10794:228 35 472 88 438 776 69 13 73 507 132 564 435 88 460 404 207 168 225 760 410 25 755 666 72 41 363 7 142 237 228 470 290 688 144 18 96
1 3 5 7 9 11 14 15 17 19 21 24 25 27 29 31 34 36 39 40 42 44 46 48 50 52 54 56 58 60 62 65 66 68 71 72 74:9921:304 105 472 132 219 388 69 39 146 338 66 364 87 44 460 303 207 56 90 608 164 25 604 1110 192 123 363 14 284 474 57 1252 145 39 432 18 128
1 3 5 7 9 12 14 16 17 19 21 24 25 27 29 31 34 36 39 40 42 44 46 48 50 52 54 56 58 60 62 64 66 68 71 72 74:8984:304 70 590 88 438 764 69 664 365 169 66 182 348 88 184 202 138 112 90 608 328 10 302 444 144 82 242 35 710 474 57 94 290 39 144 18 32
1 3 5 7 9 11 14 15 17 19 21 24 25 27 29 31 34 36 39 40 42 44 46 48 51 52 54 56 58 60 62 65 66 68 71 72 74:9866:228 175 590 220 219 582 115 26 219 169 198 728 435 176 368 101 207 280 45 760 246 5 302 222 90 205 121 28 568 711 57 313 725 156 144 36 96
1 3 5 7 10 11 14 15 17 19 21 24 25 27 29 31 34 36 39 40 42 44 46 48 51 52 54 56 58 60 62 65 66 68 71 72 74:11268:380 35 472 176 1000 970 46 13 219 169 330 364 348 220 460 505 345 280 90 304 328 20 302 222 72 82 242 7 426 711 228 626 580 78 432 90 96
1 3 5 7 9 11 14 16 17 19 21 24 25 27 29 31 34 36 39 40 42 44 46 48 51 52 54 56 58 60 62 64 66 68 71 72 74:11148:380 35 590 220 876 970 92 332 146 338 132 182 261 88 460 202 138 56 135 456 82 25 604 222 90 41 484 14 426 948 228 470 580 195 432 90 128
1 3 5 7 9 12 14 16 17 19 21 24 25 27 29 31 34 36 39 40 42 44 46 48 51 52 54 56 58 60 62 64 66 68 71 72 74:10536:152 105 236 88 876 382 115 498 73 676 330 182 435 132 368 505 138 280 45 152 246 10 755 666 90 123 605 21 284 711 114 376 290 39 288 54 96
1 3 5 7 9 11 14 15 17 20 21 24 25 27 29 31 34 36 39 40 42 44 47 48 51 52 54 56 58 60 62 65 66 68 71 72 74:11298:380 105 354 132 438 776 23 65 73 117 330 910 87 176 184 202 138 56 225 152 328 15 279 1110 36 205 242 14 568 237 114 1565 725 117 720 36 64
1 3 5 7 9 11 14 15 17 19 21 24 25 27 29 31 34 36 39 40 42 44 46 48 50 52 54 56 58 60 62 65 66 68 71 73 74:11397:228 70 236 132 1095 194 69 65 146 676 198 546 174 44 276 404 276 112 45 608 164 25 302 444 144 164 484 35 568 711 57 939 725 78 720 211 32
1 3 5 7 9 11 14 16 17 19 21 24 25 27 29 31 34 36 39 40 43 44 46 48 50 52 54 56 58 60 62 64 66 68 71 73 74:11223:380 70 590 220 876 582 46 664 146 676 264 546 174 132 276 303 207 224 180 304 33 10 302 222 48 82 605 35 284 474 171 376 435 195 720 211 160
1 3 5 7 9 12 14 16 17 19 21 24 25 27 29 31 34 36 39 40 42 44 46 48 50 52 54 56 58 60 62 64 66 68 71 73 74:10970:304 35 118 88 1095 764 115 166 365 338 330 910 261 44 92 202 207 56 180 152 164 10 604 222 144 41 484 14 142 1185 57 188 725 39 432 633 64
1 3 5 7 9 11 14 15 17 19 21 24 25 27 29 31 34 36 39 40 42 44 46 48 50 52 54 56 58 60 62 65 66 69 71 73 74:10938:304 140 118 220 657 194 69 26 292 338 330 546 348 132 276 505 276 56 45 304 246 25 151 888 96 205 121 14 426 1185 114 626 290 860 144 211 160
1 3 5 7 9 11 14 15 17 19 21 24 25 27 29 31 34 36 39 40 42 44 46 48 51 52 54 56 58 60 62 65 66 68 71 73 74:10946:152 175 118 220 657 582 92 13 146 338 330 182 87 44 92 303 207 56 180 608 410 25 604 666 90 164 605 35 426 1185 228 626 725 156 144 211 64
1 3 5 7 9 11 14 16 17 19 21 24 25 27 29 31 34 36 39 40 42 44 46 48 51 52 54 56 58 60 62 64 66 68 71 73 74:9952:76 140 354 132 657 582 69 166 292 169 132 182 87 176 460 505 69 168 90 608 328 25 151 444 18 82 242 21 142 1185 114 376 290 195 432 633 160
1 3 5 7 9 12 14 16 17 19 21 24 25 27 29 31 34 36 39 40 42 44 46 48 51 52 54 56 58 60 62 64 66 68 71 73 74:11735:304 175 236 132 876 764 69 332 365 507 132 910 87 132 92 303 138 224 225 760 82 5 453 666 18 123 363 28 284 1185 171 94 145 117 720 422 96
1 3 5 7 9 11 14 15 17 19 21 24 25 27 29 31 34 36 39 40 42 44 46 48 51 52 54 56 58 60 62 65 66 69 71 73 74:13057:304 70 590 176 876 388 46 39 292 507 330 182 435 220 368 505 69 56 180 456 246 20 755 888 18 123 363 14 710 237 285 1565 145 860 432 211 96
1 3 5 7 9 11 14 15 17 19 21 24 25 27 29 32 34 36 39 40 42 44 46 48 50 52 54 56 58 60 62 65 66 68 71 72 74:8449:304 105 118 220 1095 776 69 65 292 338 132 546 348 44 184 28 276 224 45 152 328 15 151 222 96 82 363 7 142 237 114 626 290 39 144 72 160
1 3 5 7 9 12 14 16 17 19 21 24 25 27 29 32 34 36 39 40 42 44 46 48 50 52 54 56 58 60 62 64 66 68 70 72 74:8749:152 70 236 88 219 955 23 166 73 676 132 182 174 176 92 56 138 112 45 760 328 15 453 1110 48 164 242 14 568 237 285 94 145 117 336 36 32
1 3 5 7 9 12 14 16 17 19 21 24 25 27 29 32 34 36 39 40 42 44 46 48 50 52 54 56 58 60 62 64 66 68 71 72 74:10648:380 35 354 88 876 382 69 498 219 169 264 728 87 176 184 112 138 112 45 456 246 5 151 1110 192 164 121 21 426 1185 171 282 435 117 432 90 128
1 3 5 7 9 11 14 16 17 20 21 24 25 27 29 32 34 36 39 40 42 44 47 48 50 52 54 56 58 60 62 64 66 68 70 72 74:10688:228 35 590 44 657 194 69 664 292 195 264 364 261 220 184 56 276 112 135 608 328 20 279 444 144 41 242 21 426 948 171 376 725 117 840 54 64
1 3 5 7 9 11 14 15 17 19 21 24 25 27 29 32 34 36 39 40 42 44 46 48 51 52 54 56 58 60 62 65 66 68 71 72 74:11142:380 140 354 220 1095 970 46 13 365 845 198 364 174 88 276 112 138 112 135 456 82 5 302 222 72 82 121 28 284 474 171 1565 145 156 720 72 160
1 3 5 7 9 11 14 16 17 19 21 24 25 27 29 32 34 36 39 40 42 44 46 48 51 52 54 56 58 60 62 64 66 68 71 72 74:10719:76 140 472 132 219 970 115 664 365 338 264 910 174 220 368 56 138 112 225 760 164 5 302 444 36 123 484 21 284 948 57 188 290 117 288 90 160
1 3 5 7 9 12 14 16 17 19 21 24 25 27 29 32 34 36 39 40 42 44 46 48 51 52 54 56 58 60 62 64 66 68 70 72 74:10536:76 140 236 176 876 573 46 664 292 676 66 546 348 176 368 140 276 168 45 456 410 5 453 222 72 82 484 7 426 237 171 376 580 195 336 72 64
1 3 5 7 9 12 14 16 17 19 21 24 25 27 29 32 34 36 39 40 42 44 46 48 51 52 54 56 58 60 62 64 66 68 71 72 74:10374:152 105 354 176 657 382 46 166 146 338 330 546 435 44 276 56 345 112 90 760 246 10 755 222 54 41 363 35 710 711 171 376 725 195 144 36 64
1 3 5 7 9 12 14 16 17 19 21 24 25 27 29 32 34 36 39 40 42 44 46 48 50 52 54 56 58 60 62 64 66 68 71 73 74:11948:76 105 118 44 219 955 23 664 292 845 330 364 435 88 276 112 207 112 225 608 328 5 453 1110 240 123 242 21 142 948 114 94 580 78 432 844 96
1 3 5 7 9 11 14 16 17 19 21 24 25 27 29 32 34 36 39 40 42 44 46 48 51 52 54 56 58 60 62 64 66 68 70 73 74:12997:380 70 236 132 1095 970 46 664 292 845 198 910 348 176 276 84 276 168 45 608 328 20 302 888 72 41 121 7 710 711 171 470 580 39 168 422 128
1 3 5 7 9 11 14 16 17 19 21 24 25 27 29 32 34 36 39 40 42 44 46 48 51 52 54 56 58 60 62 64 66 68 71 73 74:11232:152 70 354 132 438 970 69 664 365 169 264 182 348 132 368 112 276 56 45 760 82 15 755 666 54 123 484 28 710 474 171 188 145 39 432 844 96
1 3 5 7 9 12 14 16 17 19 21 24 25 27 29 32 34 36 39 40 42 44 46 48 51 52 54 56 58 60 62 64 66 68 70 73 74:10828:152 35 236 220 1095 191 69 166 219 676 66 182 348 44 92 28 345 280 90 456 328 5 604 888 90 82 242 21 568 711 228 188 580 195 168 844 96
1 4 5 7 9 12 14 15 17 19 21 24 25 27 29 31 34 36 39 40 42 44 46 48 50 52 54 56 58 60 62 64 66 68 71 72 74:11098:304 164 590 220 1095 573 92 39 292 676 66 728 348 176 184 404 276 112 225 608 328 25 151 222 240 164 121 35 426 711 171 282 145 39 720 18 128
1 3 5 7 9 11 14 16 18 20 21 23 25 27 29 31 34 36 38 40 42 44 46 48 50 52 54 56 58 60 62 64 66 68 71 72 74:10454:228 175 236 220 219 776 46 830 82 156 66 564 174 88 184 505 207 280 560 304 410 25 151 888 192 164 484 21 426 237 57 188 580 117 432 54 128
1 3 5 7 9 12 14 16 18 20 21 23 25 27 29 31 34 36 38 40 42 44 46 48 50 52 54 56 58 60 62 64 66 68 70 72 74:9130:76 70 590 132 1095 382 69 664 82 156 330 282 435 88 92 404 69 112 112 760 82 15 302 222 48 41 121 35 142 948 171 94 145 78 504 54 128
1 3 5 7 9 12 14 16 18 20 21 23 25 27 29 31 34 36 38 40 42 44 46 48 50 52 54 56 58 60 62 64 66 68 71 72 74:10344:380 35 118 44 876 573 46 332 123 195 198 564 435 132 276 404 345 56 112 760 164 15 151 1110 144 123 363 7 284 474 228 282 580 117 144 90 64
1 3 5 7 9 11 14 16 18 20 21 23 25 27 29 31 34 36 38 40 42 44 47 48 50 52 54 56 58 60 62 64 66 68 70 72 74:10272:380 70 236 88 219 194 115 166 164 195 264 1410 348 132 92 404 138 280 112 152 410 15 279 888 144 164 484 7 142 474 285 282 435 78 840 90 96
1 3 5 7 9 12 14 16 18 20 21 23 25 27 29 31 34 36 38 40 42 44 47 48 50 52 54 56 58 60 62 64 66 68 70 72 74:9205:76 105 354 132 438 573 69 332 123 39 66 564 435 132 184 202 276 112 112 760 82 5 1116 666 96 41 242 7 142 711 57 94 145 195 336 90 96
1 3 5 7 9 11 14 16 18 20 21 24 25 27 29 31 34 36 38 40 42 44 46 48 50 52 54 56 58 60 62 64 66 68 71 72 74:11482:380 105 590 220 219 776 69 166 205 156 132 546 348 220 276 505 276 112 560 304 328 20 302 1110 144 164 605 21 568 474 285 94 725 39 288 54 96
1 3 5 7 10 11 14 16 18 20 21 24 25 27 29 31 34 36 38 40 42 44 46 48 50 52 54 56 58 60 62 64 66 68 71 72 74:10592:380 70 590 176 400 194 69 166 123 156 330 910 174 88 460 303 69 224 336 152 410 20 453 1110 240 123 363 35 142 711 228 282 580 195 144 90 96
1 3 5 7 9 11 14 16 18 20 21 24 25 27 29 31 34 36 38 40 42 44 47 48 50 52 54 56 58 60 62 64 66 68 70 72 74:11585:76 140 118 132 657 776 69 664 164 78 198 364 261 88 92 101 69 112 448 760 246 10 1116 888 240 123 605 21 284 474 285 188 725 195 672 18 128
1 3 5 7 9 11 14 16 18 20 21 24 25 27 29 31 34 36 38 40 42 44 46 48 50 52 54 56 58 60 62 64 66 68 71 73 74:10134:76 175 590 132 876 582 69 664 82 156 66 728 348 88 276 202 69 168 560 152 246 20 151 222 192 205 605 21 568 711 114 94 145 39 288 422 32
1 3 5 7 9 11 14 16 18 20 21 24 25 27 29 31 34 36 38 40 42 44 47 48 50 52 54 56 58 60 62 64 66 68 70 73 74:13836:380 140 354 176 1095 582 23 664 123 156 330 546 435 220 368 101 138 112 224 760 246 20 1395 666 192 164 605 14 426 948 114 282 580 117 168 844 128
1 3 5 7 9 11 14 16 18 20 21 24 25 27 29 32 34 36 38 40 42 44 46 48 50 52 54 56 58 60 62 64 66 68 71 72 74:12354:304 105 472 176 876 970 69 664 205 78 330 182 348 88 184 112 345 168 224 608 164 25 604 1110 48 205 605 7 710 1185 171 376 145 39 288 36 128
1 3 5 7 9 11 14 16 18 20 21 24 25 27 29 32 34 36 38 40 42 44 47 48 50 52 54 56 58 60 62 64 66 68 70 72 74:10822:76 175 118 88 876 582 46 830 41 117 66 910 261 220 368 56 207 56 112 152 246 15 279 222 240 164 242 14 710 1185 285 282 435 156 840 54 96
1 3 5 7 9 11 14 16 18 20 21 24 25 27 29 32 34 36 38 40 42 44 46 48 50 52 54 56 58 60 62 64 66 68 70 73 74:12160:380 105 472 88 1095 194 23 166 123 78 66 910 348 220 368 28 345 56 336 608 328 25 453 666 96 123 605 7 426 474 171 470 435 156 840 844 32
1 4 5 7 9 12 14 16 18 20 21 24 25 27 29 31 34 36 38 40 42 44 46 48 50 52 54 56 58 60 62 64 66 68 70 72 74:9941:76 205 590 132 438 191 92 664 164 78 330 910 87 132 92 505 345 112 224 456 410 25 151 222 240 205 605 14 426 237 114 94 725 78 504 36 32
1 3 5 7 9 12 14 16 18 20 21 23 25 27 29 31 34 36 39 40 42 44 46 48 50 52 54 56 58 60 62 64 66 68 71 72 74:10161:380 35 118 88 438 382 23 498 82 195 264 1410 87 44 184 505 345 168 135 608 82 5 302 222 192 205 363 35 142 1185 228 94 290 195 432 72 128
1 3 5 7 9 11 14 16 18 20 21 24 25 27 29 31 34 36 39 40 42 44 46 48 51 52 54 56 58 60 62 64 66 68 71 72 74:8686:228 70 354 44 219 194 23 166 82 39 330 182 348 176 276 303 69 56 180 608 410 15 604 888 36 164 605 28 142 237 57 470 290 39 576 18 160
1 4 5 7 9 11 14 15 17 19 21 24 25 27 29 31 34 36 38 40 42 44 46 49 50 52 54 56 58 60 62 65 66 68 70 72 74:10147:76 123 236 220 219 194 115 65 219 338 330 546 87 44 276 505 138 280 560 456 164 5 755 507 240 123 484 35 284 237 171 626 725 156 504 72 32
1 3 5 7 9 11 13 15 17 19 21 23 25 27 29 31 34 36 38 40 42 44 46 48 50 52 55 56 58 60 62 64 66 68 70 72 74:10999:152 175 236 132 1095 776 495 26 365 338 66 564 87 88 460 303 138 56 224 760 246 25 151 666 96 123 504 28 568 237 171 376 580 156 336 72 128
1 3 5 7 9 12 13 15 17 19 21 23 25 27 29 31 34 36 38 40 42 44 46 48 50 52 55 56 58 60 62 64 66 68 70 72 74:9762:76 105 472 220 657 382 99 39 219 169 66 564 87 220 460 404 345 168 224 760 164 5 604 222 48 164 252 14 284 948 171 188 145 195 504 54 64
1 3 5 7 9 12 13 16 17 19 21 23 25 27 29 31 34 36 38 40 42 44 46 48 50 52 55 56 58 60 62 64 66 68 70 72 74:13390:152 175 472 88 876 382 198 830 292 338 198 1410 435 176 276 303 207 112 448 456 246 5 453 444 48 123 1260 21 426 948 285 470 580 39 168 18 32
1 3 5 7 9 11 13 15 17 20 21 23 25 27 29 31 34 36 38 40 42 44 47 48 50 52 55 56 58 60 62 64 66 68 70 72 74:10682:304 35 590 88 219 776 495 26 365 195 66 846 87 44 368 404 207 112 336 152 164 20 279 222 48 41 1260 14 284 948 228 282 435 156 336 90 160
1 3 5 7 9 12 13 15 17 20 21 23 25 27 29 31 34 36 38 40 42 44 47 48 50 52 55 56 58 60 62 64 66 68 70 72 74:10565:304 35 590 132 1095 955 198 39 219 39 66 564 261 44 92 101 276 224 112 304 82 20 558 666 96 205 504 14 284 711 171 470 145 117 672 72 128
1 3 5 7 9 11 13 15 17 19 21 23 25 27 29 31 34 36 38 40 42 44 46 48 51 52 55 56 58 60 62 64 66 68 70 72 74:12436:76 175 472 132 1095 194 99 26 292 169 66 1410 174 220 92 202 345 224 224 456 246 20 755 888 90 82 756 28 710 948 228 188 290 78 840 18 128
1 3 5 7 9 12 13 15 17 19 21 23 25 27 29 31 34 36 38 40 42 44 46 48 51 52 55 56 58 60 62 64 66 68 70 72 74:11626:228 70 118 220 657 382 495 65 146 507 264 846 87 176 460 404 207 168 560 152 410 15 453 888 36 123 1260 7 568 237 57 470 145 195 336 54 160
1 3 5 7 9 11 13 15 17 19 21 23 25 27 29 31 34 36 38 40 42 44 46 48 51 52 55 56 58 60 63 64 66 68 70 72 74:13257:380 35 590 44 876 776 198 65 292 676 264 1128 87 44 276 404 207 168 224 304 328 5 302 1110 90 164 252 35 284 1185 820 376 580 156 336 36 160
1 3 5 7 9 12 13 16 17 19 21 23 25 27 29 31 34 36 38 40 42 44 46 48 51 52 55 56 58 60 62 64 66 68 70 72 74:11133:304 105 590 220 219 382 99 830 292 169 198 282 261 88 92 404 138 168 336 456 246 5 604 888 72 41 1008 28 710 237 228 94 435 78 672 90 64
1 3 5 7 9 11 13 15 17 20 21 23 25 27 29 31 34 36 38 40 42 44 47 48 51 52 55 56 58 60 62 64 66 68 70 72 74:12080:228 105 472 132 1095 776 396 52 365 117 198 846 87 176 276 202 69 224 560 456 82 15 558 888 18 41 1008 14 710 237 114 94 580 39 672 18 160
1 3 5 7 9 12 13 15 17 20 21 23 25 27 29 31 34 36 38 40 42 44 47 48 51 52 55 56 58 60 62 64 66 68 70 72 74:10562:228 105 472 132 876 382 297 26 219 156 66 564 348 176 460 202 207 224 336 152 246 5 279 222 54 205 756 21 568 948 57 94 290 117 840 72 160
1 3 5 7 9 11 13 16 17 20 21 23 25 27 29 31 34 36 38 40 42 44 47 48 51 52 55 56 58 60 62 64 66 68 70 72 74:12091:304 140 472 44 438 582 99 332 292 78 198 1128 435 44 184 404 207 224 336 608 328 5 1395 1110 18 41 504 21 142 237 228 376 580 39 336 54 128
1 3 5 7 9 11 13 15 17 19 21 23 25 27 29 31 34 36 39 40 42 44 46 48 50 52 55 56 58 60 62 64 66 68 70 72 74:12570:76 35 118 220 876 776 297 52 146 338 264 1128 348 132 368 505 69 280 225 456 410 25 604 666 96 123 756 14 142 711 228 282 725 39 840 72 128
1 3 5 7 9 11 13 15 17 19 21 23 25 27 29 31 34 36 39 40 42 44 46 48 50 52 55 56 58 60 62 64 66 68 71 72 74:11496:304 175 472 44 657 582 396 13 146 338 330 1410 261 132 276 303 276 56 225 152 328 5 302 666 144 123 756 21 142 948 114 376 290 195 288 90 160
1 3 5 7 9 12 13 15 17 19 21 23 25 27 29 31 34 36 39 40 42 44 46 48 50 52 55 56 58 60 62 64 66 68 70 72 74:10367:76 175 236 220 219 764 198 13 365 169 132 1410 87 220 184 101 69 168 180 608 82 25 453 444 48 123 1260 28 710 474 57 282 290 39 336 90 32
1 3 5 7 9 12 13 16 17 19 21 23 25 27 29 31 34 36 39 40 42 44 46 48 50 52 55 56 58 60 62 64 66 68 70 72 74:11912:76 175 236 88 657 573 495 830 365 169 330 1410 435 44 184 202 276 112 135 152 246 15 302 1110 144 82 504 7 284 711 285 282 435 39 336 90 96
1 3 5 7 9 12 13 16 17 19 21 23 25 27 29 31 34 36 39 40 42 44 46 48 50 52 55 56 58 60 62 64 66 68 71 72 74:9759:76 175 118 220 438 191 99 498 292 507 132 846 435 88 276 101 138 56 180 760 164 20 151 444 144 164 252 21 568 1185 171 188 145 78 288 54 96
1 3 5 7 9 11 13 15 17 19 21 23 25 27 29 31 34 36 39 40 42 44 46 48 50 52 55 56 58 60 62 64 66 69 71 72 74:10310:228 70 236 176 1095 194 495 26 219 507 198 846 174 88 460 101 276 112 135 456 328 20 151 222 240 205 252 21 142 237 285 470 435 344 720 18 128
1 3 6 7 9 11 13 15 17 19 21 23 25 27 29 31 34 36 39 40 42 44 46 48 50 52 55 56 58 60 62 64 66 69 71 72 74:11368:76 140 74 132 219 970 396 13 365 845 198 1128 174 132 184 505 69 280 45 304 164 15 302 1110 144 164 756 7 284 711 114 94 580 172 288 54 160
1 3 5 7 9 11 13 15 17 20 21 23 25 27 29 31 34 36 39 40 42 44 47 48 50 52 55 56 58 60 62 64 66 68 70 72 74:12182:380 175 236 88 1095 194 297 26 365 195 264 1410 435 44 92 303 276 280 90 304 82 20 279 1110 96 205 756 35 284 1185 114 282 290 195 504 36 160
1 3 5 7 9 12 13 15 17 20 21 23 25 27 29 31 34 36 39 40 42 44 47 48 50 52 55 56 58 60 62 64 66 68 70 72 74:11003:152 35 472 88 1095 955 396 65 292 117 198 282 174 132 184 202 276 56 135 152 82 5 1116 666 144 123 504 14 568 711 57 282 145 156 840 36 96
1 3 5 7 9 11 13 15 17 19 21 23 25 27 29 31 34 36 39 40 42 44 46 48 51 52 55 56 58 60 62 64 66 68 70 72 74:10866:304 175 472 132 438 194 297 65 146 507 264 564 87 44 92 303 138 56 180 760 82 20 604 888 90 41 1008 21 568 711 171 188 145 117 840 90 64
1 3 5 7 9 11 13 15 17 19 21 23 25 27 29 31 34 36 39 40 42 44 46 48 51 52 55 56 58 60 62 64 66 68 71 72 74:11987:152 175 590 132 657 582 495 39 365 845 132 282 87 176 276 404 138 112 45 456 82 15 151 888 18 205 1260 7 142 1185 114 376 435 117 720 36 96
1 3 5 7 9 12 13 15 17 19 21 23 25 27 29 31 34 36 39 40 42 44 46 48 51 52 55 56 58 60 62 64 66 68 70 72 74:11116:76 70 472 132 876 573 198 39 292 338 132 846 87 88 276 404 276 168 225 152 328 20 151 222 18 164 1008 21 284 948 228 282 580 156 840 18 128
1 3 5 7 9 11 13 15 17 19 21 23 25 27 29 31 34 36 39 40 42 44 46 48 51 52 55 56 58 60 63 64 66 68 71 72 74:10348:380 175 118 88 1095 388 495 39 292 338 198 1128 435 176 92 101 276 224 45 456 328 15 302 222 18 41 252 35 284 474 492 282 290 156 432 90 96
1 3 5 7 9 12 13 16 17 19 21 23 25 27 29 31 34 36 39 40 42 44 46 48 51 52 55 56 58 60 62 64 66 68 70 72 74:10917:228 140 118 176 438 573 495 332 73 507 198 564 435 44 368 303 276 112 45 152 410 15 453 888 54 82 756 28 426 237 114 470 290 195 840 18 64
1 3 5 7 9 12 13 16 17 19 21 23 25 27 29 31 34 36 39 40 42 44 46 48 51 52 55 56 58 60 62 64 66 68 71 72 74:9720:76 70 236 44 219 955 495 830 73 338 264 282 174 44 460 202 69 112 135 304 164 15 151 666 36 123 756 14 710 474 57 188 145 195 576 36 32
1 3 5 7 9 11 13 15 17 19 21 23 25 27 29 31 34 36 39 40 42 44 46 48 51 52 55 56 58 60 62 64 66 69 71 72 74:11831:76 140 118 220 876 970 396 52 292 845 330 1410 87 44 92 101 276 56 90 456 82 20 453 666 72 164 1008 14 568 474 228 376 145 344 144 18 128
1 3 5 7 9 11 13 15 17 20 21 23 25 27 29 31 34 36 39 40 42 44 47 48 51 52 55 56 58 60 62 64 66 68 70 72 74:14447:380 35 354 176 1095 776 495 65 219 117 330 846 435 176 276 101 207 224 45 608 328 5 1395 666 90 82 1008 14 568 1185 57 470 580 117 840 18 64
1 3 5 7 9 12 13 16 18 20 21 23 25 27 29 31 34 36 38 40 42 44 46 48 50 52 55 56 58 60 62 64 66 68 70 72 74:12123:380 35 118 88 1095 955 99 332 41 156 66 1410 261 132 460 505 276 112 112 456 328 15 151 222 48 41 1260 35 710 711 171 376 145 195 504 90 32
1 3 5 7 9 12 13 16 18 20 21 23 25 27 29 31 34 36 38 40 42 44 47 48 50 52 55 56 58 60 62 64 66 68 70 72 74:11365:380 35 236 176 219 191 297 498 123 39 132 846 261 88 460 404 69 168 224 608 82 25 1395 888 240 123 504 21 568 237 285 188 580 117 504 90 64
1 3 5 7 9 12 13 16 18 20 21 23 25 27 29 31 34 36 38 40 42 44 46 48 51 52 55 56 58 60 62 64 66 68 70 72 74:11959:380 70 472 44 219 955 495 332 123 78 264 1128 435 176 276 505 207 56 560 608 164 20 151 444 54 41 756 14 142 474 285 376 580 39 840 36 160
1 3 5 7 9 12 13 16 18 20 21 23 25 27 29 31 34 36 39 40 42 44 46 48 51 52 55 56 58 60 62 64 66 68 70 72 74:11360:152 175 118 44 876 764 396 498 205 156 132 282 435 220 184 202 345 112 180 304 328 25 604 444 90 41 756 21 568 1185 114 188 435 195 336 90 160
1 3 5 7 9 11 13 15 17 19 21 23 25 27 29 31 34 37 38 40 42 44 46 49 50 52 55 56 58 60 62 64 66 68 70 72 74:10606:380 105 354 44 876 388 396 39 146 676 264 282 435 176 184 101 69 261 112 456 410 5 453 507 96 205 1008 21 284 474 114 282 290 195 336 54 128
1 3 5 7 9 11 13 15 17 19 21 23 25 27 29 31 34 37 38 40 42 44 46 49 51 52 55 56 58 60 62 64 66 68 70 72 74:10593:304 70 472 88 657 582 99 65 146 169 198 564 87 44 460 101 69 435 112 152 410 5 151 338 54 41 1260 35 568 1185 171 282 290 39 672 90 128
1 3 5 7 9 11 14 15 17 19 21 23 25 27 29 31 34 36 38 40 42 44 46 48 50 52 55 56 58 60 62 64 66 68 70 72 74:11835:76 70 118 176 876 194 92 52 292 338 264 1128 348 176 184 505 276 280 112 456 328 20 604 888 48 164 504 7 142 1185 228 282 290 78 840 54 160
1 3 5 7 9 11 14 15 17 19 21 23 25 27 29 31 34 36 38 40 42 44 46 48 50 52 55 56 58 60 62 64 66 68 71 72 74:12845:228 35 354 176 1095 970 46 52 365 845 132 846 87 88 184 404 69 224 560 152 328 5 453 666 192 41 1260 28 568 474 57 282 725 156 576 90 32
1 3 6 7 10 11 14 15 17 19 21 23 25 27 29 31 34 36 38 40 42 44 46 48 50 52 55 56 58 60 62 64 66 68 71 72 74:10635:228 35 296 44 400 776 23 52 73 845 132 1410 87 88 368 404 345 168 448 152 328 20 151 444 144 164 504 35 284 474 285 94 290 156 720 72 96
1 3 5 7 9 12 14 15 17 19 21 23 25 27 29 31 34 36 38 40 42 44 46 48 50 52 55 56 58 60 62 64 66 68 70 72 74:11590:76 140 354 176 657 573 115 65 73 507 330 564 435 88 184 101 276 224 224 152 410 10 755 666 192 82 1008 21 568 474 285 470 725 156 336 54 64
1 3 5 7 9 12 14 15 17 19 21 23 25 27 29 31 34 36 38 40 42 44 46 48 50 52 55 56 58 60 62 64 66 68 71 72 74:11199:380 105 236 88 1095 955 69 39 219 676 66 564 261 176 184 202 345 168 112 456 328 5 302 222 144 164 756 7 284 1185 57 470 145 156 432 18 128
1 3 5 7 10 12 14 15 17 19 21 23 25 27 29 31 34 36 38 40 42 44 46 48 50 52 55 56 58 60 62 64 66 68 70 72 74:11308:380 70 236 176 800 382 46 26 146 169 66 1410 87 220 92 101 207 280 112 152 410 25 151 888 240 205 1260 35 284 1185 57 188 290 156 672 72 32
1 3 5 7 10 12 14 15 17 19 21 23 25 27 29 31 34 36 38 40 42 44 46 48 50 52 55 56 58 60 62 64 66 68 71 72 74:10954:380 105 236 44 1000 764 46 65 219 169 132 1410 435 220 92 303 69 224 112 608 164 15 453 222 192 123 756 14 710 474 228 188 435 39 144 36 128
1 3 5 7 9 12 14 16 17 19 21 23 25 27 29 31 34 36 38 40 42 44 46 48 50 52 55 56 58 60 62 64 66 68 70 72 74:12546:152 35 354 176 1095 573 69 498 219 338 198 846 348 88 368 202 276 224 112 304 82 10 604 222 48 164 1260 14 568 1185 57 282 290 195 840 90 160
1 3 5 7 9 12 14 16 17 19 21 23 25 27 29 31 34 36 38 40 42 44 46 48 50 52 55 56 58 60 62 64 66 68 71 72 74:12696:380 140 236 220 876 573 46 664 365 507 264 846 261 176 460 404 207 224 112 760 82 10 755 444 144 123 756 7 426 711 285 94 435 117 432 90 64
1 3 5 7 9 12 14 15 17 19 21 23 25 27 29 31 34 36 38 40 42 44 46 48 50 52 55 56 58 60 62 64 66 69 71 72 74:10364:380 140 236 176 219 191 115 13 365 338 330 282 87 176 92 505 345 224 224 608 164 15 604 444 240 205 756 35 284 237 285 282 725 172 720 54 96
1 3 5 7 9 11 14 15 17 20 21 23 25 27 29 31 34 36 38 40 42 44 47 48 50 52 55 56 58 60 62 64 66 68 70 72 74:12953:76 105 590 176 1095 582 92 65 219 195 132 1128 348 44 184 404 207 112 224 304 164 20 1395 222 96 164 1008 28 710 1185 171 376 725 39 168 72 128
1 3 5 7 9 11 14 15 17 20 21 23 25 27 29 31 34 36 38 40 42 44 47 48 50 52 55 56 58 60 62 64 66 68 71 72 74:10904:380 105 472 220 438 776 92 26 219 39 198 1128 435 44 184 505 207 56 336 760 82 15 279 222 192 123 252 14 568 711 171 94 725 78 576 54 128
1 3 5 7 9 12 14 15 17 20 21 23 25 27 29 31 34 36 38 40 42 44 47 48 50 52 55 56 58 60 62 64 66 68 70 72 74:12891:152 140 118 176 657 764 92 52 146 78 132 1410 435 44 460 303 345 56 560 456 164 25 1116 888 96 82 252 35 710 711 57 470 580 39 840 90 160
1 3 5 7 10 12 14 15 17 20 21 23 25 27 29 31 34 36 38 40 42 44 47 48 50 52 55 56 58 60 62 64 66 68 70 72 74:12353:152 70 472 132 800 191 69 65 146 78 66 1128 435 132 184 505 276 168 448 608 328 10 837 666 144 41 1260 14 284 237 285 376 725 117 672 72 160
1 3 5 7 9 11 14 16 17 20 21 23 25 27 29 31 34 36 38 40 42 44 47 48 50 52 55 56 58 60 62 64 66 68 70 72 74:11019:304 35 472 88 657 970 23 332 365 156 66 282 261 132 184 303 138 168 224 304 164 5 837 666 96 82 504 35 568 1185 114 282 145 78 672 90 32
1 3 5 7 9 11 14 16 17 20 21 23 25 27 29 31 34 36 38 40 42 44 47 48 50 52 55 56 58 60 62 64 66 68 71 72 74:10690:380 105 354 44 657 970 23 332 146 156 66 282 348 176 368 303 69 224 336 304 164 5 279 666 192 41 1008 7 284 474 171 188 725 117 576 54 96
1 3 5 7 9 12 14 16 17 20 21 23 25 27 29 31 34 36 38 40 42 44 47 48 50 52 55 56 58 60 62 64 66 68 70 72 74:11067:76 70 472 132 219 764 92 166 365 117 132 564 261 132 184 101 138 224 336 760 410 25 558 1110 96 205 1260 14 426 237 285 376 435 39 168 54 64
1 3 5 7 9 12 14 16 17 20 21 23 25 27 29 31 34 36 38 40 42 44 47 48 50 52 55 56 58 60 62 64 66 68 71 72 74:11998:152 175 236 88 219 955 23 332 292 117 132 1128 87 44 460 404 276 224 224 608 410 15 1116 444 96 123 504 28 568 711 171 94 580 78 720 36 128
1 3 5 7 9 11 14 15 17 19 21 23 25 27 29 31 34 36 38 40 42 44 46 48 51 52 55 56 58 60 62 64 66 68 70 72 74:11646:228 105 354 132 219 776 46 65 219 338 330 1128 348 44 368 404 138 56 448 152 246 5 755 888 90 164 1260 14 284 237 285 282 435 195 504 72 32
1 3 6 7 9 11 14 15 17 19 21 23 25 27 29 31 34 36 38 40 42 44 46 48 51 52 55 56 58 60 62 64 66 68 71 72 74:10034:228 105 74 88 657 582 115 26 292 169 330 564 261 88 276 303 207 280 112 608 328 10 151 888 54 164 252 14 142 948 228 282 435 195 432 18 128
1 3 5 8 9 11 14 16 17 19 21 23 25 27 29 31 34 36 38 40 42 44 46 48 51 52 55 56 58 60 62 64 66 68 71 72 74:14145:76 105 472 1125 219 970 23 166 146 676 132 1410 261 88 368 303 276 112 448 608 246 15 755 1110 72 41 1008 7 426 1185 57 94 435 156 432 90 32
1 3 5 7 9 12 14 16 17 19 21 23 25 27 29 31 34 36 38 40 42 44 46 48 51 52 55 56 58 60 62 64 66 68 70 72 74:10502:228 105 236 88 438 573 115 498 73 676 132 564 87 132 184 101 69 56 448 304 410 15 302 222 18 205 1260 21 426 711 285 188 290 156 672 54 160
1 3 5 7 9 11 14 15 17 20 21 23 25 27 29 31 34 36 38 40 42 44 47 48 51 52 55 56 58 60 62 64 66 68 70 72 74:9859:380 70 354 88 438 388 92 39 292 156 132 846 87 88 276 505 207 168 560 152 246 15 558 888 72 164 252 21 284 948 285 94 290 78 168 18 160
1 3 5 7 9 12 14 16 17 20 21 23 25 27 29 31 34 36 38 40 42 44 47 48 51 52 55 56 58 60 62 64 66 68 70 72 74:10699:228 70 354 132 438 191 69 166 292 39 66 1410 348 176 368 303 207 112 560 152 164 25 1395 444 72 205 756 14 142 474 228 282 290 195 168 36 128
1 3 5 7 9 11 14 15 17 19 21 23 25 27 29 31 34 36 39 40 42 44 46 48 50 52 55 56 58 60 62 64 66 68 70 72 74:11424:380 140 590 44 219 388 115 65 219 845 132 846 435 220 368 404 207 280 180 608 328 25 302 444 144 123 252 7 426 711 285 376 145 117 840 54 160
1 3 5 7 9 11 14 15 17 19 21 23 25 27 29 31 34 36 39 40 42 44 46 48 50 52 55 56 58 60 62 64 66 68 71 72 74:11391:304 35 118 132 1095 582 23 52 292 507 66 846 261 132 276 404 69 280 180 152 82 20 302 222 48 123 1260 35 568 948 228 376 580 39 576 18 160
1 3 5 7 9 12 14 15 17 19 21 23 25 27 29 31 34 36 39 40 42 44 46 48 50 52 55 56 58 60 62 64 66 68 71 72 74:10073:152 140 236 176 876 573 46 39 146 169 66 282 348 176 460 202 69 224 225 456 410 25 453 222 48 164 1260 7 142 474 57 94 580 156 720 72 128
1 3 5 7 10 12 14 15 17 19 21 23 25 27 29 31 34 36 39 40 42 44 46 48 50 52 55 56 58 60 62 64 66 68 70 72 74:10372:304 70 118 88 1000 191 69 65 146 845 132 564 174 176 368 101 345 56 225 304 328 15 604 1110 144 41 252 14 142 474 171 470 580 78 504 72 32
1 3 5 7 9 12 14 16 17 19 21 23 25 27 29 31 34 36 39 40 42 44 46 48 50 52 55 56 58 60 62 64 66 68 70 72 74:12578:380 70 354 44 876 955 115 332 146 845 132 282 435 176 92 404 276 280 45 456 246 15 604 1110 48 82 1260 21 426 474 285 470 435 117 168 90 32
1 3 5 7 9 12 14 16 17 19 21 23 25 27 29 31 34 36 39 40 42 44 46 48 50 52 55 56 58 60 62 64 66 68 71 72 74:11120:304 35 354 132 1095 382 115 830 219 676 264 846 435 176 276 202 69 280 225 152 246 15 151 222 192 164 1008 21 142 711 114 470 145 78 288 54 32
1 3 5 7 9 11 14 15 17 19 21 23 25 27 29 31 34 36 39 40 42 44 46 48 50 52 55 56 58 60 62 64 66 69 71 72 74:10828:304 175 236 132 219 194 46 13 146 338 330 282 348 88 184 505 138 112 45 608 164 25 755 1110 144 205 504 14 710 474 114 470 580 344 576 36 160
1 3 5 7 9 11 14 15 17 20 21 23 25 27 29 31 34 36 39 40 42 44 47 48 50 52 55 56 58 60 62 64 66 68 70 72 74:9689:152 70 236 44 438 970 115 13 292 156 330 282 435 44 92 404 138 168 180 760 164 10 279 888 48 82 1008 35 426 474 171 94 145 78 336 36 96
1 3 5 7 9 11 14 16 17 20 21 23 25 27 29 31 34 36 39 40 42 44 47 48 50 52 55 56 58 60 62 64 66 68 70 72 74:9970:76 175 472 176 1095 970 46 664 146 78 198 564 87 176 92 101 276 56 45 456 82 20 1116 222 48 82 252 7 284 474 228 376 145 117 336 72 160
1 3 5 7 9 11 14 15 17 19 21 23 25 27 29 31 34 36 39 40 42 44 46 48 51 52 55 56 58 60 62 64 66 68 70 72 74:11235:152 105 236 132 438 194 23 52 292 169 330 846 435 44 460 505 207 112 180 608 410 25 151 1110 90 123 252 35 710 1185 285 470 145 156 336 72 160
1 3 5 7 9 11 14 15 17 19 21 23 25 27 29 31 34 36 39 40 42 44 46 48 51 52 55 56 58 60 62 64 66 68 71 72 74:9340:76 140 354 132 657 776 115 39 146 507 330 564 435 220 92 303 276 280 180 608 164 20 151 888 36 82 252 7 142 237 171 376 145 195 144 36 64
1 3 5 7 9 12 14 15 17 19 21 23 25 27 29 31 34 36 39 40 42 44 46 48 51 52 55 56 58 60 62 64 66 68 71 72 74:10373:152 175 590 176 876 573 115 39 73 169 264 1128 435 88 184 404 276 112 45 152 164 5 151 222 72 164 504 7 710 711 171 188 145 195 720 90 128
1 3 5 7 10 12 14 15 17 19 21 23 25 27 29 31 34 36 39 40 42 44 46 48 51 52 55 56 58 60 62 64 66 68 71 72 74:11158:228 175 354 88 400 955 115 39 73 676 264 1410 174 132 368 101 138 224 180 608 246 10 604 666 90 164 252 21 426 711 171 282 580 39 144 18 32
1 3 5 7 9 11 14 15 17 19 21 23 25 27 29 31 34 36 39 40 42 44 46 48 51 52 55 56 58 60 62 64 66 69 71 72 74:13644:304 175 590 176 657 194 92 39 365 338 264 1410 174 88 276 202 276 280 45 760 410 5 755 1110 36 164 1008 14 568 474 57 470 580 688 432 72 96
1 3 5 7 9 12 14 15 17 19 21 23 25 27 29 31 34 36 39 40 42 44 46 48 51 52 55 56 58 60 62 64 66 69 71 72 74:8688:228 140 590 176 219 764 46 39 73 169 264 282 261 44 368 101 69 224 90 304 246 5 151 222 36 82 1008 21 568 474 57 94 725 172 144 72 160
1 3 5 7 9 11 14 15 17 20 21 23 25 27 29 31 34 36 39 40 42 44 47 48 51 52 55 56 58 60 62 64 66 68 71 72 74:11735:228 70 354 132 1095 582 23 26 219 78 198 1128 261 220 276 101 345 224 135 608 82 15 1116 666 54 123 252 14 710 948 285 94 580 117 144 72 160
1 3 5 7 9 12 14 16 18 20 21 23 25 27 29 31 34 36 38 40 42 44 46 48 50 52 55 56 58 60 62 64 66 68 70 72 74:11197:380 140 354 176 1095 764 115 332 123 117 66 282 261 176 92 202 345 112 336 304 410 20 302 888 240 123 504 7 142 948 285 470 290 78 504 54 160
1 3 5 7 9 12 14 16 18 20 21 23 25 27 29 31 34 36 38 40 42 44 46 48 50 52 55 56 58 60 62 64 66 68 71 72 74:11636:76 140 118 132 657 382 23 830 205 156 198 1410 174 132 92 202 276 112 560 304 246 5 755 888 192 205 1260 14 142 474 57 94 145 156 720 72 32
1 3 5 7 9 12 14 16 18 20 21 23 25 27 29 31 34 36 38 40 42 44 47 48 50 52 55 56 58 60 62 64 66 68 70 72 74:11729:228 175 472 132 219 955 23 498 82 195 330 1410 435 176 276 505 345 56 560 152 328 15 1395 222 48 123 252 35 426 474 228 188 290 195 168 54 64
1 3 5 7 9 12 14 16 18 20 21 23 25 27 29 31 34 36 38 40 42 44 46 48 51 52 55 56 58 60 62 64 66 68 70 72 74:10589:76 35 354 88 1095 573 23 166 205 117 264 1128 348 44 460 303 138 224 336 304 164 20 151 444 72 123 504 21 426 711 228 188 725 195 168 72 96
1 3 5 7 9 12 14 16 18 20 21 23 25 27 29 31 34 36 39 40 42 44 46 48 50 52 55 56 58 60 62 64 66 68 71 72 74:11594:380 105 236 176 1095 955 92 664 205 195 198 282 174 132 184 505 276 280 180 304 246 5 604 222 96 164 1260 35 284 711 57 94 725 117 288 36 32
1 3 5 7 9 11 13 15 17 19 21 23 25 28 29 31 34 36 38 40 42 44 46 48 50 52 54 56 58 60 62 64 66 68 70 72 74:11533:304 175 472 132 657 388 495 39 146 676 330 282 87 548 460 404 207 224 560 456 246 20 755 444 48 164 484 28 426 237 171 282 290 78 672 18 128
1 3 5 7 9 12 13 15 17 19 21 23 25 28 29 31 34 36 38 40 42 44 46 48 50 52 54 56 58 60 62 64 66 68 70 72 74:11146:152 175 472 220 1095 191 99 13 146 338 66 1410 87 1096 184 303 69 112 224 152 82 10 453 222 240 164 605 35 568 474 285 282 290 78 504 90 160
1 3 5 7 9 12 13 16 17 19 21 23 25 28 29 31 34 36 38 40 42 44 46 48 50 52 54 56 58 60 62 64 66 68 70 72 74:11043:76 70 236 220 219 191 198 498 146 507 132 564 174 548 276 202 276 280 112 608 82 10 755 1110 96 123 363 21 426 474 114 282 725 39 840 18 32
1 3 5 7 9 11 13 15 17 20 21 23 25 28 29 31 34 36 38 40 42 44 47 48 50 52 54 56 58 60 62 64 66 68 70 72 74:12563:76 70 118 220 1095 970 99 39 73 78 330 846 174 1370 368 303 345 112 224 152 410 20 1116 1110 192 41 242 7 710 474 114 94 290 195 336 54 96
1 3 5 7 9 12 13 15 17 20 21 23 25 28 29 31 34 36 38 40 42 44 47 48 50 52 54 56 58 60 62 64 66 68 70 72 74:11132:228 105 118 88 219 191 396 39 146 156 132 564 348 1096 92 505 69 112 560 760 82 20 837 666 144 123 605 21 426 474 228 188 145 195 840 54 160
1 3 5 7 9 11 13 15 17 19 21 23 25 28 29 31 34 36 38 40 42 44 46 48 51 52 54 56 58 60 62 64 66 68 70 72 74:10787:380 175 236 132 876 776 198 26 365 507 264 564 87 1096 276 202 69 280 224 304 82 15 604 222 54 82 605 7 426 711 57 94 145 156 336 90 64
1 3 5 7 9 12 13 15 17 19 21 23 25 28 29 31 34 36 38 40 42 44 46 48 51 52 54 56 58 60 62 64 66 68 70 72 74:11101:380 175 590 220 1095 191 495 65 292 338 66 282 261 548 184 303 138 112 448 152 246 20 151 888 72 164 484 14 142 474 114 282 580 117 840 18 160
1 3 5 7 9 11 13 15 17 19 21 23 25 28 29 31 34 36 38 40 42 44 46 48 51 52 54 56 58 60 63 64 66 68 70 72 74:12432:304 105 590 88 219 776 297 65 146 845 132 846 87 274 184 202 345 56 560 304 246 10 755 666 72 123 484 14 710 1185 492 188 145 195 672 18 32
1 3 5 7 9 12 13 16 17 19 21 23 25 28 29 31 34 36 38 40 42 44 46 48 51 52 54 56 58 60 62 64 66 68 70 72 74:12781:152 70 236 220 876 573 495 830 365 507 264 282 348 1370 368 101 138 280 224 304 328 15 755 222 90 164 121 28 142 948 228 282 580 39 672 36 128
1 3 5 7 9 11 13 15 17 20 21 23 25 28 29 31 34 36 38 40 42 44 47 48 51 52 54 56 58 60 62 64 66 68 70 72 74:10454:304 70 354 88 438 582 396 39 146 39 66 846 348 548 276 505 69 112 224 304 82 10 279 444 90 123 121 7 568 1185 285 94 145 195 840 72 160
1 3 5 7 9 12 13 15 17 20 21 23 25 28 29 31 34 36 38 40 42 44 47 48 51 52 54 56 58 60 62 64 66 68 70 72 74:11422:228 175 590 44 438 764 297 52 292 117 66 564 174 548 460 404 345 280 448 456 328 5 1116 888 36 164 242 28 426 237 171 188 290 39 336 90 96
1 3 5 7 9 11 13 16 17 20 21 23 25 28 29 31 34 36 38 40 42 44 47 48 51 52 54 56 58 60 62 64 66 68 70 72 74:9859:228 175 472 88 657 194 297 166 73 156 132 846 348 1370 184 202 207 168 224 608 82 10 279 222 36 123 242 7 142 948 285 94 145 195 168 54 32
1 3 5 7 9 11 13 15 17 19 21 24 25 28 29 31 34 36 38 40 42 44 46 48 50 52 54 56 58 60 62 64 66 68 70 72 74:12510:152 175 118 132 1095 970 198 65 146 845 66 910 348 822 92 101 276 280 336 304 82 20 151 666 96 205 605 35 426 1185 171 188 725 156 168 72 128
1 3 5 7 9 12 13 15 17 19 21 24 25 28 29 31 34 36 38 40 42 44 46 48 50 52 54 56 58 60 62 64 66 68 70 72 74:11486:304 35 236 44 1095 764 99 65 146 169 264 182 261 1370 184 101 207 280 336 152 328 20 302 888 48 123 605 21 568 237 171 470 290 195 840 54 32
1 3 5 7 10 12 13 15 17 19 21 24 25 28 29 31 34 36 38 40 42 44 46 48 50 52 54 56 58 60 62 64 66 68 70 72 74:12764:228 175 472 44 400 764 297 26 219 845 264 728 87 822 368 505 138 56 224 608 328 20 604 444 240 123 363 7 710 474 57 376 580 78 840 90 160
1 3 5 7 9 11 13 16 17 19 21 24 25 28 29 31 34 36 38 40 42 44 46 48 50 52 54 56 58 60 62 64 66 68 70 72 74:13509:152 35 118 220 219 776 396 664 219 507 198 546 174 1096 368 404 345 224 448 456 246 15 453 1110 192 205 363 21 426 1185 57 188 580 117 672 18 96
1 3 5 7 9 12 13 16 17 19 21 24 25 28 29 31 34 36 38 40 42 44 46 48 50 52 54 56 58 60 62 64 66 68 70 72 74:13322:76 140 354 132 1095 191 396 498 292 338 330 910 261 274 276 202 276 112 336 608 246 10 604 1110 192 123 484 28 710 1185 228 470 435 78 168 90 64
1 3 5 7 9 11 13 15 17 20 21 24 25 28 29 31 34 36 38 40 42 44 47 48 50 52 54 56 58 60 62 64 66 68 70 72 74:11621:304 70 236 220 219 194 396 13 365 117 264 364 348 548 276 505 276 224 560 304 164 5 1395 1110 240 164 121 14 568 237 171 470 145 156 672 90 96
1 3 5 7 9 12 13 15 17 20 21 24 25 28 29 31 34 36 38 40 42 44 47 48 50 52 54 56 58 60 62 64 66 68 70 72 74:12409:228 105 354 220 219 382 297 13 219 117 264 910 87 1370 368 101 207 224 448 152 328 10 279 1110 192 164 605 35 710 948 57 376 435 117 672 54 32
1 3 5 7 10 12 13 15 17 20 21 24 25 28 29 31 34 36 38 40 42 44 47 48 50 52 54 56 58 60 62 64 66 68 70 72 74:11223:380 70 236 132 200 382 99 13 292 195 132 728 348 548 184 404 345 112 448 304 410 20 558 888 192 82 605 14 568 474 228 376 435 117 504 72 128
1 3 5 7 9 11 13 15 17 19 21 24 25 28 29 31 34 36 38 40 42 44 46 48 51 52 54 56 58 60 62 64 66 68 70 72 74:11992:76 105 590 220 1095 970 198 13 73 507 198 910 174 822 92 101 138 224 112 456 328 20 755 444 72 164 363 7 710 474 57 470 290 156 504 72 32
1 3 5 7 9 11 13 15 17 19 21 24 25 28 29 31 34 36 38 40 42 44 46 48 51 52 54 56 58 60 63 64 66 68 70 72 74:11683:304 70 118 176 657 582 198 39 365 338 264 182 87 1096 368 202 138 56 112 608 328 25 151 666 36 205 605 14 710 1185 820 94 435 195 168 54 32
1 3 5 7 9 12 13 16 17 19 21 24 25 28 29 31 34 36 38 40 42 44 46 48 51 52 54 56 58 60 62 64 66 68 70 72 74:11382:76 35 472 176 438 191 495 332 292 676 264 728 261 548 92 202 207 56 448 760 164 10 453 1110 90 123 605 21 284 474 57 282 435 39 336 54 96
1 3 5 7 9 11 13 15 17 20 21 24 25 28 29 31 34 36 38 40 42 44 47 48 51 52 54 56 58 60 62 64 66 68 70 72 74:12434:152 175 354 88 876 582 198 39 292 117 264 910 87 822 368 303 69 224 336 760 164 10 1395 444 72 164 605 28 284 237 171 188 435 195 840 90 96
1 3 5 7 9 12 13 15 17 20 21 24 25 28 29 31 34 36 38 40 42 44 47 48 51 52 54 56 58 60 62 64 66 68 70 72 74:11618:380 175 472 176 657 573 297 65 292 78 198 546 174 1370 368 303 69 168 560 608 164 10 279 1110 36 82 363 14 284 237 57 188 580 195 336 90 64
1 3 5 7 9 11 13 16 17 20 21 24 25 28 29 31 34 36 38 40 42 44 47 48 51 52 54 56 58 60 62 64 66 68 70 72 74:13316:380 175 472 220 438 388 495 664 219 156 198 910 261 274 92 505 138 224 112 608 164 15 1395 1110 90 164 605 35 142 1185 114 94 435 117 504 90 128
1 4 5 7 9 11 13 15 17 19 21 24 25 28 29 31 34 36 38 40 42 44 46 48 50 52 54 56 58 60 62 64 66 68 70 72 74:11003:76 82 236 176 876 194 297 26 365 507 66 364 174 822 276 404 345 56 224 608 410 25 151 1110 144 82 363 21 284 948 285 188 290 78 336 18 96
1 4 5 7 9 11 13 15 17 19 21 24 25 28 29 31 34 36 38 40 42 44 46 48 51 52 54 56 58 60 62 64 66 68 70 72 74:10134:380 41 472 132 657 582 297 39 146 169 66 910 87 1096 184 202 276 56 336 304 246 20 151 444 90 164 242 14 142 237 57 470 290 195 840 36 64
1 4 5 7 9 11 13 15 17 19 21 24 25 28 29 31 34 36 38 40 42 44 46 48 51 52 54 56 58 60 63 64 66 68 70 72 74:11668:152 41 354 220 657 194 198 26 219 676 330 546 435 822 184 303 138 224 112 304 328 5 604 666 72 205 363 28 142 948 492 376 290 156 672 90 96
1 4 5 7 9 12 13 16 17 19 21 24 25 28 29 31 34 36 38 40 42 44 46 48 51 52 54 56 58 60 62 64 66 68 70 72 74:10322:380 205 354 176 219 764 396 166 73 169 198 546 261 822 368 101 207 224 336 152 410 10 302 666 18 205 363 28 284 948 285 188 145 39 168 18 128
1 4 5 7 9 11 13 15 17 19 21 24 25 28 29 31 34 36 38 40 42 44 46 48 50 52 54 56 58 60 62 64 66 68 70 73 74:11008:380 123 472 220 219 776 99 39 73 676 66 546 261 274 184 101 276 112 560 456 82 25 302 1110 48 205 121 28 710 237 171 188 290 156 840 422 160
1 4 5 7 9 11 13 15 17 19 21 24 25 28 29 31 34 36 38 40 42 44 46 48 51 52 54 56 58 60 62 64 66 68 70 73 74:11791:76 205 590 88 876 776 99 13 146 507 330 364 174 1370 276 404 69 112 448 760 164 5 151 888 36 164 121 28 568 711 114 94 290 195 336 211 32
1 4 5 7 9 11 13 15 17 19 21 24 25 28 29 33 34 36 38 40 42 44 46 48 50 52 54 56 58 60 62 64 66 68 70 72 74:11590:152 205 590 132 876 776 297 52 219 676 198 364 87 274 184 606 276 168 448 456 410 25 453 222 240 123 605 14 426 474 171 94 290 117 840 18 32
1 4 5 7 9 11 13 16 17 19 21 24 25 28 29 33 34 36 38 40 42 44 46 48 50 52 54 56 58 60 62 64 66 68 70 72 74:11988:380 82 590 176 219 582 198 498 219 845 66 182 435 822 368 808 276 168 224 304 164 10 453 222 144 164 121 28 568 1185 57 470 435 39 336 54 96
1 4 5 7 9 11 13 15 17 19 21 24 25 28 29 33 34 36 38 40 42 44 46 48 50 52 54 56 58 60 62 64 66 68 70 73 74:12663:152 123 118 220 219 194 99 52 146 507 264 364 261 822 184 1010 276 112 224 760 328 10 604 1110 192 164 242 7 426 711 228 376 580 156 840 422 160
1 3 5 7 9 12 13 16 18 20 21 23 25 28 29 31 34 36 38 40 42 44 46 48 50 52 54 56 58 60 62 64 66 68 70 72 74:12677:228 105 118 44 657 955 198 664 123 195 330 282 87 1096 276 202 207 168 448 760 164 25 453 1110 240 123 605 21 710 711 228 94 290 78 504 18 160
1 3 5 7 9 12 13 16 18 20 21 23 25 28 29 31 34 36 38 40 42 44 47 48 50 52 54 56 58 60 62 64 66 68 70 72 74:10399:380 105 236 88 657 382 495 830 41 39 66 282 261 274 184 303 276 112 448 760 246 25 837 666 144 41 242 21 142 237 114 188 435 156 504 54 128
1 3 5 7 9 12 13 16 18 20 21 23 25 28 29 31 34 36 38 40 42 44 46 48 51 52 54 56 58 60 62 64 66 68 70 72 74:13381:228 105 118 176 219 955 495 664 205 156 330 846 174 1370 276 303 345 112 448 456 246 5 453 1110 90 205 484 7 142 711 228 470 145 78 840 90 96
1 3 5 7 9 11 13 16 18 20 21 24 25 28 29 31 34 36 38 40 42 44 46 48 50 52 54 56 58 60 62 64 66 68 70 72 74:12368:228 35 472 176 1095 776 297 166 41 117 330 546 261 1096 276 404 276 112 336 608 328 25 453 222 192 205 242 21 710 711 114 470 435 156 336 36 64
1 3 5 7 9 12 13 16 18 20 21 24 25 28 29 31 34 36 38 40 42 44 46 48 50 52 54 56 58 60 62 64 66 68 70 72 74:11056:152 105 236 88 657 191 495 332 123 156 198 728 435 822 92 101 276 56 224 608 410 10 453 444 192 164 605 28 426 948 228 376 290 39 168 72 128
1 3 5 7 9 11 13 16 18 20 21 24 25 28 29 31 34 36 38 40 42 44 47 48 50 52 54 56 58 60 62 64 66 68 70 72 74:12271:76 140 354 176 876 194 495 498 41 156 198 364 261 548 276 303 345 168 336 760 246 15 279 888 144 164 484 14 568 711 285 188 435 195 840 90 160
1 3 5 7 9 12 13 16 18 20 21 24 25 28 29 31 34 36 38 40 42 44 46 48 51 52 54 56 58 60 62 64 66 68 70 72 74:11997:76 35 590 176 876 382 198 830 82 117 198 182 348 1370 460 202 207 280 336 152 82 5 302 888 72 164 121 21 284 1185 114 470 435 39 504 54 160
1 3 5 7 9 11 13 16 18 20 21 24 25 28 29 31 34 36 38 40 42 44 47 48 51 52 54 56 58 60 62 64 66 68 70 72 74:11094:304 140 472 220 219 388 396 830 123 156 330 910 261 548 184 202 69 56 224 760 82 15 279 1110 18 205 363 21 142 237 285 470 290 117 504 36 128
1 3 5 7 9 11 13 15 17 19 21 24 25 28 29 31 34 37 38 40 42 44 46 49 50 52 54 56 58 60 62 64 66 68 70 72 74:12169:380 35 472 88 876 582 396 39 73 676 66 364 261 1370 368 404 345 261 224 608 246 5 453 169 144 123 242 35 284 948 57 470 145 156 672 36 96
1 3 5 7 9 11 14 15 17 19 21 23 25 28 29 31 34 36 38 40 42 44 46 48 50 52 54 56 58 60 62 64 66 68 70 72 74:12941:304 140 472 88 438 582 46 52 73 676 264 1410 348 1096 92 505 69 224 336 760 164 20 453 888 240 205 121 21 568 948 114 188 290 156 504 54 32
1 3 5 7 9 11 14 15 17 19 21 23 25 28 29 31 34 36 38 40 42 44 46 48 50 52 54 56 58 60 62 64 66 68 71 72 74:12156:76 35 118 176 876 194 23 52 292 676 264 1410 348 548 184 303 276 56 560 760 410 20 453 444 192 82 605 7 568 948 171 94 435 156 144 72 128
1 3 5 7 10 11 14 15 17 19 21 23 25 28 29 31 34 36 38 40 42 44 46 48 50 52 54 56 58 60 62 64 66 68 71 72 74:12088:304 140 590 132 400 776 23 65 146 845 198 282 87 1096 92 505 69 280 336 456 246 25 302 1110 240 82 484 7 284 948 114 282 145 195 720 18 64
1 3 5 7 9 12 14 15 17 19 21 23 25 28 29 31 34 36 38 40 42 44 46 48 50 52 54 56 58 60 62 64 66 68 70 72 74:10624:76 35 236 44 219 191 92 26 73 338 132 846 261 822 92 505 207 224 448 456 410 10 453 1110 192 205 242 21 568 711 285 376 290 78 168 54 128
1 3 5 7 9 12 14 15 17 19 21 23 25 28 29 31 34 36 38 40 42 44 46 48 50 52 54 56 58 60 62 64 66 68 71 72 74:11683:228 140 590 176 1095 955 46 39 219 169 198 282 174 1096 92 101 69 112 336 608 246 25 302 444 144 123 121 35 568 948 114 94 725 117 720 72 160
1 3 5 7 10 12 14 15 17 19 21 23 25 28 29 31 34 36 38 40 42 44 46 48 50 52 54 56 58 60 62 64 66 68 70 72 74:10903:76 70 472 220 400 191 23 26 219 169 66 282 435 822 368 404 207 56 336 760 410 15 302 1110 240 41 121 21 426 1185 57 470 290 195 336 18 64
1 3 5 7 10 12 14 15 17 19 21 23 25 28 29 31 34 36 38 40 42 44 46 48 50 52 54 56 58 60 62 64 66 68 71 72 74:12352:228 105 354 220 800 764 69 52 292 676 198 1128 261 274 460 404 276 112 224 152 246 20 151 1110 48 82 605 21 568 474 114 376 725 117 432 54 160
1 3 5 7 9 11 14 16 17 19 21 23 25 28 29 31 34 36 38 40 42 44 46 48 50 52 54 56 58 60 62 64 66 68 70 72 74:12299:304 175 354 220 219 194 23 498 73 507 264 1410 435 274 460 505 69 280 224 760 164 10 302 666 144 123 242 7 710 711 285 188 435 78 840 18 128
1 3 5 7 9 12 14 16 17 19 21 23 25 28 29 31 34 36 38 40 42 44 46 48 50 52 54 56 58 60 62 64 66 68 70 72 74:13016:76 105 236 220 219 955 23 332 146 507 330 846 435 822 92 505 345 224 448 760 164 25 755 1110 48 82 605 21 426 474 114 376 580 78 336 36 160
1 3 5 7 9 11 14 15 17 19 21 23 25 28 29 31 34 36 38 40 42 44 46 48 50 52 54 56 58 60 62 64 66 69 71 72 74:14137:76 140 590 132 219 970 69 26 219 845 198 1128 261 1370 184 505 276 168 448 760 246 10 151 666 48 164 605 7 710 474 285 470 145 688 720 36 128
1 3 5 7 9 12 14 15 17 19 21 23 25 28 29 31 34 36 38 40 42 44 46 48 50 52 54 56 58 60 62 64 66 69 71 72 74:9553:76 105 472 44 438 764 46 52 292 169 198 282 348 274 276 101 345 280 336 152 410 25 755 444 48 82 484 35 426 474 57 94 145 172 720 36 96
1 3 5 7 9 11 14 15 17 20 21 23 25 28 29 31 34 36 38 40 42 44 47 48 50 52 54 56 58 60 62 64 66 68 70 72 74:10332:152 175 236 44 1095 388 69 13 73 78 66 282 348 1370 276 202 138 168 448 152 328 25 279 444 192 123 121 35 142 711 114 470 725 78 672 36 64
1 3 5 7 9 12 14 15 17 20 21 23 25 28 29 31 34 36 38 40 42 44 47 48 50 52 54 56 58 60 62 64 66 68 70 72 74:10746:76 35 472 220 657 955 23 52 365 195 264 282 87 274 460 101 69 56 560 456 246 10 1395 666 144 82 605 35 142 948 57 94 145 78 336 72 32
1 3 5 7 10 12 14 15 17 20 21 23 25 28 29 31 34 36 38 40 42 44 47 48 50 52 54 56 58 60 62 64 66 68 70 72 74:11422:304 35 118 176 600 955 23 52 219 78 264 282 435 1370 276 404 138 224 560 456 82 20 558 1110 96 82 242 14 284 474 228 376 145 156 504 18 64
1 3 5 7 9 11 14 16 17 20 21 23 25 28 29 31 34 36 38 40 42 44 47 48 50 52 54 56 58 60 62 64 66 68 70 72 74:11751:76 70 472 44 219 582 115 830 219 78 330 564 435 274 184 202 345 56 112 608 410 25 837 1110 144 205 242 7 568 237 285 470 435 39 840 18 64
1 3 5 7 9 12 14 16 17 20 21 23 25 28 29 31 34 36 38 40 42 44 47 48 50 52 54 56 58 60 62 64 66 68 70 72 74:11503:76 70 590 176 1095 955 46 664 146 156 198 1128 435 274 184 505 138 56 224 456 410 25 558 222 48 41 605 14 142 237 228 376 580 195 168 18 64
1 3 5 7 9 11 14 15 17 19 21 23 25 28 29 31 34 36 38 40 42 44 46 48 51 52 54 56 58 60 62 64 66 68 70 72 74:11325:304 35 472 132 876 582 115 39 292 845 198 282 348 548 460 202 345 112 112 608 82 25 151 888 18 82 363 35 284 1185 57 376 290 78 336 72 96
1 3 5 7 9 11 14 15 17 19 21 23 25 28 29 31 34 36 38 40 42 44 46 48 51 52 54 56 58 60 62 64 66 68 71 72 74:9046:380 140 472 44 1095 582 92 13 219 169 66 564 87 548 184 101 138 56 224 304 164 5 302 222 18 123 242 21 142 711 171 376 290 195 432 90 64
1 3 5 8 9 11 14 15 17 19 21 23 25 28 29 31 34 36 38 40 42 44 46 48 51 52 54 56 58 60 62 64 66 68 71 72 74:11155:76 105 590 900 219 970 115 52 365 169 132 846 435 822 276 505 207 56 112 760 328 20 151 444 90 123 484 14 284 474 114 188 290 117 144 18 160
1 3 5 7 10 11 14 15 17 19 21 23 25 28 29 31 34 36 38 40 42 44 46 48 51 52 54 56 58 60 62 64 66 68 71 72 74:10752:380 70 118 88 1000 970 46 52 219 338 330 564 174 548 92 101 207 168 448 760 246 15 302 444 18 41 605 35 426 237 171 376 435 78 432 90 128
1 3 5 7 9 12 14 16 17 19 21 23 25 28 29 31 34 36 38 40 42 44 46 48 51 52 54 56 58 60 62 64 66 68 70 72 74:10642:380 35 236 176 438 764 115 498 219 338 132 564 435 1096 276 303 276 168 336 152 410 25 453 444 90 41 242 35 284 237 228 282 435 117 168 54 160
1 3 5 8 9 12 14 16 17 19 21 23 25 28 29 31 34 36 38 40 42 44 46 48 51 52 54 56 58 60 62 64 66 68 71 72 74:14446:380 140 354 675 1095 382 115 664 73 169 198 1410 174 1370 276 505 276 224 224 760 246 25 755 666 54 41 605 28 710 474 57 188 725 78 144 90 96
1 3 5 7 9 11 14 15 17 19 21 23 25 28 29 31 34 36 38 40 42 44 46 48 51 52 54 56 58 60 62 64 66 69 71 72 74:13741:380 175 354 176 876 776 92 65 292 676 66 1128 261 548 276 505 207 280 560 608 246 10 755 888 90 41 605 21 284 474 171 188 145 688 720 18 96
1 3 5 7 9 11 14 15 17 20 21 23 25 28 29 31 34 36 38 40 42 44 47 48 51 52 54 56 58 60 62 64 66 68 70 72 74:11229:152 140 236 132 438 970 46 39 73 78 264 564 435 822 368 303 276 168 336 304 410 20 1395 444 72 205 363 35 284 237 228 470 290 78 504 18 32
1 3 5 7 9 12 14 16 17 20 21 23 25 28 29 31 34 36 38 40 42 44 47 48 51 52 54 56 58 60 62 64 66 68 70 72 74:11783:304 175 236 132 1095 573 92 166 73 78 132 1128 174 1096 184 505 345 168 336 152 328 25 837 666 54 41 121 14 284 1185 57 376 145 156 168 54 128
1 3 5 7 9 11 14 15 17 19 21 24 25 28 29 31 34 36 38 40 42 44 46 48 50 52 54 56 58 60 62 64 66 68 70 72 74:11052:228 70 118 220 438 388 92 26 146 338 132 182 261 1096 276 505 138 112 560 456 82 10 151 888 96 41 605 28 568 711 285 282 580 117 672 90 64
1 3 5 7 10 11 14 15 17 19 21 24 25 28 29 31 34 36 38 40 42 44 46 48 50 52 54 56 58 60 62 64 66 68 70 72 74:11850:152 140 354 176 200 582 69 39 365 676 66 910 348 1370 92 404 207 224 560 456 82 25 302 888 144 123 242 35 710 711 171 94 580 39 168 18 128
1 3 5 7 10 11 14 15 17 19 21 24 25 28 29 31 34 36 38 40 42 44 46 48 50 52 54 56 58 60 62 64 66 68 71 72 74:11780:380 35 472 176 800 194 23 65 365 338 330 364 174 1096 460 202 138 224 560 152 164 15 604 666 192 164 363 7 568 1185 171 376 145 156 288 72 96
1 3 5 7 9 12 14 15 17 19 21 24 25 28 29 31 34 36 38 40 42 44 46 48 50 52 54 56 58 60 62 64 66 68 70 72 74:10233:152 140 118 88 657 573 23 13 292 338 132 364 435 1370 460 303 276 112 448 304 164 10 302 222 144 82 363 35 142 474 114 376 725 78 336 36 32
1 3 5 7 9 11 14 16 17 19 21 24 25 28 29 31 34 36 38 40 42 44 46 48 50 52 54 56 58 60 62 64 66 68 70 72 74:13641:228 70 236 132 438 582 115 664 292 845 198 364 348 822 368 404 69 280 448 760 328 25 755 1110 48 41 605 35 142 1185 285 470 435 78 336 36 64
1 3 5 7 9 12 14 16 17 19 21 24 25 28 29 31 34 36 38 40 42 44 46 48 50 52 54 56 58 60 62 64 66 68 70 72 74:9749:76 35 118 132 1095 382 69 830 73 676 66 182 87 274 460 303 276 56 336 304 246 25 151 444 96 123 484 35 284 948 285 282 145 117 168 54 32
1 3 5 7 9 11 14 15 17 20 21 24 25 28 29 31 34 36 38 40 42 44 47 48 50 52 54 56 58 60 62 64 66 68 70 72 74:10797:228 105 118 88 876 388 23 39 73 39 66 182 348 822 184 101 276 168 224 152 246 10 1116 1110 48 205 484 14 710 711 171 470 145 117 672 36 32
1 3 5 7 10 11 14 15 17 20 21 24 25 28 29 31 34 36 38 40 42 44 47 48 50 52 54 56 58 60 62 64 66 68 70 72 74:11620:152 105 236 132 1000 194 69 65 219 195 66 728 261 274 276 505 138 280 560 304 410 20 837 1110 96 82 605 14 426 474 171 94 725 39 672 54 32
1 3 5 7 9 12 14 15 17 20 21 24 25 28 29 31 34 36 38 40 42 44 47 48 50 52 54 56 58 60 62 64 66 68 70 72 74:10089:76 175 118 44 219 955 46 65 73 39 198 364 348 548 368 303 345 224 112 456 82 10 558 1110 48 123 484 21 284 948 228 94 145 156 504 90 128
1 3 5 7 9 11 14 16 17 20 21 24 25 28 29 31 34 36 38 40 42 44 47 48 50 52 54 56 58 60 62 64 66 68 70 72 74:13388:228 35 472 88 1095 776 115 498 365 117 330 910 174 274 184 505 345 280 560 608 246 20 279 888 192 41 484 21 568 948 57 376 145 156 840 72 96
1 3 5 7 9 12 14 16 17 20 21 24 25 28 29 31 34 36 38 40 42 44 47 48 50 52 54 56 58 60 62 64 66 68 70 72 74:11303:76 175 354 44 219 764 115 332 73 78 330 728 261 822 460 404 138 224 112 608 328 10 558 1110 240 123 121 7 142 711 114 376 290 156 504 36 160
1 3 5 7 9 11 14 15 17 19 21 24 25 28 29 31 34 36 38 40 42 44 46 48 51 52 54 56 58 60 62 64 66 68 70 72 74:11590:380 140 236 220 1095 388 92 26 73 507 264 728 348 1096 368 101 276 56 112 152 82 5 453 222 54 205 363 35 710 1185 57 470 580 39 336 72 64
1 3 5 7 9 11 14 16 17 19 21 24 25 28 29 31 34 36 38 40 42 44 46 48 51 52 54 56 58 60 62 64 66 68 70 72 74:12712:304 140 472 132 876 970 92 166 365 507 198 364 174 274 276 505 138 56 560 304 246 15 755 1110 72 41 605 7 142 711 114 376 580 39 840 90 96
1 3 5 7 9 12 14 16 17 19 21 24 25 28 29 31 34 36 38 40 42 44 46 48 51 52 54 56 58 60 62 64 66 68 70 72 74:9073:76 105 354 176 219 764 69 166 292 169 132 182 174 822 184 202 69 280 224 608 82 25 151 444 72 123 484 35 426 474 114 188 145 39 840 36 128
1 3 5 7 9 11 14 15 17 20 21 24 25 28 29 31 34 36 38 40 42 44 47 48 51 52 54 56 58 60 62 64 66 68 70 72 74:12782:152 140 236 44 1095 388 23 65 292 39 330 728 348 822 368 505 345 112 448 760 246 20 1116 222 72 123 484 35 710 948 285 376 145 156 504 36 64
1 3 5 7 9 11 14 16 17 20 21 24 25 28 29 31 34 36 38 40 42 44 47 48 51 52 54 56 58 60 62 64 66 68 70 72 74:10444:304 35 118 220 657 388 69 166 365 78 132 364 348 1096 184 101 345 112 448 304 246 20 1116 888 54 123 242 14 284 237 57 470 435 78 168 18 160
1 3 5 7 9 12 14 16 17 20 21 24 25 28 29 31 34 36 38 40 42 44 47 48 51 52 54 56 58 60 62 64 66 68 70 72 74:11331:76 70 472 176 876 955 23 166 219 195 66 182 435 548 460 303 138 280 112 304 164 10 558 666 36 82 363 14 284 1185 285 188 580 156 504 72 128
1 3 5 7 9 11 14 15 17 19 21 24 25 28 29 31 34 36 38 40 42 44 46 48 50 52 54 56 58 60 62 64 66 68 70 73 74:13415:304 140 118 44 1095 776 92 52 73 169 330 182 174 1096 368 202 138 168 336 304 246 20 755 1110 192 41 363 14 568 948 57 376 725 195 672 844 128
1 3 5 7 9 11 14 16 17 19 21 24 25 28 29 31 34 36 38 40 42 44 46 48 50 52 54 56 58 60 62 64 66 68 70 73 74:10739:76 175 118 176 219 388 115 498 219 507 132 364 261 822 276 101 207 280 336 152 410 15 453 222 96 123 242 7 710 711 285 94 435 156 840 422 96
1 3 5 7 9 12 14 16 17 19 21 24 25 28 29 31 34 36 38 40 42 44 46 48 50 52 54 56 58 60 62 64 66 68 70 73 74:11102:228 35 118 88 657 191 115 664 365 507 198 546 261 548 368 404 207 56 560 152 246 5 604 222 96 41 121 21 426 1185 171 376 145 78 336 633 128
1 3 5 7 9 11 14 15 17 20 21 24 25 28 29 31 34 36 38 40 42 44 47 48 50 52 54 56 58 60 62 64 66 68 70 73 74:12710:228 175 590 176 1095 194 69 39 219 156 198 182 348 274 460 303 207 280 224 456 164 20 1116 1110 48 164 363 28 284 1185 285 376 290 78 840 422 64
1 3 5 7 9 11 14 16 17 20 21 24 25 28 29 31 34 36 38 40 42 44 47 48 50 52 54 56 58 60 62 64 66 68 70 73 74:13616:76 175 472 132 1095 776 46 332 292 195 132 364 348 548 368 202 207 280 448 760 82 25 1395 222 192 164 121 35 568 948 285 376 290 117 672 844 32
1 3 5 7 9 11 14 15 17 19 21 24 25 28 29 31 34 36 38 40 42 44 46 48 51 52 54 56 58 60 62 64 66 68 70 73 74:13321:380 140 236 220 876 970 23 13 292 676 198 546 435 1096 368 303 138 168 560 760 82 25 302 444 90 82 484 35 568 1185 57 282 145 195 672 211 64
1 3 5 7 9 11 14 16 17 19 21 24 25 28 29 31 34 36 38 40 42 44 46 48 51 52 54 56 58 60 62 64 66 68 70 73 74:12969:228 175 472 176 657 776 92 498 146 676 198 546 174 1370 460 202 276 280 336 760 164 10 151 1110 54 41 484 7 142 474 285 94 145 195 840 211 64
1 3 5 7 9 12 14 16 17 19 21 24 25 28 29 31 34 36 38 40 42 44 46 48 51 52 54 56 58 60 62 64 66 68 70 73 74:13438:380 140 590 220 1095 191 115 498 292 169 198 728 348 274 276 303 345 224 560 456 410 10 151 666 90 41 242 28 284 1185 228 188 580 78 672 1055 128
1 3 5 7 9 11 14 15 17 19 21 24 25 28 29 33 34 36 38 40 42 44 46 48 50 52 54 56 58 60 62 64 66 68 70 72 74:10867:304 35 472 220 438 582 92 13 219 676 66 910 261 274 276 202 276 168 448 304 328 5 302 666 240 205 242 21 568 237 171 282 725 117 336 90 96
1 3 5 7 9 12 14 15 17 19 21 24 25 28 29 33 34 36 38 40 42 44 46 48 50 52 54 56 58 60 62 64 66 68 70 72 74:11299:76 140 590 220 219 191 46 13 365 845 198 728 87 822 184 1010 69 224 336 608 246 5 604 666 240 123 484 21 710 237 57 376 145 78 168 72 96
1 3 5 7 9 11 14 16 17 19 21 24 25 28 29 33 34 36 38 40 42 44 46 48 50 52 54 56 58 60 62 64 66 68 70 72 74:12935:76 70 118 176 657 582 115 664 365 507 264 546 348 1096 460 404 276 168 224 760 164 5 604 222 96 41 121 35 710 1185 285 188 725 156 336 90 96
1 3 5 7 9 12 14 15 17 20 21 24 25 28 29 33 34 36 38 40 42 44 47 48 50 52 54 56 58 60 62 64 66 68 70 72 74:12229:228 70 590 220 876 382 23 65 146 39 132 728 261 822 92 606 345 168 560 456 328 20 279 666 144 41 605 35 710 711 57 188 725 39 672 72 128
1 4 5 7 9 11 14 15 17 19 21 24 25 28 29 31 34 36 38 40 42 44 46 48 50 52 54 56 58 60 62 64 66 68 70 72 74:11775:228 82 472 44 1095 388 69 52 146 169 66 910 435 274 92 202 276 168 560 304 82 5 453 444 240 164 484 7 710 948 228 376 580 78 840 72 32
1 4 5 7 9 11 14 16 17 19 21 24 25 28 29 31 34 36 38 40 42 44 46 48 50 52 54 56 58 60 62 64 66 68 70 72 74:10238:228 41 236 132 657 194 23 664 146 169 330 728 348 548 184 202 345 280 336 608 82 25 755 222 192 164 121 7 426 237 171 282 290 39 672 90 64
1 4 5 7 9 11 14 15 17 19 21 24 25 28 29 31 34 36 38 40 42 44 46 48 51 52 54 56 58 60 62 64 66 68 70 72 74:10853:380 41 354 132 876 970 92 13 365 338 330 728 87 548 368 101 276 112 224 608 82 10 302 222 54 205 242 7 426 474 285 282 145 156 840 18 160
1 4 5 7 9 11 14 16 17 19 21 24 25 28 29 31 34 36 38 40 42 44 46 48 51 52 54 56 58 60 62 64 66 68 70 72 74:11993:76 205 354 44 438 776 23 664 73 676 132 182 348 548 368 101 276 56 336 760 164 5 453 1110 72 164 121 14 568 1185 285 188 435 39 504 90 160
1 4 5 7 9 12 14 16 17 19 21 24 25 28 29 31 34 36 38 40 42 44 46 48 51 52 54 56 58 60 62 64 66 68 70 72 74:11342:76 41 590 176 876 573 69 332 292 338 264 182 348 1370 276 303 207 224 336 304 164 20 302 666 54 82 605 35 710 237 228 188 435 39 168 72 160
1 4 5 7 9 11 14 15 17 19 21 24 25 28 29 31 34 36 38 40 42 44 46 48 50 52 54 56 58 60 62 64 66 68 70 73 74:12629:304 82 354 176 876 388 23 65 219 676 330 728 348 822 460 404 69 56 224 152 246 5 755 1110 240 205 242 28 142 711 228 470 580 78 168 633 32
1 4 5 7 9 11 14 16 17 19 21 24 25 28 29 31 34 36 38 40 42 44 46 48 50 52 54 56 58 60 62 64 66 68 70 73 74:13369:152 82 236 220 657 776 115 830 146 338 330 728 348 548 460 505 138 224 448 760 410 25 302 888 144 123 605 35 142 711 228 376 290 195 336 422 96
1 4 5 7 9 11 14 15 17 19 21 24 25 28 29 31 34 36 38 40 42 44 46 48 51 52 54 56 58 60 62 64 66 68 70 73 74:11954:380 123 118 220 219 388 92 39 73 169 264 910 261 1096 184 505 276 168 224 608 410 20 453 444 36 164 121 28 710 711 171 470 725 195 672 211 96
1 4 5 7 9 11 14 15 17 19 21 24 25 28 29 33 34 36 38 40 42 44 46 48 50 52 54 56 58 60 62 64 66 68 70 72 74:12210:152 123 236 44 1095 194 69 65 292 338 66 728 261 548 460 606 138 112 560 608 246 10 302 888 96 164 605 28 284 474 114 376 725 195 840 72 96
1 4 5 7 9 11 14 16 17 19 21 24 25 28 29 33 34 36 38 40 42 44 46 48 50 52 54 56 58 60 62 64 66 68 70 72 74:13625:380 205 590 88 876 970 115 498 219 676 66 728 348 822 368 1010 207 112 560 608 164 10 604 444 48 164 242 7 284 474 171 94 580 39 672 54 128
1 4 5 7 9 11 14 15 17 19 21 24 25 28 29 33 34 36 38 40 42 44 46 48 51 52 54 56 58 60 62 64 66 68 70 72 74:12033:228 41 118 176 876 194 46 52 365 676 330 910 261 1370 460 606 138 224 224 304 246 5 453 888 18 205 121 35 426 237 228 282 290 78 840 18 64
1 3 5 7 9 12 14 15 17 19 21 23 25 28 29 31 34 36 39 40 42 44 46 48 51 52 54 56 58 60 62 64 66 68 71 72 74:10652:304 140 472 220 219 764 46 39 365 338 132 1128 87 274 184 303 276 56 45 304 410 5 151 1110 90 123 484 7 284 474 285 282 580 39 432 72 128
1 3 5 7 10 12 14 15 17 19 21 23 25 28 29 31 34 36 39 40 42 44 46 48 51 52 54 56 58 60 62 64 66 68 71 72 74:9663:380 140 236 220 800 191 115 39 146 676 132 282 348 548 368 101 276 112 225 456 82 25 302 666 18 164 242 7 568 948 57 94 290 39 288 18 64
1 3 5 7 9 12 14 15 17 19 21 23 25 28 29 31 34 36 39 40 42 44 46 48 51 52 54 56 58 60 62 64 66 69 71 72 74:12443:76 175 118 132 438 573 46 39 365 169 330 282 261 1096 368 404 276 168 135 760 246 15 604 666 18 41 121 7 710 948 171 470 435 860 720 72 128
1 3 5 7 10 11 14 15 17 19 21 24 25 28 29 31 34 36 39 40 42 44 46 48 51 52 54 56 58 60 62 64 66 68 71 72 74:10834:380 70 472 88 200 970 69 65 219 338 198 182 87 548 92 505 69 56 90 304 164 10 755 1110 36 41 605 21 426 1185 228 282 580 195 144 18 32
1 3 5 7 9 11 14 16 18 20 21 23 25 28 29 31 34 36 38 40 42 44 46 48 50 52 54 56 58 60 62 64 66 68 70 72 74:10554:76 70 354 88 438 970 69 664 205 117 66 1410 348 548 92 505 276 56 448 152 82 5 151 222 48 41 484 7 142 948 285 94 290 117 504 54 128
1 3 5 7 9 12 14 16 18 20 21 23 25 28 29 31 34 36 38 40 42 44 46 48 50 52 54 56 58 60 62 64 66 68 70 72 74:11423:380 105 118 44 438 955 115 664 82 156 132 1410 174 274 276 404 345 112 224 304 410 20 453 222 144 82 363 14 710 474 114 470 725 156 168 90 96
1 3 5 7 9 12 14 16 18 20 21 23 25 28 29 31 34 36 38 40 42 44 46 48 50 52 54 56 58 60 62 64 66 68 71 72 74:12486:228 70 118 44 1095 382 92 498 82 195 198 846 435 1096 92 404 345 280 560 608 164 10 302 666 192 205 363 28 426 711 285 94 435 117 720 36 64
1 3 5 7 9 11 14 16 18 20 21 23 25 28 29 31 34 36 38 40 42 44 47 48 50 52 54 56 58 60 62 64 66 68 70 72 74:10258:304 140 118 220 219 970 23 498 82 39 198 282 435 822 92 101 276 280 336 304 164 10 558 1110 48 164 484 14 284 474 285 94 145 195 336 90 64
1 3 5 7 9 12 14 16 18 20 21 23 25 28 29 31 34 36 38 40 42 44 47 48 50 52 54 56 58 60 62 64 66 68 70 72 74:10264:380 140 354 176 876 382 46 830 41 39 198 282 435 548 184 303 69 56 560 152 246 5 279 444 144 205 484 35 426 237 114 470 435 117 504 36 32
1 3 5 7 9 12 14 16 18 20 21 23 25 28 29 31 34 36 38 40 42 44 46 48 51 52 54 56 58 60 62 64 66 68 70 72 74:11087:380 140 354 220 219 955 46 332 82 195 198 564 261 1096 184 505 69 112 448 608 164 25 755 222 90 41 242 14 426 237 114 376 580 39 672 90 32
1 3 5 7 9 11 14 16 18 20 21 24 25 28 29 31 34 36 38 40 42 44 46 48 50 52 54 56 58 60 62 64 66 68 70 72 74:11667:152 35 118 176 657 970 23 498 82 117 330 728 435 1370 92 505 138 168 112 304 246 5 604 444 144 164 121 7 426 237 171 470 725 39 672 54 128
1 3 5 7 9 11 14 16 18 20 21 24 25 28 29 31 34 36 38 40 42 44 47 48 50 52 54 56 58 60 62 64 66 68 70 72 74:11479:152 175 590 44 438 776 69 664 123 117 264 728 348 274 184 303 345 112 112 760 82 15 279 222 240 41 242 21 568 1185 285 94 435 156 840 36 160
1 3 5 7 9 11 14 16 18 20 21 24 25 28 29 31 34 36 38 40 42 44 46 48 51 52 54 56 58 60 62 64 66 68 70 72 74:12362:76 105 118 220 657 970 46 664 205 156 198 182 261 1096 368 404 207 112 448 760 410 5 755 888 18 82 605 35 142 711 114 470 435 39 168 72 160
1 3 5 7 9 11 14 16 18 20 21 24 25 28 29 31 34 36 38 40 42 44 46 48 50 52 54 56 58 60 62 64 66 68 70 73 74:11766:304 175 472 176 438 388 46 830 164 117 330 364 261 548 368 404 276 56 112 304 410 15 302 444 96 41 484 28 568 1185 285 470 145 117 672 211 160
1 3 5 7 9 11 14 16 18 20 21 24 25 28 29 31 34 36 38 40 42 44 46 48 51 52 54 56 58 60 62 64 66 68 70 73 74:12256:304 70 236 132 1095 776 46 498 123 156 132 364 261 822 460 101 69 56 224 760 410 10 151 888 36 123 484 35 142 948 114 470 725 117 336 422 160
1 3 5 7 9 11 14 15 17 19 21 23 25 28 29 31 34 36 38 40 42 44 46 49 50 52 54 56 58 60 62 64 66 68 70 72 74:12322:228 140 472 132 219 970 46 13 292 845 132 1410 87 1096 276 303 138 224 224 608 82 10 151 676 96 41 242 14 710 711 228 188 725 39 504 18 32
1 3 5 7 9 11 14 15 17 20 21 23 25 28 29 31 34 36 38 40 42 44 47 49 50 52 54 56 58 60 62 64 66 68 70 72 74:12478:228 105 354 176 1095 388 23 39 219 117 66 282 435 1096 184 303 207 224 560 456 410 20 1395 507 48 123 484 14 426 711 285 188 725 117 336 36 96
1 3 5 7 9 11 14 15 17 19 21 23 25 28 29 31 34 36 38 40 42 44 46 49 51 52 54 56 58 60 62 64 66 68 70 72 74:10349:228 105 236 220 876 582 115 26 73 338 132 282 261 1096 368 303 207 56 560 304 164 20 453 169 72 41 363 28 284 237 171 376 725 156 672 18 32
1 3 5 7 9 11 14 15 17 19 21 24 25 28 29 31 34 36 38 40 42 44 46 49 50 52 54 56 58 60 62 64 66 68 70 72 74:11974:152 105 354 88 438 194 46 13 292 507 264 546 435 1096 460 505 207 280 224 760 164 15 453 507 240 82 363 21 568 711 171 376 290 39 840 72 96
1 3 5 7 9 11 14 15 17 20 21 24 25 28 29 31 34 36 38 40 42 44 47 49 50 52 54 56 58 60 62 64 66 68 70 72 74:12930:228 175 118 44 1095 970 23 52 365 117 264 182 87 1370 276 404 276 56 224 760 328 5 1395 507 144 164 484 28 710 237 171 282 725 78 336 90 160
1 3 5 7 9 11 14 15 17 19 21 24 25 28 29 33 34 36 38 40 42 44 46 49 50 52 54 56 58 60 62 64 66 68 70 72 74:9649:76 35 118 220 219 970 23 13 73 845 330 364 435 822 184 202 69 280 112 760 82 25 302 507 240 41 242 28 142 474 114 188 725 117 168 72 32
1 3 5 7 9 11 14 15 17 19 21 24 25 28 29 31 34 37 38 40 42 44 46 49 50 52 54 56 58 60 62 64 66 68 70 72 74:11431:380 175 236 220 438 970 69 65 365 507 198 182 87 548 276 101 276 174 448 304 246 5 151 676 144 82 242 35 710 948 228 376 580 195 672 90 32
1 3 5 7 9 11 13 15 17 19 21 23 25 28 29 31 34 36 38 40 42 44 46 48 50 52 55 56 58 60 62 64 66 68 70 72 74:14123:228 105 472 132 1095 970 495 39 146 338 330 1128 348 274 184 101 276 280 336 760 164 15 453 888 192 164 1260 14 426 474 114 282 580 156 672 72 160
1 3 5 7 9 12 13 15 17 19 21 23 25 28 29 31 34 36 38 40 42 44 46 48 50 52 55 56 58 60 62 64 66 68 70 72 74:12014:152 140 354 132 219 573 99 26 146 169 330 846 174 1370 92 404 276 168 448 456 82 15 604 888 240 123 252 21 426 1185 57 94 725 156 504 36 32
1 3 5 7 9 12 13 16 17 19 21 23 25 28 29 31 34 36 38 40 42 44 46 48 50 52 55 56 58 60 62 64 66 68 70 72 74:12015:304 175 118 176 1095 382 198 664 219 676 198 282 435 1096 184 404 207 280 336 304 82 10 302 222 48 205 1008 7 284 237 57 470 290 156 672 72 160
1 3 5 7 9 11 13 15 17 20 21 23 25 28 29 31 34 36 38 40 42 44 47 48 50 52 55 56 58 60 62 64 66 68 70 72 74:11820:304 70 472 132 876 776 495 39 292 156 198 846 87 548 460 505 276 56 560 304 164 10 558 222 144 123 504 28 426 711 57 188 290 117 672 90 64
1 3 5 7 9 12 13 15 17 20 21 23 25 28 29 31 34 36 38 40 42 44 47 48 50 52 55 56 58 60 62 64 66 68 70 72 74:14131:304 70 236 220 438 955 495 13 292 195 132 1410 348 274 368 505 345 280 224 760 164 15 1395 1110 96 41 756 21 568 948 171 282 290 78 168 36 128
1 3 5 7 9 11 13 15 17 19 21 23 25 28 29 31 34 36 38 40 42 44 46 48 51 52 55 56 58 60 62 64 66 68 70 72 74:11836:228 35 590 220 219 582 99 39 292 676 198 1410 435 274 92 303 138 224 112 760 82 15 604 222 72 205 504 7 568 1185 171 94 145 78 840 54 64
1 3 5 7 9 12 13 15 17 19 21 23 25 28 29 31 34 36 38 40 42 44 46 48 51 52 55 56 58 60 62 64 66 68 70 72 74:11524:380 175 472 44 219 382 396 13 73 169 132 282 348 1096 184 202 207 224 448 304 328 5 604 888 36 82 252 7 284 948 285 470 725 156 504 72 128
1 3 5 7 9 11 13 15 17 19 21 23 25 28 29 31 34 36 38 40 42 44 46 48 51 52 55 56 58 60 63 64 66 68 70 72 74:11653:304 175 472 132 1095 194 99 13 73 507 264 564 174 548 276 404 345 280 112 456 410 15 755 444 72 123 756 14 710 237 492 376 145 117 336 36 128
1 3 5 7 9 12 13 16 17 19 21 23 25 28 29 31 34 36 38 40 42 44 46 48 51 52 55 56 58 60 62 64 66 68 70 72 74:12266:76 140 236 88 438 764 297 498 73 507 264 1128 435 274 184 303 345 112 112 456 246 5 755 666 36 123 252 14 142 948 114 470 580 195 840 54 96
1 3 5 7 9 11 13 15 17 20 21 23 25 28 29 31 34 36 38 40 42 44 47 48 51 52 55 56 58 60 62 64 66 68 70 72 74:13403:380 105 472 220 657 970 297 13 365 195 330 282 87 1096 276 303 69 112 560 456 328 20 1116 444 36 41 756 35 710 1185 171 376 290 78 504 36 32
1 3 5 7 9 12 13 15 17 20 21 23 25 28 29 31 34 36 38 40 42 44 47 48 51 52 55 56 58 60 62 64 66 68 70 72 74:12294:304 105 590 220 657 382 396 26 219 156 198 1128 348 1096 184 101 345 56 448 152 82 5 837 888 72 41 756 35 568 474 57 470 435 117 168 18 160
1 3 5 7 9 11 13 16 17 20 21 23 25 28 29 31 34 36 38 40 42 44 47 48 51 52 55 56 58 60 62 64 66 68 70 72 74:12664:152 105 472 44 657 970 495 332 146 39 66 282 348 822 276 505 69 280 560 760 164 5 1395 222 90 123 1260 35 142 474 114 376 145 39 504 36 160
1 3 5 7 9 11 13 15 17 19 21 23 25 28 29 31 34 37 38 40 42 44 46 48 50 52 55 56 58 60 62 64 66 68 70 72 74:12485:228 175 590 44 657 776 198 26 219 676 330 1128 87 1370 368 101 276 174 224 152 82 20 755 1110 192 123 504 7 710 237 228 94 145 39 336 72 32
1 3 5 7 9 11 13 15 17 20 21 23 25 28 29 31 34 37 38 40 42 44 47 48 50 52 55 56 58 60 62 64 66 68 70 72 74:12840:304 105 354 220 219 388 396 26 146 195 264 846 435 1096 92 404 138 348 336 152 164 25 1116 1110 144 82 1008 35 284 237 285 94 725 195 672 72 128
1 3 5 7 9 11 13 15 17 19 21 23 25 28 29 31 34 37 38 40 42 44 46 48 51 52 55 56 58 60 62 64 66 68 70 72 74:14171:152 35 236 88 1095 776 198 65 292 845 330 1410 87 1370 184 505 276 87 336 760 82 20 302 1110 36 41 756 21 710 237 171 94 725 117 504 54 64
1 3 5 7 9 12 13 16 18 20 21 23 25 28 29 31 34 36 38 40 42 44 46 48 50 52 55 56 58 60 62 64 66 68 70 72 74:12389:76 140 472 132 1095 191 297 830 123 78 264 846 261 1096 368 404 207 280 336 152 164 10 604 222 240 41 756 7 568 711 171 94 290 195 504 36 128
1 3 5 7 9 12 13 16 18 20 21 23 25 28 29 31 34 36 38 40 42 44 46 48 51 52 55 56 58 60 62 64 66 68 70 72 74:11945:304 70 236 88 438 191 297 498 164 156 132 1410 435 822 276 505 207 280 336 608 410 15 604 222 72 41 1260 7 568 237 171 94 145 156 336 90 64
1 3 5 7 9 11 14 15 17 19 21 23 25 28 29 31 34 36 38 40 42 44 46 48 50 52 55 56 58 60 62 64 66 68 70 72 74:9399:76 175 118 44 1095 582 23 13 146 169 198 282 348 274 460 101 69 56 112 304 164 20 302 444 240 41 504 28 568 711 171 94 725 156 504 18 64
1 3 5 7 9 11 14 15 17 19 21 23 25 28 29 31 34 36 38 40 42 44 46 48 50 52 55 56 58 60 62 64 66 68 71 72 74:10169:152 70 118 220 876 388 115 52 73 169 330 282 348 274 368 404 345 280 560 456 82 15 302 888 96 164 252 35 710 474 228 188 290 195 288 18 64
1 3 5 7 10 11 14 15 17 19 21 23 25 28 29 31 34 36 38 40 42 44 46 48 50 52 55 56 58 60 62 64 66 68 71 72 74:12256:304 70 472 88 400 388 69 26 146 507 66 846 348 548 460 505 69 224 112 304 328 15 453 888 240 123 756 14 710 474 228 470 725 78 720 18 64
1 3 5 7 9 12 14 15 17 19 21 23 25 28 29 31 34 36 38 40 42 44 46 48 50 52 55 56 58 60 62 64 66 68 70 72 74:14672:380 35 354 44 657 955 92 26 365 845 132 1410 261 1370 184 505 345 112 336 608 410 15 302 666 96 164 756 7 568 948 171 94 435 156 672 36 160
1 3 5 7 9 12 14 15 17 19 21 23 25 28 29 31 34 36 38 40 42 44 46 48 50 52 55 56 58 60 62 64 66 68 71 72 74:11968:304 105 354 44 1095 382 23 39 219 169 264 1128 87 1096 368 101 69 56 224 760 246 10 604 222 96 82 1260 35 568 474 114 188 145 195 720 90 32
1 3 5 7 10 12 14 15 17 19 21 23 25 28 29 31 34 36 38 40 42 44 46 48 50 52 55 56 58 60 62 64 66 68 70 72 74:12538:76 35 354 220 1000 573 69 52 73 845 132 282 87 1370 368 404 138 280 448 456 82 20 604 444 192 41 1260 28 426 948 114 470 290 39 168 54 96
1 3 5 7 10 12 14 15 17 19 21 23 25 28 29 31 34 36 38 40 42 44 46 48 50 52 55 56 58 60 62 64 66 68 71 72 74:9023:228 35 590 88 800 191 69 52 146 507 66 564 87 274 276 101 69 224 448 608 164 10 302 222 96 82 252 35 284 237 171 282 725 156 432 54 96
1 3 5 7 9 12 14 16 17 19 21 23 25 28 29 31 34 36 38 40 42 44 46 48 50 52 55 56 58 60 62 64 66 68 70 72 74:13986:228 175 118 88 219 573 92 830 292 845 66 1128 435 1096 368 404 138 280 448 152 410 15 151 888 240 164 1260 7 710 474 171 188 580 117 504 36 96
1 3 5 7 9 12 14 15 17 19 21 23 25 28 29 31 34 36 38 40 42 44 46 48 50 52 55 56 58 60 62 64 66 69 71 72 74:11855:380 140 472 44 657 764 92 26 73 676 264 846 174 822 276 202 345 280 224 304 328 10 755 222 192 123 504 14 568 948 285 94 145 172 288 18 128
1 3 5 7 9 11 14 15 17 20 21 23 25 28 29 31 34 36 38 40 42 44 47 48 50 52 55 56 58 60 62 64 66 68 70 72 74:11983:304 70 118 44 876 582 92 65 73 78 132 282 87 1370 184 404 345 168 448 608 82 10 837 888 144 123 504 21 284 1185 114 470 145 156 504 90 96
1 3 5 7 9 12 14 15 17 20 21 23 25 28 29 31 34 36 38 40 42 44 47 48 50 52 55 56 58 60 62 64 66 68 70 72 74:11597:76 105 472 220 657 191 23 65 365 39 330 846 348 1370 92 505 138 56 560 608 328 25 279 444 240 164 756 14 284 474 171 376 290 78 504 72 32
1 3 5 7 9 11 14 16 17 20 21 23 25 28 29 31 34 36 38 40 42 44 47 48 50 52 55 56 58 60 62 64 66 68 70 72 74:14454:304 35 118 44 438 582 23 498 219 195 330 1410 261 1096 368 404 345 56 336 760 82 15 1116 222 240 205 1260 7 142 1185 285 470 725 156 336 90 96
1 3 5 7 9 12 14 16 17 20 21 23 25 28 29 31 34 36 38 40 42 44 47 48 50 52 55 56 58 60 62 64 66 68 70 72 74:12281:380 140 472 176 219 573 23 166 73 117 66 564 435 1096 184 505 345 224 448 760 164 15 558 222 96 41 1260 21 710 711 228 376 435 156 168 90 64
1 3 5 7 9 11 14 15 17 19 21 23 25 28 29 31 34 36 38 40 42 44 46 48 51 52 55 56 58 60 62 64 66 68 70 72 74:11495:380 175 590 220 657 776 23 13 146 507 264 564 87 548 460 101 69 168 448 608 82 10 453 222 72 205 756 14 426 474 228 282 435 78 840 18 96
1 3 5 7 9 11 14 15 17 19 21 23 25 28 29 31 34 36 38 40 42 44 46 48 51 52 55 56 58 60 62 64 66 68 71 72 74:12956:152 35 236 220 876 388 115 39 365 507 66 1410 87 1370 184 101 276 56 112 760 246 5 302 1110 72 41 1260 7 284 711 114 376 290 39 576 72 96
1 3 5 8 9 11 14 15 17 19 21 23 25 28 29 31 34 36 38 40 42 44 46 48 51 52 55 56 58 60 62 64 66 68 71 72 74:11528:152 140 118 225 1095 970 69 65 219 507 330 564 435 548 368 101 276 168 112 304 82 20 151 444 54 164 252 14 568 1185 114 94 580 156 720 36 128
1 3 5 7 10 11 14 15 17 19 21 23 25 28 29 31 34 36 38 40 42 44 46 48 51 52 55 56 58 60 62 64 66 68 71 72 74:14205:76 140 590 44 800 970 92 52 146 845 198 846 348 1370 368 404 345 112 336 304 328 20 755 888 36 205 504 35 284 1185 57 94 580 78 720 18 32
1 3 5 7 9 12 14 16 17 19 21 23 25 28 29 31 34 36 38 40 42 44 46 48 51 52 55 56 58 60 62 64 66 68 70 72 74:11235:152 70 236 176 1095 573 46 830 219 676 264 282 435 548 276 505 345 56 448 152 164 5 302 222 72 82 252 21 284 948 228 188 580 117 336 18 32
1 3 5 7 9 11 14 15 17 20 21 23 25 28 29 31 34 36 38 40 42 44 47 48 51 52 55 56 58 60 62 64 66 68 70 72 74:11045:228 70 118 88 438 388 69 13 146 39 66 564 174 1096 184 303 276 280 560 456 328 10 558 888 36 82 1260 14 568 474 57 94 435 117 336 72 160
1 3 5 7 9 12 14 16 17 20 21 23 25 28 29 31 34 36 38 40 42 44 47 48 51 52 55 56 58 60 62 64 66 68 70 72 74:11861:76 175 354 132 657 382 92 830 73 39 330 1128 348 274 92 101 69 168 560 152 164 25 837 444 36 41 1008 14 710 711 171 282 580 156 504 18 128
1 3 5 7 9 12 14 15 17 19 21 23 25 28 29 31 34 36 39 40 42 44 46 48 51 52 55 56 58 60 62 64 66 68 71 72 74:13605:380 35 354 132 438 573 115 13 292 338 132 1410 174 1370 460 404 207 224 225 760 82 25 755 1110 36 41 1008 7 284 474 285 376 435 195 288 72 96
1 3 5 7 9 12 14 15 17 19 21 23 25 28 29 31 34 36 39 40 42 44 46 48 51 52 55 56 58 60 62 64 66 69 71 72 74:11904:152 35 236 176 219 573 46 65 146 676 330 1410 435 822 368 303 207 280 180 760 246 20 453 222 36 82 252 21 142 1185 285 282 145 344 720 18 32
1 3 5 7 9 12 14 16 18 20 21 23 25 28 29 31 34 36 38 40 42 44 46 48 50 52 55 56 58 60 62 64 66 68 70 72 74:12289:76 175 590 176 1095 764 46 498 82 39 198 1128 348 1370 460 101 69 224 112 152 410 20 604 666 240 164 252 14 142 474 228 282 290 78 672 18 32
1 3 5 7 9 12 14 16 18 20 21 23 25 28 29 31 34 36 38 40 42 44 46 48 50 52 55 56 58 60 62 64 66 68 71 72 74:11989:76 175 354 220 219 382 69 332 123 156 198 1128 261 822 92 505 69 168 112 608 328 25 453 666 96 205 756 35 710 948 57 376 580 39 432 54 160
1 3 5 7 9 12 14 16 18 20 21 23 25 28 29 31 34 36 38 40 42 44 46 48 51 52 55 56 58 60 62 64 66 68 70 72 74:12362:380 105 118 88 438 764 46 664 82 156 198 1128 87 1370 368 303 345 56 112 456 410 20 755 222 54 164 756 7 710 948 171 94 145 156 336 54 96
1 3 5 7 9 11 14 15 17 19 21 23 25 28 29 31 34 36 38 40 42 44 46 49 50 52 55 56 58 60 62 64 66 68 70 72 74:11363:228 140 354 176 876 388 23 26 292 507 66 282 87 1096 276 404 138 224 336 456 82 20 302 676 144 205 756 21 426 237 114 470 725 156 504 54 96
1 3 5 7 9 11 14 15 17 20 21 23 25 28 29 31 34 36 38 40 42 44 47 49 50 52 55 56 58 60 62 64 66 68 70 72 74:12166:76 105 236 132 657 776 115 39 365 78 330 1410 435 274 276 404 345 168 560 608 164 25 837 507 48 164 252 35 426 474 171 188 725 39 672 18 32
1 3 5 7 9 11 14 15 17 19 21 23 25 28 29 31 34 36 38 40 42 44 46 49 51 52 55 56 58 60 62 64 66 68 70 72 74:10192:76 35 236 44 1095 388 23 13 73 507 66 282 174 1370 368 404 345 112 224 152 164 15 755 676 90 41 504 14 284 474 57 188 290 195 336 90 32
1 3 5 7 9 11 13 15 17 19 21 23 26 27 29 31 34 36 38 40 42 44 46 48 50 52 54 56 58 60 62 64 66 68 70 72 74:13912:304 140 472 176 438 970 396 65 219 507 264 282 267 88 460 303 345 280 224 760 410 15 151 1110 192 41 605 35 710 1185 171 470 725 78 840 54 160
1 3 5 7 9 11 13 15 17 20 21 23 26 27 29 31 34 36 38 40 42 44 47 48 50 52 54 56 58 60 62 64 66 68 70 72 74:13399:304 140 236 176 1095 970 297 26 73 117 198 1128 178 132 460 202 138 224 448 152 246 10 837 1110 240 41 363 14 710 948 228 94 725 195 840 72 32
1 3 5 7 9 11 13 15 17 20 21 24 26 27 29 32 34 36 38 40 42 44 47 48 50 52 54 56 58 60 62 64 66 68 70 72 74:11737:76 35 354 132 438 776 396 26 365 117 198 364 267 88 276 112 345 280 224 760 410 10 1395 666 144 82 363 14 284 1185 228 376 580 39 168 36 128
1 3 5 7 9 11 13 15 17 19 21 24 26 27 29 32 34 36 38 40 42 44 46 48 50 52 54 56 58 60 62 64 66 68 70 73 74:10729:152 70 472 132 219 970 495 52 292 845 132 364 445 220 368 56 276 112 448 760 82 5 453 888 96 41 121 7 142 711 57 376 145 39 168 422 96
1 3 5 7 9 11 13 15 17 19 21 23 26 27 29 31 34 36 39 40 42 44 46 48 50 52 54 56 58 60 62 64 66 68 70 72 74:12429:304 70 354 220 876 970 495 52 73 169 198 564 356 88 276 303 69 224 90 608 82 25 755 666 192 123 605 28 284 1185 228 94 725 156 672 90 160
1 3 5 7 9 11 13 15 17 19 21 23 26 27 29 31 34 36 39 40 42 44 46 48 50 52 54 56 58 60 62 64 66 68 71 72 74:10080:152 175 118 176 219 776 297 26 365 507 264 1128 356 88 184 101 207 224 135 456 328 5 604 222 96 164 121 7 710 948 57 376 145 117 144 18 64
1 3 5 7 9 11 13 15 17 19 21 23 26 27 29 31 34 36 39 40 42 44 46 48 51 52 54 56 58 60 62 64 66 68 71 72 74:11142:304 175 236 44 657 970 99 52 146 338 330 846 356 132 276 101 345 56 180 760 410 5 151 444 54 123 484 35 568 237 228 470 725 195 432 18 160
1 3 5 7 9 11 13 15 17 19 21 24 26 27 29 32 34 36 39 40 42 44 46 48 50 52 54 56 58 60 62 64 66 68 70 72 74:11046:380 70 236 132 219 776 495 39 73 169 198 546 356 220 92 140 207 280 225 152 82 15 151 1110 240 41 605 28 710 1185 57 282 435 78 840 54 128
1 3 5 7 9 11 13 15 17 19 21 24 26 27 29 32 34 36 39 40 42 44 46 48 50 52 54 56 58 60 62 64 66 68 70 73 74:9854:228 105 236 88 657 194 396 52 292 507 132 546 267 176 184 56 138 224 180 608 328 10 151 444 192 41 605 28 568 474 114 188 145 78 672 422 128
1 3 5 7 9 11 13 15 17 19 21 24 26 27 29 32 34 37 38 40 42 44 46 48 50 52 54 56 58 60 62 64 66 68 70 72 74:10205:228 105 118 132 657 970 99 52 365 507 66 546 178 220 92 140 207 174 336 456 82 15 302 444 192 82 242 28 426 948 57 282 435 78 840 72 32
1 3 5 7 9 11 14 15 17 19 21 23 26 27 29 31 34 36 38 40 42 44 46 48 50 52 54 56 58 60 62 64 66 68 70 72 74:10878:304 35 118 44 876 776 115 52 146 676 132 1128 267 220 92 404 138 56 224 304 82 25 302 666 240 82 484 14 568 237 57 188 580 156 840 90 160
1 3 5 7 9 11 14 15 17 20 21 23 26 27 29 31 34 36 38 40 42 44 47 48 50 52 54 56 58 60 62 64 66 68 70 72 74:9562:152 175 354 44 219 776 92 65 73 78 264 564 267 44 92 202 276 112 112 152 164 25 837 888 240 205 363 7 426 711 285 94 725 39 336 72 32
1 3 5 7 9 11 14 16 17 19 21 24 26 27 29 32 34 36 38 40 42 44 46 48 50 52 54 56 58 60 62 64 66 68 70 73 74:12569:304 70 118 132 876 776 46 498 219 338 330 364 178 176 184 56 276 56 224 304 410 10 755 888 96 164 484 28 568 1185 228 188 580 195 504 633 128
1 3 5 7 9 11 14 15 17 19 21 23 26 27 29 31 34 36 39 40 42 44 46 48 50 52 54 56 58 60 62 64 66 68 70 72 74:10774:228 35 354 220 438 194 92 52 146 676 66 564 445 176 460 505 207 112 90 304 328 5 755 888 240 82 605 35 284 711 285 376 145 117 336 90 128
1 3 5 7 9 11 14 15 17 19 21 23 26 27 29 31 34 36 39 40 42 44 46 48 50 52 54 56 58 60 62 64 66 68 71 72 74:11659:228 175 118 176 1095 388 92 65 219 338 264 1128 445 44 92 505 207 168 225 760 82 5 604 444 192 41 484 21 710 711 171 188 435 195 576 36 32
1 3 5 7 9 11 14 15 17 19 21 23 26 27 29 31 34 36 39 40 42 44 46 48 51 52 54 56 58 60 62 64 66 68 71 72 74:9531:380 105 354 88 438 194 92 65 219 338 66 282 445 132 460 404 138 56 135 456 246 20 151 444 36 123 242 14 568 948 228 282 580 156 432 54 160
1 3 5 7 9 11 13 15 17 19 21 23 26 27 29 31 34 36 38 40 42 44 46 48 50 52 55 56 58 60 62 64 66 68 70 72 74:11400:152 35 590 176 876 776 99 65 73 845 66 1128 178 88 460 202 276 280 224 152 82 25 755 888 144 164 756 21 284 474 57 94 580 117 168 18 32
1 3 5 7 9 11 13 15 17 20 21 23 26 27 29 31 34 36 38 40 42 44 47 48 50 52 55 56 58 60 62 64 66 68 70 72 74:12740:152 70 590 220 438 970 297 52 73 78 264 1410 178 132 460 505 138 112 560 608 82 15 837 666 192 123 756 7 284 948 285 376 145 195 336 90 96
1 3 5 7 9 11 13 15 17 19 21 23 26 27 29 31 34 36 38 40 42 44 46 48 51 52 55 56 58 60 62 64 66 68 70 72 74:10384:152 175 354 44 219 194 495 13 365 338 66 564 89 220 368 101 69 56 560 608 82 5 604 444 54 164 756 28 710 948 171 470 145 117 504 36 96
1 3 5 7 9 11 13 15 17 19 21 23 26 27 29 31 34 36 38 40 42 44 46 48 51 52 55 56 58 60 63 64 66 68 70 72 74:10979:304 70 118 132 219 970 495 52 219 338 132 1410 267 176 92 303 69 280 560 456 246 15 453 222 36 205 756 28 710 237 492 188 290 117 168 90 64
1 3 5 7 9 11 13 15 17 20 21 23 26 27 29 31 34 36 38 40 42 44 47 48 51 52 55 56 58 60 62 64 66 68 70 72 74:10005:76 175 354 220 876 194 495 26 219 78 264 846 89 44 460 303 207 280 336 456 82 25 558 222 90 41 504 14 284 711 114 188 725 117 168 36 128
1 3 5 7 9 11 13 15 17 19 21 23 26 27 29 31 34 36 39 40 42 44 46 48 50 52 55 56 58 60 62 64 66 68 70 72 74:10595:76 105 118 44 876 582 495 13 146 676 264 1128 267 176 92 303 207 168 225 152 82 15 453 444 48 123 1260 7 284 237 57 188 145 195 840 72 32
1 3 5 7 9 11 13 15 17 20 21 23 26 27 29 31 34 36 39 40 42 44 47 48 50 52 55 56 58 60 62 64 66 68 70 72 74:12331:228 175 118 132 876 582 396 26 365 39 66 846 89 132 460 101 276 280 135 456 246 10 1116 666 144 164 1008 7 426 1185 114 94 580 39 672 18 64
1 3 5 7 9 11 14 15 17 19 21 23 26 27 29 31 34 36 38 40 42 44 46 48 50 52 55 56 58 60 62 64 66 68 70 72 74:10792:152 175 354 44 219 776 23 26 365 169 132 1410 356 132 368 202 345 112 448 456 82 25 453 1110 240 123 504 35 426 474 114 94 435 195 168 18 32
1 3 5 7 9 11 14 15 17 20 21 23 26 27 29 31 34 36 38 40 42 44 47 48 50 52 55 56 58 60 62 64 66 68 70 72 74:12978:304 175 590 132 1095 970 69 39 73 156 66 564 267 88 184 505 345 224 112 456 328 25 279 1110 240 205 1260 35 284 948 171 94 435 156 840 90 64
1 3 5 7 9 11 14 15 17 19 21 23 26 27 29 31 34 36 38 40 42 44 46 48 51 52 55 56 58 60 62 64 66 68 70 72 74:11440:380 105 472 176 657 582 92 39 292 676 264 1128 89 176 276 303 207 112 448 456 328 15 755 222 72 41 504 35 568 711 228 188 290 117 336 36 64
1 3 5 7 9 11 14 15 17 19 21 23 26 27 29 31 34 36 39 40 42 44 46 48 50 52 55 56 58 60 62 64 66 68 70 72 74:10834:76 70 590 176 219 582 23 52 146 338 330 846 445 44 460 101 138 224 180 760 410 15 302 888 240 41 1008 35 426 237 171 94 725 156 168 54 64
1 3 5 7 9 11 13 15 17 19 21 23 26 28 29 31 34 36 38 40 42 44 46 48 50 52 54 56 58 60 62 64 66 68 70 72 74:12165:380 175 354 176 876 582 396 13 146 676 264 564 89 1096 92 202 207 56 448 152 328 25 302 1110 48 123 605 7 284 711 228 188 580 78 504 36 64
1 3 5 7 9 11 13 15 17 20 21 23 26 28 29 31 34 36 38 40 42 44 47 48 50 52 54 56 58 60 62 64 66 68 70 72 74:10322:304 140 236 44 438 970 495 13 73 117 66 846 267 548 368 404 207 224 336 608 246 25 279 222 96 205 242 35 568 474 285 188 290 195 168 36 64
1 3 5 7 9 11 13 15 17 19 21 23 26 28 29 31 34 36 38 40 42 44 46 48 51 52 54 56 58 60 62 64 66 68 70 72 74:10711:228 105 472 88 219 776 198 13 146 507 66 282 356 822 92 303 276 168 560 304 246 5 604 666 18 123 605 28 142 474 228 188 435 78 672 90 128
1 3 5 7 9 11 14 15 17 19 21 23 26 28 29 31 34 36 38 40 42 44 46 48 50 52 54 56 58 60 62 64 66 68 70 72 74:11049:228 70 354 88 219 194 69 13 365 676 66 282 178 274 92 404 276 56 336 456 164 20 755 1110 144 82 484 28 426 948 171 470 580 117 672 54 128
1 3 5 7 9 11 14 15 17 20 21 23 26 28 29 31 34 36 38 40 42 44 47 48 50 52 54 56 58 60 62 64 66 68 70 72 74:11685:304 175 236 176 876 970 69 13 146 156 264 282 356 548 276 404 138 56 560 760 328 5 837 222 144 82 121 35 284 1185 57 282 725 195 168 90 160
1 3 5 7 9 11 14 15 17 19 21 23 26 28 29 31 34 36 38 40 42 44 46 48 51 52 54 56 58 60 62 64 66 68 70 72 74:12722:152 70 118 88 876 970 46 26 146 507 132 1410 267 548 276 505 276 112 560 760 410 5 453 222 36 41 605 21 710 237 114 470 725 156 504 72 96
1 3 5 7 9 11 13 15 17 19 21 23 26 28 29 31 34 36 38 40 42 44 46 48 50 52 55 56 58 60 62 64 66 68 70 72 74:12324:76 175 590 132 438 388 297 39 73 169 132 564 267 822 184 404 207 168 448 304 410 15 604 1110 96 41 756 35 426 1185 171 470 290 156 504 18 160
1 3 5 7 9 11 13 15 17 20 21 23 26 28 29 31 34 36 38 40 42 44 47 48 50 52 55 56 58 60 62 64 66 68 70 72 74:11856:152 105 354 220 219 388 198 65 146 156 264 1410 178 274 184 404 207 280 448 456 246 15 558 888 48 123 756 21 142 474 171 470 725 39 840 72 160
1 3 5 7 9 11 13 15 17 19 21 23 26 28 29 31 34 36 38 40 42 44 46 48 51 52 55 56 58 60 62 64 66 68 70 72 74:12433:304 140 236 88 219 582 396 26 292 169 264 846 267 822 276 101 138 280 560 608 164 10 151 888 54 123 1260 35 568 474 228 376 435 195 672 90 96
1 3 5 7 9 11 14 15 17 19 21 23 26 28 29 31 34 36 38 40 42 44 46 48 50 52 55 56 58 60 62 64 66 68 70 72 74:10163:76 35 590 88 438 194 23 39 146 338 198 282 356 1096 368 404 69 168 448 152 328 25 151 888 96 123 756 7 710 237 114 188 725 39 168 36 64
1 3 5 7 9 11 14 15 17 20 21 23 26 28 29 31 34 36 38 40 42 44 47 48 50 52 55 56 58 60 62 64 66 68 70 72 74:11802:76 175 590 220 876 194 115 13 365 78 66 846 178 548 276 303 138 224 448 304 246 15 1116 888 144 205 252 21 710 474 228 282 145 39 840 36 128
1 3 5 7 9 11 14 15 17 19 21 23 26 28 29 31 34 36 38 40 42 44 46 48 51 52 55 56 58 60 62 64 66 68 70 72 74:10411:304 140 590 88 1095 388 115 26 292 169 66 282 445 1096 276 404 207 168 448 456 82 25 453 222 18 41 756 14 568 237 171 94 290 117 168 36 64
1 3 5 7 9 11 13 15 17 19 21 23 25 27 29 31 34 36 38 40 42 44 46 48 50 52 54 56 58 60 62 64 66 68 70 72 75:9914:228 35 236 88 876 582 99 65 292 338 66 282 435 176 276 202 138 56 560 152 328 5 755 222 96 41 605 35 142 474 114 282 580 195 672 18 168
1 3 5 7 9 12 13 16 17 19 21 23 25 27 29 31 34 36 38 40 42 44 46 48 50 52 54 56 58 60 62 64 66 68 70 72 75:13288:228 175 118 220 657 764 495 498 73 338 330 846 87 220 92 505 207 280 560 152 410 5 755 888 96 205 484 35 426 1185 57 282 580 39 840 72 84
1 3 5 7 9 11 13 15 17 19 21 23 25 27 29 31 34 36 38 40 42 44 46 48 51 52 54 56 58 60 62 64 66 68 70 72 75:11419:304 35 354 176 1095 194 495 26 219 169 132 1128 348 220 184 404 69 280 448 456 410 5 453 222 90 41 605 14 142 711 228 282 145 195 840 90 210
1 3 5 7 9 11 13 15 17 19 21 23 25 27 29 31 34 36 38 40 42 44 46 48 51 52 54 56 58 60 63 64 66 68 70 72 75:12203:76 105 472 44 219 776 99 13 219 845 264 564 435 132 92 505 138 168 448 456 82 20 453 1110 36 41 363 14 710 1185 820 470 145 78 504 18 84
1 3 5 7 9 11 13 15 17 19 21 23 25 27 29 31 34 36 39 40 42 44 46 48 50 52 54 56 58 60 62 64 66 68 70 72 75:9301:304 35 118 176 438 582 297 39 146 338 264 1128 174 88 92 404 345 112 180 304 82 25 604 444 96 205 484 7 284 237 114 188 580 39 168 54 126
1 3 5 7 9 11 13 15 17 19 21 23 25 27 29 31 34 36 39 40 42 44 46 48 50 52 54 56 58 60 62 64 66 68 71 72 75:9148:228 175 472 44 438 582 495 65 73 507 330 846 87 132 184 101 69 168 45 152 410 25 302 222 240 123 242 14 142 474 285 282 435 39 576 18 126
1 3 6 7 9 11 13 15 17 19 21 23 25 27 29 31 34 36 39 40 42 44 46 48 50 52 54 56 58 60 62 64 66 68 71 72 75:10616:304 105 370 44 219 194 297 13 146 507 66 282 261 220 368 303 207 112 90 608 164 25 755 1110 192 82 121 28 568 948 171 282 725 195 288 36 210
1 3 5 7 9 12 13 16 17 19 21 23 25 27 29 31 34 36 39 40 42 44 46 48 50 52 54 56 58 60 62 64 66 68 71 72 75:10737:228 35 118 176 438 573 396 166 73 169 264 1410 87 220 184 101 345 280 45 152 328 5 755 666 96 82 121 35 142 948 285 282 725 117 432 90 168
1 3 5 7 9 11 13 15 17 19 21 23 25 27 29 31 34 36 39 40 42 44 46 48 50 52 54 56 58 60 62 64 66 69 71 72 75:12269:152 70 354 44 1095 582 495 39 292 169 198 1410 435 176 460 202 138 280 180 304 246 15 604 1110 48 82 363 28 284 237 285 282 580 172 576 72 210
1 3 5 7 9 11 13 15 17 19 21 23 25 27 29 31 34 36 39 40 42 44 46 48 51 52 54 56 58 60 62 64 66 68 70 72 75:12766:76 175 472 88 657 582 297 52 219 676 66 1410 348 88 368 505 138 280 225 608 410 10 302 666 54 123 484 28 710 1185 57 94 290 195 672 72 84
1 3 5 7 9 11 13 15 17 19 21 23 25 27 29 31 34 36 39 40 42 44 46 48 51 52 54 56 58 60 62 64 66 68 71 72 75:9461:76 175 472 44 438 776 198 26 146 845 330 564 87 44 184 404 276 112 225 304 164 20 604 222 54 123 363 14 284 237 57 470 580 39 288 90 126
1 3 5 7 9 11 13 15 17 19 21 23 25 27 29 31 34 36 39 40 42 44 46 48 51 52 54 56 58 60 63 64 66 68 71 72 75:9615:304 140 236 220 219 194 99 13 146 338 264 846 435 220 184 303 345 168 135 304 164 25 151 444 72 205 484 21 568 474 656 188 435 39 432 18 126
1 3 5 7 9 11 13 15 17 19 21 23 25 27 29 31 34 36 39 40 42 44 46 48 51 52 54 56 58 60 62 64 66 69 71 72 75:11215:228 140 354 220 876 582 198 52 219 507 330 1410 174 44 184 404 138 56 45 456 328 20 151 1110 90 41 242 21 710 474 285 94 290 172 432 54 84
1 3 5 7 9 12 13 16 18 20 21 23 25 27 29 31 34 36 38 40 42 44 46 48 50 52 54 56 58 60 62 64 66 68 70 72 75:9675:76 70 118 132 219 191 198 664 41 117 198 564 174 44 184 404 138 224 448 152 164 5 302 1110 240 164 363 28 568 711 171 376 580 39 336 36 126
1 3 5 7 9 12 13 16 18 20 21 23 25 27 29 31 34 36 39 40 42 44 46 48 50 52 54 56 58 60 62 64 66 68 71 72 75:11511:228 70 118 88 1095 764 297 830 123 39 66 1410 348 88 276 101 69 56 90 608 246 5 604 666 240 164 242 21 142 474 57 376 580 156 576 72 126
1 3 5 7 9 11 14 15 17 19 21 23 25 27 29 31 34 36 38 40 42 44 46 48 50 52 54 56 58 60 62 64 66 68 70 72 75:11743:304 105 472 176 657 582 92 39 365 676 264 1128 348 44 276 404 69 224 336 304 164 20 755 444 240 82 484 35 142 948 228 188 290 156 504 72 126
1 3 5 7 9 11 14 15 17 19 21 23 25 27 29 31 34 36 38 40 42 44 46 48 50 52 54 56 58 60 62 64 66 68 71 72 75:9874:228 35 472 220 438 388 69 39 73 338 264 846 87 88 92 202 138 280 224 760 82 15 453 444 144 41 242 7 284 948 171 188 725 195 432 54 168
1 3 5 7 9 11 14 16 17 19 21 23 25 27 29 31 34 36 38 40 42 44 46 48 50 52 54 56 58 60 62 64 66 68 71 72 75:11522:228 70 472 176 657 194 46 664 219 845 132 1128 87 220 184 202 276 168 336 608 410 25 604 888 48 164 605 14 284 948 57 94 145 78 144 18 84
1 3 5 7 9 12 14 16 17 19 21 23 25 27 29 31 34 36 38 40 42 44 46 48 50 52 54 56 58 60 62 64 66 68 70 72 75:12913:228 175 354 220 219 573 92 664 292 845 198 1410 261 44 368 505 276 280 336 608 246 20 302 888 144 123 242 21 568 948 285 282 290 156 336 72 42
1 3 5 7 9 12 14 16 17 19 21 23 25 27 29 31 34 36 38 40 42 44 46 48 50 52 54 56 58 60 62 64 66 68 71 72 75:12540:304 140 354 176 219 764 69 166 219 338 198 1410 435 44 460 303 345 280 112 608 410 5 604 1110 96 41 242 7 426 1185 285 94 725 78 144 18 126
1 3 5 7 9 11 14 15 17 19 21 23 25 27 29 31 34 36 38 40 42 44 46 48 51 52 54 56 58 60 62 64 66 68 70 72 75:11177:228 140 472 220 657 776 92 39 73 169 264 1410 87 44 368 303 207 112 560 608 82 20 302 222 90 205 121 28 710 948 228 94 290 156 672 54 126
1 3 5 7 9 11 14 15 17 19 21 23 25 27 29 31 34 36 39 40 42 44 46 48 50 52 54 56 58 60 62 64 66 68 71 72 75:11004:380 175 236 132 876 194 115 65 146 845 264 564 261 132 276 404 207 168 180 608 82 15 302 666 144 41 363 7 142 711 228 376 580 195 720 36 168
1 3 5 7 9 11 14 15 17 19 21 23 25 27 29 31 34 36 39 40 42 44 46 48 50 52 54 56 58 60 62 64 66 69 71 72 75:12386:380 140 118 44 1095 582 92 52 219 676 330 846 435 220 92 303 345 280 90 608 328 15 755 888 48 41 605 28 284 711 114 282 580 172 432 72 84
1 3 5 7 9 12 14 15 17 19 21 23 25 27 29 31 34 36 39 40 42 44 46 48 50 52 54 56 58 60 62 64 66 69 71 72 75:11948:304 105 118 88 876 573 115 65 73 507 132 846 261 220 460 303 345 280 90 760 410 20 302 888 48 205 363 35 284 1185 228 376 145 344 432 36 126
1 3 5 7 9 11 14 15 17 19 21 23 25 27 29 31 34 36 39 40 42 44 46 48 51 52 54 56 58 60 62 64 66 68 70 72 75:10081:152 140 590 44 657 582 69 39 146 845 66 564 261 44 276 404 276 56 45 608 246 5 604 222 54 123 363 14 142 474 114 376 145 195 840 90 210
1 3 5 7 9 11 14 15 17 19 21 23 25 27 29 31 34 36 39 40 42 44 46 48 51 52 54 56 58 60 62 64 66 68 71 72 75:9963:76 70 472 44 219 194 69 65 219 169 330 282 87 132 92 505 345 224 90 152 410 20 453 1110 36 41 363 14 710 1185 171 470 145 195 576 18 210
1 3 6 7 9 11 14 15 17 19 21 23 25 27 29 31 34 36 39 40 42 44 46 48 51 52 54 56 58 60 62 64 66 68 71 72 75:9475:152 175 370 88 219 388 23 26 365 169 264 1410 87 44 92 303 69 112 225 456 246 10 151 666 54 82 605 7 142 711 285 376 290 39 576 72 126
1 3 5 8 9 11 14 15 17 19 21 23 25 27 29 31 34 36 39 40 42 44 46 48 51 52 54 56 58 60 62 64 66 68 71 72 75:10324:228 105 118 675 876 776 46 13 73 676 198 1128 87 176 92 101 207 112 45 304 164 10 302 444 72 205 121 7 426 1185 114 94 580 156 144 54 210
1 3 5 7 10 11 14 15 17 19 21 23 25 27 29 31 34 36 39 40 42 44 46 48 51 52 54 56 58 60 62 64 66 68 71 72 75:11474:304 175 354 44 600 776 92 52 219 169 132 1410 261 88 276 505 69 224 225 152 328 5 604 666 54 82 484 28 710 711 171 188 725 39 288 54 210
1 3 5 7 9 11 14 16 17 19 21 23 25 27 29 31 34 36 39 40 42 44 46 48 51 52 54 56 58 60 62 64 66 68 71 72 75:9690:76 140 354 220 438 582 46 664 292 338 198 1128 87 44 92 505 207 56 90 152 246 25 604 666 18 123 484 21 142 237 285 94 145 117 576 72 126
1 3 5 7 9 12 14 16 17 19 21 23 25 27 29 31 34 36 39 40 42 44 46 48 51 52 54 56 58 60 62 64 66 68 71 72 75:11418:228 105 118 176 657 191 115 830 292 169 198 564 348 220 460 505 69 168 90 608 410 25 604 444 72 82 363 21 710 711 171 376 580 78 432 18 210
1 3 5 7 9 11 14 15 17 19 21 23 25 27 29 31 34 36 39 40 42 44 46 48 51 52 54 56 58 60 62 64 66 69 71 72 75:11232:304 105 472 220 219 388 115 65 292 338 264 1128 435 44 368 101 276 168 135 760 82 10 604 1110 54 123 484 14 426 237 114 282 435 688 144 18 210
1 3 5 7 9 11 14 16 18 20 21 23 25 27 29 31 34 36 38 40 42 44 46 48 50 52 54 56 58 60 62 64 66 68 71 72 75:11061:304 70 354 176 438 582 69 830 82 195 198 564 87 132 184 303 69 280 448 608 410 15 604 1110 192 164 121 28 284 711 285 188 580 156 144 54 42
1 3 5 7 9 12 14 16 18 20 21 23 25 27 29 31 34 36 38 40 42 44 46 48 50 52 54 56 58 60 62 64 66 68 70 72 75:10248:76 140 118 44 438 191 46 664 164 195 66 1410 174 44 460 303 138 224 448 304 82 5 604 888 48 82 121 28 568 237 285 282 435 78 672 18 168
1 3 5 7 9 12 14 16 18 20 21 23 25 27 29 31 34 36 38 40 42 44 46 48 50 52 54 56 58 60 62 64 66 68 71 72 75:8432:76 35 354 220 1095 191 46 166 164 156 264 564 348 176 92 101 69 168 112 152 246 10 302 444 96 164 121 21 284 711 114 470 435 39 144 72 210
1 3 5 7 9 11 14 16 18 20 21 23 25 27 29 31 34 36 39 40 42 44 46 48 51 52 54 56 58 60 62 64 66 68 71 72 75:8631:76 140 118 44 219 970 92 166 123 39 198 282 348 176 276 404 69 224 135 304 328 20 302 888 54 164 121 14 426 711 114 188 580 78 144 54 42
1 3 5 7 9 11 13 15 17 19 21 23 25 27 29 31 34 36 38 40 42 44 46 48 50 52 55 56 58 60 62 64 66 68 70 72 75:12136:380 105 354 44 657 582 396 39 292 338 330 564 174 88 276 505 276 224 560 608 82 20 302 888 48 164 756 21 710 237 285 470 290 195 672 36 168
1 3 5 7 9 12 13 15 17 19 21 23 25 27 29 31 34 36 38 40 42 44 46 48 50 52 55 56 58 60 62 64 66 68 70 72 75:8433:304 35 236 220 438 573 99 13 292 338 198 846 87 132 92 202 69 112 224 152 246 15 151 222 96 41 756 7 426 237 171 376 580 117 168 36 126
1 3 5 7 9 12 13 15 17 19 21 23 25 27 29 31 34 36 38 40 42 44 46 48 50 52 55 57 58 60 62 64 66 68 70 72 75:12885:228 105 590 176 1095 382 495 65 219 338 264 1128 87 88 276 505 207 224 448 152 410 5 604 1110 240 41 504 618 568 237 57 188 580 195 336 36 84
1 3 5 7 9 12 13 16 17 19 21 23 25 27 29 31 34 36 38 40 42 44 46 48 50 52 55 56 58 60 62 64 66 68 70 72 75:12623:76 140 236 44 1095 382 297 332 73 845 66 564 348 220 276 505 276 280 112 456 164 20 302 1110 144 82 1008 21 710 711 228 470 145 195 504 18 168
1 3 5 7 9 11 13 15 17 20 21 23 25 27 29 31 34 36 38 40 42 44 47 48 50 52 55 56 58 60 62 64 66 68 70 72 75:11489:304 35 236 220 438 194 495 13 73 195 132 1410 261 88 184 404 345 56 112 456 246 10 1116 888 48 41 504 7 568 711 57 94 435 195 840 36 42
1 3 5 7 9 11 13 15 17 19 21 23 25 27 29 31 34 36 38 40 42 44 46 48 51 52 55 56 58 60 62 64 66 68 70 72 75:9783:76 70 590 88 219 776 198 39 219 338 132 282 174 132 368 303 207 56 448 608 82 20 302 1110 36 82 1008 21 142 474 171 94 435 117 168 72 126
1 3 5 7 9 12 13 15 17 19 21 23 25 27 29 31 34 36 38 40 42 44 46 48 51 52 55 56 58 60 62 64 66 68 70 72 75:10974:380 105 118 220 876 573 99 65 73 338 330 282 87 88 276 404 69 56 336 760 82 10 453 1110 54 123 252 35 142 948 114 470 725 195 504 54 168
1 3 5 7 9 11 13 15 17 19 21 23 25 27 29 31 34 36 38 40 42 44 46 48 51 52 55 56 58 60 63 64 66 68 70 72 75:12410:228 140 472 88 1095 388 297 39 365 845 66 564 261 132 276 404 276 280 112 608 328 15 453 222 18 205 1008 28 284 474 820 282 725 78 336 72 126
1 3 5 7 9 12 13 16 17 19 21 23 25 27 29 31 34 36 38 40 42 44 46 48 51 52 55 56 58 60 62 64 66 68 70 72 75:13568:76 70 118 176 876 955 99 332 219 676 264 1410 435 176 368 404 345 168 224 456 164 15 302 888 36 41 1008 21 710 948 228 188 725 117 168 36 126
1 3 5 7 9 11 13 15 17 20 21 23 25 27 29 31 34 36 38 40 42 44 47 48 51 52 55 56 58 60 62 64 66 68 70 72 75:11811:380 105 236 88 876 776 297 13 365 156 264 564 348 176 460 303 276 168 448 304 328 20 558 222 18 41 756 21 426 711 171 376 435 39 840 36 210
1 3 5 7 9 11 13 15 17 19 21 23 25 27 29 31 34 36 39 40 42 44 46 48 50 52 55 56 58 60 62 64 66 68 70 72 75:11801:228 35 590 132 657 776 297 39 146 507 330 564 435 132 184 101 345 224 225 152 328 25 302 888 240 164 504 7 568 1185 57 282 435 39 504 90 84
1 3 5 7 9 11 13 15 17 19 21 23 25 27 29 31 34 36 39 40 42 44 46 48 50 52 55 56 58 60 62 64 66 68 71 72 75:11097:380 70 472 220 1095 582 495 26 292 169 132 564 348 88 184 101 69 112 225 608 82 25 604 666 144 123 252 28 568 474 228 470 580 195 144 72 210
1 3 5 7 9 12 13 15 17 19 21 23 25 27 29 31 34 36 39 40 42 44 46 48 50 52 55 56 58 60 62 64 66 68 70 72 75:9384:228 35 472 220 438 382 99 26 292 338 66 282 174 176 276 303 69 112 45 152 164 25 151 666 96 205 1008 28 426 237 171 470 580 78 672 54 168
1 3 5 7 9 12 13 16 17 19 21 23 25 27 29 31 34 36 39 40 42 44 46 48 50 52 55 56 58 60 62 64 66 68 71 72 75:11233:228 35 118 132 438 573 396 664 292 507 330 1128 348 44 92 202 207 168 225 456 410 20 453 222 48 164 756 21 568 474 228 188 435 117 288 90 168
1 3 5 7 9 11 13 15 17 19 21 23 25 27 29 31 34 36 39 40 42 44 46 48 50 52 55 56 58 60 62 64 66 69 71 72 75:10614:76 105 118 88 657 388 495 39 365 169 330 1410 348 88 184 101 345 56 135 152 246 20 604 222 48 164 252 14 568 948 57 282 290 344 720 18 168
1 3 5 7 9 11 13 15 17 19 21 23 25 27 29 31 34 36 39 40 42 44 46 48 51 52 55 56 58 60 62 64 66 68 70 72 75:11637:380 35 472 132 657 582 198 13 292 845 330 564 435 132 184 202 207 168 135 760 82 20 755 444 54 41 1260 7 142 711 228 188 580 156 168 36 42
1 3 5 7 9 11 13 15 17 19 21 23 25 27 29 31 34 36 39 40 42 44 46 48 51 52 55 56 58 60 62 64 66 68 71 72 75:11762:304 140 236 44 219 388 198 13 73 338 66 1128 261 176 276 404 276 224 90 608 410 20 453 1110 18 123 1260 14 710 474 114 282 580 78 432 54 168
1 3 5 7 9 11 13 15 17 19 21 23 25 27 29 31 34 36 39 40 42 44 46 48 51 52 55 56 58 60 62 64 66 69 71 72 75:12710:380 175 118 220 657 970 99 39 146 845 66 846 261 176 368 404 207 224 135 608 82 10 755 444 54 205 252 35 568 948 285 282 290 860 576 36 84
1 3 5 7 9 12 13 16 18 20 21 23 25 27 29 31 34 36 38 40 42 44 46 48 50 52 55 56 58 60 62 64 66 68 70 72 75:11729:228 70 354 176 219 382 495 664 205 117 198 1128 174 176 368 101 345 280 560 152 328 25 604 1110 144 41 1008 14 568 474 114 94 435 78 168 90 42
1 3 5 7 9 12 13 16 18 20 21 23 25 27 29 31 34 36 38 40 42 44 46 48 51 52 55 56 58 60 62 64 66 68 70 72 75:12290:304 105 236 88 876 191 297 332 123 78 330 282 261 44 276 202 207 112 560 760 164 15 604 666 90 41 1260 7 426 1185 285 470 435 78 840 18 42
1 3 5 7 9 11 14 15 17 19 21 23 25 27 29 31 34 36 38 40 42 44 46 48 50 52 55 56 58 60 62 64 66 68 70 72 75:10261:304 140 354 176 219 388 46 13 292 845 66 1128 348 176 92 202 138 56 336 152 328 15 604 222 192 123 1008 35 284 237 285 94 580 39 504 72 168
1 3 5 7 9 11 14 15 17 19 21 23 25 27 29 31 34 36 38 40 42 44 46 48 50 52 55 56 58 60 62 64 66 68 71 72 75:13714:152 70 590 220 876 776 46 52 292 845 330 1410 261 88 276 202 69 280 336 304 328 5 453 888 96 82 1260 7 142 1185 57 470 435 39 576 90 126
1 3 5 7 10 11 14 15 17 19 21 23 25 27 29 31 34 36 38 40 42 44 46 48 50 52 55 56 58 60 62 64 66 68 71 72 75:10718:228 175 236 176 400 776 23 26 146 845 264 846 348 88 92 101 138 168 336 456 246 25 453 222 144 205 1260 14 710 237 171 282 290 117 288 18 168
1 3 5 7 10 12 14 15 17 19 21 23 25 27 29 31 34 36 38 40 42 44 46 48 50 52 55 56 58 60 62 64 66 68 70 72 75:11340:380 105 472 220 800 764 92 26 365 169 132 1128 435 132 276 303 276 112 448 152 164 15 151 222 144 123 252 21 142 1185 228 376 435 195 840 18 42
1 3 5 7 10 12 14 15 17 19 21 23 25 27 29 31 34 36 38 40 42 44 46 48 50 52 55 56 58 60 62 64 66 68 71 72 75:12033:152 140 590 220 1000 191 23 39 365 169 330 564 435 44 368 303 207 112 112 456 410 25 604 1110 96 82 1008 7 568 711 114 376 145 117 720 36 84
1 3 5 7 9 12 14 16 17 19 21 23 25 27 29 31 34 36 38 40 42 44 46 48 50 52 55 56 58 60 62 64 66 68 70 72 75:11826:76 70 472 132 657 191 46 498 146 676 264 282 435 220 276 202 276 168 560 608 410 5 604 222 240 164 1008 21 142 948 285 282 145 195 672 18 210
1 3 5 7 9 12 14 16 17 19 21 23 25 27 29 31 34 36 38 40 42 44 46 48 50 52 55 56 58 60 62 64 66 68 71 72 75:10771:228 175 236 44 657 573 69 498 146 169 330 1128 87 44 460 202 69 56 448 152 410 25 151 666 192 82 252 14 710 1185 57 376 580 78 144 36 42
1 3 5 7 9 12 14 15 17 19 21 23 25 27 29 31 34 36 38 40 42 44 46 48 50 52 55 56 58 60 62 64 66 69 71 72 75:11173:76 140 472 88 1095 382 92 26 146 338 66 1128 261 88 184 303 207 56 448 304 328 25 453 888 192 164 1008 35 426 237 114 282 145 172 576 18 210
1 3 5 7 9 11 14 15 17 20 21 23 25 27 29 31 34 36 38 40 42 44 47 48 50 52 55 56 58 60 62 64 66 68 70 72 75:10830:152 175 236 220 438 582 46 13 365 156 132 846 174 176 368 505 138 56 448 456 246 15 279 1110 192 205 252 14 568 1185 57 188 435 78 168 72 84
1 3 5 7 9 11 14 15 17 20 21 23 25 27 29 31 34 36 38 40 42 44 47 48 50 52 55 56 58 60 62 64 66 68 71 72 75:12258:228 35 236 176 219 582 46 13 292 156 132 846 261 88 184 505 276 280 560 608 328 5 837 444 240 164 1008 7 710 1185 285 94 580 156 288 36 168
1 3 5 7 9 11 14 16 17 20 21 23 25 27 29 31 34 36 38 40 42 44 47 48 50 52 55 56 58 60 62 64 66 68 71 72 75:11607:228 175 118 88 1095 582 23 664 365 156 66 282 435 176 368 303 276 224 560 456 410 25 837 222 192 82 252 35 710 474 171 188 580 117 432 72 168
1 3 5 7 9 11 14 15 17 19 21 23 25 27 29 31 34 36 38 40 42 44 46 48 51 52 55 56 58 60 62 64 66 68 70 72 75:9926:304 35 354 176 876 388 23 52 219 676 198 282 87 88 184 202 69 56 448 152 246 15 755 1110 90 123 756 28 568 237 57 188 290 78 336 54 126
1 3 5 8 9 11 14 15 17 19 21 23 25 27 29 31 34 36 38 40 42 44 46 48 51 52 55 56 58 60 62 64 66 68 71 72 75:13581:228 105 354 675 657 970 92 52 365 845 264 1410 87 220 460 505 69 280 224 608 82 25 604 1110 36 41 756 14 142 711 171 188 580 117 288 36 210
1 3 5 7 10 11 14 15 17 19 21 23 25 27 29 31 34 36 38 40 42 44 46 48 51 52 55 56 58 60 62 64 66 68 71 72 75:11205:152 70 118 176 1000 582 69 65 146 845 132 564 87 220 460 505 345 280 112 760 328 25 151 444 90 123 504 21 710 474 285 94 290 156 576 36 210
1 3 5 7 9 12 14 16 17 19 21 23 25 27 29 31 34 36 38 40 42 44 46 48 51 52 55 56 58 60 62 64 66 68 70 72 75:9703:152 140 118 88 438 382 69 332 146 845 330 282 87 220 184 202 276 168 560 608 164 20 453 222 72 123 756 21 142 948 285 94 290 156 168 36 126
1 3 5 7 9 11 14 15 17 20 21 23 25 27 29 31 34 36 38 40 42 44 47 48 51 52 55 56 58 60 62 64 66 68 70 72 75:13010:304 105 590 44 657 388 23 13 292 117 264 1410 87 44 92 202 207 280 224 456 82 25 1395 888 54 82 1008 21 710 1185 57 94 725 195 504 18 168
1 3 5 7 9 11 14 15 17 19 21 23 25 27 29 31 34 36 39 40 42 44 46 48 50 52 55 56 58 60 62 64 66 68 70 72 75:11180:152 140 472 88 438 776 92 52 365 507 66 564 435 220 184 303 207 112 135 152 82 25 604 444 240 205 1008 21 142 711 114 470 580 156 840 36 42
1 3 5 7 9 11 14 15 17 19 21 23 25 27 29 31 34 36 39 40 42 44 46 48 50 52 55 56 58 60 62 64 66 68 71 72 75:9680:152 35 118 220 219 388 23 52 219 845 132 1128 87 176 460 101 69 280 180 152 328 10 151 444 48 205 1008 21 284 474 114 470 580 117 144 36 210
1 3 5 7 10 12 14 15 17 19 21 23 25 27 29 31 34 36 39 40 42 44 46 48 50 52 55 56 58 60 62 64 66 68 70 72 75:11852:380 140 118 132 600 573 46 26 219 169 198 282 174 44 276 303 345 112 180 760 328 10 604 888 96 123 756 35 710 948 171 376 725 195 672 54 84
1 3 5 7 9 11 14 15 17 19 21 23 25 27 29 31 34 36 39 40 42 44 46 48 50 52 55 56 58 60 62 64 66 69 71 72 75:10912:76 140 236 132 657 388 115 39 146 676 132 1410 261 176 92 202 138 280 90 760 410 20 453 666 192 123 504 35 142 474 114 376 435 516 144 36 126
1 3 6 7 9 11 14 15 17 19 21 23 25 27 29 31 34 36 39 40 42 44 46 48 50 52 55 56 58 60 62 64 66 69 70 72 75:11243:380 70 370 44 438 970 92 39 146 169 330 1128 87 220 276 101 207 56 90 152 410 20 604 888 48 164 252 7 284 474 285 282 580 860 504 90 126
1 3 5 7 9 12 14 15 17 19 21 23 25 27 29 31 34 36 39 40 42 44 46 48 50 52 55 56 58 60 62 64 66 69 71 72 75:9386:228 105 472 220 438 191 92 13 219 507 198 282 348 88 276 101 138 224 90 152 246 20 755 444 48 123 1008 28 142 474 114 188 580 516 144 90 84
1 3 5 7 9 11 14 15 17 19 21 23 25 27 29 31 34 36 39 40 42 44 46 48 51 52 55 56 58 60 62 64 66 68 70 72 75:10378:228 140 590 176 657 194 46 65 73 676 198 282 174 220 184 303 276 168 180 456 164 5 151 666 36 82 1008 21 142 948 285 282 435 117 672 36 42
1 3 5 7 9 11 14 15 17 19 21 23 25 27 29 31 34 36 39 40 42 44 46 48 51 52 55 56 58 60 62 64 66 68 71 72 75:11808:152 35 236 132 657 776 69 52 365 169 330 1410 174 88 276 505 345 224 225 304 328 20 755 666 90 164 252 28 426 948 228 94 580 195 288 54 168
1 3 5 7 9 12 14 16 17 19 21 23 25 27 29 31 34 36 39 40 42 44 46 48 51 52 55 56 58 60 62 64 66 68 71 72 75:10779:380 35 472 88 219 573 46 664 146 169 330 564 87 220 184 505 207 280 45 304 328 25 151 222 54 164 756 28 710 1185 171 282 435 156 432 36 126
1 3 5 7 9 11 14 15 17 19 21 23 25 27 29 31 34 36 39 40 42 44 46 48 51 52 55 56 58 60 62 64 66 69 71 72 75:12076:76 35 354 220 1095 388 115 26 146 507 66 1410 435 44 92 202 345 168 225 456 328 20 302 888 54 205 1260 35 568 237 228 282 290 344 432 72 126
1 3 5 7 9 12 14 15 17 19 21 23 25 27 29 31 34 36 39 40 42 44 46 48 51 52 55 56 58 60 62 64 66 69 71 72 75:12511:380 105 590 176 438 573 115 52 146 169 264 846 261 220 368 404 276 112 225 760 410 5 151 888 72 82 504 28 710 711 285 188 725 516 576 54 126
1 3 5 7 9 12 14 16 18 20 21 23 25 27 29 31 34 36 38 40 42 44 46 48 50 52 55 56 58 60 62 64 66 68 70 72 75:9879:304 35 236 44 438 764 46 332 82 195 330 1128 348 176 368 303 69 56 112 456 164 25 302 444 144 164 1008 21 142 237 285 282 290 195 168 18 168
1 3 5 7 9 11 13 15 17 19 21 23 25 28 29 31 34 36 38 40 42 44 46 48 50 52 54 56 58 60 62 64 66 68 70 72 75:12533:380 105 236 176 876 970 396 13 365 676 198 846 261 274 368 101 207 280 560 608 246 25 453 888 48 82 121 14 284 1185 57 470 290 78 336 18 42
1 3 5 7 9 12 13 15 17 19 21 23 25 28 29 31 34 36 38 40 42 44 46 48 50 52 54 56 58 60 62 64 66 68 70 72 75:11158:152 175 118 44 1095 764 99 26 146 507 198 1128 435 274 368 101 69 56 448 608 164 25 604 222 96 41 605 28 426 711 57 94 725 117 168 54 210
1 3 5 7 9 12 13 15 17 19 21 23 25 28 29 31 34 36 38 40 42 44 46 48 50 52 54 57 58 60 62 64 66 68 70 72 75:11335:152 35 354 220 1095 191 198 65 73 338 330 1410 261 548 184 202 138 112 448 152 328 20 604 222 192 41 484 309 568 711 171 376 290 117 168 18 210
1 3 5 7 9 12 13 16 17 19 21 23 25 28 29 31 34 36 38 40 42 44 46 48 50 52 54 56 58 60 62 64 66 68 70 72 75:13207:228 105 472 44 438 573 495 664 365 845 66 1410 435 822 460 303 207 112 448 760 246 5 604 222 48 164 605 7 142 474 114 188 290 78 504 54 210
1 3 5 7 9 11 13 15 17 19 21 23 25 28 29 31 34 36 38 40 42 44 46 48 51 52 54 56 58 60 62 64 66 68 70 72 75:13439:152 140 590 88 876 194 198 65 73 676 132 1128 174 1370 276 101 276 168 560 608 246 5 302 888 18 41 484 21 284 1185 285 376 580 195 504 54 126
1 3 5 7 9 11 13 15 17 19 21 23 25 28 29 31 34 36 38 40 42 44 46 48 51 52 54 56 58 60 63 64 66 68 70 72 75:10496:304 70 472 176 438 388 198 26 146 507 66 282 87 1096 276 303 138 56 448 456 164 15 453 888 54 82 605 28 142 237 820 94 435 78 336 90 42
1 3 5 7 9 11 13 15 17 19 21 23 25 28 29 31 34 36 39 40 42 44 46 48 50 52 54 56 58 60 62 64 66 68 71 72 75:12908:76 105 354 88 1095 970 297 39 73 676 132 846 261 1370 460 303 207 224 180 456 246 20 302 222 48 123 484 21 710 711 171 470 580 156 288 18 126
1 3 6 7 9 11 13 15 17 19 21 23 25 28 29 31 34 36 39 40 42 44 46 48 50 52 54 56 58 60 62 64 66 68 71 72 75:10821:228 140 296 44 438 582 99 13 219 676 66 846 435 1096 276 404 69 56 90 152 410 25 302 666 48 205 121 28 568 948 171 188 145 195 432 18 126
1 3 5 7 9 11 13 15 17 19 21 23 25 28 29 31 34 36 39 40 42 44 46 48 51 52 54 56 58 60 62 64 66 68 71 72 75:11249:152 35 236 88 219 582 396 65 365 338 198 1128 87 822 276 505 69 56 90 760 246 15 453 888 36 123 484 7 142 474 285 94 725 156 432 54 168
1 3 5 7 9 12 13 16 18 20 21 23 25 28 29 31 34 36 38 40 42 44 46 48 50 52 54 56 58 60 62 64 66 68 70 72 75:11139:380 70 354 44 657 764 297 332 82 195 264 282 435 274 184 404 207 224 448 760 328 5 453 666 48 205 121 28 426 237 228 376 290 195 672 36 168
1 3 5 7 9 11 14 15 17 19 21 23 25 28 29 31 34 36 38 40 42 44 46 48 50 52 54 56 58 60 62 64 66 68 70 72 75:12564:228 140 472 88 657 388 115 65 73 845 132 1128 261 822 368 505 345 56 336 760 164 25 453 222 96 82 605 28 568 474 114 470 435 156 672 90 126
1 3 5 7 9 11 14 15 17 19 21 23 25 28 29 31 34 36 38 40 42 44 46 48 50 52 54 56 58 60 62 64 66 68 71 72 75:13033:152 140 590 132 657 776 23 13 365 676 198 1128 87 822 460 505 276 112 224 304 82 10 453 888 192 123 242 28 710 711 228 470 725 39 288 36 168
1 3 6 7 9 11 14 15 17 19 21 23 25 28 29 31 34 36 38 40 42 44 46 48 50 52 54 56 58 60 62 64 66 68 71 72 75:11183:152 105 296 220 1095 194 46 39 292 338 198 1128 174 1370 92 303 138 112 448 152 164 25 302 888 240 41 484 14 426 474 57 470 145 117 288 72 84
1 3 5 7 10 11 14 15 17 19 21 23 25 28 29 31 34 36 38 40 42 44 46 48 50 52 54 56 58 60 62 64 66 68 71 72 75:12351:152 175 472 88 400 776 115 26 365 507 198 564 87 822 460 505 69 56 560 760 164 25 604 444 192 205 484 14 142 1185 228 94 435 156 576 36 210
1 3 5 7 9 11 14 16 17 19 21 23 25 28 29 31 34 36 38 40 42 44 46 48 50 52 54 56 58 60 62 64 66 68 70 72 75:12218:380 70 118 44 438 776 92 664 219 169 198 1410 348 548 368 202 345 168 112 608 410 15 755 444 48 123 121 28 710 237 285 470 290 195 672 54 84
1 3 5 7 9 12 14 16 17 19 21 23 25 28 29 31 34 36 38 40 42 44 46 48 50 52 54 56 58 60 62 64 66 68 70 72 75:10408:304 70 236 88 438 764 46 166 219 845 264 1128 87 274 92 202 69 112 560 152 82 5 151 222 192 205 484 21 568 237 114 282 580 195 840 72 42
1 3 5 7 9 11 14 15 17 19 21 23 25 28 29 31 34 36 38 40 42 44 46 48 51 52 54 56 58 60 62 64 66 68 70 72 75:13171:76 175 354 220 1095 776 23 39 292 845 132 564 435 1096 184 505 345 112 448 608 246 10 453 888 18 41 484 28 426 948 114 188 580 117 168 54 84
1 3 5 8 9 11 14 15 17 19 21 23 25 28 29 31 34 36 38 40 42 44 46 48 51 52 54 56 58 60 62 64 66 68 71 72 75:12117:152 70 354 900 438 388 92 39 146 338 330 282 174 1370 276 303 138 56 448 760 410 10 453 1110 90 41 363 14 142 711 228 188 580 117 432 90 84
1 3 5 7 9 11 14 16 17 19 21 23 25 28 29 31 34 36 38 40 42 44 46 48 51 52 54 56 58 60 62 64 66 68 70 72 75:11666:304 105 236 132 438 194 115 166 365 845 66 1128 348 1370 276 404 207 280 336 304 164 5 302 222 54 82 121 7 710 711 57 470 725 117 168 90 42
1 3 5 7 9 12 14 16 17 19 21 23 25 28 29 31 34 36 38 40 42 44 46 48 51 52 54 56 58 60 62 64 66 68 70 72 75:11038:152 140 236 132 876 382 115 332 292 338 198 282 435 274 184 404 69 112 224 760 328 10 604 1110 36 205 484 21 142 948 57 188 290 156 336 18 168
1 3 5 7 9 11 14 15 17 19 21 23 25 28 29 31 34 36 39 40 42 44 46 48 51 52 54 56 58 60 62 64 66 68 71 72 75:10901:152 35 590 88 876 194 92 65 365 507 66 282 435 1096 184 505 276 280 90 760 246 25 453 222 36 205 121 7 710 948 171 188 145 78 144 54 210
1 3 5 7 9 11 14 16 18 20 21 23 25 28 29 31 34 36 38 40 42 44 46 48 50 52 54 56 58 60 62 64 66 68 70 72 75:13152:152 140 590 88 438 582 23 166 123 117 132 1410 261 822 368 303 276 224 448 608 246 5 604 1110 96 82 363 7 284 711 57 376 725 195 840 54 126
1 3 5 7 9 12 14 16 18 20 21 23 25 28 29 31 34 36 38 40 42 44 46 48 50 52 54 56 58 60 62 64 66 68 70 72 75:13905:380 175 472 220 657 382 69 830 82 195 330 846 435 822 368 101 207 224 336 760 246 15 604 888 48 123 121 7 710 711 285 376 725 195 840 36 84
1 3 5 7 9 11 14 16 18 20 21 23 25 28 29 31 34 36 38 40 42 44 46 48 51 52 54 56 58 60 62 64 66 68 70 72 75:10598:228 175 236 176 219 776 23 664 205 156 66 1410 348 1096 184 202 69 224 448 152 246 25 302 222 54 205 121 28 284 711 114 470 435 78 168 36 42
1 3 5 7 9 11 13 15 17 19 21 23 25 28 29 31 34 36 38 40 42 44 46 48 50 52 55 56 58 60 62 64 66 68 70 72 75:13117:228 105 472 176 657 388 99 65 219 338 198 1128 87 274 460 505 69 56 112 608 246 10 755 1110 192 164 252 14 568 1185 285 470 725 39 672 18 168
1 3 5 7 9 12 13 15 17 19 21 23 25 28 29 31 34 36 38 40 42 44 46 48 50 52 55 56 58 60 62 64 66 68 70 72 75:11780:76 70 590 132 1095 573 396 13 146 169 264 846 87 1370 460 101 138 280 112 152 82 15 604 444 192 82 756 35 142 474 285 94 725 78 504 72 126
1 3 5 7 9 12 13 16 17 19 21 23 25 28 29 31 34 36 38 40 42 44 46 48 50 52 55 56 58 60 62 64 66 68 70 72 75:11445:76 105 236 176 657 191 297 498 292 338 66 846 435 1096 184 101 207 224 560 456 410 5 151 222 240 41 504 7 710 711 171 282 290 78 336 36 210
1 3 5 7 9 11 13 15 17 20 21 23 25 28 29 31 34 36 38 40 42 44 47 48 50 52 55 56 58 60 62 64 66 68 70 72 75:11800:152 140 236 44 219 776 297 26 219 78 66 846 348 1096 368 505 207 280 112 608 164 15 558 222 48 41 1260 14 568 711 285 188 290 195 504 72 42
1 3 5 7 9 12 13 15 17 20 21 23 25 28 29 31 34 36 38 40 42 44 47 48 50 52 55 56 58 60 62 64 66 68 70 72 75:12520:228 175 118 176 657 382 396 52 219 39 132 1410 87 822 276 404 207 168 112 760 410 20 279 1110 192 205 1260 35 568 237 57 282 580 39 168 90 168
1 3 5 7 9 11 13 15 17 19 21 23 25 28 29 31 34 36 38 40 42 44 46 48 51 52 55 56 58 60 62 64 66 68 70 72 75:11444:152 70 236 44 1095 776 297 13 73 338 264 282 261 548 276 303 138 168 112 456 328 10 604 222 90 41 1008 28 142 1185 57 376 290 39 840 72 210
1 3 5 7 9 12 13 15 17 19 21 23 25 28 29 31 34 36 38 40 42 44 46 48 51 52 55 56 58 60 62 64 66 68 70 72 75:12599:380 35 354 176 657 764 297 13 219 845 264 846 348 822 368 202 69 56 224 608 410 10 453 1110 54 82 756 7 568 474 114 188 145 117 504 18 42
1 3 5 7 9 11 13 15 17 19 21 23 25 28 29 31 34 36 38 40 42 44 46 48 51 52 55 56 58 60 63 64 66 68 70 72 75:14922:76 105 590 44 657 388 198 39 365 845 330 1410 87 1370 276 202 138 224 448 152 246 20 453 888 72 123 1260 21 568 711 656 376 435 195 840 72 42
1 3 5 7 9 12 13 16 17 19 21 23 25 28 29 31 34 36 38 40 42 44 46 48 51 52 55 56 58 60 62 64 66 68 70 72 75:13892:304 140 590 44 1095 764 198 332 365 507 264 1128 435 1096 92 202 345 56 448 456 328 15 453 888 18 41 504 28 284 474 285 376 290 117 672 90 168
1 3 5 7 9 11 13 15 17 20 21 23 25 28 29 31 34 36 38 40 42 44 47 48 51 52 55 56 58 60 62 64 66 68 70 72 75:11344:76 70 236 220 657 582 99 52 73 117 264 1128 348 274 184 303 207 112 112 456 82 20 1116 222 18 205 1260 28 710 474 228 188 290 117 672 18 126
1 3 5 7 9 11 14 15 17 19 21 23 25 28 29 31 34 36 38 40 42 44 46 48 50 52 55 56 58 60 62 64 66 68 70 72 75:10656:152 35 236 88 219 776 23 26 73 338 264 282 87 548 276 101 207 224 448 760 82 10 302 888 144 123 1260 21 568 237 285 188 290 195 672 18 210
1 3 5 7 10 11 14 15 17 19 21 23 25 28 29 31 34 36 38 40 42 44 46 48 50 52 55 56 58 60 62 64 66 68 71 72 75:12322:380 140 590 44 600 970 92 65 292 169 264 282 435 1096 276 505 207 168 448 456 410 10 453 222 144 164 1008 28 284 237 171 282 290 156 720 54 210
1 3 5 7 10 12 14 15 17 19 21 23 25 28 29 31 34 36 38 40 42 44 46 48 50 52 55 56 58 60 62 64 66 68 70 72 75:13375:380 175 472 44 1000 382 115 52 146 676 330 1128 348 1096 92 101 138 168 224 608 164 25 755 888 240 123 1008 7 568 237 114 282 725 156 168 72 168
1 3 5 7 9 12 14 16 17 19 21 23 25 28 29 31 34 36 38 40 42 44 46 48 50 52 55 56 58 60 62 64 66 68 70 72 75:10687:228 105 354 44 876 191 23 664 219 169 264 282 435 822 276 202 138 280 224 608 164 20 151 222 240 205 1008 28 142 711 228 188 145 195 504 90 42
1 3 5 7 9 11 14 15 17 20 21 23 25 28 29 31 34 36 38 40 42 44 47 48 50 52 55 56 58 60 62 64 66 68 70 72 75:11108:304 140 472 176 438 388 92 65 219 156 66 564 435 274 460 404 69 56 336 456 82 5 1395 222 144 41 1008 35 142 474 114 188 725 195 672 54 42
1 3 5 7 9 11 14 15 17 19 21 23 25 28 29 31 34 36 38 40 42 44 46 48 51 52 55 56 58 60 62 64 66 68 70 72 75:11335:152 35 590 88 657 582 69 52 73 845 66 282 174 1370 460 202 138 112 336 152 164 15 151 1110 18 41 1260 7 284 237 285 94 145 195 672 54 168
1 3 5 7 9 12 14 16 17 19 21 23 25 28 29 31 34 36 38 40 42 44 46 48 51 52 55 56 58 60 62 64 66 68 70 72 75:12855:304 175 236 176 219 382 23 166 219 338 132 1128 174 274 92 404 345 112 224 608 328 10 755 888 18 123 1260 28 568 1185 57 470 435 195 672 90 42
1 3 5 7 9 11 14 15 17 20 21 23 25 28 29 31 34 36 38 40 42 44 47 48 51 52 55 56 58 60 62 64 66 68 70 72 75:12477:304 35 472 44 876 194 23 52 292 39 132 1410 348 822 92 404 345 112 224 304 328 15 837 444 36 123 1008 28 426 711 171 188 435 117 840 36 210
1 3 5 7 9 11 13 15 17 19 21 23 26 27 29 31 34 36 38 40 42 44 46 48 50 52 54 56 58 60 62 64 66 68 70 72 75:10754:228 70 354 132 1095 970 198 65 146 507 66 282 89 88 92 101 69 56 336 456 82 15 755 666 48 123 363 21 710 474 114 376 290 195 840 72 210
1 3 5 7 9 11 13 15 17 19 21 23 26 27 29 31 34 36 39 40 42 44 46 48 50 52 54 56 58 60 62 64 66 69 71 72 75:11013:380 105 354 132 876 582 297 52 292 676 66 1128 356 220 368 101 276 168 90 304 82 15 151 444 96 41 242 14 426 474 171 94 580 688 576 54 42
1 3 5 7 9 11 13 15 17 19 21 23 26 27 29 31 34 36 39 40 42 44 46 48 51 52 54 56 58 60 62 64 66 68 71 72 75:9979:152 140 118 176 657 388 495 39 219 676 330 1128 89 132 460 202 138 280 225 760 328 10 302 444 18 82 121 21 142 474 57 470 145 117 288 72 84
1 3 5 7 9 11 14 15 17 19 21 23 26 27 29 31 34 36 38 40 42 44 46 48 50 52 54 56 58 60 62 64 66 68 70 72 75:10222:228 140 354 132 219 582 69 52 73 507 264 564 356 176 92 505 138 224 112 304 410 5 755 1110 48 205 363 28 426 237 285 376 145 156 336 36 210
1 3 5 7 9 11 14 15 17 19 21 23 26 27 29 31 34 36 39 40 42 44 46 48 50 52 54 56 58 60 62 64 66 69 71 72 75:10608:76 175 472 44 657 582 23 52 219 169 66 1128 445 44 368 101 345 168 135 608 410 15 453 222 144 205 605 7 284 474 228 470 290 516 144 54 210
1 3 5 7 9 11 14 15 17 19 21 23 26 27 29 31 34 36 39 40 42 44 46 48 51 52 54 56 58 60 62 64 66 68 71 72 75:10148:76 140 590 44 657 970 69 13 292 507 330 564 267 88 184 505 276 168 225 456 246 5 453 222 18 164 484 14 284 474 57 188 290 156 576 54 42
1 3 5 7 9 11 13 15 17 19 21 23 26 27 29 31 34 36 38 40 42 44 46 48 50 52 55 56 58 60 62 64 66 68 70 72 75:11870:304 140 354 88 876 970 99 52 146 845 264 1128 178 88 92 202 345 280 224 608 410 10 453 444 192 41 252 28 426 1185 171 94 290 195 168 18 210
1 3 5 7 9 11 13 15 17 20 21 23 26 27 29 31 34 36 38 40 42 44 47 48 50 52 55 56 58 60 62 64 66 68 70 72 75:9894:304 70 236 44 876 582 198 26 292 195 132 564 356 44 276 101 138 168 112 304 410 5 558 666 48 205 504 21 568 711 285 282 145 156 168 18 126
1 3 5 7 9 11 13 15 17 19 21 23 26 27 29 31 34 36 38 40 42 44 46 48 51 52 55 56 58 60 62 64 66 68 70 72 75:10738:380 105 354 220 876 970 297 52 219 338 132 564 267 176 92 404 207 56 560 456 328 10 453 444 90 41 504 28 142 711 171 282 290 195 168 72 84
1 3 5 7 9 11 13 15 17 19 21 23 26 27 29 31 34 36 39 40 42 44 46 48 50 52 55 56 58 60 62 64 66 68 70 72 75:13750:304 105 590 44 657 194 396 26 365 338 264 1410 89 220 368 505 345 168 225 760 164 20 604 1110 96 164 1008 28 710 711 228 470 290 156 336 72 210
1 3 5 7 9 11 13 15 17 19 21 23 26 27 29 31 34 36 39 40 42 44 46 48 50 52 55 56 58 60 62 64 66 69 71 72 75:11505:76 35 236 220 1095 388 495 65 365 338 66 564 356 220 92 303 276 56 225 304 246 15 453 222 96 82 1008 21 426 711 228 376 290 860 432 54 210
1 3 5 7 9 11 14 15 17 19 21 23 26 27 29 31 34 36 38 40 42 44 46 48 50 52 55 56 58 60 62 64 66 68 70 72 75:12537:152 140 590 132 1095 582 23 65 292 338 330 282 89 132 184 404 207 112 336 304 410 25 755 444 192 123 1260 28 568 1185 57 94 725 78 504 90 210
1 3 5 7 9 11 14 15 17 19 21 23 26 27 29 31 34 36 38 40 42 44 46 48 51 52 55 56 58 60 62 64 66 68 70 72 75:11215:228 175 472 176 438 194 92 13 146 507 264 846 356 44 92 404 276 56 560 304 246 15 755 222 36 205 1260 14 426 474 285 188 435 117 672 54 168
1 3 5 7 9 11 14 15 17 19 21 23 26 28 29 31 34 36 38 40 42 44 46 48 50 52 54 56 58 60 62 64 66 68 70 72 75:11587:228 175 118 44 438 582 23 13 146 507 264 1410 89 1096 368 303 345 56 224 304 410 25 604 222 240 123 605 14 426 474 114 470 725 78 168 72 84
1 3 5 7 9 11 14 15 17 19 21 23 26 28 29 31 34 36 38 40 42 44 46 48 51 52 54 56 58 60 62 64 66 68 70 72 75:12793:228 140 354 132 657 970 46 39 73 676 330 1128 445 548 92 303 207 224 112 760 82 20 604 666 18 123 121 28 568 1185 171 94 725 78 672 90 84
1 3 5 7 9 11 13 15 17 19 21 23 26 28 29 31 34 36 38 40 42 44 46 48 50 52 55 56 58 60 62 64 66 68 70 72 75:11521:152 175 354 44 1095 194 396 13 73 169 132 564 445 1096 368 303 207 168 560 608 164 20 302 666 48 41 252 28 568 948 114 94 725 39 168 18 210
1 3 5 7 9 11 13 15 17 19 21 23 26 28 29 31 34 36 38 40 42 44 46 48 51 52 55 56 58 60 62 64 66 68 70 72 75:12009:380 175 472 176 1095 388 396 26 292 338 66 846 89 822 92 202 276 56 112 304 410 5 755 444 72 82 1008 35 568 237 228 282 725 117 336 18 84
1 3 5 7 9 11 13 15 17 19 21 23 25 27 29 31 34 36 38 40 42 45 46 48 50 52 54 56 58 60 62 64 66 68 70 72 74:11042:304 105 118 88 219 388 297 52 73 507 66 282 261 132 368 505 207 280 448 760 410 320 755 666 144 164 121 14 142 474 228 470 725 195 504 90 160
1 3 5 7 9 11 13 15 17 19 21 23 25 27 29 31 34 36 38 40 42 45 46 48 50 52 54 56 58 60 62 64 66 69 70 72 74:13056:304 175 236 132 438 970 297 52 365 507 198 282 87 220 460 202 138 224 336 152 164 160 453 1110 96 164 484 21 710 1185 171 282 725 688 672 36 160
1 3 5 7 9 11 13 15 17 20 21 23 25 27 29 31 34 36 38 40 42 45 47 48 50 52 54 56 58 60 62 64 66 68 70 72 74:9989:76 105 472 176 219 194 99 65 146 156 132 846 435 132 184 505 276 168 224 304 410 80 558 444 96 123 484 7 710 711 285 188 580 117 168 18 96
1 3 5 7 9 11 13 15 17 19 21 23 25 27 29 31 34 36 38 40 42 45 46 48 51 52 54 56 58 60 62 64 66 68 70 72 74:9431:380 105 118 88 219 582 198 13 146 845 264 282 261 44 92 101 69 280 560 304 246 400 302 222 36 164 484 35 568 237 171 470 145 78 672 90 160
1 3 5 7 9 11 13 15 17 19 21 23 25 27 29 31 34 36 38 40 42 45 46 48 51 52 54 56 58 60 62 64 66 69 70 72 74:11925:228 35 354 88 657 970 99 65 365 845 132 1410 348 132 460 303 138 280 560 152 410 400 302 222 54 41 363 7 568 237 114 376 290 516 336 36 32
1 3 5 7 9 11 13 15 17 20 21 23 25 27 29 31 34 36 38 40 42 45 47 48 51 52 54 56 58 60 62 64 66 68 70 72 74:12987:76 70 590 132 657 582 99 65 73 156 264 1128 435 176 184 101 276 280 560 608 328 400 837 888 36 123 484 28 142 1185 228 376 725 195 336 36 128
1 3 5 7 9 11 13 15 17 19 21 23 25 27 29 31 34 36 39 40 42 45 46 48 50 52 54 56 58 60 62 64 66 68 71 72 74:11194:304 105 236 176 219 776 297 39 146 676 66 1410 87 44 184 202 138 168 180 304 82 160 151 1110 240 41 605 28 426 711 171 470 580 156 288 90 128
1 3 5 7 9 12 13 15 17 19 21 23 25 27 29 31 34 36 39 40 42 45 46 48 50 52 54 56 58 60 62 64 66 68 71 72 74:12640:304 70 590 88 438 764 495 65 219 676 66 1128 261 220 276 202 345 280 90 760 82 240 302 888 96 41 363 21 568 948 171 376 145 156 720 90 96
1 3 5 7 9 11 13 15 17 19 21 23 25 27 29 31 34 36 39 40 42 45 46 48 50 52 54 56 58 60 62 64 66 69 71 72 74:11839:76 140 472 220 219 582 198 26 365 507 66 564 435 88 276 404 345 112 225 608 164 240 755 222 240 82 363 35 568 1185 171 282 290 688 576 18 32
1 3 5 7 9 11 13 15 17 19 21 23 25 27 29 31 34 36 39 40 42 45 46 48 51 52 54 56 58 60 62 64 66 68 71 72 74:11393:76 140 236 88 876 970 99 13 365 845 132 1410 87 88 184 404 138 224 180 456 246 160 151 222 36 123 242 7 426 711 228 470 725 117 432 54 32
1 3 5 7 9 12 13 15 17 19 21 23 25 27 29 31 34 36 39 40 42 45 46 48 51 52 54 56 58 60 62 64 66 68 71 72 74:9828:304 70 590 176 657 191 99 13 73 338 132 846 174 88 92 505 69 280 90 760 246 160 302 888 18 82 363 14 142 237 285 282 435 39 720 36 32
1 3 5 7 9 11 13 15 17 19 21 23 25 27 29 31 34 36 39 40 42 45 46 48 51 52 54 56 58 60 63 64 66 68 71 72 74:11162:152 105 118 132 876 388 495 52 292 338 132 564 87 88 184 202 69 224 180 760 164 80 453 666 54 41 605 21 710 711 656 94 580 117 576 36 160
1 3 5 7 9 11 13 15 17 19 21 23 25 27 29 31 34 36 39 40 42 45 46 48 51 52 54 56 58 60 62 64 66 69 71 72 74:11780:304 175 590 176 657 970 99 26 219 676 132 564 174 88 460 404 69 280 135 608 410 160 302 666 90 82 242 7 142 1185 228 94 580 172 432 54 128
1 3 5 7 9 11 14 15 17 19 21 23 25 27 29 31 34 36 38 40 42 45 46 48 50 52 54 56 58 60 62 64 66 68 70 72 74:10248:304 140 118 176 438 970 46 39 219 507 264 282 435 44 276 303 276 168 112 304 328 400 151 888 96 164 484 21 426 237 114 470 145 117 672 18 96
1 3 5 7 9 11 14 15 17 19 21 23 25 27 29 31 34 36 38 40 42 45 46 48 50 52 54 56 58 60 62 64 66 69 70 72 74:13011:380 175 590 220 1095 776 92 26 365 507 132 1128 174 132 460 404 276 168 336 456 410 400 453 222 144 82 121 35 284 474 57 470 145 860 840 90 32
1 3 5 7 9 11 14 15 17 20 21 23 25 27 29 31 34 36 38 40 42 45 47 48 50 52 54 56 58 60 62 64 66 68 70 72 74:11404:228 70 118 220 219 194 92 39 146 195 66 1128 348 220 460 202 345 224 224 608 164 80 837 1110 96 164 484 7 426 1185 57 282 145 117 672 72 160
1 3 5 7 9 11 14 15 17 19 21 23 25 27 29 31 34 36 38 40 42 45 46 48 51 52 54 56 58 60 62 64 66 68 70 72 74:10492:228 70 236 88 876 582 92 52 146 338 66 1410 348 132 92 303 207 112 112 456 82 240 151 888 90 41 484 21 710 237 57 470 290 117 504 36 128
1 3 5 7 9 11 14 15 17 19 21 23 25 27 29 31 34 36 38 40 42 45 46 48 51 52 54 56 58 60 62 64 66 69 70 72 74:10363:76 35 472 220 657 194 23 39 146 507 198 282 435 132 184 101 345 112 560 152 82 160 604 222 36 123 605 7 710 474 171 282 725 516 672 72 32
1 3 5 7 9 11 14 15 17 19 21 23 25 27 29 31 34 36 39 40 42 45 46 48 50 52 54 56 58 60 62 64 66 68 71 72 74:9217:76 35 118 44 876 970 46 65 365 676 66 1128 174 176 368 404 276 168 45 152 82 160 302 222 192 123 121 14 284 474 171 188 145 117 144 90 160
1 3 5 7 9 12 14 15 17 19 21 23 25 27 29 31 34 36 39 40 42 45 46 48 50 52 54 56 58 60 62 64 66 68 71 72 74:10888:152 175 354 176 438 573 115 13 292 845 330 1128 174 44 276 202 207 56 225 760 246 400 604 444 240 205 242 28 426 237 57 188 435 117 288 36 160
1 3 5 7 10 12 14 15 17 19 21 23 25 27 29 31 34 36 39 40 42 45 46 48 50 52 54 56 58 60 62 64 66 68 71 72 74:10475:228 105 236 44 400 573 92 65 219 507 66 282 87 132 276 404 138 224 90 760 246 400 453 888 96 164 605 35 710 474 171 282 580 195 144 72 32
1 3 5 7 9 11 14 15 17 19 21 23 25 27 29 31 34 36 39 40 42 45 46 48 51 52 54 56 58 60 62 64 66 68 71 72 74:9644:228 175 472 44 219 970 23 13 365 169 66 564 435 44 184 303 207 112 90 760 164 320 604 666 90 205 605 28 142 237 114 188 290 156 288 72 32
1 3 5 7 9 11 13 15 17 19 21 23 25 27 29 31 34 36 38 40 42 45 46 48 50 52 55 56 58 60 62 64 66 68 70 72 74:11781:76 35 590 220 1095 582 495 13 365 676 66 282 87 176 276 303 276 56 448 304 328 320 302 666 192 164 504 35 284 948 285 282 290 156 504 36 64
1 3 5 7 9 11 13 15 17 19 21 23 25 27 29 31 34 36 38 40 42 45 46 48 50 52 55 56 58 60 62 64 66 69 70 72 74:13482:228 175 118 44 438 388 297 52 219 845 264 1128 348 176 460 303 138 224 448 760 164 320 755 444 192 205 1008 35 142 1185 285 94 580 516 336 72 96
1 3 5 7 9 11 13 15 17 20 21 23 25 27 29 31 34 36 38 40 42 45 47 48 50 52 55 56 58 60 62 64 66 68 70 72 74:10506:380 175 472 44 876 582 396 65 219 78 66 846 87 220 184 303 207 224 112 152 410 80 279 666 48 123 252 28 284 1185 285 470 145 195 168 72 128
1 3 5 7 9 11 13 15 17 20 21 23 25 27 29 31 34 36 38 40 42 45 47 48 50 52 55 56 58 60 62 64 66 69 70 72 74:13782:152 105 590 176 219 776 297 26 292 156 330 846 435 88 276 505 345 280 560 456 246 240 1116 1110 240 123 1260 7 426 474 114 282 580 172 336 18 128
1 3 5 7 9 11 13 15 17 19 21 23 25 27 29 31 34 36 38 40 42 45 46 48 51 52 55 56 58 60 62 64 66 68 70 72 74:12016:228 35 590 176 876 582 495 39 292 169 198 1128 261 88 276 303 345 280 112 304 164 80 604 222 90 164 252 21 568 1185 228 376 725 156 336 36 32
1 3 5 7 9 11 13 15 17 19 21 23 25 27 29 31 34 36 38 40 42 45 46 48 51 52 55 56 58 60 62 64 66 69 70 72 74:11560:76 70 472 88 657 582 198 52 73 676 66 282 348 88 92 505 207 112 224 760 328 80 151 444 36 123 1008 21 710 711 228 470 290 860 336 72 64
1 3 5 7 9 11 13 15 17 20 21 23 25 27 29 31 34 36 38 40 42 45 47 48 51 52 55 56 58 60 62 64 66 68 70 72 74:12324:304 70 590 44 438 388 396 13 146 195 264 1128 174 176 276 505 276 280 112 608 410 160 837 666 54 82 1008 21 142 948 228 376 435 156 168 90 160
1 3 5 7 9 11 13 15 17 20 21 23 25 27 29 31 34 36 38 40 42 45 47 48 51 52 55 56 58 60 62 64 66 69 70 72 74:13970:304 175 472 220 219 970 198 65 365 78 264 1410 261 44 460 202 276 112 224 304 246 80 1395 888 18 164 1008 28 710 948 57 470 145 172 840 18 160
1 3 5 7 9 11 13 15 17 19 21 23 25 27 29 31 34 36 39 40 42 45 46 48 50 52 55 56 58 60 62 64 66 68 71 72 74:12211:76 175 354 220 1095 388 198 26 219 845 330 846 348 44 460 101 138 56 135 608 246 160 604 444 48 123 504 21 284 1185 285 94 580 195 576 72 128
1 3 5 7 9 12 13 15 17 19 21 23 25 27 29 31 34 36 39 40 42 45 46 48 50 52 55 56 58 60 62 64 66 68 71 72 74:11722:76 175 236 88 438 955 495 13 292 507 132 846 174 220 184 101 276 168 225 152 82 80 755 888 240 205 756 7 710 474 285 282 435 156 432 54 128
1 3 5 7 9 11 13 15 17 19 21 23 25 27 29 31 34 36 39 40 42 45 46 48 50 52 55 56 58 60 62 64 66 69 71 72 74:11002:304 140 472 44 438 388 297 39 146 338 66 846 87 132 184 101 138 168 225 608 410 400 604 444 144 123 1008 7 426 237 57 188 435 516 720 90 32
1 3 5 7 9 12 13 15 17 19 21 23 25 27 29 31 34 36 39 40 42 45 46 48 50 52 55 56 58 60 62 64 66 69 71 72 74:9097:380 105 590 44 438 764 297 52 146 169 66 282 348 220 460 202 276 112 45 152 164 240 302 444 240 41 252 7 142 237 285 282 145 344 720 72 32
1 3 5 7 9 11 13 15 17 20 21 23 25 27 29 31 34 36 39 40 42 45 47 48 50 52 55 56 58 60 62 64 66 69 70 72 74:11686:228 140 472 132 657 776 495 26 292 39 66 564 435 132 276 505 345 280 45 304 82 80 279 666 192 82 756 7 426 711 285 188 145 688 840 18 32
1 3 5 7 9 11 13 15 17 19 21 23 25 27 29 31 34 36 39 40 42 45 46 48 51 52 55 56 58 60 62 64 66 68 71 72 74:10289:304 70 472 44 219 970 297 13 219 676 66 1410 87 132 368 202 345 56 45 456 328 240 453 444 18 164 252 21 284 474 114 282 435 39 144 18 128
1 3 5 7 9 12 13 15 17 19 21 23 25 27 29 31 34 36 39 40 42 45 46 48 51 52 55 56 58 60 62 64 66 68 71 72 74:12451:228 70 354 220 657 382 99 26 73 676 264 1410 435 220 368 202 345 280 225 608 82 320 302 666 36 41 252 28 710 711 57 470 580 156 720 18 160
1 3 5 7 9 11 13 15 17 19 21 23 25 27 29 31 34 36 39 40 42 45 46 48 51 52 55 56 58 60 62 64 66 69 71 72 74:10768:76 70 590 44 219 776 198 39 365 845 264 846 174 220 92 303 69 280 180 608 164 80 302 1110 72 41 252 7 284 237 114 94 145 688 720 72 128
1 3 5 7 9 12 13 15 17 19 21 23 25 27 29 31 34 36 39 40 42 45 46 48 51 52 55 56 58 60 62 64 66 69 71 72 74:10429:76 70 236 132 438 382 99 13 73 676 330 846 87 176 368 101 276 280 135 456 82 240 453 888 54 41 252 21 568 711 114 470 145 860 144 72 64
1 3 5 7 9 11 14 15 17 19 21 23 25 27 29 31 34 36 38 40 42 45 46 48 50 52 55 56 58 60 62 64 66 68 70 72 74:9230:76 140 590 44 219 582 46 13 146 169 264 564 348 132 184 404 207 112 448 304 246 160 755 666 144 82 252 35 710 237 171 282 145 39 168 18 128
1 3 5 7 9 11 14 15 17 19 21 23 25 27 29 31 34 36 38 40 42 45 46 48 50 52 55 56 58 60 62 64 66 69 70 72 74:10620:380 105 354 88 438 388 46 13 292 507 132 282 261 88 184 202 138 112 112 608 82 320 604 222 240 123 504 28 426 711 171 188 725 688 672 90 96
1 3 5 7 9 11 14 15 17 20 21 23 25 27 29 31 34 36 38 40 42 45 47 48 50 52 55 56 58 60 62 64 66 68 70 72 74:12824:380 175 472 220 1095 388 115 26 219 78 198 564 348 176 276 101 276 224 448 456 410 240 1116 666 96 205 756 14 142 1185 57 282 435 117 672 36 160
1 3 5 7 9 11 14 15 17 20 21 23 25 27 29 31 34 36 38 40 42 45 47 48 50 52 55 56 58 60 62 64 66 69 70 72 74:11164:228 140 236 220 219 582 92 65 292 39 330 1128 174 220 460 101 207 56 112 456 246 160 1116 888 192 41 756 28 284 237 114 94 435 344 672 72 128
1 3 5 7 9 11 14 15 17 19 21 23 25 27 29 31 34 36 38 40 42 45 46 48 51 52 55 56 58 60 62 64 66 68 70 72 74:10692:76 70 118 220 219 582 46 52 73 507 66 846 87 132 276 404 345 168 112 760 328 400 755 666 54 123 252 7 284 711 171 282 290 156 840 54 160
1 3 5 7 9 11 14 15 17 19 21 23 25 27 29 31 34 36 38 40 42 45 46 48 51 52 55 56 58 60 62 64 66 69 70 72 74:12987:152 70 118 220 1095 194 115 39 365 507 198 1410 261 220 92 404 207 280 224 304 410 320 604 1110 18 82 252 28 284 948 285 376 725 516 504 18 32
1 3 5 7 9 12 14 16 17 19 21 23 25 27 29 31 34 36 38 40 42 45 46 48 51 52 55 56 58 60 62 64 66 69 70 72 74:12730:380 175 472 132 438 382 46 830 365 676 198 1410 174 88 184 202 345 56 112 304 246 320 453 222 36 205 1260 7 710 474 228 94 580 172 672 18 64
1 3 5 7 9 11 14 15 17 19 21 23 25 27 29 31 34 36 39 40 42 45 46 48 50 52 55 56 58 60 62 64 66 68 71 72 74:11247:76 175 236 132 657 388 46 13 146 338 264 1128 435 88 92 404 345 168 90 608 410 160 302 666 144 41 252 7 710 948 285 470 580 117 144 54 128
1 3 5 7 9 12 14 15 17 19 21 23 25 27 29 31 34 36 39 40 42 45 46 48 50 52 55 56 58 60 62 64 66 68 71 72 74:9768:152 35 236 220 657 191 69 52 146 169 264 1128 174 44 460 202 207 56 225 456 246 400 453 444 96 41 756 35 568 474 114 188 145 195 288 54 128
1 3 5 7 9 12 14 16 17 19 21 23 25 27 29 31 34 36 39 40 42 45 46 48 50 52 55 56 58 60 62 64 66 68 71 72 74:13499:228 70 118 132 438 955 46 830 146 845 264 282 348 176 184 505 207 112 225 304 328 80 755 666 192 123 1260 14 426 1185 171 282 580 156 720 18 128
1 3 5 7 9 11 14 15 17 19 21 23 25 27 29 31 34 36 39 40 42 45 46 48 50 52 55 56 58 60 62 64 66 69 71 72 74:11557:76 35 236 176 219 970 46 65 365 845 264 282 87 220 276 505 276 168 135 608 164 80 755 666 240 205 252 35 710 948 114 282 580 172 432 36 32
1 3 5 7 9 12 14 15 17 19 21 23 25 27 29 31 34 36 39 40 42 45 46 48 50 52 55 56 58 60 62 64 66 69 71 72 74:11878:228 70 472 176 657 764 92 26 292 169 330 1410 261 132 460 101 69 112 135 760 164 160 302 222 48 82 756 14 284 1185 114 470 145 860 288 36 32
1 3 5 7 9 11 14 16 17 19 21 23 25 27 29 31 34 36 39 40 42 45 46 48 50 52 55 56 58 60 62 64 66 69 71 72 74:14227:380 140 354 88 1095 776 23 664 365 169 330 846 435 220 460 505 276 112 225 304 410 160 604 888 192 41 1008 21 284 474 285 376 435 344 720 90 128
1 3 5 7 9 11 14 15 17 20 21 23 25 27 29 31 34 36 39 40 42 45 47 48 50 52 55 56 58 60 62 64 66 69 70 72 74:11753:228 175 236 132 657 388 46 39 365 78 132 1128 174 132 184 101 345 112 225 304 328 400 1395 888 240 82 252 7 710 474 57 282 435 172 672 18 160
1 3 5 7 9 11 14 15 17 19 21 23 25 27 29 31 34 36 39 40 42 45 46 48 51 52 55 56 58 60 62 64 66 68 71 72 74:11009:76 105 354 220 1095 582 23 52 146 338 66 564 348 220 460 101 138 56 225 304 82 400 302 888 18 41 504 35 426 948 171 282 580 39 720 36 64
1 3 5 7 9 11 14 15 17 19 21 23 25 27 29 31 34 36 39 40 42 45 46 48 51 52 55 56 58 60 62 64 66 69 71 72 74:13228:380 140 590 176 876 970 23 52 365 338 330 282 348 176 276 404 69 56 180 760 410 160 453 666 36 82 1008 28 568 948 114 376 580 344 432 72 160
1 3 5 7 9 11 13 15 17 19 21 23 25 28 29 31 34 36 38 40 42 45 46 48 50 52 54 56 58 60 62 64 66 68 70 72 74:10436:76 70 118 88 657 388 99 52 219 845 132 846 261 274 184 101 138 224 336 608 410 240 604 444 192 205 242 35 710 237 171 282 435 195 168 54 96
1 3 5 7 9 11 13 15 17 19 21 23 25 28 29 31 34 36 38 40 42 45 46 48 50 52 54 56 58 60 62 64 66 69 70 72 74:12898:228 70 236 176 219 776 99 13 365 338 264 564 261 1096 368 505 207 280 448 456 246 320 604 888 240 205 363 21 142 474 228 94 580 516 840 72 96
1 3 5 7 9 11 13 15 17 19 21 23 25 28 29 31 34 36 38 40 42 45 46 48 51 52 54 56 58 60 62 64 66 68 70 72 74:12101:76 105 472 88 1095 388 297 26 365 507 132 1128 174 822 460 202 207 56 560 608 410 160 302 222 18 123 363 14 284 948 57 94 725 195 336 18 64
1 3 5 7 9 11 13 15 17 19 21 23 25 28 29 31 34 36 38 40 42 45 46 48 51 52 54 56 58 60 63 64 66 68 70 72 74:14573:304 140 118 176 657 776 396 65 292 507 198 846 174 1370 460 505 345 224 560 760 82 400 302 1110 90 41 605 21 284 711 656 282 145 117 672 54 128
1 3 5 7 9 11 13 15 17 19 21 23 25 28 29 31 34 36 38 40 42 45 46 48 51 52 54 56 58 60 62 64 66 69 70 72 74:11572:152 175 236 44 876 582 297 65 73 338 66 564 87 1096 368 505 138 224 336 304 328 160 755 222 72 205 363 7 426 711 57 94 580 516 336 54 160
1 3 5 7 9 11 13 15 17 19 21 23 25 28 29 31 34 36 38 40 42 45 46 48 51 52 54 56 58 60 63 64 66 69 70 72 74:11838:152 35 590 88 219 582 198 52 292 507 264 846 261 274 276 202 276 280 560 304 164 80 453 666 36 82 484 35 284 948 820 376 290 344 336 54 128
1 3 5 7 9 11 14 15 17 19 21 23 25 28 29 31 34 36 38 40 42 45 46 48 50 52 54 56 58 60 62 64 66 68 70 72 74:11237:152 105 590 176 219 776 23 65 73 169 198 846 435 548 184 404 345 112 112 608 164 240 151 1110 240 123 242 7 710 711 114 470 145 156 336 18 160
1 3 5 7 9 11 14 15 17 19 21 23 25 28 29 31 34 36 38 40 42 45 46 48 50 52 54 56 58 60 62 64 66 69 70 72 74:9930:152 140 118 44 219 776 115 26 219 338 132 846 87 822 184 404 207 112 112 152 82 320 453 222 240 205 121 7 568 711 114 376 580 172 504 18 32
1 3 5 7 9 11 14 15 17 19 21 23 25 28 29 31 34 36 38 40 42 45 46 48 51 52 54 56 58 60 62 64 66 68 70 72 74:11601:304 70 118 220 657 582 69 52 219 676 198 1128 87 1096 368 303 276 112 224 152 246 240 151 888 72 82 363 28 710 237 171 376 290 78 672 54 32
1 3 5 7 9 11 14 15 17 19 21 23 25 28 29 31 34 36 38 40 42 45 46 48 51 52 54 56 58 60 62 64 66 69 70 72 74:13436:152 140 590 44 1095 388 115 13 73 338 66 1128 261 1370 460 404 345 112 560 760 410 240 151 666 18 205 121 35 284 237 114 282 725 516 840 18 160
1 3 5 7 9 11 13 15 17 19 21 23 25 28 29 31 34 36 38 40 42 45 46 48 50 52 55 56 58 60 62 64 66 68 70 72 74:14046:304 35 118 176 1095 776 396 26 365 845 66 1128 87 1096 460 404 345 224 224 760 82 80 302 666 144 123 756 14 142 474 285 470 725 117 504 72 160
1 3 5 7 9 11 13 15 17 19 21 23 25 28 29 31 34 36 38 40 42 45 46 48 50 52 55 56 58 60 62 64 66 69 70 72 74:12131:304 35 118 44 657 776 495 26 146 338 264 564 435 548 184 101 345 112 560 608 410 400 755 1110 144 164 252 35 142 474 285 94 580 172 336 54 64
1 3 5 7 9 11 13 15 17 19 21 23 25 28 29 31 34 36 38 40 42 45 46 48 51 52 55 56 58 60 62 64 66 68 70 72 74:11453:380 105 472 88 219 970 297 26 219 676 132 1128 174 822 92 303 138 224 448 152 164 240 453 222 18 123 1260 14 284 237 171 376 145 195 336 54 96
1 3 5 7 9 11 13 15 17 19 21 23 25 28 29 31 34 36 38 40 42 45 46 48 51 52 55 56 58 60 63 64 66 68 70 72 74:11263:76 105 118 176 219 582 99 26 292 169 264 282 261 1096 184 505 345 280 448 608 246 240 151 666 54 205 504 7 284 474 656 470 725 78 168 72 128
1 3 5 7 9 11 13 15 17 19 21 23 25 28 29 31 34 36 38 40 42 45 46 48 51 52 55 56 58 60 62 64 66 69 70 72 74:13571:304 35 590 220 657 194 396 52 73 338 330 846 174 822 368 404 207 224 448 456 410 320 604 444 90 82 756 7 426 1185 114 282 435 860 168 90 160
1 3 5 7 9 11 14 15 17 19 21 23 25 28 29 31 34 36 38 40 42 45 46 48 50 52 55 56 58 60 62 64 66 68 70 72 74:11210:76 140 118 44 219 388 23 26 292 507 198 846 174 548 460 505 69 224 560 760 246 240 302 888 144 41 252 28 568 711 114 282 435 156 504 90 32
1 3 5 7 9 11 14 15 17 19 21 23 25 28 29 31 34 36 38 40 42 45 46 48 50 52 55 56 58 60 62 64 66 69 70 72 74:14701:304 70 590 88 1095 970 92 65 146 338 132 846 174 1096 368 505 138 224 336 760 246 160 453 222 96 164 1008 35 568 948 171 470 435 688 504 36 160
1 3 5 7 9 11 14 15 17 19 21 23 25 28 29 31 34 36 38 40 42 45 46 48 51 52 55 56 58 60 62 64 66 68 70 72 74:11860:380 175 472 176 219 388 92 13 146 169 330 282 87 1096 184 303 69 112 560 608 82 80 604 1110 36 205 504 14 568 948 285 376 580 39 336 72 160
1 3 5 7 9 12 14 16 17 19 21 23 25 28 29 31 34 36 38 40 42 45 46 48 51 52 55 56 58 60 62 64 66 68 70 72 74:11068:304 140 472 132 657 955 23 830 73 169 66 846 261 822 276 101 138 224 336 456 82 320 151 666 54 123 252 28 426 237 114 470 290 156 336 18 64
1 3 5 7 9 11 14 15 17 19 21 23 25 28 29 31 34 36 38 40 42 45 46 48 51 52 55 56 58 60 62 64 66 69 70 72 74:12816:152 70 118 44 1095 388 23 52 292 676 66 1128 435 822 92 101 69 56 112 760 328 240 755 666 36 123 756 21 142 948 171 470 145 688 672 72 32
1 3 5 7 9 11 13 15 17 19 21 23 26 27 29 31 34 36 38 40 42 45 46 48 50 52 54 56 58 60 62 64 66 69 70 72 74:13019:228 140 236 132 438 970 396 26 146 169 264 1410 178 44 368 404 345 112 224 760 164 240 302 666 144 41 242 21 426 1185 285 282 435 860 504 72 160
1 3 5 7 9 11 13 15 17 20 21 23 26 27 29 31 34 36 38 40 42 45 47 48 50 52 54 56 58 60 62 64 66 68 70 72 74:10753:152 140 236 220 657 582 495 26 365 39 66 564 445 44 276 303 207 280 560 152 164 160 279 1110 240 41 484 28 142 948 57 282 145 78 672 18 96
1 3 5 7 9 11 13 15 17 19 21 23 26 27 29 31 34 36 39 40 42 45 46 48 50 52 54 56 58 60 62 64 66 68 71 72 74:10211:152 35 590 88 438 776 297 39 219 507 66 282 445 88 276 101 345 112 225 152 246 400 151 888 144 82 484 28 426 237 57 470 435 78 720 36 96
1 3 5 7 9 11 14 15 17 19 21 23 26 27 29 31 34 36 38 40 42 45 46 48 50 52 54 56 58 60 62 64 66 69 70 72 74:11657:380 140 236 44 1095 194 69 52 292 845 198 564 445 44 184 303 138 280 336 760 328 240 755 666 48 82 363 7 284 237 285 376 725 172 336 90 64
1 3 5 7 9 11 14 15 17 20 21 23 26 27 29 31 34 36 38 40 42 45 47 48 50 52 54 56 58 60 62 64 66 68 70 72 74:12913:152 70 472 88 657 194 23 13 365 39 66 846 178 176 460 505 207 112 224 760 246 400 1395 444 192 205 363 21 710 1185 114 376 580 117 840 54 64
1 3 5 7 9 11 14 15 17 19 21 23 26 27 29 31 34 36 39 40 42 45 46 48 50 52 54 56 58 60 62 64 66 68 71 72 74:10741:380 140 118 132 1095 776 69 26 219 845 66 282 178 176 368 303 138 224 45 456 164 240 755 222 240 41 242 14 568 474 171 470 145 39 720 72 128
1 3 5 7 9 11 13 15 17 19 21 23 26 27 29 31 34 36 38 40 42 45 46 48 50 52 55 56 58 60 62 64 66 69 70 72 74:11814:76 35 354 176 657 776 297 13 219 507 132 564 356 88 276 404 69 112 336 608 164 80 453 888 192 82 1008 28 142 1185 114 470 435 172 168 18 160
1 3 5 7 9 11 13 15 17 19 21 23 26 27 29 31 34 36 39 40 42 45 46 48 50 52 55 56 58 60 62 64 66 68 71 72 74:11265:152 105 590 220 438 194 297 26 365 338 330 846 356 176 92 404 276 224 90 152 82 400 151 888 96 41 1260 14 568 1185 57 282 145 195 144 54 32
1 3 5 7 9 11 14 15 17 19 21 23 26 27 29 31 34 36 38 40 42 45 46 48 50 52 55 56 58 60 62 64 66 69 70 72 74:12336:380 70 118 220 1095 970 92 39 365 507 132 282 267 176 276 202 69 168 448 608 328 240 604 666 240 41 756 21 426 474 228 376 290 344 672 18 128
1 3 5 7 9 11 14 15 17 19 21 23 26 27 29 31 34 36 39 40 42 45 46 48 50 52 55 56 58 60 62 64 66 68 71 72 74:11429:152 175 236 88 219 970 92 13 365 338 330 564 89 44 368 505 345 56 180 760 246 240 604 666 144 82 252 21 710 711 285 94 580 39 720 18 128
1 3 5 7 9 11 13 15 17 19 21 23 26 28 29 31 34 36 38 40 42 45 46 48 50 52 54 56 58 60 62 64 66 68 70 72 74:12512:380 105 354 176 438 194 396 13 365 676 66 282 445 1096 184 202 345 280 336 760 246 240 604 222 240 82 605 21 426 711 171 470 435 78 672 36 160
1 3 5 7 9 11 13 15 17 19 21 23 26 28 29 31 34 36 38 40 42 45 46 48 50 52 54 56 58 60 62 64 66 69 70 72 74:13657:228 70 472 44 657 776 297 26 292 507 264 1410 89 822 92 303 69 56 448 304 328 400 453 666 240 205 363 7 568 711 285 188 725 688 504 36 64
1 3 5 7 9 11 14 15 17 19 21 23 26 28 29 31 34 36 38 40 42 45 46 48 50 52 54 56 58 60 62 64 66 68 70 72 74:11186:152 35 354 132 438 776 92 13 146 169 264 846 445 822 184 404 138 224 112 760 246 240 302 1110 240 123 363 28 142 237 171 470 290 78 504 72 64
1 3 5 7 9 11 14 15 17 19 21 23 26 28 29 31 34 36 38 40 42 45 46 48 50 52 54 56 58 60 62 64 66 69 70 72 74:12970:304 105 118 132 219 388 23 39 365 676 66 1410 178 1096 368 101 276 56 448 608 410 320 453 888 144 205 605 35 284 948 285 94 725 344 168 54 32
1 3 5 7 9 11 13 15 17 19 21 23 26 28 29 31 34 36 38 40 42 45 46 48 50 52 55 56 58 60 62 64 66 68 70 72 74:13379:152 140 354 132 657 776 297 65 365 338 66 564 178 548 184 404 207 280 336 608 328 320 604 666 192 123 1008 21 284 1185 228 376 725 78 504 54 32
1 3 5 7 9 11 13 15 17 19 21 23 26 28 29 31 34 36 38 40 42 45 46 48 50 52 55 56 58 60 62 64 66 69 70 72 74:12222:304 70 236 176 876 970 495 26 146 169 198 564 89 274 92 505 138 280 112 304 410 400 604 888 240 41 756 21 142 474 228 282 580 860 168 72 32
1 3 5 7 9 11 14 15 17 19 21 23 26 28 29 31 34 36 38 40 42 45 46 48 50 52 55 56 58 60 62 64 66 68 70 72 74:12726:152 140 118 88 438 582 69 39 292 507 198 846 445 1370 184 101 138 56 112 760 410 320 604 666 192 164 1008 35 426 1185 57 376 145 117 336 18 32
1 3 5 7 9 11 14 15 17 19 21 23 26 28 29 31 34 36 38 40 42 45 46 48 50 52 55 56 58 60 62 64 66 69 70 72 74:11582:76 35 118 44 1095 776 69 26 73 169 264 282 267 548 92 404 276 112 224 760 164 160 604 1110 144 123 504 21 284 474 57 282 725 516 504 72 128
1 3 5 7 9 11 13 15 17 19 21 23 25 27 29 31 34 36 38 40 42 45 46 48 50 52 54 56 58 60 62 64 66 68 70 72 75:9634:228 175 590 176 219 776 297 26 292 169 132 846 261 220 184 303 138 56 112 152 164 240 755 666 96 41 121 35 284 237 171 188 435 39 672 54 84
1 3 5 7 9 11 13 15 17 20 21 23 25 27 29 31 34 36 38 40 42 45 47 48 50 52 54 56 58 60 62 64 66 69 70 72 75:11291:380 175 590 132 876 388 99 39 365 156 330 1410 87 220 92 101 138 112 448 304 328 320 558 666 144 205 484 7 142 711 171 94 145 172 504 72 126
1 3 5 7 9 11 13 15 17 19 21 23 25 27 29 31 34 36 38 40 42 45 46 48 51 52 54 56 58 60 62 64 66 68 70 72 75:11349:380 140 472 88 876 194 297 39 219 845 198 1410 87 88 276 505 138 280 560 608 82 80 453 444 36 164 242 21 284 237 285 282 145 78 672 18 126
1 3 5 7 9 11 13 15 17 20 21 23 25 27 29 31 34 36 38 40 42 45 47 48 51 52 54 56 58 60 62 64 66 69 70 72 75:10986:152 175 236 220 876 194 99 39 146 39 66 282 261 132 368 404 69 280 560 152 328 240 1395 1110 54 205 121 14 142 237 57 282 725 516 672 54 84
1 3 5 7 9 11 13 15 17 19 21 23 25 27 29 31 34 36 39 40 42 45 46 48 50 52 54 56 58 60 62 64 66 68 70 72 75:11579:304 175 472 88 657 970 297 26 146 507 132 1128 87 220 368 303 276 56 135 152 246 80 604 666 240 164 121 21 284 1185 171 282 290 78 504 18 126
1 3 5 7 9 11 13 15 17 19 21 23 25 27 29 31 34 36 39 40 42 45 46 48 50 52 54 56 58 60 62 64 66 68 71 72 75:10871:304 105 118 88 219 970 495 65 365 169 330 1128 87 88 92 303 276 280 45 304 246 160 604 444 240 82 363 21 710 1185 57 188 290 78 144 18 210
1 3 5 7 9 11 13 15 17 19 21 23 25 27 29 31 34 36 39 40 42 45 46 48 50 52 54 56 58 60 62 64 66 69 71 72 75:12197:304 140 472 176 876 970 99 26 292 676 132 282 435 220 92 404 345 56 180 152 246 320 755 222 96 123 242 14 284 1185 171 376 580 516 576 36 126
1 3 5 7 9 12 13 15 17 19 21 23 25 27 29 31 34 36 39 40 42 45 46 48 50 52 54 56 58 60 62 64 66 69 71 72 75:11247:228 70 472 88 876 764 198 13 365 507 198 1410 174 132 368 101 207 224 180 304 82 320 151 666 96 123 484 21 142 237 114 470 580 516 288 36 42
1 3 5 7 9 11 13 15 17 19 21 23 25 27 29 31 34 36 39 40 42 45 46 48 51 52 54 56 58 60 62 64 66 68 71 72 75:10403:76 105 354 88 438 776 495 26 73 338 132 1128 87 132 460 303 138 280 90 608 82 400 755 222 54 82 121 35 142 474 228 188 725 78 576 72 42
1 3 5 7 9 11 13 15 17 19 21 23 25 27 29 31 34 36 39 40 42 45 46 48 51 52 54 56 58 60 62 64 66 69 71 72 75:11932:228 105 236 88 657 776 198 39 292 338 132 1410 174 220 184 404 207 280 45 608 82 400 604 1110 18 205 484 7 284 948 57 94 290 344 144 72 168
1 3 5 7 9 11 14 15 17 19 21 23 25 27 29 31 34 36 38 40 42 45 46 48 50 52 54 56 58 60 62 64 66 68 70 72 75:11841:152 105 236 44 1095 970 46 52 219 338 198 282 348 220 92 303 207 168 224 760 246 160 755 666 96 41 363 35 710 474 57 470 725 156 672 72 84
1 3 5 7 9 11 14 15 17 20 21 23 25 27 29 31 34 36 38 40 42 45 47 48 50 52 54 56 58 60 62 64 66 69 70 72 75:11802:304 140 236 44 876 194 115 26 73 156 66 846 435 176 276 303 138 56 336 152 410 400 558 666 48 164 121 35 568 1185 114 470 725 688 504 72 126
1 3 5 7 9 11 14 15 17 19 21 23 25 27 29 31 34 36 38 40 42 45 46 48 51 52 54 56 58 60 62 64 66 68 70 72 75:11675:380 175 118 220 876 582 115 39 365 338 198 564 174 44 460 202 69 224 224 456 246 400 453 888 90 164 242 28 710 711 171 376 290 39 840 36 168
1 3 5 7 9 11 14 15 17 20 21 23 25 27 29 31 34 36 38 40 42 45 47 48 51 52 54 56 58 60 62 64 66 69 70 72 75:12155:152 35 236 176 876 582 46 52 292 117 66 564 435 88 92 404 69 224 448 456 410 320 279 1110 36 82 121 7 568 1185 171 376 580 516 840 18 126
1 3 5 7 9 11 14 15 17 19 21 23 25 27 29 31 34 36 39 40 42 45 46 48 50 52 54 56 58 60 62 64 66 68 70 72 75:10088:152 35 236 132 438 970 23 26 73 507 330 846 174 132 368 505 345 56 135 304 164 400 151 222 96 123 242 28 284 237 228 376 580 156 840 90 84
1 3 5 7 9 11 14 15 17 19 21 23 25 27 29 31 34 36 39 40 42 45 46 48 50 52 54 56 58 60 62 64 66 69 71 72 75:11423:304 70 118 132 876 194 92 26 146 507 330 846 87 44 92 303 138 112 225 304 410 240 453 888 240 123 363 21 710 711 285 282 725 516 288 54 168
1 3 5 7 9 12 14 15 17 19 21 23 25 27 29 31 34 36 39 40 42 45 46 48 50 52 54 56 58 60 62 64 66 69 71 72 75:11525:228 105 590 88 657 955 46 52 292 169 330 1410 435 132 460 404 69 280 45 608 82 240 453 444 240 41 363 28 284 237 171 470 435 172 288 54 168
1 3 5 7 9 11 14 15 17 19 21 23 25 27 29 31 34 36 39 40 42 45 46 48 51 52 54 56 58 60 62 64 66 69 71 72 75:10193:380 175 236 132 219 582 23 26 146 338 132 564 435 88 460 505 345 56 45 760 246 240 151 444 72 82 484 14 284 711 285 282 145 860 144 18 84
1 3 5 7 9 11 13 15 17 19 21 23 25 27 29 31 34 36 38 40 42 45 46 48 50 52 55 56 58 60 62 64 66 68 70 72 75:13242:152 175 590 132 438 776 99 52 292 338 66 1128 261 176 184 404 207 112 448 608 328 80 151 1110 240 123 1260 21 284 948 171 470 290 156 672 90 210
1 3 5 7 9 11 13 15 17 19 21 23 25 27 29 31 34 36 38 40 42 45 46 48 50 52 55 56 58 60 62 64 66 69 70 72 75:12673:304 140 472 220 657 970 198 39 365 507 330 1410 87 88 92 202 345 280 336 760 164 320 151 444 48 82 1008 7 142 948 171 470 290 344 168 72 42
1 3 5 7 9 11 13 15 17 19 21 23 25 27 29 31 34 36 38 40 42 45 46 48 51 52 55 56 58 60 62 64 66 68 70 72 75:12418:228 70 354 176 876 388 396 39 146 507 198 846 435 176 92 202 138 280 448 760 328 160 302 666 90 123 756 35 284 948 57 376 725 39 672 18 84
1 3 5 7 9 11 13 15 17 19 21 23 25 27 29 31 34 36 38 40 42 45 46 48 51 52 55 56 58 60 62 64 66 69 70 72 75:14463:380 70 236 176 1095 970 495 52 219 676 264 1410 348 132 460 404 69 168 224 760 164 320 604 222 18 41 1008 7 710 948 114 376 435 516 168 36 168
1 3 5 7 9 11 13 15 17 19 21 23 25 27 29 31 34 36 39 40 42 45 46 48 50 52 55 56 58 60 62 64 66 68 71 72 75:11927:152 70 354 44 438 776 396 13 73 169 198 1410 174 44 184 303 276 112 180 608 164 320 151 444 192 164 252 7 568 1185 114 470 725 195 720 72 210
1 3 5 7 9 12 13 15 17 19 21 23 25 27 29 31 34 36 39 40 42 45 46 48 50 52 55 56 58 60 62 64 66 68 71 72 75:11884:152 175 236 44 657 191 198 39 292 676 264 1128 87 44 184 101 276 168 135 760 328 400 755 222 192 205 1008 7 426 474 114 470 435 39 720 72 210
1 3 5 7 9 11 13 15 17 19 21 23 25 27 29 31 34 36 39 40 42 45 46 48 50 52 55 56 58 60 62 64 66 69 71 72 75:10931:304 140 118 176 219 776 297 13 73 845 264 564 348 176 460 404 207 168 135 456 328 80 604 222 192 164 504 14 142 948 285 94 145 172 720 90 84
1 3 5 7 9 11 13 15 17 19 21 23 25 27 29 31 34 36 39 40 42 45 46 48 51 52 55 56 58 60 62 64 66 68 71 72 75:13218:228 70 354 220 219 388 99 13 219 845 330 1410 348 176 460 202 276 280 135 152 82 400 755 1110 90 164 1008 28 710 711 171 188 435 78 720 18 126
1 3 5 7 9 11 14 15 17 19 21 23 25 27 29 31 34 36 38 40 42 45 46 48 50 52 55 56 58 60 62 64 66 68 70 72 75:12929:304 105 590 220 876 388 46 13 146 338 66 1128 435 88 368 303 345 112 560 152 246 320 755 888 240 41 252 21 142 1185 57 470 580 195 672 72 210
1 3 5 7 9 11 14 15 17 19 21 23 25 27 29 31 34 36 38 40 42 45 46 48 50 52 55 56 58 60 62 64 66 69 70 72 75:11209:152 105 354 132 876 776 92 65 146 507 330 846 87 44 184 101 276 224 224 608 328 400 302 444 144 123 504 35 568 237 114 282 725 172 504 72 126
1 3 5 7 9 11 14 15 17 19 21 23 25 27 29 31 34 36 38 40 42 45 46 48 51 52 55 56 58 60 62 64 66 68 70 72 75:12768:228 175 472 220 876 970 23 65 365 338 330 282 435 132 460 202 138 280 336 152 328 80 604 444 54 123 756 21 284 1185 114 470 725 39 840 54 168
1 3 5 7 9 11 14 15 17 19 21 23 25 27 29 31 34 36 38 40 42 45 46 48 51 52 55 56 58 60 62 64 66 69 70 72 75:10140:76 175 118 44 438 970 115 39 73 507 66 564 174 44 276 101 138 56 336 608 246 320 151 222 54 82 504 7 284 474 285 376 725 688 672 90 42
1 3 5 7 9 11 14 15 17 19 21 23 25 27 29 31 34 36 39 40 42 45 46 48 50 52 55 56 58 60 62 64 66 68 71 72 75:9640:228 35 118 132 876 194 115 39 73 169 264 282 348 132 460 404 345 112 180 152 82 240 755 222 240 205 504 28 426 474 228 94 725 195 432 90 42
1 3 5 7 9 11 14 15 17 19 21 23 25 27 29 31 34 36 39 40 42 45 46 48 50 52 55 56 58 60 62 64 66 69 71 72 75:10976:228 70 118 88 876 194 46 13 365 169 330 564 174 176 460 202 276 224 45 304 246 240 453 666 96 123 504 35 710 474 228 376 435 688 576 36 168
1 3 5 7 9 11 13 15 17 19 22 23 25 27 29 31 34 36 38 40 42 45 46 48 50 52 54 56 58 60 62 64 66 68 70 72 74:11902:152 70 354 88 657 582 198 13 219 338 540 282 435 132 184 303 207 168 336 152 410 240 302 1110 192 123 605 7 284 1185 171 376 580 39 672 36 160
1 3 5 7 9 12 13 15 17 19 22 23 25 27 29 31 34 36 38 40 42 45 46 48 50 52 54 56 58 60 62 64 66 68 70 72 74:11805:76 70 472 176 438 764 99 13 292 338 432 846 348 88 92 202 138 112 112 152 410 320 755 222 192 123 605 14 710 1185 228 282 435 156 840 36 32
1 3 5 7 9 12 13 15 17 19 22 23 25 27 29 31 34 36 38 40 42 45 46 48 51 52 54 56 58 60 62 64 66 68 70 72 74:7656:76 70 236 88 219 191 99 39 146 169 216 282 87 88 368 202 69 56 224 152 246 240 604 666 90 205 605 14 142 474 57 94 145 39 840 54 64
1 3 5 7 9 11 13 15 17 19 22 24 25 27 29 32 34 36 38 40 42 45 46 48 50 52 54 56 58 60 62 64 66 69 70 72 74:10670:304 35 590 220 876 582 99 39 73 338 432 182 348 132 368 112 69 112 112 608 410 240 453 888 96 41 121 21 142 474 171 282 580 516 504 36 64
1 3 5 7 9 11 13 15 17 19 22 24 25 27 29 32 34 36 38 40 42 45 46 48 51 52 54 56 58 60 62 64 66 69 70 72 74:11762:228 35 354 176 876 388 198 65 365 676 432 910 87 132 368 84 138 168 336 304 410 320 302 1110 36 123 242 21 710 474 171 94 435 172 672 54 96
1 3 5 7 9 11 13 15 17 19 22 24 25 27 29 32 34 36 38 40 42 45 46 48 50 52 54 56 58 60 62 64 66 69 70 73 74:12576:228 140 472 132 876 776 297 26 146 338 108 364 174 176 276 112 69 280 336 760 410 400 604 666 240 82 363 21 284 948 114 188 725 516 168 633 128
1 3 5 7 9 11 13 15 17 19 22 23 25 27 29 31 34 36 39 40 42 45 46 48 50 52 54 56 58 60 62 64 66 68 70 72 74:12129:228 35 590 132 657 388 99 26 292 845 324 564 87 44 92 202 276 112 225 760 82 320 755 666 144 82 484 14 568 948 171 188 725 78 840 54 32
1 3 5 7 9 12 13 15 17 19 22 23 25 27 29 31 34 36 39 40 42 45 46 48 50 52 54 56 58 60 62 64 66 68 70 72 74:11593:380 70 118 88 876 382 495 52 73 676 216 564 435 176 184 101 207 280 90 608 410 240 302 888 240 164 605 28 284 711 57 94 725 156 504 18 96
1 3 5 7 9 11 13 15 17 19 22 24 25 27 29 31 34 36 39 40 43 45 46 48 50 52 54 56 58 60 62 64 66 68 70 72 74:12808:152 175 472 220 657 970 495 26 292 676 324 910 261 132 460 101 69 224 135 304 11 400 755 666 240 82 242 28 284 474 285 376 725 195 840 54 96
1 3 5 7 9 12 13 15 17 19 22 24 25 27 29 31 34 36 39 40 43 45 46 48 50 52 54 56 58 60 62 64 66 68 70 72 74:10517:380 35 590 176 657 191 396 65 365 676 432 182 174 44 184 202 345 280 180 304 55 400 302 666 144 82 242 7 710 711 171 282 580 39 168 36 64
1 3 5 7 9 11 14 15 17 19 22 23 25 27 29 31 34 36 38 40 42 45 46 48 50 52 54 56 58 60 62 64 66 68 70 72 74:10869:76 35 472 220 876 776 115 26 365 338 216 564 261 88 368 202 345 168 336 304 328 160 755 666 144 164 363 35 426 711 228 282 145 39 168 72 32
1 3 5 7 10 12 14 15 17 19 22 23 25 27 29 31 34 36 38 40 42 45 46 48 50 52 54 56 58 60 62 64 66 68 70 72 74:11526:380 35 236 220 400 764 23 26 365 507 540 282 261 88 368 303 138 280 448 304 82 320 151 1110 144 123 242 28 284 1185 171 282 435 39 840 90 32
1 3 5 7 9 11 14 15 17 19 22 23 25 27 29 31 34 36 38 40 42 45 46 48 51 52 54 56 58 60 62 64 66 68 70 72 74:11114:304 140 118 176 1095 388 115 13 73 676 432 282 435 132 276 303 69 168 560 152 410 400 151 1110 90 82 242 14 284 948 171 282 580 39 336 36 32
1 3 5 7 9 11 14 16 17 19 22 24 25 27 29 31 34 36 38 40 42 45 46 48 50 52 54 56 58 60 62 64 66 69 70 72 74:11749:228 70 236 220 438 582 69 830 73 169 108 182 174 44 276 303 207 56 560 304 328 400 604 888 96 123 242 14 568 474 228 470 725 516 840 72 32
1 3 5 7 9 11 14 15 17 19 22 24 25 27 29 31 34 36 39 40 43 45 46 48 50 52 54 56 58 60 62 64 66 68 70 72 74:9684:228 70 472 44 219 194 23 13 292 676 540 182 435 44 460 101 69 168 135 608 33 320 604 1110 96 164 484 28 426 237 228 376 145 78 168 54 160
1 3 5 7 9 11 14 15 17 19 22 24 25 27 29 31 34 36 39 40 43 45 46 48 51 52 54 56 58 60 62 64 66 68 70 72 74:6568:76 105 472 88 219 388 23 26 73 338 108 364 261 132 92 202 138 56 90 304 22 160 302 444 54 205 121 14 568 237 57 282 290 39 168 18 32
1 3 5 7 9 12 14 16 18 20 22 23 25 27 29 31 34 36 38 40 42 45 46 48 50 52 54 56 58 60 62 64 66 68 70 72 74:10478:380 175 354 44 219 955 46 166 164 78 432 1128 261 176 368 101 69 224 224 152 328 80 755 222 192 205 363 7 568 237 285 470 290 78 504 18 160
1 3 5 7 9 11 13 15 17 19 22 23 25 27 29 31 34 36 39 40 42 45 46 48 50 52 55 56 58 60 62 64 66 68 70 72 74:10379:380 70 236 44 1095 194 495 26 73 676 324 846 435 220 276 505 69 280 180 304 82 400 151 222 144 41 252 7 142 711 228 188 580 117 336 18 32
1 3 5 7 9 11 14 15 17 19 22 23 25 27 29 31 34 36 39 40 42 45 46 48 51 52 55 56 58 60 62 64 66 68 70 72 74:11887:228 175 590 176 1095 970 23 52 146 338 324 282 87 176 184 505 138 168 180 152 164 240 151 1110 54 123 1260 21 142 1185 171 376 290 39 504 36 32
1 3 5 7 9 11 13 15 17 19 22 23 25 28 29 31 34 36 38 40 42 45 46 48 50 52 54 56 58 60 62 64 66 68 70 72 74:11621:76 175 472 176 1095 582 396 65 146 507 108 846 435 548 92 505 69 224 336 608 246 240 302 222 240 123 121 28 142 948 285 376 145 156 504 18 64
1 3 5 7 9 12 13 15 17 19 22 23 25 28 29 31 34 36 38 40 42 45 46 48 50 52 54 56 58 60 62 64 66 68 70 72 74:11967:152 70 354 44 219 955 297 26 365 845 324 564 261 822 184 404 138 224 448 152 164 400 453 1110 48 82 363 21 284 474 57 282 725 156 336 36 128
1 3 5 7 9 12 13 15 17 19 22 23 25 28 29 31 34 36 38 40 42 45 46 48 51 52 54 56 58 60 62 64 66 68 70 72 74:10360:380 35 354 176 438 191 297 26 365 169 540 282 261 548 276 202 69 56 224 608 410 160 604 888 36 41 484 7 426 474 171 470 435 39 168 18 32
1 3 5 7 9 11 13 15 17 19 22 24 25 28 29 31 34 36 38 40 42 45 46 48 50 52 54 56 58 60 62 64 66 68 70 72 74:11884:76 70 590 44 1095 582 297 39 365 507 540 182 174 1096 460 101 69 56 560 760 82 320 302 666 96 41 242 21 568 711 114 282 145 117 336 18 160
1 3 5 7 9 12 13 15 17 19 22 24 25 28 29 31 34 36 38 40 42 45 46 48 50 52 54 56 58 60 62 64 66 68 70 72 74:11719:304 175 354 132 1095 191 99 65 365 845 432 364 435 822 460 202 69 168 560 608 328 240 151 222 240 123 363 35 284 948 57 188 145 78 504 36 32
1 3 5 7 9 11 13 15 17 19 22 24 25 28 29 31 34 36 38 40 42 45 46 48 50 52 54 56 58 60 62 64 66 69 70 72 74:11875:304 105 354 44 876 776 99 39 146 169 216 546 435 1370 368 404 345 112 112 304 82 400 302 222 144 82 242 21 568 237 171 94 580 516 840 90 160
1 3 5 7 9 12 13 15 17 19 22 24 25 28 29 31 34 36 38 40 42 45 46 48 51 52 54 56 58 60 62 64 66 68 70 72 74:10148:304 70 118 44 876 191 99 26 219 676 432 546 87 548 92 505 69 56 112 456 410 240 604 666 72 41 363 7 426 237 285 470 145 156 336 36 128
1 3 5 7 9 11 13 15 17 19 22 24 25 28 29 31 34 36 38 40 42 45 46 48 51 52 54 56 58 60 62 64 66 69 70 72 74:11190:152 175 354 44 657 194 99 52 73 676 216 910 435 548 92 101 207 224 448 760 164 80 755 444 36 41 363 14 142 711 57 470 290 860 168 18 160
1 3 5 7 9 11 13 15 17 19 22 23 25 28 29 31 34 36 38 40 42 45 46 49 50 52 54 56 58 60 62 64 66 68 70 72 74:11175:228 35 472 176 876 388 99 13 219 169 216 1128 87 274 184 505 69 112 112 456 328 80 302 676 192 164 484 7 426 1185 57 376 145 117 672 18 128
1 3 5 7 9 11 14 15 17 19 22 23 25 28 29 31 34 36 38 40 42 45 46 48 50 52 54 56 58 60 62 64 66 68 70 72 74:11318:152 175 590 220 657 388 23 52 219 169 108 282 87 822 460 303 276 112 224 152 410 400 302 222 48 123 363 28 710 948 171 470 435 195 840 54 128
1 3 5 7 9 12 14 15 17 19 22 23 25 28 29 31 34 36 38 40 42 45 46 48 50 52 54 56 58 60 62 64 66 68 70 72 74:11294:228 105 236 44 657 382 46 39 146 676 108 1128 87 1370 276 101 69 56 448 760 246 240 453 666 144 205 121 14 142 237 285 94 725 156 504 36 64
1 3 5 7 9 12 14 16 17 19 22 23 25 28 29 31 34 36 38 40 42 45 46 48 50 52 54 56 58 60 62 64 66 68 70 72 74:13886:152 35 118 44 876 955 115 830 146 845 432 1410 348 548 92 303 207 112 560 608 164 320 453 444 48 82 484 21 568 711 228 376 290 39 840 18 64
1 3 5 7 9 11 14 15 17 19 22 23 25 28 29 31 34 36 38 40 42 45 46 48 51 52 54 56 58 60 62 64 66 68 70 72 74:11541:380 140 354 44 219 970 46 26 365 845 324 1128 87 548 460 505 138 224 112 152 82 400 755 888 72 164 121 35 284 474 171 376 145 39 336 36 96
1 3 5 7 9 11 14 15 17 19 22 24 25 28 29 31 34 36 38 40 42 45 46 48 50 52 54 56 58 60 62 64 66 68 70 72 74:11626:304 35 354 176 657 582 23 39 73 845 216 910 261 1096 92 303 345 280 112 608 82 80 151 1110 192 41 363 14 142 948 171 282 290 117 168 36 128
1 3 5 7 9 12 14 15 17 19 22 24 25 28 29 31 34 36 38 40 42 45 46 48 50 52 54 56 58 60 62 64 66 68 70 72 74:11909:228 175 590 220 876 382 92 65 219 169 108 182 261 548 92 505 276 56 448 152 410 320 453 1110 240 164 484 28 142 1185 171 94 725 39 504 36 160
1 3 5 7 9 12 14 16 17 19 22 24 25 28 29 31 34 36 38 40 42 45 46 48 50 52 54 56 58 60 62 64 66 68 70 72 74:13163:152 105 354 132 438 955 23 664 292 507 432 910 261 1096 368 101 138 280 112 760 164 80 453 666 192 123 484 14 426 711 285 376 145 156 672 72 64
1 3 5 7 9 11 14 15 17 19 22 24 25 28 29 31 34 36 38 40 42 45 46 48 50 52 54 56 58 60 62 64 66 69 70 72 74:12072:304 175 118 132 1095 582 69 26 365 169 540 728 348 548 184 404 276 112 112 760 82 320 604 666 96 82 242 7 568 711 228 282 145 688 168 72 64
1 3 5 7 9 11 14 16 17 19 22 24 25 28 29 31 34 36 38 40 42 45 46 48 50 52 54 56 58 60 62 64 66 69 70 72 74:11082:380 105 590 176 219 194 46 830 292 507 216 546 87 822 276 404 207 56 448 304 164 160 302 222 96 82 121 7 710 711 171 188 435 172 672 36 128
1 3 5 7 9 11 14 15 17 19 22 24 25 28 29 31 34 36 38 40 42 45 46 48 51 52 54 56 58 60 62 64 66 68 70 72 74:11402:304 105 236 176 438 776 92 39 73 169 432 182 435 1096 276 202 345 56 560 760 82 80 151 888 36 123 605 35 426 1185 114 188 145 78 336 18 160
1 3 5 7 9 11 14 15 17 19 22 23 25 28 29 31 34 36 38 40 42 45 46 49 50 52 54 56 58 60 62 64 66 68 70 72 74:11816:380 140 236 220 438 582 115 52 73 676 324 564 435 1370 92 303 207 224 224 608 164 80 604 845 48 41 363 28 284 237 57 470 725 39 336 72 160
1 3 5 7 9 11 13 15 17 19 22 23 25 28 29 31 34 36 38 40 42 45 46 48 50 52 55 56 58 60 62 64 66 68 70 72 74:13762:304 35 236 132 438 970 198 13 365 845 540 1410 174 274 184 404 138 224 224 760 328 320 302 444 48 41 1008 35 710 474 228 282 725 195 504 90 160
1 3 5 7 9 12 13 15 17 19 22 23 25 28 29 31 34 36 38 40 42 45 46 48 50 52 55 56 58 60 62 64 66 68 70 72 74:14315:304 105 236 220 438 191 297 52 219 507 432 1128 435 1370 368 303 276 224 336 456 410 320 604 444 144 164 504 28 568 948 285 188 580 195 840 36 160
1 3 5 7 9 12 13 15 17 19 22 23 25 28 29 31 34 36 38 40 42 45 46 48 51 52 55 56 58 60 62 64 66 68 70 72 74:13657:228 175 354 220 876 764 297 65 219 169 432 1410 87 1370 184 303 138 280 224 608 164 400 604 222 90 164 1260 35 710 474 114 376 145 78 336 18 64
1 3 5 7 9 11 14 15 17 19 22 23 25 28 29 31 34 36 38 40 42 45 46 48 50 52 55 56 58 60 62 64 66 68 70 72 74:11666:152 175 354 176 1095 582 92 65 73 845 540 282 261 548 184 202 138 112 336 152 164 400 151 444 144 82 1008 21 284 711 114 470 435 156 504 54 160
1 3 5 7 9 12 14 15 17 19 22 23 25 28 29 31 34 36 38 40 42 45 46 48 50 52 55 56 58 60 62 64 66 68 70 72 74:12285:304 175 590 176 657 382 69 39 292 845 108 282 87 822 368 101 276 56 448 304 164 320 453 444 192 164 252 35 710 1185 285 94 435 117 840 54 160
1 3 5 7 9 12 14 16 17 19 22 23 25 28 29 31 34 36 38 40 42 45 46 48 50 52 55 56 58 60 62 64 66 68 70 72 74:13004:228 140 590 220 438 382 69 664 219 845 216 282 348 1370 92 202 345 168 336 760 246 400 151 888 48 164 504 14 426 948 228 282 145 78 336 72 160
1 3 5 7 9 11 14 15 17 19 22 23 25 28 29 31 34 36 38 40 42 45 46 48 51 52 55 56 58 60 62 64 66 68 70 72 74:11985:304 70 472 220 657 388 115 52 219 338 432 846 174 1370 460 202 345 56 560 152 164 160 302 1110 90 205 252 21 568 237 228 188 435 39 336 90 128
1 3 5 7 9 11 13 15 17 19 22 23 26 27 29 31 34 36 38 40 42 45 46 48 50 52 54 56 58 60 62 64 66 68 70 72 74:9960:228 105 118 176 657 970 198 52 365 845 108 564 356 88 92 101 138 56 448 152 82 80 302 1110 192 164 484 14 142 237 171 94 290 195 336 90 160
1 3 5 7 9 11 13 15 17 19 22 23 26 27 29 31 34 36 39 40 42 45 46 48 50 52 54 56 58 60 62 64 66 68 70 72 74:12773:304 70 118 88 657 194 396 26 146 676 324 1128 178 220 184 202 207 224 135 760 82 320 604 1110 96 82 605 21 142 948 114 470 725 195 840 54 128
1 3 5 7 9 11 13 15 17 19 22 23 26 28 29 31 34 36 38 40 42 45 46 48 50 52 54 56 58 60 62 64 66 68 70 72 74:12263:380 70 118 176 876 388 198 52 365 507 324 564 445 822 460 404 345 112 560 608 328 80 453 1110 96 164 363 28 142 237 114 282 145 39 840 36 32
1 3 5 7 9 11 14 15 17 19 22 23 26 28 29 31 34 36 38 40 42 45 46 48 50 52 54 56 58 60 62 64 66 68 70 72 74:14175:304 35 590 220 657 970 115 13 292 338 540 1410 89 1096 368 202 69 224 448 760 410 160 755 444 192 205 242 7 568 711 228 376 290 39 672 72 64
1 3 5 7 9 11 13 15 17 19 22 23 25 27 29 31 34 36 38 40 42 45 46 48 50 52 54 56 58 60 62 64 66 68 70 72 75:11804:76 70 354 88 438 194 495 26 292 338 540 1410 435 132 184 404 207 112 560 760 82 160 604 222 48 205 242 35 568 1185 285 470 145 156 168 72 42
1 3 5 7 9 11 13 15 17 19 22 23 25 27 29 31 34 36 38 40 42 45 46 48 51 52 54 56 58 60 62 64 66 68 70 72 75:11128:380 35 472 44 1095 388 297 26 292 338 432 1128 174 88 460 202 69 280 448 152 328 320 302 222 54 123 605 21 284 474 171 376 145 117 504 72 210
1 3 5 7 9 11 13 15 17 19 22 23 25 27 29 31 34 36 39 40 42 45 46 48 50 52 54 56 58 60 62 64 66 68 70 72 75:12152:304 70 472 132 876 776 396 52 73 169 432 1128 174 176 276 101 276 112 180 304 328 400 151 1110 48 205 121 14 426 1185 171 282 725 195 168 18 126
1 3 5 7 9 11 13 15 17 19 22 23 25 27 29 31 34 36 39 40 42 45 46 48 51 52 54 56 58 60 62 64 66 68 70 72 75:11946:76 140 118 220 876 194 396 65 292 676 108 1410 348 132 184 505 69 56 225 456 164 320 755 444 18 82 121 7 568 1185 114 282 290 156 672 54 168
1 3 5 7 9 11 14 15 17 19 22 23 25 27 29 31 34 36 38 40 42 45 46 48 50 52 54 56 58 60 62 64 66 68 70 72 75:9605:152 70 472 88 219 970 69 13 292 338 108 564 87 44 92 202 345 56 224 456 410 160 151 222 48 82 242 21 710 948 228 470 290 78 504 54 126
1 3 5 7 9 11 14 15 17 19 22 23 25 27 29 31 34 36 38 40 42 45 46 48 51 52 54 56 58 60 62 64 66 68 70 72 75:13442:304 140 590 132 876 776 115 13 365 507 432 846 435 132 276 404 345 168 224 456 246 240 755 888 36 82 605 21 284 474 285 470 725 195 504 54 42
1 3 5 7 9 11 14 15 17 19 22 23 25 27 29 31 34 36 39 40 42 45 46 48 50 52 54 56 58 60 62 64 66 68 70 72 75:11900:76 140 118 176 657 582 23 65 219 845 432 1128 87 44 460 303 345 280 90 304 410 400 302 1110 192 164 484 7 284 711 228 376 435 39 168 90 126
1 3 5 7 9 11 13 15 17 19 22 23 25 27 29 31 34 36 38 40 42 45 46 48 50 52 55 56 58 60 62 64 66 68 70 72 75:11295:228 105 354 176 219 776 99 39 292 845 108 1128 174 44 184 505 138 112 112 760 82 160 151 666 96 205 1008 35 284 474 228 188 435 195 504 18 168
1 3 5 7 9 12 13 15 17 19 22 23 25 27 29 31 34 36 38 40 42 45 46 48 50 52 55 56 58 60 62 64 66 68 70 72 75:11926:152 70 118 220 876 191 198 13 219 507 432 564 174 220 276 202 276 112 224 608 246 400 604 666 240 82 1260 7 284 237 57 188 725 156 840 72 210
1 3 5 7 9 12 13 16 17 19 22 23 25 27 29 31 34 36 38 40 42 45 46 48 50 52 55 56 58 60 62 64 66 68 70 72 75:10575:228 70 236 220 219 573 297 830 219 507 216 282 435 176 92 404 345 224 112 152 328 80 604 888 192 123 252 35 284 237 285 376 145 117 672 36 84
1 3 5 7 9 11 13 15 17 19 22 23 25 27 29 31 34 36 38 40 42 45 46 48 50 52 55 56 58 60 62 64 66 69 70 72 75:12064:152 35 118 132 1095 970 198 39 219 338 108 1128 174 132 184 404 276 168 112 760 410 320 151 222 192 164 1008 35 284 237 114 188 435 860 504 72 126
1 3 5 7 9 11 13 15 17 19 22 23 25 27 29 31 34 36 38 40 42 45 46 48 51 52 55 56 58 60 62 64 66 68 70 72 75:11922:380 35 354 132 219 194 495 39 73 845 540 564 87 220 92 505 138 280 336 760 328 400 302 1110 90 205 504 21 710 237 228 376 580 195 168 54 126
1 3 5 7 9 12 13 15 17 19 22 23 25 27 29 31 34 36 38 40 42 45 46 48 51 52 55 56 58 60 62 64 66 68 70 72 75:12879:152 140 118 220 657 955 396 13 146 845 324 564 174 44 276 202 207 224 336 456 328 320 302 888 72 82 1260 28 426 948 57 282 435 156 672 90 84
1 3 5 7 9 11 13 15 17 19 22 23 25 27 29 31 34 36 38 40 42 45 46 48 51 52 55 56 58 60 62 64 66 69 70 72 75:11696:304 70 354 176 1095 970 495 13 146 507 324 564 174 132 368 303 69 56 336 608 164 160 302 444 54 164 504 35 568 237 57 188 725 688 168 90 84
1 3 5 7 9 11 13 15 17 19 22 23 25 27 29 31 34 36 39 40 42 45 46 48 50 52 55 56 58 60 62 64 66 68 70 72 75:12926:304 35 354 44 657 194 198 26 146 676 540 1128 348 88 460 303 276 224 135 760 328 320 151 888 192 205 756 21 710 474 171 376 145 195 840 90 168
1 3 5 7 9 11 13 15 17 19 22 23 25 27 29 31 34 36 39 40 42 45 46 48 50 52 55 56 58 60 62 64 66 68 71 72 75:12506:228 140 118 88 657 970 495 26 292 676 216 282 435 176 276 202 69 224 180 304 246 320 302 1110 96 123 756 28 426 1185 228 470 145 195 576 36 210
1 3 5 7 9 11 14 15 17 19 22 23 25 27 29 31 34 36 38 40 42 45 46 48 50 52 55 56 58 60 62 64 66 68 70 72 75:12119:380 70 118 44 219 776 115 65 219 507 432 1410 174 88 368 303 345 112 224 304 410 240 302 666 48 123 1008 35 568 474 228 470 725 117 336 54 42
1 3 5 7 9 11 14 15 17 19 22 23 25 27 29 31 34 36 38 40 42 45 46 48 50 52 55 56 58 60 62 64 66 69 70 72 75:9959:152 105 236 220 438 388 92 52 73 845 432 564 348 88 276 101 276 56 336 304 82 400 151 222 48 164 252 28 284 711 228 282 435 516 672 18 84
1 3 5 7 9 11 14 16 17 19 22 23 25 27 29 31 34 36 38 40 42 45 46 48 50 52 55 56 58 60 62 64 66 69 70 72 75:11640:152 140 354 88 219 582 46 830 219 507 216 846 348 220 460 505 207 224 560 152 246 400 151 222 192 41 252 28 284 711 285 470 725 344 168 36 210
1 3 5 7 9 11 14 15 17 19 22 23 25 27 29 31 34 36 38 40 42 45 46 48 51 52 55 56 58 60 62 64 66 68 70 72 75:11617:304 70 118 44 1095 582 69 52 219 507 540 564 261 176 184 101 345 56 224 760 328 80 151 888 54 82 1008 7 426 474 228 470 145 117 672 90 126
1 3 5 7 9 11 14 15 17 19 22 23 25 27 29 31 34 36 38 40 42 45 46 48 51 52 55 56 58 60 62 64 66 69 70 72 75:13623:152 140 472 176 657 388 115 65 73 676 540 1410 348 132 368 303 207 56 448 608 246 400 302 666 54 164 504 21 568 948 171 282 725 344 672 54 168
1 3 5 7 9 11 14 15 17 19 22 23 25 27 29 31 34 36 39 40 42 45 46 48 50 52 55 56 58 60 62 64 66 68 70 72 75:9807:76 70 118 44 219 776 69 52 146 338 324 282 261 220 460 404 69 112 45 456 328 240 604 888 144 205 756 21 142 237 57 470 145 195 672 36 126
1 3 5 7 9 11 13 15 17 19 22 23 25 28 29 31 34 36 38 40 42 45 46 48 50 52 55 56 58 60 62 64 66 68 70 72 75:14815:76 175 354 132 876 776 198 26 365 676 324 1410 174 548 460 404 345 56 336 304 164 240 755 888 144 123 1260 14 426 474 114 282 725 195 840 72 84
1 3 5 7 9 11 13 15 17 19 22 23 25 28 29 31 34 36 38 40 42 45 46 48 50 52 55 56 58 60 62 64 66 69 70 72 75:13655:304 140 236 220 438 582 396 26 73 507 216 1128 348 548 184 202 207 224 560 608 82 400 604 1110 192 82 756 28 284 237 228 470 725 860 336 72 42
1 3 5 7 9 11 14 15 17 19 22 23 25 28 29 31 34 36 38 40 42 45 46 48 50 52 55 56 58 60 62 64 66 68 70 72 75:13264:76 175 590 44 876 970 115 26 146 507 432 846 348 548 92 101 207 224 224 760 410 80 151 1110 144 41 1260 28 426 237 171 282 435 78 840 54 210
1 3 5 7 9 11 13 15 17 19 22 23 26 27 29 31 34 36 38 40 42 45 46 48 50 52 54 56 58 60 62 64 66 68 70 72 75:11259:304 175 472 88 1095 388 99 65 73 338 324 846 178 44 92 505 207 224 560 152 82 80 604 888 192 164 121 14 568 474 285 188 725 195 168 72 210
1 3 5 7 9 11 14 15 17 19 22 23 26 27 29 31 34 36 38 40 42 45 46 48 50 52 54 56 58 60 62 64 66 68 70 72 75:11130:380 105 472 88 1095 388 46 52 219 507 108 282 356 176 368 101 69 224 112 456 328 400 755 222 144 164 605 21 426 948 114 188 725 78 168 72 168
2 3 5 7 9 11 13 15 17 19 21 23 25 27 29 31 34 36 38 40 42 44 46 48 50 52 54 56 58 60 62 64 66 69 70 72 74:12201:151 175 590 176 657 970 297 52 292 676 264 846 174 176 460 303 276 112 224 152 246 25 604 888 48 41 363 14 710 474 171 188 290 344 672 36 64
2 3 5 7 9 12 13 16 17 19 21 23 25 27 29 31 34 36 38 40 42 44 46 48 50 52 54 56 58 60 62 64 66 69 70 72 74:12990:604 140 590 220 438 955 396 166 73 169 132 1410 87 88 184 303 345 168 336 608 164 25 302 666 96 123 605 21 710 948 171 282 145 516 672 36 96
2 3 5 7 9 11 13 15 17 19 21 23 25 27 29 31 34 36 38 40 42 44 46 48 51 52 54 56 58 60 62 64 66 69 70 72 74:12911:302 175 472 176 876 194 198 13 73 845 198 846 348 132 460 101 138 56 448 760 410 25 604 1110 72 205 121 35 710 711 114 188 725 516 336 90 128
2 3 5 7 9 11 13 15 17 19 21 23 25 27 29 31 34 36 38 40 42 44 46 48 50 52 54 56 58 60 62 64 67 68 70 73 74:11087:453 35 472 220 876 776 99 65 146 507 132 282 261 132 276 202 276 280 112 608 164 5 453 444 192 164 363 14 142 948 114 470 82 78 336 844 64
2 3 5 7 9 11 13 15 17 19 21 23 25 27 29 31 34 36 38 40 42 44 46 48 50 52 54 56 58 60 62 65 67 68 70 73 74:13078:453 35 118 176 876 970 297 13 365 169 66 846 87 220 276 404 207 224 336 152 410 25 151 222 96 205 484 35 710 1185 171 1565 205 195 336 633 160
2 3 5 7 9 11 13 15 17 20 21 23 25 27 29 31 34 36 38 40 42 44 47 48 50 52 54 56 58 60 62 64 67 68 70 73 74:8317:302 175 354 44 219 388 198 39 219 78 66 282 87 44 92 505 138 56 224 304 246 5 279 222 192 205 121 7 568 474 57 282 205 39 840 633 128
2 3 5 7 9 12 13 15 17 20 21 23 25 27 29 31 34 36 38 40 42 44 47 48 50 52 54 56 58 60 62 64 67 68 70 73 74:9588:755 140 590 88 219 382 297 26 365 117 198 564 261 132 92 101 276 280 112 456 246 20 558 222 48 123 605 14 142 474 57 282 82 117 840 211 96
2 3 5 7 9 11 13 15 17 19 21 23 25 27 29 31 34 36 38 40 42 44 46 48 51 52 54 56 58 60 62 64 67 68 70 73 74:12082:453 140 118 220 438 776 495 26 146 845 330 564 348 176 460 404 276 56 224 608 328 15 755 444 54 123 363 28 142 948 114 470 164 156 504 211 160
2 3 5 7 9 12 13 15 17 19 21 23 25 27 29 31 34 36 38 40 42 44 46 48 51 52 54 56 58 60 62 64 67 68 70 73 74:11319:453 140 118 132 438 191 198 52 365 507 198 846 261 220 460 303 276 224 560 304 410 25 151 1110 90 123 242 28 710 1185 114 282 82 78 168 211 64
2 3 5 7 9 11 13 15 17 19 21 23 25 27 29 31 34 36 38 40 42 44 46 48 51 52 54 56 58 60 62 65 67 68 70 73 74:11618:151 70 354 44 1095 194 297 13 73 676 66 564 261 88 368 202 69 280 448 304 328 20 604 888 90 123 484 7 426 711 57 626 205 156 336 844 96
2 3 5 7 9 11 13 15 17 20 21 23 25 27 29 31 34 36 38 40 42 44 47 48 51 52 54 56 58 60 62 64 67 68 70 73 74:11620:151 175 118 176 1095 970 99 26 219 195 198 564 261 44 460 404 345 112 448 760 328 5 279 444 90 82 121 14 142 948 228 282 82 39 840 844 32
2 3 5 7 9 12 13 15 17 19 21 24 25 27 29 31 34 36 38 40 42 44 46 48 50 52 54 56 58 60 62 64 66 68 70 73 74:10542:453 105 236 132 876 191 495 39 73 845 132 182 174 176 368 101 69 280 560 456 82 5 755 888 144 82 363 35 142 711 228 282 290 117 168 211 96
2 3 5 7 10 12 13 15 17 19 21 24 25 27 29 31 34 36 38 40 42 44 46 48 50 52 54 56 58 60 62 64 66 68 70 73 74:12974:151 105 118 176 1000 764 495 26 146 676 330 182 261 220 460 404 345 224 448 304 410 15 755 222 96 41 484 7 568 948 114 94 725 195 672 633 160
2 3 5 7 9 11 13 15 17 19 21 24 25 27 29 31 34 36 38 40 42 44 46 48 50 52 54 56 58 60 62 65 66 68 70 73 74:11574:453 175 472 88 438 582 99 52 73 338 330 910 348 44 184 404 138 112 224 456 164 5 755 444 192 205 363 35 710 948 228 939 145 78 168 211 64
2 3 5 7 9 11 13 15 17 19 21 24 25 27 29 31 34 36 38 40 43 44 46 48 50 52 54 56 58 60 62 65 66 68 70 73 74:12136:453 140 118 220 876 582 99 26 365 338 66 182 87 132 92 505 207 224 112 304 44 25 604 1110 192 205 484 21 710 1185 285 1252 145 39 336 211 160
2 3 5 7 9 11 13 16 17 19 21 24 25 27 29 31 34 36 38 40 42 44 46 48 50 52 54 56 58 60 62 64 66 68 70 73 74:10462:302 140 118 132 438 388 99 830 292 507 330 546 174 176 276 505 138 280 224 152 164 25 755 222 192 41 121 35 426 237 114 376 725 117 168 633 64
2 3 5 7 9 12 13 16 17 19 21 24 25 27 29 31 34 36 38 40 42 44 46 48 50 52 54 56 58 60 62 64 66 68 70 73 74:10600:302 140 590 132 219 191 297 332 73 169 198 182 435 220 184 505 69 280 112 304 164 20 755 666 240 205 242 21 568 948 171 94 290 156 672 422 32
2 3 5 7 9 11 13 15 17 19 21 24 25 27 29 31 34 36 38 40 43 44 46 48 50 52 54 56 58 60 62 64 66 69 70 73 74:11178:302 140 118 44 219 776 198 26 146 676 264 182 87 44 276 505 345 280 560 608 55 25 755 666 192 164 242 7 284 711 228 376 290 344 672 211 160
2 3 5 7 9 11 13 15 17 19 21 24 25 27 29 31 34 36 38 40 43 44 46 48 50 52 54 57 58 60 62 64 66 69 70 73 74:10503:151 175 118 88 438 194 198 39 146 676 132 910 174 176 92 505 345 56 224 152 11 20 151 1110 192 164 121 309 426 237 228 376 435 344 840 422 128
2 3 5 7 9 11 13 15 17 19 21 24 25 27 29 31 34 36 38 40 42 44 46 48 50 52 54 56 58 60 62 65 66 69 70 73 74:12434:755 70 590 88 438 194 297 13 73 676 264 728 87 88 460 404 69 224 448 304 246 10 302 888 96 123 363 28 142 1185 57 313 290 688 672 633 128
2 3 5 7 9 11 13 15 17 19 21 24 25 27 29 31 34 36 38 40 43 44 46 48 50 52 54 56 58 60 62 65 66 69 70 73 74:11645:302 70 590 88 657 582 396 39 219 169 66 546 261 44 92 404 138 224 560 304 44 25 604 444 48 82 363 28 142 948 228 626 580 688 168 844 32
2 3 5 7 9 11 13 16 17 19 21 24 25 27 29 31 34 36 38 40 42 44 46 48 50 52 54 56 58 60 62 64 66 69 70 73 74:14179:755 140 118 88 657 970 396 830 292 507 330 546 261 176 368 404 276 224 112 608 328 5 302 444 48 205 242 35 710 948 228 94 580 172 840 844 96
2 3 5 7 9 12 13 16 17 19 21 24 25 27 29 31 34 36 38 40 42 44 46 48 50 52 54 56 58 60 62 64 66 69 70 73 74:10797:151 175 354 44 438 382 297 166 73 676 264 364 174 44 92 404 138 168 336 152 164 5 151 666 144 41 363 28 426 474 171 94 435 688 840 1055 160
2 3 5 7 9 11 13 16 17 19 21 24 25 27 29 31 34 36 38 40 43 44 46 48 50 52 54 56 58 60 62 65 66 69 70 73 74:10894:151 140 590 220 438 582 99 332 292 507 264 546 174 88 368 404 276 168 448 304 33 25 604 222 96 164 121 14 426 948 57 313 725 344 168 211 32
2 3 5 7 9 11 13 15 17 20 21 24 25 27 29 31 34 36 38 40 42 44 47 48 50 52 54 56 58 60 62 64 66 68 70 73 74:10628:302 175 118 88 219 388 297 26 292 117 132 546 348 176 460 303 138 168 112 608 410 15 837 666 48 205 363 14 284 474 228 94 580 78 168 1055 96
2 3 5 7 9 11 13 15 17 20 21 24 25 27 29 31 34 36 38 40 43 44 47 48 50 52 54 56 58 60 62 64 66 68 70 73 74:10742:453 105 354 88 438 582 297 52 219 156 132 910 348 132 460 505 345 280 560 760 33 15 279 222 192 41 121 21 426 474 285 470 145 156 168 422 96
2 3 5 7 9 12 13 15 17 20 21 24 25 27 29 31 34 36 38 40 42 44 47 48 50 52 54 56 58 60 62 64 66 68 70 73 74:12318:755 70 472 88 1095 573 396 65 292 117 264 364 348 220 460 101 138 224 448 456 82 15 1116 1110 96 205 121 28 426 237 114 376 290 195 168 633 160
2 3 5 7 9 12 13 15 17 20 21 24 25 27 29 31 34 36 38 40 43 44 47 48 50 52 54 56 58 60 62 64 66 68 70 73 74:11638:453 70 236 88 876 382 198 13 73 39 264 910 348 44 276 505 69 112 560 304 11 20 1395 222 240 82 363 14 142 948 285 376 145 195 504 844 32
2 3 5 7 9 11 13 15 17 20 21 24 25 27 29 31 34 36 38 40 42 44 47 48 50 52 54 56 58 60 62 65 66 68 70 73 74:11181:302 140 472 88 438 776 396 65 146 156 132 910 435 220 184 202 138 56 224 760 82 10 558 222 240 41 121 35 284 948 171 626 145 78 504 844 32
2 3 5 7 9 11 13 15 17 20 21 24 25 27 29 31 34 36 38 40 42 44 47 48 50 52 54 56 58 60 62 65 66 69 70 73 74:11970:453 35 118 176 219 388 198 52 365 156 132 728 348 176 460 101 69 224 112 608 246 20 837 444 144 205 121 21 426 948 114 1565 290 860 336 211 64
2 3 5 7 9 11 13 15 17 19 21 24 25 27 29 31 34 36 38 40 42 44 46 48 51 52 54 56 58 60 62 65 66 68 70 73 74:13273:302 70 118 44 438 776 396 13 365 338 330 728 261 176 460 404 69 168 448 304 328 25 453 666 18 205 363 7 568 948 228 313 725 195 840 1055 128
2 3 5 7 9 11 13 15 17 19 21 24 25 27 29 31 34 36 38 40 42 44 46 48 51 52 54 56 58 60 62 65 66 69 70 73 74:12070:755 35 236 176 219 970 99 39 219 338 198 546 435 220 276 202 345 168 112 456 82 15 302 888 54 82 121 21 426 948 285 313 725 688 168 844 64
2 3 5 7 9 11 13 15 17 19 21 24 25 27 29 31 34 36 38 40 43 44 46 48 51 52 54 56 58 60 62 65 66 69 70 73 74:11898:151 105 118 88 219 194 198 26 146 676 66 364 348 176 92 202 276 112 224 152 22 15 755 888 72 41 242 14 710 948 228 1565 290 688 336 1055 96
2 3 5 7 9 11 13 15 17 20 21 24 25 27 29 31 34 36 38 40 42 44 47 48 51 52 54 56 58 60 62 64 66 68 70 73 74:11600:151 140 590 44 876 776 198 52 365 78 66 546 348 132 184 202 69 224 448 152 246 5 1116 444 90 164 242 28 142 948 114 470 725 78 840 211 96
2 3 5 7 9 11 13 15 17 20 21 24 25 27 29 31 34 36 38 40 43 44 47 48 51 52 54 56 58 60 62 64 66 68 70 73 74:10041:302 70 354 44 876 970 99 65 146 156 132 910 261 176 276 202 69 112 224 304 55 10 837 444 90 205 363 7 426 237 171 188 435 78 504 211 32
2 3 5 7 9 12 13 15 17 20 21 24 25 27 29 31 34 36 38 40 42 44 47 48 51 52 54 56 58 60 62 64 66 68 70 73 74:12882:604 70 472 220 219 955 396 52 73 195 330 182 435 44 276 404 276 168 336 456 164 20 837 1110 90 123 484 14 710 711 285 376 725 195 504 211 160
2 3 5 7 9 11 13 15 17 20 21 24 25 27 29 31 34 36 38 40 42 44 47 48 51 52 54 56 58 60 62 65 66 68 70 73 74:11465:151 35 236 44 219 776 198 13 146 117 198 182 348 88 184 505 276 56 336 304 410 15 1395 666 72 123 605 28 284 948 114 939 290 78 504 422 160
2 3 5 7 9 12 13 15 17 19 21 24 25 27 29 33 34 36 38 40 42 44 46 48 50 52 54 56 58 60 62 64 66 68 70 72 74:9905:302 140 236 44 219 382 297 39 146 507 66 546 261 44 92 202 276 280 336 608 164 5 453 222 96 82 242 7 568 948 228 188 580 195 672 72 160
2 3 5 7 9 11 13 15 17 19 21 24 25 27 29 33 34 36 38 40 42 44 46 48 50 52 54 56 58 60 62 65 66 68 70 72 74:12250:302 140 118 88 876 388 396 52 146 338 330 910 348 132 276 202 276 280 224 760 164 10 755 888 48 123 484 21 142 711 228 1252 435 117 168 90 32
2 3 5 7 9 11 13 16 17 19 21 24 25 27 29 33 34 36 38 40 42 44 46 48 50 52 54 56 58 60 62 64 66 68 70 72 74:11886:302 35 118 132 876 970 198 664 73 169 132 364 348 132 276 404 207 280 336 760 82 25 604 1110 144 82 605 35 710 711 57 282 145 78 336 72 32
2 3 5 7 9 12 13 15 17 19 21 24 25 27 29 33 34 36 38 40 42 44 46 48 51 52 54 56 58 60 62 64 66 68 70 72 74:9257:302 35 354 88 876 191 396 26 219 676 66 546 348 176 184 202 345 56 224 304 410 10 302 444 36 205 121 7 142 237 57 94 725 195 504 90 64
2 3 5 7 9 12 13 16 17 19 21 24 25 27 29 33 34 36 38 40 42 44 46 48 51 52 54 56 58 60 62 64 66 68 70 72 74:11806:453 70 118 132 219 764 495 830 73 169 66 546 348 132 92 1010 207 168 336 760 246 15 755 888 36 41 121 14 284 711 114 282 580 195 336 72 128
2 3 5 7 9 11 13 15 17 19 21 23 25 27 29 33 34 36 38 40 42 44 46 48 50 52 54 56 58 60 62 64 67 68 70 73 74:11397:755 70 472 176 438 388 198 26 146 507 198 846 261 220 92 202 138 56 560 152 82 25 604 444 144 41 363 21 568 1185 285 376 205 195 504 422 32
2 3 5 7 9 12 13 15 17 19 21 24 25 27 29 33 34 36 38 40 42 44 46 48 50 52 54 56 58 60 62 64 66 68 70 73 74:11401:302 35 118 220 438 955 99 65 292 845 132 182 87 88 368 606 276 112 560 456 82 20 604 222 240 123 363 7 568 711 228 282 290 117 336 844 128
2 3 5 7 10 12 13 15 17 19 21 24 25 27 29 33 34 36 38 40 42 44 46 48 50 52 54 56 58 60 62 64 66 68 70 73 74:12238:151 35 236 220 600 955 297 13 146 507 264 546 87 220 184 404 207 280 224 608 410 25 302 1110 96 164 484 7 426 711 57 94 725 117 840 422 64
2 3 5 7 9 12 13 15 17 19 21 24 25 27 29 33 34 36 38 40 43 44 46 48 50 52 54 56 58 60 62 64 66 68 70 73 74:11587:604 175 236 176 438 382 396 13 365 169 198 182 348 132 276 202 69 168 448 456 11 5 604 444 96 82 484 21 426 948 228 188 580 78 840 1055 64
2 3 5 7 9 11 13 15 17 19 21 24 25 27 29 33 34 36 38 40 42 44 46 48 50 52 54 56 58 60 62 65 66 68 70 73 74:11912:302 140 472 88 876 194 198 65 219 845 66 910 348 88 92 1010 138 224 112 456 410 5 151 222 144 82 242 14 142 1185 228 626 580 195 504 211 128
2 3 5 7 9 12 13 15 17 20 21 24 25 27 29 33 34 36 38 40 42 44 47 48 50 52 54 56 58 60 62 64 66 68 70 73 74:12653:453 140 118 88 1095 573 198 26 146 117 132 364 261 176 92 606 345 168 224 304 82 25 837 1110 240 205 605 21 426 948 171 188 580 156 672 633 128
2 3 5 7 9 12 13 16 17 19 21 23 25 27 29 31 34 36 39 40 42 44 46 48 50 52 54 56 58 60 62 64 66 69 71 72 74:12491:302 140 236 132 876 191 198 664 219 169 132 1128 348 176 276 505 207 224 225 608 246 5 453 222 144 164 605 7 568 948 228 94 725 688 288 54 96
2 3 5 7 9 11 13 15 17 19 21 24 25 27 29 31 34 36 39 40 42 44 46 48 50 52 54 56 58 60 62 64 66 68 71 73 74:8828:151 105 590 132 219 582 99 13 365 507 132 728 87 176 460 303 276 280 45 304 164 25 755 222 192 41 242 21 142 237 57 470 145 78 144 211 128
2 3 5 7 9 11 13 15 17 19 21 24 25 27 29 31 34 36 39 40 43 44 46 48 50 52 54 56 58 60 62 64 66 68 71 73 74:11506:151 140 118 176 1095 388 495 39 146 507 198 364 435 176 368 303 345 280 180 456 55 10 604 1110 192 41 242 28 284 474 228 282 145 156 144 1055 96
2 3 5 7 9 12 13 15 17 19 21 24 25 27 29 31 34 36 39 40 43 44 46 48 50 52 54 56 58 60 62 64 66 68 71 73 74:12826:604 140 590 220 438 573 99 52 73 507 132 546 435 220 276 303 69 112 225 608 33 15 151 666 192 164 605 35 710 1185 228 376 290 195 576 1055 128
2 3 5 7 9 11 13 16 17 19 21 24 25 27 29 31 34 36 39 40 42 44 46 48 50 52 54 56 58 60 62 64 66 68 71 73 74:10626:755 105 472 88 657 194 99 166 365 169 132 910 174 132 184 404 69 280 45 304 246 5 302 1110 144 41 121 28 142 711 114 188 580 195 720 211 64
2 3 5 7 9 11 13 16 17 19 21 24 25 27 29 31 34 36 39 40 43 44 46 48 50 52 54 56 58 60 62 64 66 68 71 73 74:12580:453 105 118 220 438 970 297 332 219 338 264 728 435 44 184 505 69 168 225 152 44 10 604 888 144 41 484 14 426 948 57 376 580 117 432 1055 96
2 3 5 7 9 12 13 16 17 19 21 24 25 27 29 31 34 36 39 40 42 44 46 48 50 52 54 56 58 60 62 64 66 68 71 73 74:11792:151 175 590 88 1095 191 198 166 365 169 264 546 174 88 276 101 138 168 225 304 164 20 453 1110 240 41 484 14 710 1185 114 470 435 39 144 633 64
2 3 5 7 9 12 13 16 17 19 21 24 25 27 29 31 34 36 39 40 43 44 46 48 50 52 54 56 58 60 62 64 66 68 71 73 74:12099:604 105 354 220 657 382 396 166 365 845 132 364 261 132 92 101 276 224 135 152 11 25 453 1110 144 82 242 35 284 1185 171 282 725 156 144 1055 32
2 3 5 7 9 11 13 15 17 19 21 24 25 27 29 31 34 36 39 40 43 44 46 48 50 52 54 56 58 60 62 64 66 69 70 73 74:11882:604 175 236 88 657 970 198 26 292 169 264 182 348 176 184 303 69 280 180 152 44 20 604 444 144 123 242 28 710 1185 171 94 435 516 840 633 96
2 3 5 7 9 11 13 15 17 19 21 24 25 27 29 31 34 36 39 40 43 44 46 48 50 52 54 56 58 60 62 65 66 69 70 73 74:11408:453 140 118 220 1095 582 99 26 292 507 330 364 435 176 184 505 138 56 90 760 33 25 302 444 192 205 484 14 426 711 285 313 145 344 672 211 32
2 3 5 7 9 11 13 16 17 19 21 24 25 27 29 31 34 36 39 40 43 44 46 48 50 52 54 56 58 60 62 64 66 69 71 73 74:13802:604 70 472 220 219 776 297 830 219 845 132 364 261 176 368 202 69 56 225 608 33 20 302 1110 48 164 484 35 142 1185 228 94 725 860 144 1055 160
2 3 5 7 9 12 13 16 17 19 21 24 25 27 29 31 34 36 39 40 42 44 46 48 50 52 54 56 58 60 62 64 66 69 71 73 74:12497:453 70 236 176 657 382 297 332 146 676 264 364 87 132 368 202 69 280 180 760 328 20 302 666 192 123 121 35 142 1185 285 282 580 688 720 633 64
2 3 5 7 9 11 13 16 17 19 21 24 25 27 29 31 34 36 39 40 42 44 46 48 50 52 54 56 58 60 62 65 66 69 71 73 74:13251:453 105 472 132 219 388 198 830 146 507 264 728 174 88 368 404 207 224 135 760 410 10 302 222 192 41 242 14 142 711 171 1565 290 688 720 633 96
2 3 5 7 9 11 13 15 17 19 21 24 25 27 29 31 34 36 39 40 42 44 46 48 51 52 54 56 58 60 62 64 66 68 71 73 74:10647:302 140 236 44 657 582 198 26 219 338 264 182 435 132 184 101 138 280 180 760 328 15 755 666 90 164 484 7 426 474 171 470 290 39 288 422 160
2 3 5 7 9 11 13 15 17 19 21 24 25 27 29 31 34 36 39 40 43 44 46 48 51 52 54 56 58 60 62 64 66 68 71 73 74:10484:302 70 354 220 1095 776 99 13 146 845 330 364 348 132 276 404 276 168 45 608 55 5 453 222 72 123 242 21 142 474 114 188 435 117 432 422 96
2 3 5 7 9 12 13 15 17 19 21 24 25 27 29 31 34 36 39 40 42 44 46 48 51 52 54 56 58 60 62 65 66 68 71 73 74:12741:302 105 472 132 1095 955 297 65 219 507 66 364 435 88 92 202 345 112 90 152 328 20 151 222 54 41 363 21 426 711 171 1565 725 156 720 844 128
2 3 5 7 9 12 13 16 17 19 21 24 25 27 29 31 34 36 39 40 42 44 46 48 51 52 54 56 58 60 62 64 66 68 71 73 74:10607:151 35 590 176 219 191 297 498 219 507 264 182 261 132 460 303 69 168 45 608 164 15 755 888 54 123 121 35 142 948 228 188 290 117 288 844 32
2 3 5 7 9 12 13 16 17 19 21 24 25 27 29 31 34 36 39 40 42 44 46 48 51 52 54 56 58 60 62 64 66 69 71 73 74:10741:604 140 590 88 438 764 198 332 73 507 330 546 174 132 92 101 276 56 135 456 328 20 302 888 18 123 484 21 710 237 114 376 145 172 432 211 128
2 3 5 7 9 11 13 15 17 19 21 24 25 27 29 31 34 37 38 40 42 44 46 48 50 52 54 56 58 60 62 65 66 69 70 73 74:10419:151 105 354 176 219 970 99 26 146 338 66 910 261 44 184 303 207 87 448 152 410 20 755 888 96 123 121 35 426 237 114 626 145 344 168 633 32
2 3 5 7 9 12 13 16 18 20 21 23 25 27 29 31 34 36 38 40 42 44 46 48 50 52 54 56 58 60 62 64 66 69 70 72 74:12787:453 175 354 176 438 573 198 830 41 117 198 1410 348 44 368 303 138 280 448 608 82 5 453 1110 96 123 242 7 568 237 57 470 145 688 840 36 128
2 3 5 7 9 11 13 16 18 20 21 24 25 27 29 31 34 36 38 40 42 44 46 48 50 52 54 56 58 60 62 64 66 68 70 73 74:10884:302 35 354 176 219 970 99 664 82 117 132 546 435 220 276 303 345 280 560 152 410 25 151 666 144 164 242 21 142 948 228 188 145 78 336 633 96
2 3 5 7 9 12 13 16 18 20 21 24 25 27 29 31 34 36 38 40 42 44 46 48 50 52 54 56 58 60 62 64 66 68 70 73 74:11034:755 140 472 220 219 573 495 498 164 156 264 364 435 44 460 202 69 224 224 456 410 25 604 222 240 164 484 35 284 474 114 188 145 39 168 844 160
2 3 5 7 9 11 13 16 18 20 21 24 25 27 29 31 34 36 38 40 42 44 47 48 50 52 54 56 58 60 62 64 66 68 70 73 74:11040:302 70 472 88 219 194 297 332 123 117 264 182 435 176 92 505 207 224 112 456 410 20 837 666 48 164 605 21 284 948 228 188 580 195 672 211 96
2 3 5 7 9 11 13 16 18 20 21 24 25 27 29 31 34 36 38 40 42 44 46 48 50 52 54 56 58 60 62 64 66 69 70 73 74:11947:302 175 472 176 876 194 495 332 164 39 330 546 435 88 460 505 207 168 448 304 82 15 453 666 240 164 121 7 142 237 171 188 725 344 672 844 160
2 3 5 7 9 12 13 16 18 20 21 24 25 27 29 31 34 36 38 40 42 44 46 48 50 52 54 56 58 60 62 64 66 69 70 73 74:13805:755 70 472 220 876 191 495 332 41 156 132 910 435 132 460 505 138 56 560 152 328 25 604 1110 192 164 605 7 710 474 57 94 580 344 336 1055 32
2 3 5 7 9 11 13 16 18 20 21 24 25 27 29 31 34 36 38 40 42 44 47 48 50 52 54 56 58 60 62 64 66 69 70 73 74:10679:604 175 590 176 219 388 297 498 82 39 198 364 261 176 368 202 69 168 448 152 82 25 1395 222 192 164 242 14 142 237 114 188 435 688 336 633 96
2 3 5 7 9 12 13 16 18 20 21 24 25 27 29 33 34 36 38 40 42 44 46 48 50 52 54 56 58 60 62 64 66 68 70 72 74:11376:453 105 590 176 657 573 198 664 123 78 132 364 261 220 92 1010 207 56 448 152 82 5 755 666 48 41 484 14 284 474 171 376 725 156 336 72 128
2 3 5 7 9 12 13 16 18 20 21 24 25 27 29 33 34 36 38 40 42 44 46 48 51 52 54 56 58 60 62 64 66 68 70 72 74:12565:302 70 354 220 657 573 99 664 205 156 132 546 174 220 460 606 345 168 560 152 328 15 453 888 36 123 484 35 284 948 171 376 725 78 840 54 64
2 3 5 7 9 12 13 16 18 20 21 23 25 27 29 31 34 36 39 40 42 44 46 48 50 52 54 56 58 60 62 64 66 69 71 72 74:12900:453 175 236 88 657 955 495 498 205 78 264 564 435 176 276 202 276 224 225 304 246 20 453 888 240 41 605 28 284 237 285 376 725 860 576 90 160
2 3 5 7 9 11 13 16 18 20 21 24 25 27 29 31 34 36 39 40 42 44 46 48 50 52 54 56 58 60 62 64 66 68 71 73 74:11003:151 35 118 176 438 582 198 498 164 39 198 364 87 88 276 303 207 280 225 760 82 10 453 888 240 205 605 14 284 237 171 188 725 195 432 1055 32
2 3 5 7 9 11 13 16 18 20 21 24 25 27 29 31 34 36 39 40 42 44 46 48 50 52 54 56 58 60 62 64 66 69 71 73 74:10553:755 140 236 132 438 388 396 166 164 117 264 182 348 44 460 202 276 168 180 456 164 25 302 1110 96 82 484 21 142 474 57 188 725 688 144 211 128
2 3 5 7 9 11 13 15 17 19 21 24 25 27 29 31 34 36 38 40 42 44 46 49 50 52 54 56 58 60 62 65 66 68 70 72 74:12415:604 140 590 132 657 582 297 52 292 338 330 182 174 220 460 505 345 224 112 152 164 15 453 169 144 82 605 7 284 711 228 1565 725 117 672 54 32
2 3 5 7 9 11 13 15 17 19 21 24 25 27 29 31 34 36 38 40 42 44 46 49 50 52 54 56 58 60 62 64 66 69 70 73 74:12274:755 140 354 44 219 582 396 13 219 845 330 910 435 132 460 101 69 56 336 456 246 20 151 507 240 82 121 7 710 474 171 376 725 516 168 844 64
2 4 5 7 9 11 13 15 17 19 21 24 25 27 29 33 34 36 38 40 42 44 46 49 50 52 54 56 58 60 62 64 66 68 70 72 74:10653:302 205 590 44 876 970 297 39 146 676 264 364 174 220 368 404 345 56 224 152 246 5 151 845 48 41 242 21 142 237 114 470 290 195 672 90 128
2 3 5 7 9 11 14 15 17 19 21 23 25 27 29 31 34 36 38 40 42 44 46 48 50 52 54 56 58 60 62 64 66 69 70 72 74:12287:755 70 354 44 219 194 115 39 219 676 132 564 348 132 460 404 69 112 112 608 82 20 604 888 144 164 605 21 426 1185 171 188 435 688 840 72 128
2 3 5 7 9 12 14 16 17 19 21 23 25 27 29 31 34 36 38 40 42 44 46 48 50 52 54 56 58 60 62 64 66 69 70 72 74:12537:755 175 118 220 1095 955 23 830 73 169 198 846 87 88 184 303 207 280 224 608 164 25 453 222 144 164 484 35 142 948 57 94 725 688 504 90 160
2 3 5 7 9 11 14 15 17 19 21 23 25 27 29 31 34 36 38 40 42 44 46 48 51 52 54 56 58 60 62 64 66 69 70 72 74:10752:604 105 236 176 876 582 115 52 365 338 198 564 87 132 92 303 345 280 224 456 410 10 755 222 54 205 121 28 284 711 228 94 290 688 336 90 96
2 3 5 8 9 12 14 16 17 19 21 23 25 27 29 31 34 36 38 40 42 44 46 48 51 52 54 56 58 60 62 64 66 69 71 72 74:11864:302 175 118 1125 438 191 46 166 219 676 66 282 87 132 460 404 138 112 224 608 246 20 755 666 54 205 121 7 710 1185 171 376 435 344 432 72 96
2 3 5 7 9 11 14 15 17 19 21 24 25 27 29 31 34 36 38 40 42 44 46 48 50 52 54 56 58 60 62 65 66 69 70 73 74:12506:453 70 354 88 876 582 69 13 73 507 330 364 261 44 92 202 276 112 336 152 410 10 302 888 48 41 242 14 710 711 114 939 580 860 168 1055 160
2 3 5 7 9 11 14 15 17 19 21 24 25 27 29 31 34 36 38 40 43 44 46 48 50 52 54 56 58 60 62 65 66 69 70 73 74:9566:755 35 354 44 219 970 23 13 73 169 66 910 87 220 460 101 207 280 224 152 11 10 302 444 144 82 363 7 142 711 285 626 290 344 168 211 64
2 3 5 7 9 11 14 16 17 19 21 24 25 27 29 31 34 36 38 40 42 44 46 48 50 52 54 56 58 60 62 64 66 69 70 73 74:13427:151 140 354 132 876 776 23 498 219 845 330 546 348 132 368 202 345 224 560 152 328 5 755 666 240 41 242 35 426 711 57 376 725 344 168 1055 32
2 3 5 7 9 12 14 16 17 19 21 24 25 27 29 31 34 36 38 40 42 44 46 48 50 52 54 56 58 60 62 64 66 69 70 73 74:15816:453 70 472 44 1095 573 69 664 146 676 264 910 348 220 368 303 207 168 336 760 164 25 755 888 144 164 363 14 710 1185 171 470 725 344 672 844 32
2 3 5 7 9 11 14 16 17 19 21 24 25 27 29 31 34 36 38 40 43 44 46 48 50 52 54 56 58 60 62 65 66 69 70 73 74:13141:604 105 118 44 657 194 115 830 73 845 330 910 348 44 184 505 276 56 448 608 22 10 755 444 48 82 242 7 426 948 228 626 435 688 336 422 128
2 3 5 7 9 11 14 16 17 20 21 24 25 27 29 31 34 36 38 40 42 44 47 48 50 52 54 56 58 60 62 64 66 69 70 73 74:14096:151 140 236 176 1095 776 69 830 146 117 330 364 348 220 460 101 345 168 560 608 410 5 558 888 96 41 363 35 426 948 228 470 725 516 840 211 96
2 3 5 7 9 11 14 15 17 19 21 24 25 27 29 31 34 36 38 40 42 44 46 48 51 52 54 56 58 60 62 65 66 69 70 73 74:11909:302 175 354 132 1095 388 46 26 292 507 132 546 435 88 460 202 207 224 448 456 328 15 453 444 72 123 484 7 284 237 228 313 145 860 672 633 96
2 3 5 7 9 11 14 15 17 19 21 24 25 27 29 31 34 36 38 40 43 44 46 48 51 52 54 56 58 60 62 65 66 69 70 73 74:13348:755 105 236 44 438 776 46 39 292 676 66 910 348 220 460 202 207 280 448 152 44 5 604 222 18 41 121 35 426 1185 285 1252 435 860 840 211 64
2 4 5 7 9 11 14 15 17 19 21 24 25 27 29 31 34 36 38 40 42 44 46 48 50 52 54 56 58 60 62 65 66 69 70 73 74:13253:151 41 354 132 1095 582 69 52 365 507 66 182 435 88 460 202 207 224 448 304 246 10 302 1110 48 82 484 21 426 474 57 1252 580 860 672 633 32
2 4 5 7 9 11 14 16 17 19 21 24 25 27 29 31 34 36 38 40 42 44 46 48 50 52 54 56 58 60 62 64 66 69 70 73 74:13227:755 41 118 88 1095 388 46 830 146 676 330 364 87 220 460 202 69 168 112 608 246 10 453 666 192 164 605 14 426 474 171 282 725 688 336 844 128
2 3 5 7 10 11 14 15 17 19 21 23 25 27 29 31 34 36 39 40 42 44 46 48 50 52 54 56 58 60 62 64 66 69 71 72 74:12352:755 175 472 220 400 582 115 52 219 169 198 1410 261 220 276 404 138 56 225 760 246 10 302 666 144 123 242 28 568 474 171 188 435 860 720 36 32
2 3 5 8 9 11 14 15 17 19 21 23 25 27 29 31 34 36 39 40 42 44 46 48 51 52 54 56 58 60 62 64 66 69 71 72 74:11570:151 175 472 1125 657 194 92 26 219 169 330 846 348 88 184 101 345 224 225 152 328 10 755 888 90 82 484 28 142 948 285 282 145 172 576 72 160
2 3 5 7 10 11 14 15 17 19 21 23 25 27 29 31 34 36 39 40 42 44 46 48 51 52 54 56 58 60 62 64 66 69 71 72 74:10886:755 140 236 44 200 582 23 13 365 338 132 564 87 88 460 505 69 168 45 456 246 20 604 1110 18 205 484 35 142 948 228 94 290 516 576 36 64
2 3 5 7 9 11 14 16 17 19 21 23 25 27 29 31 34 36 39 40 42 44 46 48 51 52 54 56 58 60 62 64 66 69 71 72 74:11847:302 35 118 176 876 388 23 830 219 507 330 1410 87 44 368 101 207 224 180 152 246 20 604 222 36 205 605 21 142 711 171 94 435 860 720 18 160
2 3 5 7 9 12 14 16 17 19 21 23 25 27 29 31 34 36 39 40 42 44 46 48 51 52 54 56 58 60 62 64 66 69 71 72 74:11308:151 175 118 220 876 573 92 166 365 169 66 846 261 132 460 303 276 168 180 152 410 25 755 1110 18 164 363 35 284 474 171 470 290 516 288 90 96
2 3 5 7 9 12 14 16 17 19 21 24 25 27 29 31 34 36 39 40 42 44 46 48 50 52 54 56 58 60 62 64 66 69 71 73 74:12628:755 140 472 88 876 191 115 166 365 338 330 364 435 176 184 303 207 280 180 456 164 25 302 888 96 82 242 7 284 711 114 376 725 688 288 1055 160
2 3 5 7 9 11 14 16 17 19 21 24 25 27 29 31 34 36 39 40 42 44 46 48 51 52 54 56 58 60 62 64 66 69 71 73 74:11332:151 175 472 176 657 582 69 498 292 338 330 728 261 132 460 202 138 56 135 152 246 20 151 888 36 82 121 35 284 474 57 188 725 860 432 633 96
2 3 5 7 9 12 14 16 17 19 21 24 25 27 29 31 34 36 39 40 42 44 46 48 51 52 54 56 58 60 62 64 66 69 71 73 74:11952:453 70 472 132 876 573 46 498 219 676 264 910 174 220 92 202 138 280 45 456 164 5 604 1110 54 164 242 35 426 237 114 376 145 172 432 844 32
2 3 5 7 9 12 14 16 18 20 21 23 25 27 29 31 34 36 38 40 42 44 46 48 50 52 54 56 58 60 62 64 66 69 70 72 74:14431:453 175 354 220 1095 764 46 332 41 78 198 1410 348 132 460 404 138 280 112 608 410 15 604 888 144 205 121 21 426 1185 285 376 725 860 336 54 128
2 3 5 7 9 11 14 16 18 20 21 23 25 27 29 31 34 36 39 40 42 44 46 48 51 52 54 56 58 60 62 64 66 69 71 72 74:11382:302 70 472 88 657 970 23 166 41 195 132 564 261 176 184 202 69 224 90 152 410 5 755 1110 36 205 242 7 142 948 171 188 725 688 576 72 64
2 3 5 7 9 11 13 15 17 19 21 23 25 27 29 31 34 36 38 40 42 44 46 48 50 52 55 56 58 60 62 64 66 69 70 72 74:10753:755 175 354 88 1095 388 297 52 365 169 198 564 174 220 276 101 207 112 560 608 410 20 151 222 144 41 504 7 284 237 228 282 435 516 336 18 160
2 3 5 7 9 12 13 15 17 19 21 23 25 27 29 31 34 36 38 40 42 44 46 48 50 52 55 56 58 60 62 64 66 69 70 72 74:11646:604 105 590 176 876 382 198 39 73 169 66 282 87 44 460 404 276 168 224 608 410 15 302 888 192 82 252 28 710 711 114 94 725 688 504 36 64
2 3 5 7 9 12 13 16 17 19 21 23 25 27 29 31 34 36 38 40 42 44 46 48 50 52 55 56 58 60 62 64 66 69 70 72 74:12061:453 35 118 88 876 382 495 664 73 169 132 282 87 44 184 202 207 56 560 304 82 20 755 1110 96 164 252 21 710 948 114 470 580 688 504 72 64
2 3 5 7 9 11 13 15 17 20 21 23 25 27 29 31 34 36 38 40 42 44 47 48 50 52 55 56 58 60 62 64 66 69 70 72 74:12717:604 105 118 132 1095 582 495 52 73 156 264 846 87 132 184 303 345 112 560 304 164 25 558 222 144 41 1260 7 568 1185 228 188 580 516 336 18 128
2 3 5 7 9 11 13 15 17 19 21 23 25 27 29 31 34 36 38 40 42 44 46 48 51 52 55 56 58 60 62 64 66 69 70 72 74:10034:604 35 354 132 1095 194 396 26 292 676 132 564 348 88 92 202 207 224 560 304 164 20 604 222 36 82 756 28 142 237 285 94 145 344 168 54 128
2 3 5 7 9 12 13 15 17 19 21 23 25 27 29 31 34 36 38 40 42 44 46 48 51 52 55 56 58 60 62 64 66 69 70 72 74:15206:755 140 590 220 1095 764 495 39 73 676 132 1128 348 132 184 101 276 112 448 152 82 10 302 888 72 164 1260 35 284 1185 228 470 580 860 840 54 32
2 3 5 7 9 11 13 15 17 19 21 23 25 27 29 31 34 36 38 40 42 44 46 48 51 52 55 56 58 60 63 64 66 69 70 72 74:12553:755 140 118 88 438 776 99 13 146 169 330 1128 174 220 92 404 345 56 112 152 164 20 151 888 36 41 1008 28 426 948 492 470 580 688 672 90 96
2 3 5 7 9 11 13 15 17 20 21 23 25 27 29 31 34 36 38 40 42 44 47 48 51 52 55 56 58 60 62 64 66 69 70 72 74:10981:151 140 118 88 219 776 495 26 365 78 132 564 261 176 276 505 69 56 112 456 164 20 1395 444 36 82 504 35 426 948 285 282 435 344 336 54 128
2 3 5 7 9 12 13 16 17 19 21 23 25 27 29 31 34 36 39 40 42 44 46 48 50 52 55 56 58 60 62 64 66 69 71 72 74:11818:755 140 354 132 1095 382 198 332 219 338 132 282 174 220 184 303 276 224 180 304 82 25 453 222 96 205 1260 7 710 948 285 94 145 688 288 54 32
2 3 5 7 9 11 13 15 17 19 21 23 25 27 29 31 35 36 39 40 42 44 46 48 51 52 55 56 58 60 62 64 66 69 71 72 74:12354:755 70 354 220 876 388 297 13 292 169 330 1410 174 176 92 303 1570 168 45 152 246 20 755 222 90 205 252 21 426 711 114 94 290 860 144 18 32
2 3 5 7 9 12 13 16 17 19 21 23 25 27 29 31 34 36 39 40 42 44 46 48 51 52 55 56 58 60 62 64 66 69 71 72 74:14061:604 35 472 44 438 955 495 498 292 845 198 282 435 220 460 505 207 112 90 760 164 10 453 888 18 164 504 14 568 948 114 470 435 688 576 36 64
2 3 5 7 9 12 13 16 18 20 21 23 25 27 29 31 34 36 38 40 42 44 46 48 50 52 55 56 58 60 62 64 66 69 70 72 74:12236:453 175 354 44 1095 191 297 332 205 195 330 282 174 44 460 202 345 224 448 456 82 10 453 444 48 205 1008 21 568 948 228 282 435 172 840 90 96
2 3 5 7 9 11 13 15 17 19 21 23 25 27 29 31 34 36 38 40 42 44 46 49 50 52 55 56 58 60 62 64 66 68 70 72 74:12811:302 105 354 132 438 582 396 26 292 845 264 1128 435 176 276 202 138 224 336 304 164 25 453 845 48 205 1260 28 426 948 114 470 435 117 168 54 96
2 3 5 7 9 11 13 15 17 19 21 23 25 27 29 31 34 36 38 40 42 44 46 49 50 52 55 56 58 60 62 64 66 69 70 72 74:11873:151 140 118 88 219 970 99 39 73 845 66 282 348 88 460 505 138 56 224 456 328 10 604 845 240 82 1260 14 284 1185 171 188 435 344 336 54 128
2 3 5 7 9 11 13 15 17 19 21 23 25 27 29 31 34 36 38 40 42 44 46 49 51 52 55 56 58 60 62 64 66 68 70 72 74:12028:604 175 472 176 1095 194 198 39 73 507 264 1128 87 220 276 101 69 168 448 152 246 5 755 676 36 123 504 7 568 711 285 188 725 117 504 36 96
2 3 5 7 9 11 13 15 17 19 21 23 25 27 29 31 34 37 38 40 42 44 46 49 50 52 55 56 58 60 62 64 66 69 70 72 74:11004:302 35 354 176 438 388 495 39 219 507 66 1128 174 132 460 303 69 261 224 456 82 20 302 169 48 41 756 35 284 711 171 282 435 516 840 54 32
2 3 5 7 9 11 14 15 17 19 21 23 25 27 29 31 34 36 38 40 42 44 46 48 50 52 55 56 58 60 62 64 66 69 70 72 74:11831:604 70 236 44 876 388 46 39 146 507 66 282 435 88 184 505 345 112 336 456 328 10 755 444 96 41 756 14 710 1185 228 470 145 516 168 72 128
2 3 5 7 10 12 14 15 17 19 21 23 25 27 29 31 34 36 38 40 42 44 46 48 50 52 55 56 58 60 62 64 66 69 70 72 74:11369:755 105 236 88 200 955 92 13 219 169 264 564 435 88 276 101 69 56 448 152 164 20 453 888 144 41 1008 21 710 948 57 188 290 344 672 72 64
2 3 5 7 9 11 14 15 17 19 21 23 25 27 29 31 35 36 38 40 42 44 46 48 50 52 55 56 58 60 62 64 66 69 71 72 74:11920:453 105 118 88 219 970 23 65 219 507 132 564 435 220 368 202 942 56 448 760 82 5 755 888 48 82 756 21 142 711 114 282 580 172 288 36 64
2 3 5 7 9 11 14 16 17 19 21 23 25 27 29 31 34 36 38 40 42 44 46 48 50 52 55 56 58 60 62 64 66 69 71 72 74:12541:604 70 118 44 219 582 46 664 292 338 198 1410 348 220 184 101 276 168 336 608 82 25 755 888 192 82 1008 14 284 711 114 188 290 688 144 90 160
2 3 5 7 9 12 14 16 17 19 21 23 25 27 29 31 34 36 38 40 42 44 46 48 50 52 55 56 58 60 62 64 66 69 70 72 74:10916:755 70 236 176 438 191 46 664 365 169 264 1410 174 88 460 404 345 168 224 304 246 25 755 222 192 82 504 7 426 237 114 94 435 344 168 18 96
2 3 5 7 9 12 14 16 17 19 21 23 25 27 29 31 34 36 38 40 42 44 46 48 50 52 55 56 58 60 62 64 66 69 71 72 74:9888:151 175 236 176 438 573 23 332 292 507 66 282 261 176 460 303 138 280 224 152 410 25 755 666 48 205 252 28 284 474 171 470 145 172 288 90 160
2 3 5 7 9 11 14 16 17 19 21 23 25 27 29 31 35 36 38 40 42 44 46 48 50 52 55 56 58 60 62 64 66 69 71 72 74:14674:453 105 590 88 876 388 115 332 365 676 264 846 348 88 460 202 1570 168 560 760 328 20 604 666 144 164 756 28 568 474 57 376 145 860 144 54 32
2 3 5 7 9 12 14 16 17 19 21 23 25 27 29 31 35 36 38 40 42 44 46 48 50 52 55 56 58 60 62 64 66 69 71 72 74:12459:151 175 472 176 219 955 92 332 146 338 66 1128 174 44 184 303 314 224 448 760 328 25 755 222 48 41 1260 21 142 237 285 188 580 688 720 90 128
2 3 5 7 9 11 14 15 17 20 21 23 25 27 29 31 34 36 38 40 42 44 47 48 50 52 55 56 58 60 62 64 66 69 70 72 74:11819:453 140 472 44 438 776 69 65 146 39 66 846 435 176 276 101 69 168 560 456 328 5 1116 888 144 82 252 14 568 474 57 282 580 516 504 54 160
2 3 5 7 9 12 14 16 17 20 21 23 25 27 29 31 34 36 38 40 42 44 47 48 50 52 55 56 58 60 62 64 66 69 70 72 74:12089:151 175 236 44 1095 955 69 664 365 78 66 1128 435 220 184 404 207 112 224 304 328 10 558 222 240 164 756 21 284 237 57 188 580 860 336 36 96
2 3 5 7 9 11 14 15 17 19 21 23 25 27 29 31 34 36 38 40 42 44 46 48 51 52 55 56 58 60 62 64 66 69 70 72 74:12759:755 140 472 220 876 194 23 65 292 507 66 564 348 220 276 202 207 224 224 760 246 15 151 666 90 164 756 35 710 948 114 94 725 688 672 18 32
2 3 5 7 9 12 14 16 17 19 21 23 25 27 29 31 34 36 38 40 42 44 46 48 51 52 55 56 58 60 62 64 66 69 70 72 74:12284:453 70 590 220 657 382 23 332 292 676 66 282 174 132 184 505 276 224 336 760 410 5 604 666 90 123 1260 21 142 237 228 282 580 516 336 54 96
2 3 5 7 9 11 14 15 17 20 21 23 25 27 29 31 34 36 38 40 42 44 47 48 51 52 55 56 58 60 62 64 66 69 70 72 74:11492:302 70 118 88 1095 970 69 13 73 156 66 1128 261 132 460 202 207 168 224 608 328 15 279 222 72 164 1008 21 710 474 171 94 580 172 672 36 64
2 3 5 7 9 12 14 16 17 19 21 23 25 27 29 31 34 36 39 40 42 44 46 48 50 52 55 56 58 60 62 64 66 69 71 72 74:12467:453 70 236 88 438 955 46 166 365 676 66 1128 348 220 276 505 69 224 45 456 246 5 604 888 96 82 756 7 284 237 171 94 725 688 576 18 160
2 3 5 7 9 11 14 15 17 19 21 23 25 27 29 31 35 36 39 40 42 44 46 48 51 52 55 56 58 60 62 64 66 69 71 72 74:12446:151 105 118 220 657 388 23 26 365 676 330 1128 435 176 460 101 1256 168 135 456 410 15 453 888 54 82 756 28 426 474 228 376 290 172 288 36 96
2 3 5 7 9 12 14 16 17 19 21 23 25 27 29 31 34 36 39 40 42 44 46 48 51 52 55 56 58 60 62 64 66 69 71 72 74:13466:151 35 354 176 876 955 92 498 365 845 132 1410 348 220 184 404 276 112 225 152 328 5 302 888 54 205 504 28 142 948 57 376 725 516 432 18 128
2 3 5 7 9 11 14 16 18 20 21 23 25 27 29 31 34 36 38 40 42 44 46 48 50 52 55 56 58 60 62 64 66 69 71 72 74:11822:302 70 236 220 876 194 46 830 82 117 330 1128 261 88 92 404 138 224 560 152 164 15 755 666 192 123 1008 7 426 474 171 470 435 172 144 90 160
2 3 5 7 9 12 14 16 18 20 21 23 25 27 29 31 34 36 38 40 42 44 46 48 50 52 55 56 58 60 62 64 66 69 70 72 74:10524:151 70 590 44 219 764 69 166 82 195 132 282 174 176 184 505 276 224 224 304 328 20 604 222 96 205 1260 35 426 474 228 94 145 516 840 72 128
2 3 5 7 9 12 14 16 18 20 21 23 25 27 29 31 34 36 38 40 42 44 46 48 50 52 55 56 58 60 62 64 66 69 71 72 74:12577:755 35 118 44 1095 191 115 332 205 195 198 564 435 44 276 101 345 56 112 760 328 15 302 1110 96 205 1260 14 568 474 285 282 580 688 144 90 160
2 3 5 7 9 11 14 16 18 20 21 23 25 27 29 31 34 36 38 40 42 44 47 48 50 52 55 56 58 60 62 64 66 69 70 72 74:13290:755 70 472 220 876 388 69 498 123 78 264 1128 261 176 460 202 276 280 336 304 328 10 1116 1110 240 41 252 14 426 711 57 94 145 860 504 18 128
2 3 5 7 9 12 14 16 18 20 21 23 25 27 29 31 34 36 38 40 42 44 46 48 51 52 55 56 58 60 62 64 66 69 70 72 74:11324:604 35 236 44 438 955 115 332 41 195 330 282 87 132 276 303 207 224 560 304 410 5 604 444 72 205 1008 35 710 1185 57 282 145 172 168 90 32
2 3 5 7 9 11 13 15 17 19 21 23 25 28 29 31 34 36 38 40 42 44 46 48 50 52 54 56 58 60 62 64 66 69 70 72 74:12275:604 140 118 176 657 776 99 65 365 845 264 1410 174 274 368 202 69 56 224 152 164 10 604 222 240 41 484 7 568 1185 57 470 145 172 672 36 160
2 3 5 7 9 12 13 15 17 19 21 23 25 28 29 31 34 36 38 40 42 44 46 48 50 52 54 56 58 60 62 64 66 69 70 72 74:11583:302 140 354 176 438 955 99 13 219 507 198 282 87 1096 184 202 345 56 224 304 410 15 151 222 96 82 484 7 568 1185 171 94 725 860 168 36 128
2 3 5 7 9 12 13 16 17 19 21 23 25 28 29 31 34 36 38 40 42 44 46 48 50 52 54 56 58 60 62 64 66 69 70 72 74:12480:604 105 118 44 219 573 198 498 292 338 330 564 435 274 368 505 138 56 336 152 328 25 604 888 96 164 121 35 284 1185 114 376 725 516 672 72 128
2 3 5 7 9 11 13 15 17 20 21 23 25 28 29 31 34 36 38 40 42 44 47 48 50 52 54 56 58 60 62 64 66 69 70 72 74:11166:302 35 236 220 438 194 99 13 73 78 132 1410 348 822 368 303 345 56 336 152 328 5 1395 222 144 41 363 21 284 948 228 470 145 172 336 72 32
2 3 5 7 9 11 13 15 17 19 21 23 25 28 29 31 34 36 38 40 42 44 46 48 51 52 54 56 58 60 62 64 66 69 70 72 74:13368:755 140 472 132 438 776 297 13 73 845 66 564 261 1096 92 202 345 168 560 152 410 20 755 888 18 123 242 14 284 474 114 94 725 688 840 72 160
2 3 5 7 9 12 13 15 17 19 21 23 25 28 29 31 34 36 38 40 42 44 46 48 51 52 54 56 58 60 62 64 66 69 70 72 74:14416:755 35 590 44 876 191 495 13 365 845 198 1410 261 548 368 303 138 224 448 608 246 20 302 888 72 164 242 7 426 948 171 470 725 516 336 72 96
2 3 5 7 9 11 13 15 17 19 21 23 25 28 29 31 35 36 38 40 42 44 46 48 51 52 54 56 58 60 62 64 66 69 70 72 74:12891:302 105 354 132 876 582 396 13 365 845 132 564 435 822 92 101 628 280 336 608 164 5 755 222 36 164 605 14 426 1185 114 282 145 516 168 90 32
2 3 5 7 9 11 13 15 17 19 21 23 25 28 29 31 34 36 38 40 42 44 46 48 51 52 54 56 58 60 63 64 66 69 70 72 74:11749:755 140 590 44 219 194 99 52 146 845 330 1128 174 1370 92 202 276 168 224 152 410 10 604 666 18 164 605 35 284 474 328 94 145 344 168 72 128
2 3 5 7 9 12 13 16 17 19 21 23 25 28 29 31 34 36 38 40 42 44 46 48 51 52 54 56 58 60 62 64 66 69 70 72 74:13716:453 140 590 132 1095 573 495 166 365 169 330 1128 348 548 276 404 207 112 336 456 164 25 302 666 90 82 484 35 426 948 171 376 290 516 672 18 128
2 3 5 7 9 11 13 15 17 20 21 23 25 28 29 31 34 36 38 40 42 44 47 48 51 52 54 56 58 60 62 64 66 69 70 72 74:12781:453 35 236 220 438 776 198 65 292 117 264 1128 348 274 92 101 345 280 336 760 246 25 279 1110 36 82 121 7 568 948 171 376 580 516 840 54 64
2 3 5 7 9 11 13 15 17 19 21 23 25 28 29 31 34 36 38 40 42 44 46 48 50 52 54 56 58 60 62 64 67 68 70 73 74:12206:604 175 236 44 657 194 297 13 219 169 264 846 174 548 368 505 69 56 560 456 246 20 453 222 144 205 605 7 710 948 171 188 164 78 504 1055 32
2 3 5 7 9 11 13 15 17 19 21 23 25 28 29 31 34 36 38 40 42 44 46 48 50 52 54 56 58 60 62 65 67 68 70 73 74:12767:755 175 118 176 219 388 297 65 365 507 132 1410 261 274 276 303 138 280 560 760 82 25 151 444 144 41 605 21 142 474 57 1252 205 117 672 844 32
2 3 5 7 9 11 13 16 17 19 21 23 25 28 29 31 34 36 38 40 42 44 46 48 50 52 54 56 58 60 62 64 67 68 70 73 74:13420:151 35 354 44 876 970 297 498 365 676 132 1410 435 1096 184 505 276 224 112 608 164 25 604 444 192 123 121 7 568 711 171 94 123 78 504 211 32
2 3 5 7 9 11 13 15 17 19 21 23 25 28 29 31 34 36 38 40 42 44 46 48 51 52 54 56 58 60 62 64 67 68 70 73 74:11687:151 175 472 220 657 776 396 26 365 845 132 846 87 274 184 303 345 280 112 760 164 10 302 666 36 82 484 21 568 237 228 376 164 78 168 633 64
2 3 5 7 9 11 13 16 17 19 21 23 25 28 29 31 34 36 38 40 42 44 46 48 51 52 54 56 58 60 62 64 67 68 70 73 74:14544:302 105 354 176 876 776 297 664 292 507 66 564 87 1096 276 303 276 224 560 760 246 25 151 666 36 205 605 7 710 474 228 470 123 78 840 1055 64
2 3 5 7 9 11 13 15 17 19 21 24 25 28 29 31 34 36 38 40 42 44 46 48 50 52 54 56 58 60 62 64 66 68 70 73 74:11747:604 70 118 44 657 776 495 52 219 676 198 364 87 274 92 404 345 56 560 608 410 10 453 666 144 82 605 35 142 948 285 188 145 156 504 211 64
2 3 5 7 9 12 13 15 17 19 21 24 25 28 29 31 34 36 38 40 42 44 46 48 50 52 54 56 58 60 62 64 66 68 70 73 74:13759:604 70 590 176 876 382 297 52 219 169 330 728 261 548 92 505 207 280 560 304 246 25 755 444 144 205 121 28 426 711 285 470 580 78 840 1055 96
2 3 5 7 10 12 13 15 17 19 21 24 25 28 29 31 34 36 38 40 42 44 46 48 50 52 54 56 58 60 62 64 66 68 70 73 74:13743:151 70 590 220 400 382 495 52 292 845 264 364 348 1096 460 404 276 56 224 760 328 25 453 1110 48 123 363 7 568 948 285 376 435 39 336 422 128
2 3 5 7 9 11 13 16 17 19 21 24 25 28 29 31 34 36 38 40 42 44 46 48 50 52 54 56 58 60 62 64 66 68 70 73 74:10204:302 70 354 88 219 388 99 830 365 338 264 546 87 1096 92 202 207 168 448 304 410 20 604 222 48 41 121 7 142 237 285 470 145 195 336 422 32
2 3 5 7 9 12 13 16 17 19 21 24 25 28 29 31 34 36 38 40 42 44 46 48 50 52 54 56 58 60 62 64 66 68 70 73 74:11090:755 35 236 132 219 382 99 830 219 169 132 182 348 548 92 505 276 224 336 152 410 20 453 222 96 164 121 28 710 1185 171 470 435 195 168 211 160
2 3 5 7 9 11 13 15 17 20 21 24 25 28 29 31 34 36 38 40 42 44 47 48 50 52 54 56 58 60 62 64 66 68 70 73 74:12922:604 105 590 220 657 970 495 13 365 195 66 910 348 548 460 404 138 224 224 760 164 5 279 444 240 41 363 7 284 474 228 188 145 195 840 633 96
2 3 5 7 9 12 13 15 17 20 21 24 25 28 29 31 34 36 38 40 42 44 47 48 50 52 54 56 58 60 62 64 66 68 70 73 74:12971:604 70 236 44 1095 955 99 39 292 195 198 910 87 548 276 505 207 224 336 152 246 20 1395 666 144 164 363 7 284 237 171 282 290 39 504 1055 32
2 3 5 7 9 11 13 15 17 19 21 24 25 28 29 31 34 36 38 40 42 44 46 48 51 52 54 56 58 60 62 64 66 68 70 73 74:10837:604 70 354 88 876 194 99 65 292 507 330 182 435 1370 184 101 138 112 448 152 328 25 151 444 90 123 121 35 426 474 57 282 145 195 336 844 160
2 3 5 7 9 12 13 15 17 19 21 24 25 28 29 31 34 36 38 40 42 44 46 48 51 52 54 56 58 60 62 64 66 68 70 73 74:12631:755 105 472 88 219 573 396 13 146 676 264 364 435 274 92 404 207 112 336 760 410 10 151 1110 36 82 484 28 568 474 228 470 435 117 672 633 32
2 3 5 7 9 11 13 15 17 19 21 24 25 28 29 31 34 36 38 40 42 44 46 48 51 52 54 56 58 60 63 64 66 68 70 73 74:10942:604 70 590 88 219 388 495 52 292 676 198 546 87 548 276 303 138 168 560 456 164 5 151 444 18 41 121 7 568 474 328 282 145 39 672 633 96
2 3 5 7 9 12 13 16 17 19 21 24 25 28 29 31 34 36 38 40 42 44 46 48 51 52 54 56 58 60 62 64 66 68 70 73 74:10384:453 140 590 88 219 382 99 332 73 338 198 910 174 274 368 505 207 168 448 760 246 15 604 222 72 123 121 14 426 237 57 376 145 39 168 633 160
2 3 5 7 9 11 13 15 17 20 21 24 25 28 29 31 34 36 38 40 42 44 47 48 51 52 54 56 58 60 62 64 66 68 70 73 74:12789:604 140 472 44 438 582 99 52 219 78 264 546 174 1370 92 303 69 280 448 760 82 15 1116 222 36 123 484 28 426 948 228 94 725 195 336 633 64
2 3 5 7 9 12 13 15 17 20 21 24 25 28 29 31 34 36 38 40 42 44 47 48 51 52 54 56 58 60 62 64 66 68 70 73 74:11987:604 140 236 132 438 573 495 52 146 156 66 728 174 822 368 505 345 168 112 760 410 25 837 888 18 82 605 7 142 237 114 376 145 195 336 422 128
2 3 5 7 9 11 13 15 17 19 21 24 25 28 29 33 34 36 38 40 42 44 46 48 50 52 54 56 58 60 62 64 66 68 70 72 74:11564:453 70 472 220 438 194 396 52 146 338 264 364 87 822 276 808 69 56 112 304 82 10 302 888 192 123 242 21 426 948 285 94 725 195 840 90 160
2 3 5 7 9 12 13 15 17 19 21 24 25 28 29 33 34 36 38 40 42 44 46 48 50 52 54 56 58 60 62 64 66 68 70 72 74:10988:151 35 236 132 219 955 495 39 365 845 198 182 174 548 368 1010 138 56 112 304 410 15 151 444 240 205 484 7 568 474 114 94 145 39 840 36 160
2 3 5 7 9 11 13 16 17 19 21 24 25 28 29 33 34 36 38 40 42 44 46 48 50 52 54 56 58 60 62 64 66 68 70 72 74:12626:453 175 590 132 876 776 99 664 73 845 66 182 348 1096 92 808 138 56 224 304 164 20 453 888 192 205 242 7 568 237 171 282 725 39 336 36 64
2 3 5 7 9 12 13 15 17 19 21 24 25 28 29 33 34 36 38 40 42 44 46 48 51 52 54 56 58 60 62 64 66 68 70 72 74:11020:604 35 472 132 657 382 495 39 219 676 198 182 87 274 184 404 138 112 448 304 328 5 755 888 36 205 242 7 426 237 228 188 290 117 840 90 96
2 3 5 7 9 12 13 16 17 19 21 24 25 28 29 33 34 36 38 40 42 44 46 48 51 52 54 56 58 60 62 64 66 68 70 72 74:13350:302 175 354 132 657 955 99 498 219 169 198 910 435 548 276 808 69 168 560 152 410 10 151 1110 36 164 605 28 710 711 228 188 290 39 840 18 128
2 3 5 7 9 11 13 15 17 19 21 23 25 28 29 33 34 36 38 40 42 44 46 48 50 52 54 56 58 60 62 64 67 68 70 73 74:12992:302 105 472 176 876 388 495 52 73 507 132 1128 87 1096 368 606 138 56 448 608 164 5 755 444 192 123 605 21 710 237 114 282 41 78 168 844 96
2 3 5 7 9 11 13 15 17 19 21 24 25 28 29 33 34 36 38 40 42 44 46 48 50 52 54 56 58 60 62 64 66 68 70 73 74:12732:604 105 590 220 438 776 495 39 146 338 198 364 174 1096 184 808 276 56 224 152 82 25 151 666 192 41 242 7 568 711 114 470 580 156 504 844 96
2 3 5 7 9 12 13 15 17 19 21 24 25 28 29 33 34 36 38 40 42 44 46 48 50 52 54 56 58 60 62 64 66 68 70 73 74:11633:151 35 354 176 438 573 297 39 365 676 330 728 261 1370 184 202 207 56 224 456 82 15 302 666 48 82 242 14 284 474 57 376 580 117 168 844 160
2 3 5 7 9 12 13 15 17 19 21 24 25 28 29 33 34 36 38 40 42 44 46 48 51 52 54 56 58 60 62 64 66 68 70 73 74:12968:151 105 472 220 876 955 99 26 73 845 198 910 435 548 276 1010 207 112 112 304 164 20 151 1110 72 164 242 21 284 474 57 282 725 78 672 422 96
2 4 5 7 9 11 13 15 17 19 21 23 25 28 29 31 34 36 38 40 42 44 46 48 50 52 54 56 58 60 62 64 67 68 70 73 74:11300:755 82 118 44 657 582 198 52 219 169 132 564 87 822 92 404 276 56 560 456 410 10 755 888 48 123 242 7 426 948 114 94 82 78 168 422 160
2 3 5 7 9 12 13 16 18 20 21 23 25 28 29 31 34 36 38 40 42 44 46 48 50 52 54 56 58 60 62 64 66 69 70 72 74:13008:151 175 472 44 1095 382 297 830 123 78 132 1128 348 822 92 404 138 112 224 760 82 20 453 888 240 82 121 14 426 711 228 94 290 516 840 36 160
2 3 5 7 9 12 13 16 18 20 21 23 25 28 29 31 34 36 38 40 42 44 46 48 51 52 54 56 58 60 62 64 66 69 70 72 74:12571:604 140 236 44 438 955 99 830 82 195 132 846 348 548 368 101 207 280 112 304 410 10 604 222 36 82 605 21 142 1185 171 470 580 860 168 72 64
2 3 5 7 9 11 13 16 18 20 21 24 25 28 29 31 34 36 38 40 42 44 46 48 50 52 54 56 58 60 62 64 66 68 70 73 74:13095:755 105 354 220 657 582 297 830 205 117 264 364 174 1370 368 505 345 112 336 152 246 5 302 888 96 82 363 35 142 948 285 282 145 78 504 422 160
2 3 5 7 9 12 13 16 18 20 21 24 25 28 29 31 34 36 38 40 42 44 46 48 50 52 54 56 58 60 62 64 66 68 70 73 74:12380:755 175 354 220 1095 191 495 166 82 117 132 728 174 274 184 404 69 112 560 760 328 5 302 444 192 123 605 28 284 237 228 470 580 117 840 422 128
2 3 5 7 9 11 13 15 17 19 21 23 25 28 29 31 34 36 38 40 42 44 46 49 50 52 54 56 58 60 62 64 66 68 70 72 74:11426:604 175 118 132 219 776 198 65 365 169 330 282 435 822 368 101 138 224 112 608 246 10 453 845 144 82 605 28 710 474 57 282 145 78 840 90 96
2 3 5 7 9 11 13 15 17 19 21 23 25 28 29 31 34 36 38 40 42 44 46 49 50 52 54 56 58 60 62 64 66 69 70 72 74:14007:755 140 354 88 438 776 99 52 146 338 132 1128 348 1370 92 404 276 112 560 760 82 15 453 845 240 41 605 21 142 711 285 376 435 688 504 36 160
2 3 5 7 9 11 13 15 17 20 21 23 25 28 29 31 34 36 38 40 42 44 47 49 50 52 54 56 58 60 62 64 66 68 70 72 74:11209:604 140 472 88 876 582 99 65 365 78 66 1128 348 274 184 303 138 280 112 304 82 5 279 169 144 164 484 35 710 474 285 188 435 195 840 54 160
2 3 5 7 9 11 13 15 17 20 21 23 25 28 29 31 34 36 38 40 42 44 47 49 50 52 54 56 58 60 62 64 66 69 70 72 74:12495:302 105 590 88 219 582 198 52 219 78 66 846 174 1370 368 505 138 224 448 456 82 25 1395 169 240 164 363 21 568 237 57 188 580 860 336 54 128
2 3 5 7 9 11 13 15 17 19 21 23 25 28 29 31 34 36 38 40 42 44 46 49 51 52 54 56 58 60 62 64 66 68 70 72 74:12999:604 105 118 176 1095 582 297 52 146 507 198 846 261 1370 184 101 138 224 336 608 410 25 755 169 54 41 121 14 710 948 57 282 290 117 840 90 128
2 3 5 7 9 11 13 15 17 20 21 23 25 28 29 31 34 36 38 40 42 44 47 49 51 52 54 56 58 60 62 64 66 68 70 72 74:12920:755 175 354 176 219 970 99 39 365 117 330 564 348 1370 184 202 138 112 448 608 82 10 1395 169 36 205 605 14 426 711 57 470 725 156 168 54 64
2 3 5 7 9 11 13 15 17 19 21 24 25 28 29 31 34 36 38 40 42 44 46 49 50 52 54 56 58 60 62 64 66 68 70 72 74:12284:755 140 590 88 876 776 396 65 292 338 66 182 261 1096 184 505 276 280 448 152 246 5 604 507 96 164 484 21 284 474 171 188 435 117 504 90 128
2 3 5 7 9 11 13 15 17 20 21 24 25 28 29 31 34 36 38 40 42 44 47 49 50 52 54 56 58 60 62 64 66 68 70 72 74:11346:302 175 354 88 438 776 297 13 73 195 66 910 348 274 460 404 207 56 448 304 328 20 837 845 48 82 484 28 142 474 57 282 435 156 840 36 64
2 3 5 7 9 11 13 15 17 19 21 24 25 28 29 33 34 36 38 40 42 44 46 49 50 52 54 56 58 60 62 64 66 68 70 72 74:12751:453 140 590 88 657 582 396 39 146 676 198 728 435 548 184 606 69 224 448 304 328 25 302 507 192 123 605 35 426 948 285 470 435 195 168 36 160
2 3 5 7 9 11 14 15 17 19 21 23 25 28 29 31 34 36 38 40 42 44 46 48 50 52 54 56 58 60 62 64 66 69 70 72 74:13618:151 175 472 176 876 970 115 39 73 507 330 1128 87 1370 276 404 345 224 560 456 82 25 453 666 240 205 605 28 284 474 228 94 580 516 336 36 32
2 3 5 7 10 11 14 15 17 19 21 23 25 28 29 31 34 36 38 40 42 44 46 48 50 52 54 56 58 60 62 64 66 69 71 72 74:10353:604 140 590 132 200 388 115 26 365 169 330 564 348 548 276 202 207 224 448 152 410 5 604 444 192 205 242 21 284 237 114 282 145 688 288 36 128
2 3 5 7 10 12 14 15 17 19 21 23 25 28 29 31 34 36 38 40 42 44 46 48 50 52 54 56 58 60 62 64 66 69 70 72 74:11577:302 105 472 132 400 955 92 52 73 338 330 282 348 822 460 202 276 56 336 304 410 5 302 222 192 164 484 21 568 1185 57 282 290 172 672 54 160
2 3 5 7 9 12 14 16 17 19 21 23 25 28 29 31 34 36 38 40 42 44 46 48 50 52 54 56 58 60 62 64 66 69 70 72 74:15450:302 105 118 176 657 573 115 830 146 845 330 1128 435 1096 368 101 207 168 560 456 410 5 604 666 192 41 242 35 710 1185 57 470 725 688 504 72 128
2 3 5 7 9 11 14 15 17 20 21 23 25 28 29 31 34 36 38 40 42 44 47 48 50 52 54 56 58 60 62 64 66 69 70 72 74:11061:453 35 236 176 876 776 23 65 146 195 198 564 174 274 368 303 138 224 112 304 328 25 837 666 48 205 484 28 284 237 57 282 580 688 504 72 96
2 3 5 7 9 12 14 16 17 20 21 23 25 28 29 31 34 36 38 40 42 44 47 48 50 52 54 56 58 60 62 64 66 69 70 72 74:12796:755 140 354 44 1095 191 115 166 365 156 264 1410 174 274 92 101 276 224 448 608 328 25 837 666 144 82 121 35 426 948 285 188 725 516 168 18 32
2 3 5 7 9 11 14 15 17 19 21 23 25 28 29 31 34 36 38 40 42 44 46 48 51 52 54 56 58 60 62 64 66 69 70 72 74:12031:151 175 354 44 657 776 23 65 365 845 132 1128 174 1096 184 505 207 112 112 608 328 15 302 888 90 123 242 14 426 237 57 282 290 688 168 72 96
2 3 5 8 9 11 14 15 17 19 21 23 25 28 29 31 34 36 38 40 42 44 46 48 51 52 54 56 58 60 62 64 66 69 71 72 74:12210:453 175 354 900 876 970 69 65 73 169 66 846 87 548 276 505 138 56 560 304 82 15 755 444 54 82 121 35 426 948 57 188 435 172 720 90 96
2 3 5 7 10 11 14 15 17 19 21 23 25 28 29 31 34 36 38 40 42 44 46 48 51 52 54 56 58 60 62 64 66 69 71 72 74:9199:151 105 118 176 400 970 92 39 73 169 132 282 261 274 368 101 276 56 560 608 82 10 453 1110 54 41 121 7 142 237 228 282 435 344 288 90 64
2 3 5 7 9 11 14 16 17 19 21 23 25 28 29 31 34 36 38 40 42 44 46 48 51 52 54 56 58 60 62 64 66 69 70 72 74:12477:604 70 118 220 438 970 69 664 292 338 66 846 348 822 92 101 69 56 560 304 246 25 604 1110 18 205 484 35 142 474 285 470 290 688 168 90 96
2 3 5 7 9 12 14 16 17 19 21 23 25 28 29 31 34 36 38 40 42 44 46 48 51 52 54 56 58 60 62 64 66 69 70 72 74:12758:755 140 472 220 438 573 92 830 292 338 330 564 87 822 276 303 207 280 560 608 82 20 453 222 36 82 121 21 426 711 57 376 580 516 672 36 160
2 3 5 7 9 11 14 15 17 20 21 23 25 28 29 31 34 36 38 40 42 44 47 48 51 52 54 56 58 60 62 64 66 69 70 72 74:11271:604 35 118 220 1095 970 69 26 146 39 132 1128 348 274 368 505 138 224 112 304 164 10 837 444 54 123 242 21 284 237 228 376 580 344 336 72 64
2 3 5 7 9 12 14 16 18 20 21 23 25 28 29 31 34 36 38 40 42 44 46 48 50 52 54 56 58 60 62 64 66 69 70 72 74:12622:302 70 118 44 219 191 115 498 205 156 330 564 348 1096 276 505 207 56 560 152 246 10 755 222 192 164 484 7 710 948 285 470 435 860 672 54 96
2 3 5 7 9 12 14 16 18 20 21 23 25 28 29 31 34 36 38 40 42 44 46 48 50 52 54 56 58 60 62 64 66 69 71 72 74:14545:755 175 472 44 657 764 69 664 164 39 132 846 348 822 276 101 345 112 112 760 246 5 755 888 192 123 484 28 710 1185 285 282 725 172 576 72 160
2 3 5 7 9 11 14 16 18 20 21 23 25 28 29 31 34 36 38 40 42 44 46 48 51 52 54 56 58 60 62 64 66 69 70 72 74:11329:453 70 236 176 438 970 115 498 164 117 330 282 435 548 276 202 345 112 224 456 328 10 151 888 54 123 242 21 284 474 285 94 580 344 840 36 128
2 3 5 7 9 12 14 16 18 20 21 23 25 28 29 31 34 36 38 40 42 44 46 48 51 52 54 56 58 60 62 64 66 69 70 72 74:14343:151 175 590 176 438 573 23 664 205 156 198 1410 348 1370 460 303 276 168 560 456 410 25 755 666 72 123 484 21 142 948 171 470 290 344 504 90 128
2 3 5 7 9 11 14 15 17 19 21 23 25 28 29 31 34 36 38 40 42 44 46 49 50 52 54 56 58 60 62 64 66 69 70 72 74:13307:755 105 236 44 1095 388 23 39 365 845 330 1410 174 1370 460 404 276 56 112 304 164 20 151 676 144 123 363 7 426 237 285 94 580 860 336 18 32
2 3 5 7 9 11 14 15 17 20 21 23 25 28 29 31 34 36 38 40 42 44 47 49 50 52 54 56 58 60 62 64 66 69 70 72 74:12441:604 140 236 132 219 194 115 52 146 195 264 564 87 1370 368 505 276 168 336 608 82 20 1116 845 144 123 605 21 710 474 114 470 580 172 336 18 32
2 3 5 7 9 11 13 15 17 19 21 23 25 28 29 31 34 36 38 40 42 44 46 48 50 52 55 56 58 60 62 64 66 69 70 72 74:13202:302 70 118 132 876 970 297 39 292 507 330 564 87 1096 184 404 207 224 448 760 164 20 151 888 240 82 252 21 710 711 114 188 580 516 504 90 64
2 3 5 7 9 12 13 15 17 19 21 23 25 28 29 31 34 36 38 40 42 44 46 48 50 52 55 56 58 60 62 64 66 69 70 72 74:13085:453 175 236 132 1095 955 396 13 146 169 330 564 87 1096 184 101 207 168 336 760 328 20 151 444 96 41 1008 21 284 1185 171 188 435 688 336 54 32
2 3 5 7 9 12 13 16 17 19 21 23 25 28 29 31 34 36 38 40 42 44 46 48 50 52 55 56 58 60 62 64 66 69 70 72 74:15310:453 105 354 88 219 573 396 830 73 338 132 1410 435 1370 460 202 276 168 336 608 410 15 755 222 96 82 756 14 568 948 171 376 725 860 336 54 96
2 3 5 7 9 11 13 15 17 20 21 23 25 28 29 31 34 36 38 40 42 44 47 48 50 52 55 56 58 60 62 64 66 69 70 72 74:13958:453 175 472 176 438 194 297 13 365 39 66 1128 348 822 368 404 276 224 448 760 246 10 1116 888 96 123 1260 21 284 474 285 188 145 688 504 36 128
2 3 5 7 9 11 13 15 17 19 21 23 25 28 29 31 34 36 38 40 42 44 46 48 51 52 55 56 58 60 62 64 66 69 70 72 74:11006:302 70 118 176 438 582 396 26 146 676 330 1128 87 274 92 101 345 112 224 152 410 20 302 888 54 205 504 35 426 237 114 282 580 516 504 90 64
2 3 5 7 9 12 13 15 17 19 21 23 25 28 29 31 34 36 38 40 42 44 46 48 51 52 55 56 58 60 62 64 66 69 70 72 74:13668:453 105 354 176 219 382 297 26 292 845 66 1410 348 1370 460 404 69 56 560 456 328 15 755 444 90 205 252 28 142 1185 228 188 290 516 504 54 96
2 3 5 7 9 11 13 15 17 19 21 23 25 28 29 31 35 36 38 40 42 44 46 48 51 52 55 56 58 60 62 64 66 69 70 72 74:14920:302 105 236 220 876 582 495 13 292 845 330 846 87 1370 368 505 1570 56 336 456 328 10 151 1110 72 164 504 28 568 474 285 94 290 516 336 36 64
2 3 5 7 9 11 13 15 17 19 21 23 25 28 29 31 34 36 38 40 42 44 46 48 51 52 55 56 58 60 63 64 66 69 70 72 74:11349:453 70 118 176 438 388 297 13 219 676 66 846 435 548 92 303 345 280 560 608 328 10 302 444 72 41 252 14 284 948 328 94 435 344 336 90 96
2 3 5 7 9 12 13 16 17 19 21 23 25 28 29 31 34 36 38 40 42 44 46 48 51 52 55 56 58 60 62 64 66 69 70 72 74:10659:755 105 354 44 219 573 297 830 219 169 330 282 174 274 184 505 69 168 448 152 246 25 453 666 36 41 756 21 142 711 57 188 290 172 504 72 128
2 3 5 7 9 11 13 15 17 20 21 23 25 28 29 31 34 36 38 40 42 44 47 48 51 52 55 56 58 60 62 64 66 69 70 72 74:13390:453 70 118 132 1095 388 198 13 146 156 66 846 435 822 184 101 69 280 112 304 246 15 1395 888 18 164 756 35 710 948 285 188 290 860 504 36 64
2 3 5 7 9 11 13 15 17 19 21 23 25 28 29 31 34 37 38 40 42 44 46 48 50 52 55 56 58 60 62 64 66 69 70 72 74:13894:453 105 236 176 1095 388 396 26 73 845 330 282 348 1370 460 303 138 348 448 456 328 20 302 444 192 205 1260 14 426 237 228 94 580 344 840 72 32
2 3 5 7 9 11 13 15 17 19 21 23 25 28 29 31 34 37 38 40 42 44 46 48 51 52 55 56 58 60 62 64 66 69 70 72 74:14121:302 70 354 88 657 970 495 26 219 169 264 564 435 1370 368 505 138 87 560 608 328 15 302 888 18 205 252 35 426 1185 285 282 145 688 672 18 128
2 3 5 7 9 12 13 16 18 20 21 23 25 28 29 31 34 36 38 40 42 44 46 48 50 52 55 56 58 60 62 64 66 69 70 72 74:11972:302 175 590 44 876 382 297 166 82 156 198 1128 174 1096 276 202 69 112 560 152 164 15 151 1110 48 41 504 35 710 237 171 94 145 860 504 18 128
2 3 5 7 9 11 13 15 17 19 21 23 25 28 29 31 34 36 38 40 42 44 46 49 50 52 55 56 58 60 62 64 66 68 70 72 74:12724:604 140 118 220 657 776 99 52 219 338 132 282 87 1370 276 505 69 112 448 608 82 20 453 676 240 205 1260 7 284 711 171 188 580 117 504 18 96
2 3 5 7 9 11 13 15 17 19 21 23 25 28 29 31 34 36 38 40 42 44 46 49 50 52 55 56 58 60 62 64 66 69 70 72 74:15340:604 140 236 176 876 776 396 13 292 507 330 1128 348 548 276 303 138 224 448 304 246 15 453 845 48 164 1260 7 710 948 285 188 580 688 672 72 96
2 3 5 7 9 11 13 15 17 20 21 23 25 28 29 31 34 36 38 40 42 44 47 49 50 52 55 56 58 60 62 64 66 68 70 72 74:13685:151 105 472 44 876 776 198 39 73 156 66 846 261 1370 184 101 138 112 448 760 82 5 1116 507 48 164 756 7 426 1185 114 470 725 78 672 90 64
2 3 5 7 9 11 13 15 17 19 21 23 25 28 29 31 34 36 38 40 42 44 46 49 51 52 55 56 58 60 62 64 66 68 70 72 74:10345:604 70 118 44 657 194 99 52 146 338 330 564 348 822 368 303 276 168 560 456 328 15 302 169 54 123 252 14 426 474 171 376 435 39 504 18 128
2 3 5 7 9 11 14 15 17 19 21 23 25 28 29 31 34 36 38 40 42 44 46 48 50 52 55 56 58 60 62 64 66 69 70 72 74:12543:453 70 236 88 219 194 92 65 146 845 132 846 435 274 184 303 138 280 448 608 164 25 604 666 144 205 1260 7 426 711 114 470 145 860 504 54 128
2 3 5 7 10 11 14 15 17 19 21 23 25 28 29 31 34 36 38 40 42 44 46 48 50 52 55 56 58 60 62 64 66 69 71 72 74:13221:755 175 590 176 200 970 69 65 219 845 330 564 348 274 460 202 345 280 560 304 82 25 151 222 192 205 1260 35 710 711 171 94 290 860 432 18 32
2 3 5 7 10 12 14 15 17 19 21 23 25 28 29 31 34 36 38 40 42 44 46 48 50 52 55 56 58 60 62 64 66 69 70 72 74:13312:151 35 472 44 1000 191 92 13 292 169 330 846 87 1096 184 404 276 168 112 608 328 15 453 888 96 41 1260 14 142 1185 228 188 290 688 840 54 32
2 3 5 7 9 12 14 16 17 19 21 23 25 28 29 31 34 36 38 40 42 44 46 48 50 52 55 56 58 60 62 64 66 69 70 72 74:14666:604 175 354 88 1095 573 46 664 292 507 132 282 435 1370 184 202 69 280 448 760 246 25 302 888 96 164 1008 21 568 711 228 470 725 172 336 18 128
2 3 5 7 9 11 14 15 17 20 21 23 25 28 29 31 34 36 38 40 42 44 47 48 50 52 55 56 58 60 62 64 66 69 70 72 74:14645:604 175 236 176 657 970 92 39 73 39 132 1128 87 1370 276 202 276 112 224 760 82 5 1395 444 192 41 756 7 426 1185 285 282 435 688 672 90 32
2 3 5 7 9 12 14 16 17 20 21 23 25 28 29 31 34 36 38 40 42 44 47 48 50 52 55 56 58 60 62 64 66 69 70 72 74:12486:453 105 118 220 219 382 115 830 365 156 330 282 174 822 92 303 138 224 112 304 164 5 558 222 240 123 1008 28 710 1185 114 282 725 860 336 54 128
2 3 5 7 9 11 14 15 17 19 21 23 25 28 29 31 34 36 38 40 42 44 46 48 51 52 55 56 58 60 62 64 66 69 70 72 74:11285:755 175 118 132 219 194 115 39 365 169 264 846 174 274 92 505 69 112 336 760 410 5 302 444 54 205 1260 21 142 237 114 470 290 860 672 54 32
2 3 5 8 9 11 14 15 17 19 21 23 25 28 29 31 34 36 38 40 42 44 46 48 51 52 55 56 58 60 62 64 66 69 71 72 74:14701:302 70 118 675 1095 582 92 26 219 845 330 1128 435 1370 368 303 207 112 560 152 164 5 755 222 54 205 756 28 284 1185 285 470 145 688 288 18 160
2 3 5 7 10 11 14 15 17 19 21 23 25 28 29 31 34 36 38 40 42 44 46 48 51 52 55 56 58 60 62 64 66 69 71 72 74:11357:755 105 354 44 600 582 92 26 146 169 132 1410 261 548 92 505 207 56 112 152 82 5 604 222 36 82 504 28 710 237 171 376 290 860 720 18 64
2 3 5 7 9 11 14 15 17 19 21 23 25 28 29 31 35 36 38 40 42 44 46 48 51 52 55 56 58 60 62 64 66 69 70 72 74:10802:151 140 118 176 219 582 115 52 365 169 264 846 174 274 276 202 628 280 112 304 410 10 151 444 18 123 1260 28 710 474 114 94 145 860 336 18 160
2 3 5 7 9 12 14 16 17 19 21 23 25 28 29 31 34 36 38 40 42 44 46 48 51 52 55 56 58 60 62 64 66 69 70 72 74:13073:755 70 118 88 1095 955 23 498 219 338 264 564 348 274 184 505 207 168 224 760 164 15 453 1110 36 164 756 7 426 237 228 188 580 516 336 72 128
2 3 5 7 9 11 14 15 17 20 21 23 25 28 29 31 34 36 38 40 42 44 47 48 51 52 55 56 58 60 62 64 66 69 70 72 74:11588:604 140 590 220 438 194 69 13 365 39 132 564 87 822 184 101 276 280 448 608 246 25 279 222 90 164 756 7 568 948 228 376 725 344 336 36 64
2 3 5 7 9 12 14 16 18 20 21 23 25 28 29 31 34 36 38 40 42 44 46 48 50 52 55 56 58 60 62 64 66 69 70 72 74:10037:151 105 236 88 438 382 23 664 205 117 198 846 174 548 276 202 207 56 112 152 328 10 755 444 48 82 252 7 426 237 57 94 725 688 504 72 128
2 3 5 7 9 11 14 15 17 19 21 23 25 28 29 31 34 36 38 40 42 44 46 49 50 52 55 56 58 60 62 64 66 69 70 72 74:10966:151 70 354 44 657 194 92 13 146 338 264 1128 348 274 368 101 345 112 112 456 410 5 453 676 96 82 756 14 284 237 57 94 725 688 672 54 96
2 3 5 7 9 11 13 15 17 19 21 23 26 27 29 31 34 36 38 40 42 44 46 48 50 52 54 56 58 60 62 64 66 69 70 72 74:11282:151 175 354 44 438 776 198 65 146 338 330 564 445 88 276 101 276 112 448 456 82 15 604 1110 96 205 363 35 142 237 228 94 580 688 840 54 128
2 3 5 7 9 11 14 15 17 19 21 23 26 27 29 31 34 36 38 40 42 44 46 48 50 52 54 56 58 60 62 64 66 69 70 72 74:12036:302 175 590 220 219 776 23 52 365 676 66 846 267 44 184 303 345 168 448 760 246 5 453 444 240 41 363 28 710 474 228 470 435 516 504 18 32
2 3 5 7 9 11 13 15 17 19 21 23 26 27 29 31 34 36 38 40 42 44 46 48 50 52 55 56 58 60 62 64 66 69 70 72 74:13130:302 175 472 132 1095 388 99 65 219 676 330 846 178 88 184 505 276 280 336 456 410 5 755 222 240 123 756 7 568 1185 171 94 290 516 504 54 128
2 3 5 7 9 11 13 15 17 20 21 23 26 27 29 31 34 36 38 40 42 44 47 48 50 52 55 56 58 60 62 64 66 69 70 72 74:14053:755 105 118 176 1095 582 297 13 219 117 132 1128 178 176 276 202 276 168 560 608 246 15 1116 1110 192 123 756 14 710 474 171 376 435 516 504 18 96
2 3 5 7 9 11 13 15 17 19 21 23 26 27 29 31 34 36 38 40 42 44 46 48 51 52 55 56 58 60 62 64 66 69 70 72 74:11218:755 140 590 132 876 582 198 13 219 845 66 1128 445 220 368 303 207 56 336 760 82 25 151 222 90 164 252 35 426 237 114 188 145 516 168 36 128
2 3 5 7 9 11 14 15 17 19 21 23 26 27 29 31 34 36 38 40 42 44 46 48 50 52 55 56 58 60 62 64 66 69 70 72 74:12463:151 175 354 44 657 582 69 52 365 507 330 846 178 220 276 202 345 224 448 152 410 15 755 444 144 164 504 21 710 711 114 376 580 688 504 18 128
2 3 5 7 9 11 14 15 17 19 21 23 26 27 29 31 34 36 38 40 42 44 46 48 51 52 55 56 58 60 62 64 66 69 70 72 74:12882:453 105 590 132 657 582 115 39 292 507 132 564 89 220 276 505 207 168 112 456 164 20 604 1110 36 123 1260 28 142 948 171 470 725 344 336 72 128
2 3 5 7 9 11 13 15 17 19 21 23 26 28 29 31 34 36 38 40 42 44 46 48 50 52 54 56 58 60 62 64 66 69 70 72 74:13028:302 70 590 176 876 776 198 39 292 338 264 1128 267 1370 276 202 276 112 224 760 82 15 302 444 96 82 605 7 284 474 57 470 580 172 672 54 96
2 3 5 7 9 11 13 15 17 20 21 23 26 28 29 31 34 36 38 40 42 44 47 48 50 52 54 56 58 60 62 64 66 69 70 72 74:10166:453 105 354 44 438 194 297 26 365 195 132 564 178 822 368 303 207 280 112 152 82 5 279 888 240 82 605 35 426 237 228 188 290 688 168 72 64
2 3 5 7 9 11 13 15 17 19 21 23 26 28 29 31 34 36 38 40 42 44 46 48 51 52 54 56 58 60 62 64 66 69 70 72 74:12842:604 70 590 176 438 582 495 26 365 507 198 564 267 548 460 404 207 168 224 304 82 25 453 666 54 41 121 21 568 1185 285 470 290 344 840 72 128
2 3 5 7 9 11 13 15 17 20 21 23 26 28 29 31 34 36 38 40 42 44 47 48 51 52 54 56 58 60 62 64 66 69 70 72 74:10321:151 175 354 220 438 776 297 39 219 195 132 1128 445 274 92 303 207 280 560 304 164 15 558 666 18 123 363 14 284 474 57 94 290 172 336 72 32
2 3 5 7 9 11 14 15 17 19 21 23 26 28 29 31 34 36 38 40 42 44 46 48 50 52 54 56 58 60 62 64 66 69 70 72 74:11973:453 35 118 176 876 970 23 26 146 676 330 1128 89 822 460 404 69 56 224 456 246 10 604 222 240 41 605 14 284 474 171 188 725 172 336 72 32
2 3 5 7 9 11 14 15 17 20 21 23 26 28 29 31 34 36 38 40 42 44 47 48 50 52 54 56 58 60 62 64 66 69 70 72 74:11394:302 35 236 176 438 582 69 39 219 39 132 1410 356 548 460 101 138 56 336 152 328 5 558 222 144 164 242 35 568 1185 228 376 435 172 840 36 32
2 3 5 7 9 11 14 15 17 19 21 23 26 28 29 31 34 36 38 40 42 44 46 48 51 52 54 56 58 60 62 64 66 69 70 72 74:12891:302 70 354 44 438 970 92 65 365 676 132 846 267 1096 460 101 276 56 560 304 410 20 604 222 72 205 363 7 710 711 114 188 435 516 672 72 96
2 3 5 7 9 11 13 15 17 19 21 23 26 28 29 31 34 36 38 40 42 44 46 48 50 52 55 56 58 60 62 64 66 69 70 72 74:12051:604 70 236 44 876 194 198 26 365 338 264 564 445 548 92 303 345 280 336 152 246 10 604 1110 240 41 252 28 426 1185 171 470 290 344 168 90 96
2 3 5 7 9 11 13 15 17 19 21 23 26 28 29 31 34 36 38 40 42 44 46 48 51 52 55 56 58 60 62 64 66 69 70 72 74:11345:302 35 472 88 1095 388 495 52 219 507 66 564 445 548 92 505 276 224 224 304 164 20 151 1110 90 164 504 7 426 474 171 188 145 344 336 54 96
2 3 5 7 9 11 14 15 17 19 21 23 26 28 29 31 34 36 38 40 42 44 46 48 50 52 55 56 58 60 62 64 66 69 70 72 74:11612:302 35 472 88 219 194 23 26 146 338 264 1410 267 1096 92 202 276 280 224 152 82 15 151 888 96 123 504 14 568 711 285 188 435 860 504 18 64
2 3 5 7 9 11 14 15 17 19 21 23 26 28 29 31 34 36 38 40 42 44 46 48 51 52 55 56 58 60 62 64 66 69 70 72 74:13293:604 70 118 132 657 582 115 39 146 338 198 846 356 548 368 404 345 112 336 456 164 10 604 444 36 205 756 14 710 948 171 470 435 688 672 36 160
2 3 5 7 9 12 13 15 17 19 21 23 25 27 29 31 34 36 38 40 42 44 46 48 50 52 54 56 58 60 62 64 66 69 70 72 75:11666:302 35 118 176 438 382 99 65 219 507 264 564 348 44 368 202 69 168 448 608 328 25 755 1110 96 123 363 21 142 474 228 470 725 860 336 18 168
2 3 5 7 9 11 13 15 17 20 21 23 25 27 29 31 34 36 38 40 42 44 47 48 50 52 54 56 58 60 62 64 66 69 70 72 75:12503:604 140 354 88 657 582 297 13 73 195 66 564 174 88 460 202 69 112 560 456 246 25 1395 666 144 164 605 35 284 1185 114 470 290 172 840 72 42
2 3 5 7 9 11 13 15 17 20 21 23 25 27 29 31 34 36 38 40 42 44 47 48 51 52 54 56 58 60 62 64 66 69 70 72 75:13347:302 175 236 88 219 388 495 39 219 156 132 1410 435 44 460 303 345 280 560 760 164 20 1395 222 18 123 484 28 710 1185 228 94 290 344 840 72 84
2 3 5 7 9 11 13 15 17 19 21 23 25 27 29 31 34 36 39 40 42 44 46 48 50 52 54 56 58 60 63 64 66 69 71 72 75:12762:302 70 118 88 1095 582 495 65 146 338 264 564 435 44 368 303 69 112 90 304 164 25 755 1110 48 164 484 7 710 948 492 282 435 344 720 54 168
2 3 5 7 9 12 13 16 17 19 21 23 25 27 29 31 34 36 39 40 42 44 46 48 50 52 54 56 58 60 62 64 66 69 71 72 75:10024:453 70 118 132 657 764 297 166 219 169 132 1128 435 132 184 202 276 56 45 304 246 20 151 666 96 41 484 35 142 474 171 94 145 516 576 18 210
2 3 5 7 9 11 13 15 17 19 21 23 25 27 29 31 34 36 39 40 42 44 46 48 51 52 54 56 58 60 63 64 66 69 71 72 75:11065:604 70 118 220 876 582 99 65 73 338 198 846 174 132 460 404 207 112 90 152 410 10 151 444 36 82 242 7 568 711 328 282 580 860 288 36 210
2 3 5 7 9 12 13 16 17 19 21 23 25 27 29 31 34 36 39 40 42 44 46 48 51 52 54 56 58 60 62 64 66 69 71 72 75:9238:151 175 354 220 219 764 99 166 219 169 132 282 348 176 276 303 69 168 90 152 82 15 453 1110 54 82 363 28 426 474 285 470 290 172 288 72 42
2 3 5 7 10 12 14 15 17 19 21 23 25 27 29 31 34 36 38 40 42 44 46 48 50 52 54 56 58 60 62 64 66 69 70 72 75:10722:453 175 354 88 1000 382 115 65 146 169 198 282 87 88 460 404 69 112 448 456 328 10 755 1110 240 82 121 14 284 474 171 94 580 344 504 18 42
2 3 5 7 9 11 14 15 17 20 21 23 25 27 29 31 34 36 38 40 42 44 47 48 50 52 54 56 58 60 62 64 66 69 70 72 75:12316:302 35 354 220 657 582 46 65 365 78 198 1410 174 132 368 202 276 280 112 608 164 10 1395 666 240 205 605 14 426 237 57 94 725 516 336 36 126
2 3 5 7 9 12 14 16 17 20 21 23 25 27 29 31 34 36 38 40 42 44 47 48 50 52 54 56 58 60 62 64 66 69 70 72 75:13475:453 70 472 220 1095 955 46 166 146 78 198 1128 261 88 460 404 345 168 112 152 410 15 1116 666 48 123 121 35 710 1185 57 94 290 688 672 18 210
2 3 5 7 9 11 14 15 17 20 21 23 25 27 29 31 34 36 38 40 42 44 47 48 51 52 54 56 58 60 62 64 66 69 70 72 75:11676:453 70 472 88 438 776 115 52 219 156 132 846 174 176 460 202 345 280 448 304 410 10 279 222 54 82 484 7 568 711 228 282 725 688 504 90 126
2 3 5 7 9 11 14 16 17 19 21 23 25 27 29 31 34 36 39 40 42 44 46 48 50 52 54 56 58 60 62 64 66 69 71 72 75:12643:302 35 354 44 219 388 69 498 219 845 264 1128 174 176 368 404 276 280 225 608 82 5 755 666 48 41 605 21 426 711 171 188 580 688 720 18 42
2 3 5 7 9 12 14 16 17 19 21 23 25 27 29 31 34 36 39 40 42 44 46 48 50 52 54 56 58 60 62 64 66 69 71 72 75:11969:151 105 472 132 219 955 23 498 292 507 132 1410 261 176 460 404 69 280 135 608 82 10 604 444 96 82 242 21 426 711 114 376 580 688 144 18 42
2 3 5 7 9 11 14 16 18 20 21 23 25 27 29 31 34 36 38 40 42 44 47 48 50 52 54 56 58 60 62 64 66 69 70 72 75:11231:151 140 354 132 438 194 115 664 41 195 66 1410 435 44 92 101 69 280 448 304 410 20 837 444 144 205 363 14 284 711 285 376 145 516 504 90 210
2 3 5 7 9 11 13 15 17 19 21 23 25 27 29 31 34 36 38 40 42 44 46 48 50 52 55 56 58 60 62 64 66 69 70 72 75:11962:604 175 590 132 219 970 297 13 292 338 198 1128 174 220 460 101 138 224 448 304 328 5 302 1110 48 82 252 21 568 711 171 376 145 344 336 54 84
2 3 5 7 9 11 13 15 17 19 21 23 25 27 29 31 34 36 38 40 42 44 46 48 50 52 55 57 58 60 62 64 66 69 70 72 75:14481:604 175 472 88 1095 582 396 13 219 169 330 564 87 176 460 505 207 56 224 456 328 5 302 222 48 164 1008 1236 568 711 285 470 580 860 672 18 126
2 3 5 7 9 12 13 15 17 19 21 23 25 27 29 31 34 36 38 40 42 44 46 48 50 52 55 57 58 60 62 64 66 69 70 72 75:10164:453 140 472 176 876 382 297 26 146 338 198 282 174 44 184 101 207 112 448 456 82 20 302 888 96 41 252 309 284 948 228 188 290 172 336 90 126
2 3 5 7 9 12 13 16 17 19 21 23 25 27 29 31 34 36 38 40 42 44 46 48 50 52 55 56 58 60 62 64 66 69 70 72 75:11479:151 105 472 132 219 955 495 664 365 676 66 282 261 176 460 202 276 56 224 760 82 5 453 444 240 41 504 28 142 474 57 376 290 344 840 36 126
2 3 5 7 9 11 13 15 17 20 21 23 25 27 29 31 34 36 38 40 42 44 47 48 50 52 55 56 58 60 62 64 66 69 70 72 75:12195:755 35 354 132 657 776 99 13 146 39 330 1410 348 176 92 404 69 280 560 304 82 15 1395 222 192 164 252 21 142 474 114 376 145 860 504 90 168
2 3 5 7 9 12 13 15 17 20 21 23 25 27 29 31 34 36 38 40 42 44 47 48 50 52 55 56 58 60 62 64 66 69 70 72 75:14072:604 175 590 132 876 764 198 65 292 156 330 1410 87 176 184 404 345 56 448 304 164 20 1395 1110 144 41 756 21 142 711 285 282 435 688 168 72 42
2 3 5 7 9 11 13 15 17 19 21 23 25 27 29 31 34 36 38 40 42 44 46 48 51 52 55 56 58 60 62 64 66 69 70 72 75:11940:151 35 118 220 657 776 396 13 292 169 66 1410 174 44 92 404 345 168 224 760 410 15 151 1110 36 123 252 14 284 711 57 282 725 860 168 18 210
2 3 5 7 9 11 13 15 17 19 21 23 25 27 29 31 34 36 38 40 42 44 46 48 51 52 55 57 58 60 62 64 66 69 70 72 75:13837:453 140 590 176 438 388 495 26 292 338 132 1410 261 44 368 303 138 56 560 760 246 25 151 222 54 41 1008 1236 710 948 171 188 145 688 336 90 210
2 3 5 7 9 11 13 15 17 20 21 23 25 27 29 31 34 36 38 40 42 44 47 48 51 52 55 56 58 60 62 64 66 69 70 72 75:12567:302 105 354 132 657 582 396 65 219 78 132 1410 348 220 92 404 138 224 448 304 410 25 558 222 72 205 756 28 710 948 114 376 145 344 840 36 168
2 3 5 7 9 12 13 15 17 20 21 23 25 27 29 31 34 36 38 40 42 44 47 48 51 52 55 56 58 60 62 64 66 69 70 72 75:10665:453 175 118 176 438 764 396 52 365 156 198 282 87 44 460 303 207 56 336 608 246 10 279 666 18 41 504 21 142 711 114 188 725 516 672 54 84
2 3 5 7 9 12 13 16 17 19 21 23 25 27 29 31 34 36 39 40 42 44 46 48 50 52 55 56 58 60 62 64 66 69 71 72 75:13192:604 35 590 88 438 955 396 332 73 845 66 1128 87 176 276 404 276 224 225 456 82 10 151 1110 144 82 1008 7 568 948 171 94 145 344 576 36 42
2 3 5 7 9 11 13 15 17 20 21 23 25 27 29 31 34 36 39 40 42 44 47 48 50 52 55 56 58 60 62 64 66 69 70 72 75:13219:604 175 118 220 1095 582 99 39 146 117 66 1410 261 132 276 101 276 224 45 760 410 5 558 666 192 82 252 14 710 948 114 282 580 688 840 90 42
2 3 5 7 9 12 13 16 18 20 21 23 25 27 29 31 34 36 38 40 42 44 46 48 50 52 55 56 58 60 62 64 66 69 70 72 75:12871:755 140 236 88 657 191 396 332 205 156 264 1128 261 176 460 404 345 168 336 152 82 25 755 1110 144 41 1260 14 426 474 171 188 435 344 336 90 126
2 3 5 7 9 11 13 15 17 19 21 23 25 27 29 31 34 36 38 40 42 44 46 49 50 52 55 56 58 60 62 64 66 68 70 72 75:11543:604 35 236 176 876 388 297 39 292 338 264 282 174 220 368 404 69 280 224 760 246 15 604 845 192 82 504 35 710 711 114 470 290 117 168 72 42
2 3 5 7 9 11 13 15 17 19 21 23 25 27 29 31 34 36 38 40 42 44 46 49 50 52 55 56 58 60 62 64 66 69 70 72 75:12281:302 105 236 220 1095 388 99 52 146 676 132 846 348 176 460 101 345 112 448 304 410 5 302 507 192 41 1260 7 426 948 114 94 290 344 504 36 210
2 3 5 7 9 11 14 15 17 19 21 23 25 27 29 31 34 36 38 40 42 44 46 48 50 52 55 56 58 60 62 64 66 69 70 72 75:10664:453 35 236 220 438 582 92 52 219 507 264 1128 261 176 368 101 276 112 112 456 246 10 302 888 240 205 252 21 710 237 114 94 145 344 504 54 210
2 3 5 7 9 11 14 15 17 19 21 23 25 27 29 31 35 36 38 40 42 44 46 48 50 52 55 56 58 60 62 64 66 69 71 72 75:12117:453 35 236 220 438 970 92 65 365 507 264 282 87 132 460 505 942 168 224 304 246 20 453 222 96 123 1260 14 710 237 171 282 290 860 288 54 42
2 3 5 7 9 12 14 16 17 19 21 23 25 27 29 31 34 36 38 40 42 44 46 48 50 52 55 56 58 60 62 64 66 69 70 72 75:12010:151 105 590 44 657 764 46 332 292 507 198 1410 348 176 184 101 207 168 336 608 82 10 151 444 240 205 1008 21 284 474 228 94 145 344 840 90 126
2 3 5 7 9 11 14 15 17 20 21 23 25 27 29 31 34 36 38 40 42 44 47 48 50 52 55 56 58 60 62 64 66 69 70 72 75:13077:755 70 590 88 657 776 23 65 292 195 66 1128 261 132 368 303 69 56 448 760 246 5 837 888 192 205 504 7 142 711 171 94 725 516 504 18 210
2 3 5 7 9 11 14 15 17 19 21 23 25 27 29 31 34 36 38 40 42 44 46 48 51 52 55 56 58 60 62 64 66 69 70 72 75:11013:604 175 472 220 438 194 23 52 292 507 132 282 261 220 92 101 138 112 448 608 328 20 302 888 18 123 1008 35 284 474 171 282 435 860 168 36 210
2 3 5 7 9 11 14 15 17 20 21 23 25 27 29 31 34 36 38 40 42 44 47 48 51 52 55 56 58 60 62 64 66 69 70 72 75:11460:604 140 236 88 438 388 92 13 219 195 264 846 174 88 184 303 69 168 560 304 82 25 1116 1110 90 164 252 14 284 1185 57 94 290 688 336 90 210
2 3 5 7 9 12 14 16 17 19 21 23 25 27 29 31 34 36 39 40 42 44 46 48 50 52 55 56 58 60 62 64 66 69 71 72 75:11290:604 70 472 88 657 764 115 830 292 338 66 564 348 220 460 101 138 56 45 152 410 25 604 444 240 205 504 35 284 237 171 470 145 344 576 90 126
2 3 5 7 9 11 13 15 17 19 21 23 25 28 29 31 34 36 38 40 42 44 46 48 50 52 54 56 58 60 62 64 66 69 70 72 75:13020:755 140 118 88 438 970 99 39 219 676 330 564 87 1096 368 505 276 168 336 304 410 25 151 888 192 123 363 28 142 948 285 188 725 172 672 90 42
2 3 5 7 9 11 13 15 17 19 21 23 25 28 29 31 34 36 38 40 42 44 46 48 50 52 54 57 58 60 62 64 66 69 70 72 75:14511:302 70 472 132 438 582 396 26 292 507 198 846 174 822 92 404 276 280 336 456 82 10 755 666 144 123 121 1545 426 1185 114 470 145 688 840 54 42
2 3 5 7 9 12 13 15 17 19 21 23 25 28 29 31 34 36 38 40 42 44 46 48 50 52 54 57 58 60 62 64 66 69 70 72 75:14084:604 175 118 176 438 382 99 13 365 845 66 282 348 822 92 505 138 280 336 760 328 10 302 666 240 164 484 1236 568 711 57 470 580 344 840 72 168
2 3 5 7 9 12 13 16 17 19 21 23 25 28 29 31 34 36 38 40 42 44 46 48 50 52 54 56 58 60 62 64 66 69 70 72 75:12666:604 105 354 44 876 764 297 166 146 169 264 1128 87 1370 184 404 138 112 560 152 328 15 604 444 96 123 121 7 426 474 57 188 435 860 504 18 42
2 3 5 7 9 11 13 15 17 20 21 23 25 28 29 31 34 36 38 40 42 44 47 48 50 52 54 56 58 60 62 64 66 69 70 72 75:12434:151 140 354 44 876 388 396 52 219 195 330 1128 87 822 276 303 69 280 224 608 328 20 558 444 144 82 605 14 710 1185 114 188 580 172 168 54 126
2 3 5 7 9 11 13 15 17 19 21 23 25 28 29 31 34 36 38 40 42 44 46 48 51 52 54 56 58 60 62 64 66 69 70 72 75:13493:604 70 118 176 876 776 99 39 219 676 132 846 348 274 460 505 69 224 560 760 246 10 755 888 72 41 484 21 284 711 114 470 290 172 840 54 210
2 3 5 7 9 11 13 15 17 19 21 23 25 28 29 31 34 36 38 40 42 44 46 48 51 52 54 57 58 60 62 64 66 69 70 72 75:13883:151 70 354 220 657 970 396 39 73 338 330 1410 174 822 92 303 345 224 560 456 164 20 755 888 36 123 484 618 284 948 228 188 145 688 168 36 126
2 3 5 7 9 12 13 16 17 19 21 23 25 28 29 31 34 36 38 40 42 44 46 48 51 52 54 56 58 60 62 64 66 69 70 72 75:12976:151 70 118 220 876 764 99 830 292 507 198 1128 435 1370 92 303 138 112 560 152 82 10 302 888 72 123 121 14 568 474 228 188 725 172 336 90 168
2 3 5 7 9 11 13 15 17 20 21 23 25 28 29 31 34 36 38 40 42 44 47 48 51 52 54 56 58 60 62 64 66 69 70 72 75:10758:302 105 354 132 219 970 99 52 365 78 264 846 348 548 368 303 276 224 112 152 82 20 558 888 36 205 121 35 426 237 114 470 435 516 336 36 126
2 3 5 7 9 11 14 15 17 19 21 23 25 28 29 31 34 36 38 40 42 44 46 48 50 52 54 56 58 60 62 64 66 69 70 72 75:13283:453 175 236 176 657 388 23 26 292 169 198 846 87 822 184 202 276 168 448 304 328 5 302 1110 192 205 242 28 568 1185 171 188 725 860 840 36 168
2 3 5 7 9 11 14 16 17 19 21 23 25 28 29 31 34 36 38 40 42 44 46 48 50 52 54 56 58 60 62 64 66 69 70 72 75:10432:453 105 472 132 219 388 23 332 73 507 132 564 174 822 276 202 207 168 112 152 328 20 604 222 96 205 242 7 568 474 171 376 290 344 672 90 210
2 3 5 7 9 12 14 16 17 19 21 23 25 28 29 31 34 36 38 40 42 44 46 48 50 52 54 56 58 60 62 64 66 69 70 72 75:14343:151 175 354 132 438 955 69 664 292 338 264 1410 348 1370 92 303 276 224 448 456 246 10 302 888 48 123 484 35 142 948 285 94 435 860 504 54 126
2 3 5 7 9 11 14 15 17 20 21 23 25 28 29 31 34 36 38 40 42 44 47 48 50 52 54 56 58 60 62 64 66 69 70 72 75:14047:151 35 472 176 1095 194 115 26 146 195 264 1128 435 1370 276 202 207 280 448 304 164 5 1395 888 96 123 605 21 284 948 57 94 290 688 672 72 126
2 3 5 7 9 11 14 15 17 19 21 23 25 28 29 31 34 36 38 40 42 44 46 48 51 52 54 56 58 60 62 64 66 69 70 72 75:10446:302 70 590 220 438 194 92 52 292 338 66 846 348 548 92 404 276 56 224 456 82 20 604 444 36 82 242 21 142 237 285 282 725 344 840 72 84
2 3 5 7 9 11 14 15 17 20 21 23 25 28 29 31 34 36 38 40 42 44 47 48 51 52 54 56 58 60 62 64 66 69 70 72 75:11843:755 35 354 220 438 194 92 52 365 78 264 1128 174 274 184 303 138 112 560 608 328 10 279 444 18 205 121 21 142 1185 114 188 580 860 840 54 126
2 3 5 7 9 11 13 15 17 19 21 23 25 28 29 31 34 36 38 40 42 44 46 48 50 52 55 56 58 60 62 64 66 69 70 72 75:12132:151 175 236 44 657 582 396 65 292 676 198 846 174 548 184 404 207 168 560 760 328 20 151 444 144 82 252 35 426 1185 171 94 435 172 672 72 126
2 3 5 7 9 11 13 15 17 19 21 23 25 28 29 31 34 36 38 40 42 44 46 48 50 52 55 57 58 60 62 64 66 69 70 72 75:13188:453 105 472 88 438 970 99 13 146 507 330 564 261 822 276 101 138 224 336 152 246 10 604 666 48 205 504 1236 284 474 285 94 725 688 504 36 84
2 3 5 7 9 12 13 16 17 19 21 23 25 28 29 31 34 36 38 40 42 44 46 48 50 52 55 56 58 60 62 64 66 69 70 72 75:13372:604 35 354 44 876 764 99 332 146 507 330 282 348 274 276 303 138 280 336 760 328 15 151 666 192 123 1008 14 568 711 171 470 725 860 168 72 42
2 3 5 7 9 11 13 15 17 20 21 23 25 28 29 31 34 36 38 40 42 44 47 48 50 52 55 56 58 60 62 64 66 69 70 72 75:12438:604 35 472 176 876 582 396 65 73 39 198 1410 87 274 276 303 345 56 448 456 328 25 558 666 192 82 504 21 284 237 228 282 580 344 672 54 210
2 3 5 7 9 11 13 15 17 19 21 23 25 28 29 31 34 36 38 40 42 44 46 48 51 52 55 56 58 60 62 64 66 69 70 72 75:15822:453 175 354 176 657 970 495 52 365 676 66 1410 348 1370 368 202 138 112 224 760 164 5 604 1110 54 41 1260 21 142 948 57 94 435 688 672 72 84
2 3 5 7 9 11 13 15 17 19 21 23 25 28 29 31 34 36 38 40 42 44 46 49 50 52 55 56 58 60 62 64 66 68 70 72 75:10759:302 105 118 44 657 776 99 13 73 507 264 564 87 274 460 101 276 280 224 456 164 25 151 338 96 205 1008 35 710 711 285 282 145 156 672 54 42
2 3 5 7 9 11 14 15 17 19 21 23 25 28 29 31 34 36 38 40 42 44 46 48 50 52 55 56 58 60 62 64 66 69 70 72 75:11577:453 175 472 44 1095 388 69 26 146 338 198 564 435 822 276 303 276 224 336 608 82 10 604 444 48 123 1008 14 568 237 57 282 290 172 168 54 168
2 3 5 7 9 12 14 15 17 19 21 23 25 28 29 31 34 36 38 40 42 44 46 48 50 52 55 56 58 60 62 64 66 69 70 72 75:13178:453 175 472 88 657 955 69 13 146 507 66 1410 174 274 184 101 345 112 560 456 164 20 302 888 48 123 756 21 284 948 114 470 725 516 504 36 42
2 3 5 7 9 12 14 16 17 19 21 23 25 28 29 31 34 36 38 40 42 44 46 48 50 52 55 56 58 60 62 64 66 69 70 72 75:13246:604 35 472 220 657 573 46 332 365 338 330 846 87 548 92 303 138 112 336 760 164 5 453 1110 192 82 756 7 284 1185 57 94 725 344 336 90 168
2 3 5 7 9 11 14 15 17 20 21 23 25 28 29 31 34 36 38 40 42 44 47 48 50 52 55 56 58 60 62 64 66 69 70 72 75:12037:151 70 472 88 657 776 23 39 146 39 198 1128 174 274 460 505 207 280 560 608 328 15 1395 222 96 82 504 28 426 237 114 94 145 860 504 90 42
2 3 5 7 9 11 14 15 17 19 21 23 25 28 29 31 34 36 38 40 42 44 46 48 51 52 55 56 58 60 62 64 66 69 70 72 75:12476:453 70 118 132 219 776 23 65 146 507 66 1128 435 548 368 505 345 224 224 760 82 10 151 1110 72 41 1008 21 710 237 57 94 725 344 504 72 126
2 3 5 7 9 12 14 16 17 19 21 23 25 28 29 31 34 36 38 40 42 44 46 48 51 52 55 56 58 60 62 64 66 69 70 72 75:11013:604 35 590 88 438 191 46 332 219 676 132 1128 348 274 184 404 276 56 336 456 410 5 151 444 72 205 252 28 284 474 285 188 580 516 168 54 84
2 3 5 7 9 11 13 15 17 20 21 23 26 27 29 31 34 36 38 40 42 44 47 48 50 52 54 56 58 60 62 64 66 69 70 72 75:12380:302 70 472 220 657 582 297 65 73 117 66 846 356 176 460 303 276 224 336 760 246 25 558 888 240 164 363 7 568 948 285 282 580 172 336 18 42
2 3 5 7 9 11 14 15 17 20 21 23 26 27 29 31 34 36 38 40 42 44 47 48 50 52 54 56 58 60 62 64 66 69 70 72 75:11013:755 175 472 44 438 194 23 13 365 78 132 282 445 88 460 303 207 168 560 760 82 15 837 222 48 82 605 7 284 711 171 94 725 172 840 72 84
2 3 5 7 9 11 13 15 17 19 21 23 26 27 29 31 34 36 38 40 42 44 46 48 51 52 55 56 58 60 62 64 66 69 70 72 75:12972:151 35 472 220 657 970 198 26 73 676 198 1128 89 44 276 505 138 280 224 152 328 25 604 666 36 123 756 35 284 1185 114 470 290 860 504 54 126
2 3 5 7 9 11 14 15 17 19 21 23 26 27 29 31 34 36 38 40 42 44 46 48 51 52 55 56 58 60 62 64 66 69 70 72 75:10831:604 70 236 88 438 970 46 52 365 169 66 1128 356 132 276 202 276 56 560 456 328 10 755 222 72 205 504 21 284 474 114 282 290 172 336 90 126
2 3 5 7 9 11 13 15 17 19 21 23 26 28 29 31 34 36 38 40 42 44 46 48 50 52 54 56 58 60 62 64 66 68 70 72 75:13790:453 70 472 88 438 582 495 65 219 169 66 1410 445 1096 184 101 276 224 336 304 410 25 302 888 240 123 605 21 710 1185 114 94 725 195 504 72 84
2 3 5 7 9 11 13 15 17 19 21 23 26 28 29 31 34 36 38 40 42 44 46 48 50 52 54 56 58 60 62 64 66 69 70 72 75:11113:755 140 590 220 219 194 396 26 292 845 132 564 356 822 92 202 138 280 560 608 164 5 302 222 48 123 121 14 284 474 57 376 580 516 336 18 42
2 3 5 7 9 11 14 15 17 19 21 23 26 28 29 31 34 36 38 40 42 44 46 48 50 52 54 56 58 60 62 64 66 69 70 72 75:11739:151 175 118 220 657 776 46 39 219 338 264 1128 445 1370 276 404 69 224 336 152 410 5 453 444 96 123 121 7 568 237 285 282 435 344 336 18 168
2 3 5 7 9 11 13 15 17 19 21 23 26 28 29 31 34 36 38 40 42 44 46 48 50 52 55 56 58 60 62 64 66 69 70 72 75:14161:302 175 472 88 1095 970 495 26 292 845 264 1410 178 274 368 202 69 224 560 304 246 10 604 666 192 205 1008 7 284 474 57 188 145 688 672 18 84
2 3 5 7 9 11 13 15 17 19 22 23 25 27 29 31 34 36 38 40 42 44 46 48 50 52 54 56 58 60 62 64 66 68 70 72 74:9346:151 105 354 176 657 582 99 39 292 676 108 564 174 132 92 505 207 56 112 456 82 25 302 888 96 41 121 21 568 474 114 94 580 117 168 54 64
2 3 5 7 9 11 13 15 17 19 22 23 25 27 29 31 34 36 38 40 42 44 46 48 50 52 54 56 58 60 62 64 66 68 71 72 74:11375:302 105 472 220 1095 582 99 26 73 676 108 1128 87 44 368 505 207 56 336 760 246 15 453 222 192 82 484 21 426 237 57 282 580 117 576 72 64
2 3 5 7 9 12 13 16 17 19 22 23 25 27 29 31 34 36 38 40 42 44 46 48 50 52 54 56 58 60 62 64 66 68 70 72 74:11090:755 105 472 44 438 955 99 830 146 507 108 846 174 88 460 202 345 224 224 760 328 15 302 222 48 123 121 7 426 711 171 94 145 195 168 72 160
2 3 5 7 9 11 13 15 17 19 22 23 25 27 29 31 34 36 38 40 42 44 46 48 50 52 54 56 58 60 62 64 66 69 70 72 74:12314:755 140 118 132 219 970 396 65 73 845 540 564 87 176 368 404 345 280 224 608 164 15 604 666 48 164 242 7 284 1185 114 188 580 344 168 72 160
2 3 5 7 9 12 13 16 17 19 22 23 25 27 29 31 34 36 38 40 42 44 46 48 50 52 54 56 58 60 62 64 66 69 70 72 74:14581:453 105 354 132 438 955 495 830 219 845 324 1128 348 220 184 303 69 56 560 760 328 10 151 666 48 164 363 7 568 711 228 282 725 516 840 36 160
2 3 5 7 9 11 13 15 17 19 22 23 25 27 29 31 34 36 38 40 42 44 46 48 51 52 54 56 58 60 62 64 66 68 70 72 74:11367:604 70 472 132 1095 582 99 26 219 169 324 1410 261 132 460 303 69 56 112 608 246 15 453 888 18 164 363 21 142 474 285 94 145 156 504 36 160
2 3 5 7 9 11 13 15 17 19 22 23 25 27 29 31 34 36 38 40 42 44 46 48 51 52 54 56 58 60 62 64 66 68 71 72 74:10377:151 140 590 132 438 582 99 13 146 676 216 1410 348 132 368 404 276 112 448 456 328 5 453 222 54 164 363 35 284 237 114 94 145 156 432 90 64
2 3 5 7 9 11 13 15 17 19 22 23 25 27 29 31 34 36 38 40 42 44 46 48 51 52 54 56 58 60 62 64 66 69 70 72 74:10018:453 105 590 88 876 194 495 26 365 338 324 282 435 44 92 202 69 168 224 456 164 10 151 888 18 205 121 28 568 474 114 376 145 344 336 90 160
2 3 5 7 9 11 13 15 17 19 22 24 25 27 29 31 34 36 38 40 42 44 46 48 50 52 54 56 58 60 62 64 66 68 70 72 74:12214:604 175 354 176 876 194 396 13 365 676 108 728 261 132 276 202 207 224 560 152 164 5 755 1110 192 123 605 35 710 711 57 376 435 39 168 18 32
2 3 6 7 9 11 13 15 17 19 22 24 25 27 29 31 35 36 38 40 42 44 46 48 50 52 54 56 58 60 62 64 66 68 70 72 74:11387:453 175 74 88 438 776 495 52 146 845 108 728 348 44 92 404 942 112 448 152 246 20 604 888 240 164 605 7 142 474 57 282 145 39 336 90 128
2 3 5 7 9 11 13 16 17 19 22 24 25 27 29 31 34 36 38 40 42 44 46 48 50 52 54 56 58 60 62 64 66 68 70 72 74:11958:151 105 590 220 876 582 99 332 73 507 108 728 174 88 460 101 69 56 336 760 164 25 755 666 240 82 363 14 426 948 228 376 725 195 168 72 96
2 3 5 7 9 11 13 15 17 19 22 24 25 27 29 31 34 36 38 40 42 44 46 48 50 52 54 56 58 60 62 64 66 69 70 72 74:10993:151 35 118 88 438 388 396 52 73 845 216 910 435 88 368 505 207 56 112 152 82 5 302 888 96 82 605 7 426 948 57 94 580 516 504 72 96
2 3 5 7 9 11 13 15 17 19 22 24 25 27 29 31 34 36 38 40 42 44 46 48 50 52 54 56 58 60 62 65 66 69 70 72 74:12123:151 70 236 132 219 776 495 52 292 676 432 910 87 44 368 101 345 224 560 456 82 5 604 666 192 205 363 28 568 711 228 313 290 860 168 54 160
2 3 5 7 9 11 13 16 17 19 22 24 25 27 29 31 34 36 38 40 42 44 46 48 50 52 54 56 58 60 62 64 66 69 70 72 74:15398:604 35 118 220 1095 970 495 664 292 338 540 910 174 176 368 505 207 112 112 304 410 15 755 666 240 82 605 35 284 1185 171 376 435 860 840 72 128
2 3 5 7 9 12 13 16 17 19 22 24 25 27 29 31 34 36 38 40 42 44 46 48 50 52 54 56 58 60 62 64 66 69 70 72 74:13148:453 35 354 44 1095 764 396 664 219 338 432 910 174 132 368 404 69 168 560 608 82 5 755 222 96 123 121 35 568 474 57 188 725 516 840 90 64
2 3 5 7 9 11 13 15 17 19 22 24 25 27 29 31 34 36 38 40 42 44 46 48 51 52 54 56 58 60 62 64 66 68 70 72 74:12111:302 140 472 220 1095 194 495 65 146 338 216 910 174 220 184 303 207 280 112 456 82 10 755 888 90 41 242 14 142 948 114 470 725 39 840 54 128
2 3 5 7 9 11 13 15 17 19 22 24 25 27 29 31 34 36 38 40 42 44 46 48 51 52 54 56 58 60 62 64 66 69 70 72 74:11399:151 140 472 88 657 194 396 65 292 845 324 364 435 88 184 505 276 56 560 760 246 10 151 1110 90 82 121 7 284 237 228 282 725 516 336 90 32
2 3 5 7 9 11 13 15 17 19 22 24 25 27 29 31 34 36 38 40 42 44 46 48 51 52 54 56 58 60 62 65 66 69 70 72 74:12845:755 35 590 88 1095 582 99 52 146 507 108 910 435 88 460 303 138 112 336 152 328 25 604 444 36 82 605 21 568 1185 114 313 435 172 672 90 160
2 3 5 7 9 11 13 15 17 19 22 23 25 27 29 31 34 36 38 40 43 44 46 48 50 52 54 56 58 60 62 64 67 68 70 73 74:11566:151 105 236 88 876 970 198 26 365 676 324 282 261 88 184 505 138 168 224 456 33 10 302 1110 240 123 484 14 284 237 114 376 164 78 672 844 160
2 3 5 7 9 11 13 15 17 19 22 23 25 27 29 31 34 36 38 40 42 44 46 48 50 52 54 56 58 60 62 64 67 69 70 73 74:11628:755 175 472 176 438 776 495 39 73 676 432 282 87 176 368 303 69 56 336 152 246 5 755 666 144 164 242 35 142 948 171 376 164 516 168 422 128
2 3 5 7 9 11 13 16 17 19 22 23 25 27 29 31 34 36 38 40 42 44 46 48 50 52 54 56 58 60 62 64 67 69 70 73 74:12471:302 35 590 132 438 194 495 498 292 676 540 282 435 132 460 101 138 224 224 608 82 20 755 1110 96 205 605 21 710 474 228 282 164 344 336 211 32
2 3 5 7 9 11 13 15 17 19 22 23 25 27 29 31 34 36 38 40 42 44 46 48 51 52 54 56 58 60 62 64 67 69 70 73 74:9890:453 105 354 44 657 194 396 13 365 338 216 282 87 132 184 303 345 280 112 304 410 15 453 444 36 164 363 28 284 948 57 188 205 688 168 211 64
2 3 5 7 9 11 13 16 17 19 22 23 25 27 29 31 34 36 38 40 42 44 46 48 51 52 54 56 58 60 62 64 67 69 70 73 74:12803:604 140 590 220 876 776 99 166 73 169 540 846 174 132 276 101 345 168 112 456 328 20 453 888 90 205 242 35 142 711 114 376 205 172 840 1055 64
2 3 5 7 9 11 13 15 17 19 22 24 25 27 29 31 34 36 38 40 42 44 46 48 50 52 54 56 58 60 62 64 66 69 70 73 74:12731:453 35 354 132 657 970 396 65 219 676 324 728 261 44 92 202 207 280 560 608 328 25 151 1110 144 82 363 28 568 474 57 94 725 172 840 211 96
2 3 5 7 9 11 13 15 17 19 22 24 25 27 29 31 34 36 38 40 42 44 46 48 50 52 54 56 58 60 62 65 66 69 70 73 74:13510:453 35 118 88 657 970 297 65 365 845 432 728 87 88 184 303 345 224 560 304 410 15 302 888 144 164 242 14 710 948 57 939 145 172 336 844 32
2 3 5 7 9 11 13 16 17 19 22 24 25 27 29 31 34 36 38 40 42 44 46 48 50 52 54 56 58 60 62 64 66 69 70 73 74:12139:302 175 236 176 438 582 99 664 73 845 216 728 348 88 92 505 276 112 112 152 82 20 302 666 144 164 363 21 284 1185 171 470 145 860 672 211 160
2 3 5 7 9 11 13 16 17 19 22 24 25 27 29 31 34 36 38 40 43 44 46 48 50 52 54 56 58 60 62 64 66 69 70 73 74:14996:151 35 590 176 657 970 495 332 365 507 540 910 348 88 184 404 207 112 448 608 44 15 302 444 144 82 484 35 426 1185 114 376 725 860 840 633 160
2 3 5 7 9 12 13 16 17 19 22 24 25 27 29 31 34 36 38 40 42 44 46 48 50 52 54 56 58 60 62 64 66 69 70 73 74:12639:302 35 354 220 438 382 198 830 365 169 216 728 174 88 368 303 69 224 560 152 82 10 755 1110 144 41 484 7 284 711 57 94 435 860 840 422 128
2 3 5 7 9 12 13 16 17 19 22 24 25 27 29 31 34 36 38 40 43 44 46 48 50 52 54 56 58 60 62 64 66 69 70 73 74:14573:604 140 236 88 876 573 198 830 219 676 540 364 261 88 184 303 207 56 560 760 44 15 453 1110 192 82 121 35 710 1185 114 376 435 516 840 422 160
2 3 5 7 9 11 13 15 17 19 22 24 25 27 29 31 34 36 38 40 42 44 46 48 51 52 54 56 58 60 62 64 66 69 70 73 74:13876:604 105 236 44 876 582 396 13 365 676 540 910 348 44 92 202 138 112 448 608 164 20 453 1110 36 123 121 35 710 237 57 470 290 688 840 1055 128
2 3 5 7 9 11 13 15 17 19 22 24 25 27 29 31 34 36 38 40 42 44 46 48 51 53 54 56 58 60 62 64 66 69 70 73 74:10944:302 35 236 132 1095 582 99 26 219 338 216 910 87 88 460 404 138 224 112 152 164 5 755 444 36 556 605 7 284 474 57 94 435 172 336 633 32
2 3 5 7 9 11 13 15 17 19 22 24 25 27 29 31 34 36 38 40 42 44 46 48 51 52 54 56 58 60 62 65 66 69 70 73 74:9343:453 105 236 88 219 194 297 65 292 338 216 182 87 176 368 303 69 280 112 304 410 15 453 666 72 164 363 28 284 237 171 626 580 172 168 422 128
2 3 5 7 9 11 13 15 17 19 22 24 25 27 29 32 34 36 38 40 42 44 46 48 50 52 54 56 58 60 62 64 66 68 70 72 74:9210:453 70 236 220 438 194 297 39 365 676 540 546 261 88 276 112 69 168 560 152 164 20 453 444 96 164 242 35 142 474 114 282 435 39 168 18 160
2 3 5 7 9 11 13 15 17 19 22 24 25 27 29 33 34 36 38 40 42 44 46 48 50 52 54 56 58 60 62 64 66 68 70 72 74:10898:151 175 590 132 438 194 198 39 146 338 216 728 174 176 460 808 69 56 448 304 328 20 453 888 48 164 484 35 426 1185 114 376 145 156 168 36 32
2 3 5 7 9 11 13 16 17 19 22 24 25 27 29 33 34 36 38 40 43 44 46 48 50 52 54 56 58 60 62 64 66 68 70 72 74:14189:755 35 236 220 876 194 396 664 365 507 324 728 348 132 460 808 345 56 448 304 22 20 755 1110 192 123 363 7 142 1185 228 470 725 78 336 72 160
2 3 5 7 9 11 13 15 17 19 22 24 25 27 29 33 34 36 38 40 42 44 46 48 50 52 54 56 58 60 62 64 66 69 70 72 74:11937:453 70 590 88 657 388 99 39 146 845 540 182 174 220 184 808 138 168 112 304 328 15 453 1110 240 82 363 35 284 237 285 282 580 516 840 18 64
2 3 5 7 9 11 13 15 17 19 22 24 25 27 29 33 34 36 38 40 42 44 46 48 50 52 54 56 58 60 62 65 66 69 70 72 74:12989:302 140 354 88 1095 194 99 52 219 676 108 182 348 44 92 606 69 168 560 760 164 10 755 666 96 41 605 7 710 474 171 1252 580 344 840 54 64
2 3 5 7 9 11 13 16 17 19 22 24 25 27 29 32 34 36 38 40 42 44 46 48 50 52 54 56 58 60 62 64 66 69 70 72 74:10830:604 175 472 44 219 194 396 664 73 338 540 364 435 176 368 56 138 56 336 608 410 20 151 1110 192 41 121 21 284 948 57 94 145 344 504 36 96
2 3 5 7 9 11 13 16 17 19 22 24 25 27 29 33 34 36 38 40 42 44 46 48 50 52 54 56 58 60 62 64 66 69 70 72 74:13231:755 105 236 88 657 776 297 664 73 169 540 910 261 88 184 1010 345 112 560 456 246 5 302 666 96 123 242 21 426 474 171 282 725 172 840 90 64
2 3 5 7 9 12 13 16 17 19 22 24 25 27 29 32 34 36 38 40 42 44 46 48 50 52 54 56 58 60 62 64 66 69 70 72 74:11291:604 140 118 176 438 764 297 166 292 507 432 910 348 88 368 56 207 280 112 760 82 10 302 222 48 82 363 35 568 948 171 282 145 516 336 54 64
2 3 5 7 9 11 13 15 17 19 22 24 25 27 29 32 34 36 38 40 42 44 46 48 51 52 54 56 58 60 62 64 66 68 70 72 74:10601:604 175 118 220 1095 194 396 52 292 676 216 364 261 220 368 28 138 112 448 608 164 25 302 222 72 164 484 35 426 711 57 188 145 117 672 72 160
2 3 5 7 9 11 13 15 17 19 22 24 25 27 29 33 34 36 38 40 42 44 46 48 51 52 54 56 58 60 62 64 66 68 70 72 74:13466:151 105 590 176 657 582 495 26 365 676 540 364 435 220 276 1010 207 112 560 760 328 5 453 888 72 41 484 28 568 711 114 376 435 156 336 36 128
2 3 5 7 9 11 13 15 17 19 22 24 25 27 29 33 34 36 38 40 42 44 46 48 51 52 54 56 58 60 62 64 66 69 70 72 74:12373:453 35 236 132 219 970 495 52 73 507 216 546 435 88 368 404 69 56 448 152 410 15 755 222 18 82 121 14 710 1185 285 376 580 860 672 18 96
2 3 5 7 9 11 13 15 17 19 22 24 25 27 29 33 34 36 38 40 42 44 46 48 50 52 54 56 58 60 62 64 66 69 70 73 74:12729:151 175 354 44 657 776 99 39 73 676 432 364 87 176 276 808 345 168 560 456 164 25 302 666 144 82 605 35 568 948 228 282 290 516 672 422 64
2 3 5 7 9 11 13 16 17 19 22 24 25 27 29 32 34 36 38 40 42 44 46 48 50 52 54 56 58 60 62 64 66 69 70 73 74:11619:302 35 590 176 657 582 495 166 146 845 540 728 174 132 368 56 69 168 560 456 328 15 302 666 96 205 121 14 568 237 171 376 145 172 504 422 32
2 3 5 7 9 12 13 16 17 19 22 24 25 27 29 32 34 36 38 40 42 44 46 48 50 52 54 56 58 60 62 64 66 69 70 73 74:11547:302 140 118 220 1095 764 396 664 73 169 324 182 261 88 92 28 69 56 448 456 246 5 755 444 240 123 605 7 426 474 171 470 145 172 168 1055 96
2 3 5 7 9 11 13 15 17 19 22 24 25 27 29 33 34 36 38 40 42 44 46 48 51 52 54 56 58 60 62 64 66 69 70 73 74:12892:453 140 354 44 657 194 297 26 219 338 540 364 435 44 184 404 345 224 560 304 328 10 604 888 72 41 484 21 142 1185 228 282 725 344 504 844 64
2 3 6 7 9 11 13 15 17 19 22 23 25 27 29 31 34 36 39 40 42 44 46 48 50 52 54 56 58 60 62 64 66 68 71 72 74:9821:604 175 370 88 219 970 99 13 365 507 324 846 261 132 92 404 345 224 135 304 82 5 151 222 48 123 121 14 284 948 285 94 435 156 144 72 160
2 3 6 7 9 11 13 15 17 19 22 23 25 27 29 31 34 36 39 40 42 44 46 48 50 52 54 56 58 60 62 64 66 69 70 72 74:13939:755 70 222 44 876 582 495 52 292 507 324 564 348 44 460 101 345 280 225 760 410 25 755 1110 144 164 363 28 426 948 171 376 435 688 336 54 160
2 3 6 7 9 11 13 15 17 19 22 23 25 27 29 31 34 36 39 40 42 44 46 48 50 52 54 56 58 60 62 64 66 69 71 72 74:10652:151 140 222 44 876 388 99 13 73 507 540 564 87 132 460 404 69 280 45 760 328 15 453 666 144 41 363 14 568 474 114 94 580 172 576 36 160
2 3 6 7 9 11 13 15 17 19 22 23 25 27 29 31 34 36 39 40 42 44 46 48 51 52 54 56 58 60 62 64 66 69 71 72 74:11456:604 70 148 44 438 582 495 65 365 338 108 846 435 44 184 303 276 224 90 456 328 15 302 666 54 164 363 7 710 948 228 94 580 344 288 90 160
2 3 6 7 9 11 13 15 17 19 22 24 25 27 29 31 34 36 39 40 42 44 46 48 50 52 54 56 58 60 62 64 66 68 70 72 74:10783:302 140 222 88 219 582 495 52 219 338 540 910 348 132 368 505 207 168 225 760 164 15 302 222 240 41 242 7 568 237 171 188 580 78 840 36 32
2 3 6 7 9 11 13 15 17 19 22 24 25 27 29 31 34 36 39 40 42 44 46 48 50 52 54 56 58 60 62 64 66 68 71 72 74:11738:302 70 74 88 438 970 297 13 365 338 216 728 348 176 92 202 276 224 90 760 164 5 453 888 96 123 363 28 426 948 57 376 725 117 720 54 128
2 3 6 7 9 11 13 15 17 19 22 24 25 27 29 31 34 36 39 40 42 44 46 48 51 52 54 56 58 60 62 64 66 68 70 72 74:12080:302 35 222 132 876 582 495 26 146 676 432 546 348 88 460 404 345 168 180 608 328 15 604 888 90 164 242 14 710 237 114 282 290 195 672 36 128
2 3 6 7 9 11 13 15 17 19 22 24 25 27 29 31 34 36 39 40 42 44 46 48 51 52 54 56 58 60 62 64 66 68 71 72 74:11075:453 175 74 132 1095 970 396 13 146 169 324 364 174 44 184 505 276 280 225 304 164 15 604 666 36 41 484 7 568 711 114 376 435 195 288 36 32
2 3 5 7 9 11 13 15 17 19 22 24 25 27 29 33 34 37 38 40 42 44 46 48 50 52 54 56 58 60 62 64 66 69 70 72 74:12027:453 105 590 132 1095 970 99 52 292 507 432 182 348 44 460 606 345 174 112 456 328 5 151 222 48 41 484 35 568 237 228 376 580 516 672 18 64
2 3 5 7 9 11 13 16 18 20 22 23 25 27 29 31 34 36 38 40 42 44 46 48 50 52 54 56 58 60 62 64 66 68 71 72 74:10579:755 105 472 176 438 194 99 664 205 39 540 564 87 44 368 505 345 224 112 608 82 20 151 444 192 82 605 7 142 948 171 188 290 117 432 36 128
2 3 5 7 9 12 13 16 18 20 22 23 25 27 29 31 34 36 38 40 42 44 46 48 50 52 54 56 58 60 62 64 66 68 70 72 74:11991:755 175 354 88 657 382 396 332 123 39 432 282 87 132 276 505 207 280 112 608 410 5 302 1110 192 82 484 7 426 1185 57 470 290 195 504 18 32
2 3 5 7 9 12 13 16 18 20 22 23 25 27 29 31 34 36 38 40 42 44 46 48 50 52 54 56 58 60 62 64 66 68 71 72 74:11895:453 140 354 176 219 191 198 498 205 195 540 1410 261 176 460 101 69 168 448 152 164 15 453 888 96 205 484 28 568 1185 285 470 145 39 288 72 96
2 3 5 7 9 11 13 16 18 20 22 23 25 27 29 31 34 36 38 40 42 44 47 48 50 52 54 56 58 60 62 64 66 68 71 72 74:11271:453 140 236 44 657 970 99 498 41 195 108 1410 174 132 92 404 276 56 560 760 164 25 558 666 144 164 484 7 142 237 114 376 145 78 576 54 32
2 3 5 7 9 11 13 16 18 20 22 23 25 27 29 31 34 36 38 40 42 44 46 48 50 52 54 56 58 60 62 64 66 69 71 72 74:10099:755 140 590 88 657 194 396 332 205 39 216 1128 435 132 276 101 138 168 336 304 328 5 151 222 96 205 605 35 426 237 171 188 290 172 288 18 32
2 3 5 7 9 12 13 16 18 20 22 23 25 27 29 31 34 36 38 40 42 44 46 48 50 52 54 56 58 60 62 64 66 69 70 72 74:12416:151 105 236 132 1095 764 297 166 205 78 432 1410 87 220 368 505 69 224 112 456 410 25 302 1110 240 205 121 7 142 237 228 282 435 860 504 36 160
2 3 5 7 9 12 13 16 18 20 22 23 25 27 29 31 34 36 38 40 42 44 46 48 50 52 54 56 58 60 62 64 66 69 71 72 74:10866:302 105 354 176 1095 191 396 166 164 39 108 846 348 132 184 404 207 112 448 152 82 20 302 1110 192 164 605 14 710 237 57 188 290 172 576 90 128
2 3 5 7 9 11 13 16 18 20 22 24 25 27 29 31 34 36 38 40 42 44 46 48 50 52 54 56 58 60 62 64 66 69 70 72 74:10660:755 105 236 176 657 388 495 166 123 156 324 182 348 176 368 101 207 224 224 760 164 25 151 222 240 41 121 7 710 1185 285 282 580 172 168 72 64
2 3 5 7 9 12 13 16 18 20 22 24 25 27 29 31 34 36 38 40 42 44 46 48 50 52 54 56 58 60 62 64 66 69 70 72 74:13341:604 140 472 88 876 382 396 664 123 195 108 546 174 132 460 505 69 224 448 152 328 5 151 1110 48 205 484 28 426 711 228 470 725 688 840 72 64
2 3 5 7 9 11 13 16 18 20 22 24 25 27 29 31 34 36 38 40 42 44 46 48 50 52 54 56 58 60 62 64 66 69 70 73 74:13248:302 35 472 220 657 388 495 498 82 78 432 728 261 88 92 505 345 168 448 608 246 10 604 1110 144 164 484 35 284 474 285 188 290 688 336 844 160
2 3 5 7 9 11 13 16 18 20 22 24 25 27 29 32 34 36 38 40 42 44 46 48 50 52 54 56 58 60 62 64 66 69 70 72 74:11569:604 70 472 88 657 776 99 166 123 156 540 910 174 132 460 112 207 280 112 152 328 15 151 444 144 41 605 35 710 948 114 470 580 344 168 54 128
2 3 5 7 9 12 13 16 18 20 22 23 25 27 29 31 34 36 39 40 42 44 46 48 50 52 54 56 58 60 62 64 66 68 71 72 74:9282:604 70 118 132 876 382 396 166 164 117 108 282 435 132 368 101 207 280 90 608 164 5 302 666 192 41 121 28 284 474 114 470 290 39 288 72 96
2 3 5 7 9 11 13 16 18 20 22 24 25 27 29 31 34 36 39 40 42 44 46 48 50 52 54 56 58 60 62 64 66 69 70 72 74:12302:755 70 472 44 1095 194 396 664 41 39 324 728 261 132 276 202 276 56 90 456 410 25 604 666 48 164 605 7 568 474 285 188 145 860 504 18 160
2 3 5 7 9 11 13 15 17 19 22 23 25 27 29 31 34 37 38 40 42 44 46 49 50 52 54 56 58 60 62 64 66 68 70 72 74:11280:604 105 118 176 1095 970 297 52 365 338 216 846 87 220 92 404 138 348 112 304 328 25 151 845 240 164 363 35 568 474 57 94 145 78 672 90 64
2 3 5 7 9 11 13 15 17 19 22 23 25 27 29 31 34 37 38 40 42 44 46 49 50 52 54 56 58 60 62 64 66 69 70 72 74:12135:604 105 590 88 876 388 99 39 73 338 108 846 435 44 368 404 276 348 112 152 328 10 453 507 144 123 484 14 142 948 171 470 580 860 504 72 32
2 3 5 7 9 11 13 15 17 19 22 23 25 27 29 31 34 37 38 40 42 44 46 49 51 52 54 56 58 60 62 64 66 68 70 72 74:13502:755 175 472 176 438 970 297 65 365 338 540 282 87 132 276 303 276 87 448 760 328 25 453 845 18 41 605 35 568 948 228 376 580 156 840 54 160
2 3 5 7 9 11 14 15 17 19 22 23 25 27 29 31 34 36 38 40 42 44 46 48 50 52 54 56 58 60 62 64 66 68 70 72 74:12007:755 105 236 220 657 194 69 39 73 676 540 846 348 132 276 202 69 224 448 760 328 15 302 666 240 123 605 28 142 711 114 470 290 78 840 90 96
2 3 5 7 9 11 14 15 17 19 22 23 25 27 29 31 34 36 38 40 42 44 46 48 50 52 54 56 58 60 62 64 66 68 71 72 74:9985:151 70 472 176 657 776 92 13 365 676 324 846 174 132 92 202 69 112 224 608 246 15 302 222 48 164 242 35 284 711 114 94 290 117 720 54 96
2 3 5 7 9 11 14 16 17 19 22 23 25 27 29 31 34 36 38 40 42 44 46 48 50 52 54 56 58 60 62 64 66 68 70 72 74:12029:755 35 472 44 657 970 23 830 146 845 108 846 348 88 184 505 69 56 336 152 328 25 151 444 96 123 605 14 710 237 171 94 580 78 672 72 160
2 3 5 7 9 12 14 16 17 19 22 23 25 27 29 31 34 36 38 40 42 44 46 48 50 52 54 56 58 60 62 64 66 68 70 72 74:9424:302 70 236 132 438 382 23 664 146 507 108 564 174 220 92 404 69 224 112 304 328 25 604 222 48 164 242 35 142 1185 57 282 290 39 504 54 32
2 3 5 7 9 11 14 15 17 19 22 23 25 27 29 31 34 36 38 40 42 44 46 48 50 52 54 56 58 60 62 64 66 69 70 72 74:14107:755 105 354 88 438 970 92 26 292 507 432 1410 87 88 184 404 345 168 560 152 246 10 755 1110 48 205 605 14 568 237 228 470 580 688 672 54 160
2 3 5 7 9 11 14 16 17 19 22 23 25 27 29 31 34 36 38 40 42 44 46 48 50 52 54 56 58 60 62 64 66 69 70 72 74:11575:604 105 590 132 1095 194 46 830 292 338 432 564 261 176 184 505 138 112 560 304 164 15 755 222 96 41 363 35 426 474 285 376 435 172 168 54 32
2 3 5 7 9 12 14 16 17 19 22 23 25 27 29 31 34 36 38 40 42 44 46 48 50 52 54 56 58 60 62 64 66 69 70 72 74:11440:755 140 118 88 438 191 69 664 73 169 216 846 435 88 276 505 138 112 448 608 164 25 453 222 192 205 484 14 568 474 285 94 725 172 840 18 128
2 3 5 7 9 11 14 15 17 19 22 23 25 27 29 31 34 36 38 40 42 44 46 48 51 52 54 56 58 60 62 64 66 68 70 72 74:11519:755 175 472 132 438 776 46 39 365 169 216 1410 261 220 276 404 207 56 112 152 410 10 453 888 18 164 363 7 568 237 228 282 725 195 168 90 32
2 3 5 7 10 11 14 15 17 19 22 23 25 27 29 31 34 36 38 40 42 44 46 48 51 52 54 56 58 60 62 64 66 68 70 72 74:9788:604 140 236 132 200 388 46 13 365 845 432 282 174 132 460 505 207 112 336 304 246 20 755 222 72 123 484 7 568 474 171 188 145 78 168 90 64
2 3 5 8 9 11 14 16 17 19 22 23 25 27 29 31 34 36 38 40 42 44 46 48 51 52 54 56 58 60 62 64 66 68 70 72 74:10935:453 105 236 225 438 776 23 332 292 507 108 282 435 132 460 202 138 56 112 608 410 15 302 888 36 205 242 21 568 237 228 376 580 117 672 54 64
2 3 5 7 9 12 14 16 17 19 22 23 25 27 29 31 34 36 38 40 42 44 46 48 51 52 54 56 58 60 62 64 66 68 70 72 74:12566:453 35 590 176 438 764 69 664 146 676 216 1410 174 132 368 505 69 56 112 608 164 20 604 666 90 41 484 35 710 474 114 188 290 39 840 18 128
2 3 5 8 9 12 14 16 17 19 22 23 25 27 29 31 34 36 38 40 42 44 46 48 51 52 54 56 58 60 62 64 66 68 70 72 74:13077:302 70 236 1125 1095 382 69 664 365 845 540 282 87 176 368 101 138 280 224 760 328 20 151 222 90 41 484 14 568 1185 57 282 580 78 672 36 160
2 3 5 7 9 11 14 15 17 19 22 23 25 27 29 31 34 36 38 40 42 44 46 48 51 52 54 56 58 60 62 64 66 69 70 72 74:12339:755 70 590 44 219 776 46 13 219 507 432 1410 348 88 460 404 345 168 224 304 328 10 604 222 54 205 242 35 426 474 285 376 290 516 672 18 160
2 3 5 7 9 11 14 15 17 19 22 24 25 27 29 31 34 36 38 40 42 44 46 48 50 52 54 56 58 60 62 64 66 68 70 72 74:12140:453 70 590 176 876 194 92 52 365 676 108 546 348 176 460 303 207 280 560 608 164 15 453 1110 240 123 121 21 284 948 57 94 725 195 336 18 96
2 3 5 7 9 11 14 15 17 19 22 24 25 27 29 31 34 36 38 40 42 44 46 48 50 52 54 56 58 60 62 65 66 69 70 72 74:12346:755 35 590 220 219 776 46 39 219 676 540 910 348 44 184 505 276 224 448 152 246 15 755 666 192 41 242 14 710 948 114 313 290 344 168 18 64
2 3 5 7 9 11 14 16 17 19 22 24 25 27 29 31 34 36 38 40 42 44 46 48 50 52 54 56 58 60 62 64 66 69 70 72 74:11546:604 105 472 44 219 194 92 332 292 338 108 910 261 44 368 202 207 56 336 608 164 20 151 888 240 41 484 35 710 948 171 94 580 860 168 72 128
2 3 5 7 9 12 14 16 17 19 22 24 25 27 29 31 34 36 38 40 42 44 46 48 50 52 54 56 58 60 62 64 66 69 70 72 74:11000:302 105 590 132 219 764 92 166 219 338 216 182 87 44 92 101 345 224 336 152 328 20 453 666 96 123 605 21 284 1185 171 188 580 516 840 90 128
2 3 5 7 9 11 14 15 17 19 22 24 25 27 29 31 34 36 38 40 42 44 46 48 51 52 54 56 58 60 62 64 66 68 70 72 74:10458:151 70 118 88 1095 582 23 52 146 338 108 364 261 176 460 101 207 224 336 760 82 15 453 888 54 205 121 35 142 948 285 94 580 156 672 36 32
2 3 5 8 9 11 14 16 17 19 22 24 25 27 29 31 34 36 38 40 42 44 46 48 51 52 54 56 58 60 62 64 66 68 70 72 74:9889:755 105 118 450 657 388 46 830 219 338 108 182 87 220 368 303 138 56 112 304 246 15 604 222 18 41 605 21 426 711 228 282 145 195 168 18 160
2 3 5 7 9 11 14 15 17 19 22 24 25 27 29 31 34 36 38 40 42 44 46 48 51 52 54 56 58 60 62 65 66 69 70 72 74:10386:151 35 118 176 219 776 92 13 73 507 540 364 435 44 368 101 69 112 448 456 410 5 302 888 18 164 242 21 142 711 228 313 435 688 504 90 128
2 3 5 7 9 11 14 16 17 19 22 24 25 27 29 31 34 36 38 40 42 44 46 48 51 52 54 56 58 60 62 64 66 69 70 72 74:10593:151 175 236 44 219 194 46 498 73 338 108 364 435 88 92 303 276 280 224 304 164 15 604 888 90 82 242 21 710 1185 171 282 435 688 336 72 160
2 3 5 7 9 12 14 16 17 19 22 24 25 27 29 31 34 36 38 40 42 44 46 48 51 52 54 56 58 60 62 64 66 69 70 72 74:11815:755 175 590 220 657 191 69 332 365 169 216 546 261 44 460 404 207 280 336 152 82 10 604 888 90 41 484 21 284 237 228 376 145 860 840 36 160
2 3 5 7 9 11 14 15 17 19 22 24 25 27 29 31 34 36 38 40 42 44 46 48 50 52 54 56 58 60 62 65 66 69 70 73 74:12036:151 35 118 220 219 776 46 13 292 169 108 546 87 132 460 303 69 112 112 760 410 25 604 444 96 205 484 7 142 948 285 939 580 516 504 1055 64
2 3 5 7 9 11 14 16 17 19 22 24 25 27 29 31 34 36 38 40 42 44 46 48 50 52 54 56 58 60 62 64 66 69 70 73 74:12061:604 35 118 88 219 388 69 498 73 507 432 910 261 176 460 404 207 168 224 608 328 10 151 888 48 82 363 7 568 237 228 282 725 344 168 1055 128
2 3 5 7 9 11 14 16 17 19 22 24 25 27 29 31 34 36 38 40 43 44 46 48 50 52 54 56 58 60 62 64 66 69 70 73 74:10333:151 105 236 220 219 582 23 332 146 338 216 910 261 88 460 303 345 224 224 152 11 25 453 222 144 205 121 35 710 474 171 376 145 516 672 422 96
2 3 5 7 9 12 14 16 17 19 22 24 25 27 29 31 34 36 38 40 42 44 46 48 50 52 54 56 58 60 62 64 66 69 70 73 74:12846:755 140 472 176 438 764 115 166 73 676 540 182 87 176 368 303 69 224 448 760 410 5 151 666 96 205 484 7 710 474 114 470 580 688 336 422 96
2 3 5 7 9 11 14 15 17 19 22 24 25 27 29 31 34 36 38 40 42 44 46 48 51 52 54 56 58 60 62 65 66 69 70 73 74:13508:302 140 472 88 876 970 69 65 292 845 108 364 87 132 368 101 207 280 448 152 410 15 755 666 54 205 121 21 142 1185 228 939 580 860 168 633 160
2 3 5 7 9 11 14 15 17 19 22 24 25 27 29 32 34 36 38 40 42 44 46 48 50 52 54 56 58 60 62 64 66 68 70 72 74:10872:755 70 590 176 657 388 115 26 365 676 432 364 87 176 276 56 138 280 448 608 246 20 453 222 48 82 242 7 426 711 171 188 580 39 672 18 64
2 3 5 7 9 11 14 15 17 19 22 24 25 27 29 33 34 36 38 40 42 44 46 48 50 52 54 56 58 60 62 64 66 68 70 72 74:12576:453 70 590 132 657 388 23 26 219 169 108 910 435 132 276 808 345 224 448 304 246 20 755 888 144 123 363 21 710 711 285 470 580 39 336 72 96
2 3 5 7 9 11 14 16 17 19 22 24 25 27 29 32 34 36 38 40 43 44 46 48 50 52 54 56 58 60 62 64 66 68 70 72 74:12211:604 70 590 220 657 776 69 830 73 845 324 728 261 88 184 140 276 224 448 304 11 10 604 888 144 41 121 21 142 474 57 470 435 156 840 54 32
2 3 5 7 9 11 14 16 17 19 22 24 25 27 29 32 34 36 38 40 42 44 46 48 50 52 54 56 58 60 62 64 66 69 70 72 74:10349:604 140 354 132 657 194 69 332 146 507 216 728 87 44 460 56 138 280 336 608 246 5 755 222 48 41 363 21 568 474 228 94 290 688 168 18 32
2 3 5 7 9 12 14 16 17 19 22 24 25 27 29 32 34 36 38 40 42 44 46 48 50 52 54 56 58 60 62 64 66 69 70 72 74:12390:453 35 118 88 1095 764 69 166 219 845 432 910 261 88 368 112 276 168 560 608 164 15 453 444 144 82 363 14 426 237 57 470 580 344 840 90 32
2 3 5 7 9 11 14 15 17 19 22 24 25 27 29 32 34 36 38 40 42 44 46 48 51 52 54 56 58 60 62 64 66 68 70 72 74:11037:453 35 354 132 219 194 115 65 292 845 540 364 174 88 184 84 69 280 224 456 328 20 604 666 72 205 363 7 568 1185 57 188 725 78 672 36 96
2 3 5 7 9 11 14 15 17 19 22 24 25 27 29 33 34 36 38 40 42 44 46 48 51 52 54 56 58 60 62 64 66 68 70 72 74:9339:151 35 590 88 876 970 46 52 292 507 108 182 435 44 92 1010 69 112 336 152 82 20 302 444 90 41 242 28 568 237 57 376 145 78 336 18 128
2 3 5 7 9 11 14 16 17 19 22 24 25 27 29 32 34 36 38 40 43 44 46 48 51 52 54 56 58 60 62 64 66 68 70 72 74:10418:453 140 590 176 876 970 69 498 219 845 216 182 174 220 184 112 207 224 560 304 33 25 302 444 18 123 121 7 142 474 285 188 580 39 336 18 64
2 3 5 7 9 11 14 16 17 19 22 24 25 27 29 32 34 36 38 40 42 44 46 48 50 52 54 56 58 60 62 64 66 69 70 73 74:11086:302 175 236 88 219 194 92 166 73 338 432 182 348 44 276 84 207 280 336 304 164 5 302 888 240 82 605 35 568 1185 57 470 725 172 336 844 32
2 3 5 7 9 12 14 16 17 19 22 24 25 27 29 32 34 36 38 40 42 44 46 48 50 52 54 56 58 60 62 64 66 69 70 73 74:10665:604 140 118 132 438 764 69 332 146 676 540 364 435 88 460 84 69 224 112 152 246 25 302 444 144 205 605 28 142 474 228 94 290 344 840 211 96
2 3 6 7 9 11 14 15 17 19 22 23 25 27 29 31 34 36 39 40 42 44 46 48 50 52 54 56 58 60 62 64 66 68 71 72 74:10709:604 70 296 176 876 970 115 13 292 507 540 564 87 44 92 101 138 280 45 304 82 25 604 666 48 82 484 14 710 474 114 376 580 78 144 18 96
2 3 6 7 9 11 14 15 17 19 22 23 25 27 29 31 34 36 39 40 42 44 46 48 50 52 54 56 58 60 62 64 66 69 70 72 74:13024:755 35 222 220 219 582 115 39 146 845 216 1410 174 88 460 505 138 112 45 608 410 25 755 888 240 82 242 35 284 1185 57 282 725 344 336 72 128
2 3 6 7 9 11 14 15 17 19 22 23 25 27 29 31 34 36 39 40 42 44 46 48 50 52 54 56 58 60 62 64 66 69 71 72 74:12310:302 35 148 176 1095 388 69 13 73 676 432 564 174 88 276 505 207 168 135 608 410 25 453 666 192 205 242 28 568 1185 285 282 145 860 432 72 128
2 3 6 7 9 11 14 15 17 19 22 23 25 27 29 31 34 36 39 40 42 44 46 48 51 52 54 56 58 60 62 64 66 68 71 72 74:10311:453 35 296 132 876 388 92 65 292 338 216 564 261 88 276 202 276 224 90 304 246 20 755 444 72 41 121 21 426 948 285 470 435 39 288 72 160
2 3 6 7 9 11 14 15 17 19 22 24 25 27 29 31 34 36 39 40 42 44 46 48 50 52 54 56 58 60 62 64 66 68 70 72 74:10148:453 35 74 44 219 970 92 13 365 169 108 728 261 44 276 202 276 112 180 608 328 10 755 444 192 82 363 7 710 948 171 188 290 117 168 18 128
2 3 6 7 9 11 14 15 17 19 22 24 25 27 29 31 34 36 39 40 42 44 46 48 50 52 54 56 58 60 62 64 66 68 71 72 74:10482:302 140 74 88 876 582 46 65 219 676 432 182 435 132 460 505 276 280 180 304 328 5 453 666 192 123 363 28 142 474 57 282 290 117 576 36 96
2 3 6 7 9 11 14 15 17 19 22 24 25 27 29 31 34 36 39 40 42 44 46 48 51 52 54 56 58 60 62 64 66 68 70 72 74:9445:302 105 74 220 657 388 23 39 73 169 432 546 174 220 276 505 69 112 45 152 82 10 302 1110 36 123 242 35 142 1185 114 188 145 78 840 72 160
2 3 5 7 9 11 14 16 17 19 22 24 25 27 29 32 34 36 39 40 42 44 46 48 50 52 54 56 58 60 62 64 66 69 70 72 74:11355:302 70 118 220 657 582 115 166 365 845 432 182 87 220 368 84 69 224 90 760 164 10 755 444 48 82 605 7 426 711 114 188 725 344 672 72 32
2 3 5 7 9 11 14 15 18 20 22 23 25 27 29 31 34 36 38 40 42 44 46 48 50 52 54 56 58 60 62 64 66 68 70 72 74:10398:453 175 118 220 1095 582 69 26 41 156 432 1410 87 88 184 404 138 168 112 456 328 5 151 666 144 123 484 14 568 474 114 94 290 39 336 90 64
2 3 5 7 9 12 14 15 18 20 22 23 25 27 29 31 34 36 38 40 42 44 46 48 50 52 54 56 58 60 62 64 66 68 70 72 74:11071:755 35 472 176 219 955 92 26 123 195 216 282 348 44 184 101 276 168 336 152 410 25 755 666 96 41 484 28 568 948 114 282 435 156 840 36 32
2 3 5 7 9 11 14 16 18 20 22 23 25 27 29 31 34 36 38 40 42 44 46 48 50 52 54 56 58 60 62 64 66 68 70 72 74:10793:604 35 236 44 219 582 92 166 82 195 108 1410 348 132 184 404 138 56 336 152 410 25 755 666 144 164 121 35 284 1185 171 376 145 117 504 72 96
2 3 5 7 9 12 14 16 18 20 22 23 25 27 29 31 34 36 38 40 42 44 46 48 50 52 54 56 58 60 62 64 66 68 70 72 74:10226:151 35 118 132 1095 573 69 332 82 78 108 564 174 44 368 202 345 168 336 760 328 5 151 444 96 41 242 21 426 1185 114 94 435 156 672 18 64
2 3 5 7 9 11 14 15 18 20 22 23 25 27 29 31 34 36 38 40 42 44 46 48 50 52 54 56 58 60 62 64 66 69 70 72 74:10582:755 70 472 132 219 388 23 26 205 78 540 1410 87 220 368 303 276 56 224 304 164 10 151 222 144 82 605 21 284 948 171 188 290 688 336 90 32
2 3 5 7 9 11 14 16 18 20 22 23 25 27 29 31 34 36 38 40 42 44 46 48 50 52 54 56 58 60 62 64 66 69 70 72 74:10415:151 105 236 220 657 194 46 166 41 117 324 846 261 220 92 404 276 280 336 456 410 25 755 222 48 205 242 7 426 711 57 188 145 688 672 90 96
2 3 5 7 9 12 14 16 18 20 22 23 25 27 29 31 34 36 38 40 42 44 46 48 50 52 54 56 58 60 62 64 66 69 70 72 74:10774:151 140 354 220 438 382 115 830 164 195 108 1128 348 88 276 404 207 56 448 152 328 5 604 888 240 41 363 35 142 474 114 94 290 344 504 72 32
2 3 5 7 9 11 14 15 18 20 22 24 25 27 29 31 34 36 38 40 42 44 46 48 50 52 54 56 58 60 62 64 66 68 70 72 74:10587:302 70 472 176 219 388 69 39 164 195 432 910 174 88 460 303 138 56 224 304 164 25 302 666 240 41 605 21 426 1185 57 470 145 39 840 18 160
2 3 5 7 9 11 14 15 18 20 22 24 25 27 29 31 34 36 38 40 43 44 46 48 50 52 54 56 58 60 62 64 66 68 70 72 74:8849:453 35 236 132 1095 194 115 26 164 117 324 182 261 88 184 505 69 224 112 304 11 25 453 222 96 123 121 35 284 711 57 282 580 39 840 54 96
2 3 5 7 9 12 14 15 18 20 22 24 25 27 29 31 34 36 38 40 42 44 46 48 50 52 54 56 58 60 62 64 66 68 70 72 74:9340:453 140 118 88 438 191 23 26 164 39 540 364 348 220 184 404 138 56 112 152 328 25 151 666 192 82 363 35 710 1185 114 94 290 117 672 54 64
2 3 5 7 9 11 14 15 18 20 22 24 25 27 29 31 34 36 38 40 42 44 46 48 50 52 54 56 58 60 62 64 66 69 70 72 74:8314:151 175 118 176 219 388 69 26 205 117 540 910 435 132 92 404 69 56 112 152 82 10 453 444 48 41 242 28 142 237 114 376 435 172 840 72 32
2 3 5 7 9 11 14 15 18 20 22 24 25 27 29 31 34 36 38 40 43 44 46 48 50 52 54 56 58 60 62 64 66 69 70 72 74:10146:604 105 590 176 219 388 92 13 82 78 540 182 174 220 368 101 69 280 112 304 11 5 151 1110 192 164 605 35 284 948 285 376 435 344 336 72 96
2 3 5 7 9 11 14 16 18 20 22 24 25 27 29 31 34 36 38 40 42 44 46 48 50 52 54 56 58 60 62 64 66 69 70 72 74:11241:453 140 472 44 1095 388 69 830 164 156 540 910 87 132 92 404 207 224 112 456 328 15 302 222 144 164 242 7 284 237 114 94 725 516 672 72 128
2 3 5 7 9 11 14 15 18 20 22 24 25 27 29 31 34 36 38 40 42 44 46 48 50 52 54 56 58 60 62 64 66 68 70 73 74:11129:604 140 118 220 1095 388 92 13 123 195 324 910 87 132 460 404 138 168 448 152 82 15 453 888 240 123 605 28 284 237 228 188 290 78 840 211 128
2 3 5 7 9 11 14 15 18 20 22 24 25 27 29 31 34 36 38 40 42 44 46 48 50 52 54 56 58 60 62 64 66 69 70 73 74:13485:453 175 354 220 1095 970 23 52 205 195 324 910 174 132 460 404 69 224 448 760 164 5 604 444 48 123 363 28 426 474 228 188 580 172 840 1055 96
2 3 5 7 9 11 14 16 18 20 22 24 25 27 29 31 34 36 38 40 42 44 46 48 50 52 54 56 58 60 62 64 66 69 70 73 74:10409:755 140 236 132 219 388 92 664 123 78 540 546 87 220 184 101 345 112 560 760 328 20 302 444 96 41 363 7 142 237 228 94 290 860 336 211 128
2 3 5 7 9 11 14 15 18 20 22 24 25 27 29 32 34 36 38 40 42 44 46 48 50 52 54 56 58 60 62 64 66 68 70 72 74:8925:453 35 472 88 657 194 92 26 41 156 216 546 261 88 276 112 69 168 336 760 82 20 755 888 96 82 242 7 284 237 228 188 145 39 336 90 160
2 3 5 7 9 11 14 15 18 20 22 24 25 27 29 33 34 36 38 40 42 44 46 48 50 52 54 56 58 60 62 64 66 68 70 72 74:8976:755 35 236 88 219 582 69 13 164 117 108 546 435 176 92 202 138 56 112 456 246 10 151 222 96 123 605 28 284 948 285 470 580 39 168 90 32
2 3 5 7 9 12 14 15 18 20 22 24 25 27 29 33 34 36 38 40 42 44 46 48 50 52 54 56 58 60 62 64 66 68 70 72 74:11224:604 35 118 44 876 191 115 52 164 195 108 910 174 220 460 1010 345 224 560 304 246 10 151 222 240 164 605 7 426 711 57 282 580 156 504 90 64
2 3 5 7 9 11 14 15 18 20 22 24 25 27 29 32 34 36 38 40 42 44 46 48 50 52 54 56 58 60 62 64 66 69 70 72 74:10720:453 35 472 88 219 194 115 52 123 195 432 546 87 220 92 28 207 112 448 608 164 5 604 1110 48 82 363 7 710 1185 228 282 290 516 168 72 160
2 3 5 7 9 11 14 15 18 20 22 24 25 27 29 33 34 36 38 40 42 44 46 48 50 52 54 56 58 60 62 64 66 69 70 72 74:11119:755 105 236 88 876 970 46 52 82 39 540 364 435 132 460 202 69 280 224 152 328 25 151 444 96 123 363 14 142 711 228 470 435 860 504 54 64
2 3 5 7 9 11 14 16 18 20 22 24 25 27 29 32 34 36 38 40 42 44 46 48 50 52 54 56 58 60 62 64 66 69 70 72 74:11531:302 70 354 176 876 388 92 830 205 39 432 728 435 132 460 112 69 280 224 304 246 25 604 222 144 82 363 35 284 948 228 282 290 516 672 18 64
2 3 5 7 9 11 14 15 18 20 22 24 25 27 29 32 34 36 38 40 42 44 46 48 50 52 54 56 58 60 62 64 66 68 70 73 74:8647:302 35 590 176 219 194 115 65 41 39 216 364 87 44 184 84 138 168 112 456 328 15 755 1110 48 123 484 21 142 237 228 188 290 195 336 422 96
2 3 5 7 9 11 14 15 18 20 22 23 25 27 29 31 34 36 39 40 42 44 46 48 50 52 54 56 58 60 62 64 66 68 70 72 74:12920:302 105 590 176 876 970 69 52 82 39 324 1410 261 176 92 202 276 224 90 608 164 25 755 666 192 164 484 35 710 948 228 94 725 156 504 18 128
2 3 5 7 9 11 14 15 18 20 22 23 25 27 29 31 34 36 39 40 42 44 46 48 50 52 54 56 58 60 62 64 66 68 71 72 74:10865:755 105 236 88 1095 194 46 65 164 195 108 1128 348 88 184 404 345 168 180 456 410 10 151 222 240 205 121 7 426 948 57 188 435 195 720 18 160
2 3 5 7 9 12 14 15 18 20 22 23 25 27 29 31 34 36 39 40 42 44 46 48 50 52 54 56 58 60 62 64 66 68 70 72 74:9683:151 105 118 220 438 191 23 13 123 39 324 1128 435 44 368 505 345 56 90 456 164 25 151 888 48 205 484 35 568 1185 114 188 145 39 168 72 32
2 3 5 7 9 12 14 15 18 20 22 23 25 27 29 31 34 36 39 40 42 44 46 48 50 52 54 56 58 60 62 64 66 68 71 72 74:10886:453 140 118 88 438 955 23 52 82 39 108 1410 435 220 368 404 138 56 225 608 82 5 604 222 144 123 484 14 426 474 228 376 290 156 720 18 160
2 3 5 7 9 12 14 15 18 20 22 24 25 27 29 31 34 36 39 40 42 44 46 48 50 52 54 56 58 60 62 64 66 68 71 72 74:8609:453 140 472 176 438 382 23 52 41 156 216 182 174 176 276 505 276 56 225 152 164 10 151 1110 240 123 363 7 284 237 171 376 290 156 288 36 32
2 3 5 7 9 11 13 15 17 19 22 23 25 27 29 31 34 36 38 40 42 44 46 48 50 52 55 56 58 60 62 64 66 68 70 72 74:13002:604 175 118 44 657 388 198 65 292 338 432 1410 87 132 276 202 345 112 560 304 246 10 604 888 144 205 252 14 426 948 228 470 725 117 840 18 128
2 3 5 7 9 11 13 15 17 19 22 23 25 27 29 31 34 36 38 40 42 44 46 48 50 52 55 56 58 60 62 64 66 68 71 72 74:12415:604 105 236 44 438 388 495 65 73 845 108 1410 174 88 92 404 138 224 224 152 410 25 604 444 48 164 1008 21 710 1185 228 188 290 39 576 72 96
2 3 5 7 9 11 13 15 17 19 22 23 25 27 29 31 34 36 38 40 42 44 46 48 51 52 55 56 58 60 62 64 66 68 70 72 74:11803:151 105 118 132 219 776 495 52 365 338 540 1410 87 44 92 202 345 280 224 608 164 15 755 444 54 123 1260 21 284 948 114 376 145 195 168 90 64
2 3 5 7 9 11 13 15 17 19 22 23 25 27 29 31 34 36 38 40 42 44 46 48 51 52 55 56 58 60 62 64 66 68 71 72 74:13658:453 105 590 220 438 776 495 13 292 676 540 1128 435 220 92 505 207 280 224 608 410 15 302 222 72 41 1008 35 710 948 285 94 725 156 288 18 32
2 3 6 7 9 11 13 15 17 19 22 23 25 27 29 31 34 36 39 40 42 44 46 48 50 52 55 56 58 60 62 64 66 69 70 72 74:12429:151 35 222 220 657 582 297 52 219 169 216 1410 174 44 368 404 69 224 45 760 246 10 604 1110 48 123 252 7 426 948 228 188 725 860 168 72 96
2 3 6 7 9 11 13 15 17 19 22 23 25 27 29 31 34 36 39 40 42 44 46 48 50 52 55 56 58 60 62 64 66 69 71 72 74:9949:151 140 74 44 657 388 99 39 219 507 432 564 348 176 184 101 207 112 45 152 410 5 604 666 240 41 756 28 142 237 57 376 580 860 144 36 128
2 3 5 7 9 12 13 16 18 20 22 23 25 27 29 31 34 36 38 40 42 44 46 48 50 52 55 56 58 60 62 64 66 68 71 72 74:12595:755 70 118 176 1095 191 495 498 41 156 432 1410 261 220 276 505 345 56 560 304 82 10 755 888 240 82 252 7 284 237 57 282 580 195 576 72 32
2 3 5 7 9 11 13 16 18 20 22 23 25 27 29 31 34 36 38 40 42 44 46 48 50 52 55 56 58 60 62 64 66 69 71 72 74:14672:453 70 354 44 876 776 396 498 205 156 108 1410 348 44 460 101 138 224 560 304 410 25 302 1110 48 123 1260 14 568 1185 57 94 725 688 288 90 160
2 3 5 7 9 11 14 15 17 19 22 23 25 27 29 31 34 36 38 40 42 44 46 48 50 52 55 56 58 60 62 64 66 68 70 72 74:10846:453 140 354 44 438 776 92 26 219 338 216 564 87 176 368 303 69 168 448 608 410 15 302 888 192 164 504 14 142 711 228 376 145 78 672 54 64
2 3 5 7 9 11 14 15 17 19 22 23 25 27 29 31 34 36 38 40 42 44 46 48 50 52 55 56 58 60 62 64 66 68 71 72 74:13647:604 105 354 176 1095 776 46 65 73 676 324 846 435 220 460 404 138 280 560 456 410 20 755 888 48 41 252 21 284 1185 57 470 435 78 432 18 160
2 3 5 7 9 11 14 15 17 19 22 23 25 27 29 31 34 36 38 40 42 44 46 48 51 52 55 56 58 60 62 64 66 68 70 72 74:11997:302 140 354 220 438 582 115 13 73 845 432 1128 435 88 184 404 345 280 560 456 328 10 302 444 90 164 252 21 142 1185 171 376 725 39 168 90 96
2 3 5 7 9 11 14 15 17 19 22 23 25 27 29 31 34 36 38 40 42 44 46 48 51 52 55 56 58 60 62 64 66 68 71 72 74:9162:604 105 472 88 219 388 23 13 146 169 216 282 174 88 276 101 138 280 336 304 82 10 453 222 36 164 504 35 142 1185 57 376 725 195 432 90 32
2 3 5 8 9 11 14 16 17 19 22 23 25 27 29 31 34 36 38 40 42 44 46 48 51 52 55 56 58 60 62 64 66 68 70 72 74:14365:151 35 236 450 876 582 23 830 365 507 216 1410 261 220 92 303 345 56 560 304 164 15 755 1110 54 164 756 14 142 711 285 470 725 156 840 54 128
2 3 6 7 9 11 14 15 17 19 22 23 25 27 29 31 34 36 39 40 42 44 46 48 51 52 55 56 58 60 62 64 66 69 70 72 74:11224:453 175 370 220 219 970 115 52 219 169 432 282 435 176 368 505 207 224 180 608 82 25 604 444 18 123 504 7 568 711 285 376 580 172 168 18 160
2 3 5 7 9 11 14 15 18 20 22 23 25 27 29 31 34 36 38 40 42 44 46 48 50 52 55 56 58 60 62 64 66 68 70 72 74:11717:453 175 590 44 1095 388 92 26 123 156 108 1128 87 220 368 404 345 280 448 608 164 25 302 222 48 82 252 7 284 948 114 376 580 117 840 90 128
2 3 5 7 9 12 14 15 18 20 22 23 25 27 29 31 34 36 38 40 42 44 46 48 50 52 55 56 58 60 62 64 66 68 70 72 74:10734:302 70 472 176 1095 382 115 13 82 39 216 564 348 132 460 202 138 224 112 608 82 10 151 666 240 41 756 35 284 237 285 376 725 156 840 36 64
2 3 5 7 9 11 14 15 18 20 22 23 25 27 29 31 34 36 38 40 42 44 46 48 50 52 55 56 58 60 62 64 66 69 70 72 74:9392:453 140 118 88 438 388 46 39 41 39 540 282 87 176 368 101 276 168 448 456 328 10 453 888 144 205 252 21 426 237 171 282 145 516 504 54 64
2 3 5 7 9 12 14 15 18 20 22 23 25 27 29 31 34 36 38 40 42 44 46 48 50 52 55 56 58 60 62 64 66 69 70 72 74:13009:453 105 472 88 438 191 92 52 82 195 108 1410 87 220 460 505 345 280 224 608 246 20 755 444 192 205 756 35 710 948 171 470 290 344 840 72 96
2 3 5 7 9 11 14 15 18 20 22 23 25 27 29 31 34 36 39 40 42 44 46 48 50 52 55 56 58 60 62 64 66 68 70 72 74:11531:151 175 118 132 657 970 92 13 82 39 216 1410 87 132 368 505 345 56 225 456 328 25 755 444 48 41 1260 7 568 237 57 188 580 78 504 54 128
2 3 5 7 9 11 14 15 18 20 22 23 25 27 29 31 34 36 39 40 42 44 46 48 50 52 55 56 58 60 62 64 66 68 71 72 74:9832:604 105 472 220 438 194 115 13 123 78 432 564 87 220 368 303 69 280 90 152 164 25 151 666 144 205 1008 21 568 237 171 282 290 117 720 72 64
2 3 5 7 9 12 14 15 18 20 22 23 25 27 29 31 34 36 39 40 42 44 46 48 50 52 55 56 58 60 62 64 66 68 70 72 74:12003:453 70 118 88 657 764 115 13 205 195 540 1128 348 176 276 303 69 56 135 608 82 20 755 222 192 41 1260 21 284 1185 114 282 725 117 336 18 32
2 3 5 7 9 11 14 15 18 20 22 23 25 27 29 31 34 36 39 40 42 44 46 48 50 52 55 56 58 60 62 64 66 69 71 72 74:12193:604 70 236 88 657 970 23 13 41 78 540 1128 261 176 92 404 276 112 180 760 410 25 151 888 192 41 1008 7 710 711 114 282 435 172 288 18 32
2 3 5 7 9 11 13 15 17 19 22 23 25 28 29 31 34 36 38 40 42 44 46 48 50 52 54 56 58 60 62 64 66 68 70 72 74:9780:151 105 118 132 657 388 495 39 146 338 324 564 87 1370 184 202 69 280 560 608 82 25 151 222 144 164 363 7 142 474 228 188 145 78 336 54 160
2 3 5 7 9 12 13 16 17 19 22 23 25 28 29 31 34 36 38 40 42 44 46 48 50 52 54 56 58 60 62 64 66 68 70 72 74:13432:604 175 118 132 1095 382 99 664 219 845 216 564 261 822 460 404 207 280 112 608 246 10 604 666 240 82 605 21 284 474 114 94 725 78 672 90 160
2 3 5 7 9 11 13 15 17 19 22 23 25 28 29 31 34 36 38 40 42 44 46 48 50 52 54 56 58 60 62 64 66 69 70 72 74:12452:604 175 236 132 1095 970 495 39 146 169 540 564 174 548 276 202 138 224 336 608 82 5 453 1110 144 123 121 14 426 711 171 188 435 172 504 90 32
2 3 5 7 9 12 13 16 17 19 22 23 25 28 29 31 34 36 38 40 42 44 46 48 50 52 54 56 58 60 62 64 66 69 70 72 74:12278:302 35 472 132 219 573 495 830 73 169 432 846 87 274 92 303 345 280 448 456 164 20 151 222 48 164 484 35 710 1185 285 470 145 860 336 72 64
2 3 5 7 9 11 13 15 17 19 22 23 25 28 29 31 34 36 38 40 42 44 46 48 51 52 54 56 58 60 62 64 66 68 70 72 74:11753:604 70 472 88 438 582 396 65 219 338 108 846 261 1096 184 505 69 168 224 152 328 25 755 666 36 82 242 21 710 237 228 188 725 39 336 90 160
2 3 5 7 9 11 13 15 17 19 22 23 25 28 29 31 34 36 38 40 42 44 46 48 51 52 54 56 58 60 62 64 66 69 70 72 74:12969:604 140 236 220 438 194 495 26 365 507 540 1128 174 274 460 404 207 112 336 456 328 15 755 666 90 82 242 28 426 948 114 282 435 860 168 54 160
2 3 5 7 9 11 13 15 17 19 22 24 25 28 29 31 34 36 38 40 42 44 46 48 50 52 54 56 58 60 62 64 66 68 70 72 74:11406:453 175 354 132 1095 388 396 52 73 676 324 182 174 274 460 404 207 168 560 152 410 15 302 666 144 205 605 28 284 711 228 376 290 39 336 36 32
2 3 5 7 10 12 13 15 17 19 22 24 25 28 29 31 34 36 38 40 42 44 46 48 50 52 54 56 58 60 62 64 66 68 70 72 74:11698:151 140 118 132 600 382 495 13 219 845 432 910 174 822 184 404 138 224 224 456 82 20 755 666 144 82 484 28 426 948 114 94 145 39 504 72 32
2 3 5 7 9 11 13 16 17 19 22 24 25 28 29 31 34 36 38 40 42 44 46 48 50 52 54 56 58 60 62 64 66 68 70 72 74:12566:151 175 472 132 876 582 495 664 365 845 540 728 174 822 460 404 207 168 112 760 82 5 302 444 144 205 363 28 568 237 228 94 145 117 336 72 64
2 3 5 7 9 12 13 16 17 19 22 24 25 28 29 31 34 36 38 40 42 44 46 48 50 52 54 56 58 60 62 64 66 68 70 72 74:12607:755 35 236 176 438 764 396 498 146 845 324 910 174 548 184 505 138 168 112 608 246 10 453 1110 192 123 363 21 142 237 114 94 435 117 840 54 96
2 3 5 7 9 11 13 15 17 19 22 24 25 28 29 31 34 36 38 40 42 44 46 48 50 52 54 56 58 60 62 64 66 69 70 72 74:13456:755 35 236 88 1095 194 495 52 219 676 432 364 261 1096 276 101 276 56 560 456 328 20 302 888 240 41 121 21 568 711 114 94 725 688 672 72 128
2 3 5 7 9 11 13 16 17 19 22 24 25 28 29 31 34 36 38 40 42 44 46 48 50 52 54 56 58 60 62 64 66 69 70 72 74:13907:302 105 590 44 219 970 99 498 365 169 324 546 435 1370 460 303 345 112 112 152 164 10 151 888 192 123 605 35 284 948 228 470 725 860 504 72 128
2 3 5 7 9 12 13 16 17 19 22 24 25 28 29 31 34 36 38 40 42 44 46 48 50 52 54 56 58 60 62 64 66 69 70 72 74:12798:151 70 354 132 219 955 99 664 146 169 324 910 261 1096 276 404 345 280 560 456 246 10 604 222 192 205 605 14 142 711 171 282 145 860 336 54 128
2 3 5 7 9 11 13 15 17 19 22 24 25 28 29 31 34 36 38 40 42 44 46 48 51 52 54 56 58 60 62 64 66 68 70 72 74:12013:453 35 472 44 1095 194 396 52 73 845 324 364 348 822 92 505 276 168 112 608 328 5 302 444 54 164 363 7 142 1185 228 94 580 117 672 18 32
2 3 5 7 9 11 13 15 17 19 22 24 25 28 29 31 34 36 38 40 42 44 46 48 51 52 54 56 58 60 62 64 66 69 70 72 74:12540:755 35 354 44 876 970 297 39 292 338 432 182 87 822 276 202 69 280 336 760 328 20 604 666 36 164 242 7 568 711 228 188 580 516 168 36 32
2 3 5 7 9 11 13 15 17 19 22 23 25 28 29 31 34 36 38 40 42 44 46 48 50 52 54 56 58 60 62 64 67 69 70 73 74:13624:151 105 590 44 1095 388 495 26 73 845 216 846 348 822 184 505 69 168 560 760 82 15 302 444 48 205 484 21 568 948 171 94 164 344 504 844 96
2 3 5 7 9 11 13 15 17 19 22 24 25 28 29 31 34 36 38 40 42 44 46 48 50 52 54 56 58 60 62 64 66 69 70 73 74:12838:453 175 472 132 219 776 198 26 365 169 432 728 174 548 460 202 276 56 112 760 82 5 453 888 96 205 242 35 426 948 228 470 435 516 168 844 64
2 3 5 7 9 11 13 16 17 19 22 24 25 28 29 31 34 36 38 40 42 44 46 48 50 52 54 56 58 60 62 64 66 69 70 73 74:14560:604 105 472 44 657 776 99 664 292 676 540 728 435 1370 184 404 138 280 224 456 410 25 151 222 48 205 605 14 284 1185 114 94 725 172 672 422 64
2 3 5 7 9 12 13 16 17 19 22 24 25 28 29 31 34 36 38 40 42 44 46 48 50 52 54 56 58 60 62 64 66 69 70 73 74:13174:151 70 472 132 657 573 198 498 365 676 540 182 435 1096 92 404 138 280 336 760 82 20 151 888 240 41 242 35 426 474 57 282 435 860 336 422 128
2 3 5 7 9 11 13 15 17 19 22 24 25 28 29 31 34 36 38 40 42 44 46 48 51 52 54 56 58 60 62 64 66 69 70 73 74:12541:151 35 354 44 1095 388 396 13 365 169 540 910 348 548 184 404 207 112 224 608 328 15 151 444 90 205 121 7 568 474 285 282 290 860 840 422 64
2 3 5 7 9 11 13 15 17 19 22 24 25 28 29 33 34 36 38 40 42 44 46 48 50 52 54 56 58 60 62 64 66 68 70 72 74:12777:755 175 590 88 219 388 396 52 292 676 108 910 174 1370 184 808 138 168 112 304 164 15 604 888 144 164 484 21 710 711 57 94 290 156 168 72 128
2 3 5 7 9 12 13 16 17 19 22 24 25 28 29 33 34 36 38 40 42 44 46 48 50 52 54 56 58 60 62 64 66 68 70 72 74:11584:151 70 236 176 219 191 99 498 146 845 108 910 348 548 184 1010 207 112 112 608 410 10 755 222 192 82 121 7 710 948 171 94 435 195 336 54 64
2 3 5 7 9 11 13 15 17 19 22 24 25 28 29 33 34 36 38 40 42 44 46 48 50 52 54 56 58 60 62 64 66 69 70 72 74:14435:755 70 590 176 657 970 198 65 219 845 108 546 174 1370 460 606 138 224 112 152 410 20 604 666 144 41 484 28 426 474 228 376 725 860 336 18 160
2 3 5 7 9 11 13 16 17 19 22 24 25 28 29 33 34 36 38 40 42 44 46 48 50 52 54 56 58 60 62 64 66 69 70 72 74:11677:302 140 236 176 1095 970 198 166 146 338 108 182 261 548 276 606 138 112 112 608 82 10 302 222 240 164 484 14 142 474 228 94 725 688 840 90 160
2 3 5 7 9 11 13 15 17 19 22 24 25 28 29 33 34 36 38 40 42 44 46 48 51 52 54 56 58 60 62 64 66 68 70 72 74:10585:453 35 354 88 657 388 198 52 219 845 108 182 174 274 276 808 69 56 560 152 246 15 453 222 72 41 484 28 710 474 171 282 725 78 504 36 96
2 3 5 7 9 11 13 15 17 19 22 24 25 28 29 33 34 36 38 40 42 44 46 48 51 52 54 56 58 60 62 64 66 69 70 72 74:12497:151 105 472 44 1095 776 99 26 146 507 108 910 435 548 460 404 276 168 560 304 410 5 604 666 90 164 121 21 426 474 57 282 435 172 840 72 64
2 3 5 7 9 11 13 15 17 19 22 24 25 28 29 33 34 36 38 40 42 44 46 48 50 52 54 56 58 60 62 64 66 69 70 73 74:11867:604 70 118 44 1095 388 396 39 292 338 432 546 435 274 276 1010 276 168 336 152 246 15 453 222 48 164 242 7 142 474 285 470 580 344 336 422 128
2 3 5 7 9 11 13 15 17 19 22 24 25 28 29 31 34 37 38 40 42 44 46 48 50 52 54 56 58 60 62 64 66 68 70 72 74:12023:453 175 354 176 876 970 297 65 219 507 540 546 87 548 368 303 138 348 224 304 164 15 755 888 96 123 484 35 568 237 114 282 290 156 168 54 96
2 3 5 7 9 11 13 15 17 19 22 24 25 28 29 31 34 37 38 40 42 44 46 48 50 52 54 56 58 60 62 64 66 69 70 72 74:13072:453 175 590 220 876 388 297 26 73 676 108 182 261 822 92 303 207 174 336 456 246 25 604 666 96 205 121 35 426 1185 57 470 435 860 840 54 32
2 3 5 7 9 11 13 16 18 20 22 23 25 28 29 31 34 36 38 40 42 44 46 48 50 52 54 56 58 60 62 64 66 68 71 72 74:13096:604 175 236 132 876 776 495 664 205 156 324 564 348 1370 368 303 345 56 112 760 246 20 302 666 96 164 363 28 568 474 114 282 290 78 432 72 32
2 3 5 7 9 12 13 16 18 20 22 23 25 28 29 31 34 36 38 40 42 44 46 48 50 52 54 56 58 60 62 64 66 68 70 72 74:11114:302 175 236 132 438 764 495 664 164 39 324 1410 261 274 184 404 276 56 112 152 328 10 755 444 192 82 363 35 284 237 285 94 580 195 168 72 128
2 3 5 7 9 12 13 16 18 20 22 23 25 28 29 31 34 36 38 40 42 44 46 48 50 52 54 56 58 60 62 64 66 68 71 72 74:11885:755 35 590 176 876 573 99 498 82 156 108 1128 174 548 184 101 345 224 224 608 410 15 453 222 240 41 121 14 426 1185 57 376 290 117 288 18 128
2 3 5 7 9 12 13 16 18 20 22 23 25 28 29 31 34 36 38 40 42 44 46 48 50 52 54 56 58 60 62 64 66 69 70 72 74:11207:604 35 118 220 657 191 495 830 82 39 216 564 87 822 276 303 345 280 560 152 82 10 151 222 240 205 363 35 426 237 285 94 145 860 840 72 64
2 3 5 7 9 12 13 16 18 20 22 24 25 28 29 31 34 36 38 40 42 44 46 48 50 52 54 56 58 60 62 64 66 68 70 72 74:11735:151 140 118 44 657 382 495 664 82 156 432 728 87 548 92 505 69 168 560 608 82 25 604 888 48 82 484 35 284 948 228 188 435 78 504 72 64
2 3 5 7 9 11 13 16 18 20 22 24 25 28 29 31 34 36 38 40 42 44 46 48 50 52 54 56 58 60 62 64 66 69 70 72 74:11084:151 35 236 176 876 776 198 830 164 78 108 546 348 274 184 101 207 224 224 760 328 20 453 666 48 205 121 28 284 237 285 282 725 688 168 18 32
2 3 5 7 9 12 13 16 18 20 22 24 25 28 29 31 34 36 38 40 42 44 46 48 50 52 54 56 58 60 62 64 66 69 70 72 74:11413:302 175 118 176 219 573 198 664 205 195 108 364 261 1096 92 404 138 56 224 456 410 15 151 444 144 123 121 21 710 474 171 470 725 860 336 54 160
2 3 5 7 9 11 13 15 17 19 22 23 25 28 29 31 34 36 38 40 42 44 46 49 50 52 54 56 58 60 62 64 66 68 70 72 74:11751:151 35 472 220 876 776 198 39 146 169 324 564 87 1096 92 202 138 224 224 456 246 25 151 845 192 205 605 35 568 948 228 188 580 78 168 72 128
2 3 5 7 9 11 13 15 17 19 22 24 25 28 29 31 34 36 38 40 42 44 46 49 50 52 54 56 58 60 62 64 66 68 70 72 74:13006:453 140 590 132 876 582 297 13 219 338 216 182 261 1096 460 303 276 56 560 304 328 25 604 676 240 205 363 35 426 474 57 470 725 156 672 36 160
2 3 5 7 9 11 14 15 17 19 22 23 25 28 29 31 34 36 38 40 42 44 46 48 50 52 54 56 58 60 62 64 66 68 70 72 74:12259:755 70 472 88 657 970 69 39 292 169 540 564 348 1370 368 202 138 168 448 456 246 20 453 666 240 164 121 7 284 237 57 376 580 39 336 90 160
2 3 5 7 9 11 14 16 17 19 22 23 25 28 29 31 34 36 38 40 42 44 46 48 50 52 54 56 58 60 62 64 66 68 70 72 74:12212:755 140 354 132 1095 388 115 166 365 338 324 1410 435 548 184 202 69 168 224 608 164 25 151 222 144 164 605 35 568 237 285 188 725 39 504 72 64
2 3 5 7 9 12 14 16 17 19 22 23 25 28 29 31 34 36 38 40 42 44 46 48 50 52 54 56 58 60 62 64 66 68 70 72 74:12312:302 35 590 220 876 764 69 830 73 507 324 846 174 548 276 303 276 224 336 608 82 20 151 1110 48 205 605 7 284 474 57 282 145 39 504 54 64
2 3 5 7 9 11 14 15 17 19 22 23 25 28 29 31 34 36 38 40 42 44 46 48 50 52 54 56 58 60 62 64 66 69 70 72 74:10975:302 140 590 176 1095 582 92 39 73 676 324 564 261 548 460 303 276 280 112 456 164 5 151 222 48 123 484 14 568 474 114 470 145 344 168 36 96
2 3 5 7 9 12 14 16 17 19 22 23 25 28 29 31 34 36 38 40 42 44 46 48 50 52 54 56 58 60 62 64 66 69 70 72 74:13190:604 70 590 220 438 191 23 332 219 845 432 282 261 548 184 505 276 56 336 608 164 10 604 1110 96 82 605 7 284 1185 228 376 725 344 168 54 128
2 3 5 7 9 11 14 15 17 19 22 23 25 28 29 31 34 36 38 40 42 44 46 48 51 52 54 56 58 60 62 64 66 68 70 72 74:12462:302 140 118 88 876 388 23 13 73 845 216 1128 261 274 460 404 207 112 448 760 82 10 604 1110 90 205 363 21 568 474 114 470 290 117 672 72 64
2 3 5 7 10 11 14 15 17 19 22 23 25 28 29 31 34 36 38 40 42 44 46 48 51 52 54 56 58 60 62 64 66 68 70 72 74:11603:453 140 472 220 400 776 23 13 219 676 216 282 435 822 460 404 345 168 560 608 82 15 604 222 72 82 484 28 284 474 285 94 290 195 504 36 160
2 3 5 7 9 12 14 16 17 19 22 23 25 28 29 31 34 36 38 40 42 44 46 48 51 52 54 56 58 60 62 64 66 68 70 72 74:13870:604 105 236 88 1095 955 115 830 219 507 324 1410 87 1096 184 303 276 112 224 152 328 25 151 888 72 82 363 7 568 948 57 94 290 39 840 36 160
2 3 5 7 9 11 14 15 17 19 22 23 25 28 29 31 34 36 38 40 42 44 46 48 51 52 54 56 58 60 62 64 66 69 70 72 74:12146:755 35 354 176 219 776 46 26 292 338 324 1410 348 548 460 202 207 280 448 760 328 20 302 666 18 205 363 7 284 474 114 282 435 172 336 72 64
2 3 5 7 9 11 14 15 17 19 22 24 25 28 29 31 34 36 38 40 42 44 46 48 50 52 54 56 58 60 62 64 66 68 70 72 74:10986:302 175 354 88 876 194 115 52 365 676 108 910 87 548 368 505 69 112 336 456 410 15 302 222 48 205 363 28 284 948 285 188 435 39 336 54 128
2 3 5 7 9 11 14 16 17 19 22 24 25 28 29 31 34 36 38 40 42 44 46 48 50 52 54 56 58 60 62 64 66 68 70 72 74:9738:151 70 354 132 657 388 69 332 73 507 324 546 348 822 368 101 276 56 336 152 328 20 302 444 48 41 484 35 142 474 57 470 145 78 504 72 32
2 3 5 7 9 12 14 16 17 19 22 24 25 28 29 31 34 36 38 40 42 44 46 48 50 52 54 56 58 60 62 64 66 68 70 72 74:10938:604 175 236 176 876 382 115 332 219 507 432 182 174 274 92 505 276 56 336 304 246 25 151 1110 48 205 363 14 426 711 114 94 435 39 504 72 128
2 3 5 7 9 11 14 15 17 19 22 24 25 28 29 31 34 36 38 40 42 44 46 48 50 52 54 56 58 60 62 64 66 69 70 72 74:10811:302 70 118 176 657 582 69 52 73 169 108 728 261 548 184 101 207 112 448 456 328 25 151 888 240 164 242 35 568 474 285 94 580 344 840 36 96
2 3 5 7 9 11 14 16 17 19 22 24 25 28 29 31 34 36 38 40 42 44 46 48 50 52 54 56 58 60 62 64 66 69 70 72 74:11197:453 105 354 44 657 388 92 830 292 676 108 364 261 548 184 303 345 224 224 152 82 25 453 1110 192 205 121 35 284 237 57 188 290 860 336 54 64
2 3 5 7 9 12 14 16 17 19 22 24 25 28 29 31 34 36 38 40 42 44 46 48 50 52 54 56 58 60 62 64 66 69 70 72 74:12921:302 35 590 88 438 955 23 830 292 169 324 728 348 274 92 505 138 56 448 760 410 20 453 222 240 164 363 7 284 711 285 282 725 860 336 36 128
2 3 5 7 9 11 14 15 17 19 22 24 25 28 29 31 34 36 38 40 42 44 46 48 51 52 54 56 58 60 62 64 66 68 70 72 74:11072:453 140 236 176 657 776 92 65 219 845 324 364 174 548 460 303 345 280 336 152 82 15 604 666 72 205 363 14 710 237 114 94 580 117 168 54 32
2 3 5 7 10 11 14 15 17 19 22 24 25 28 29 31 34 36 38 40 42 44 46 48 51 52 54 56 58 60 62 64 66 68 70 72 74:11618:302 35 354 88 600 776 115 39 365 676 432 546 348 1096 92 505 345 168 448 152 410 15 604 222 72 164 242 28 426 474 171 94 725 39 336 18 96
2 3 5 7 9 11 14 16 17 19 22 24 25 28 29 31 34 36 38 40 42 44 46 48 51 52 54 56 58 60 62 64 66 68 70 72 74:12459:604 35 236 220 876 582 46 166 73 845 216 546 435 1096 460 505 276 56 224 608 164 5 302 1110 18 41 242 7 284 237 114 94 725 39 840 36 96
2 3 5 8 9 11 14 16 17 19 22 24 25 28 29 31 34 36 38 40 42 44 46 48 51 52 54 56 58 60 62 64 66 68 70 72 74:12131:755 140 118 900 1095 388 23 332 292 169 324 910 174 548 368 404 138 280 560 304 246 20 151 444 72 82 242 35 710 711 114 470 145 117 168 54 128
2 3 5 7 9 12 14 16 17 19 22 24 25 28 29 31 34 36 38 40 42 44 46 48 51 52 54 56 58 60 62 64 66 68 70 72 74:12599:755 70 590 176 876 573 115 830 292 338 432 546 261 274 368 303 69 224 448 304 82 10 151 444 90 41 363 14 426 948 285 94 725 78 840 36 128
2 3 5 7 9 11 14 15 17 19 22 24 25 28 29 31 34 36 38 40 42 44 46 48 51 52 54 56 58 60 62 64 66 69 70 72 74:13005:302 35 590 220 657 776 92 65 292 845 216 182 87 548 368 505 276 280 560 760 246 20 755 888 90 82 484 35 142 474 285 188 580 344 504 72 160
2 3 5 7 10 11 14 15 17 19 22 24 25 28 29 31 34 36 38 40 42 44 46 48 51 52 54 56 58 60 62 64 66 69 70 72 74:10859:453 35 118 88 600 970 69 39 365 507 108 364 174 548 276 202 207 224 560 608 328 15 302 1110 72 41 121 28 710 237 57 376 145 516 168 54 64
2 3 5 7 9 11 14 16 17 19 22 24 25 28 29 31 34 36 38 40 42 44 46 48 51 52 54 56 58 60 62 64 66 69 70 72 74:11668:302 175 236 44 438 194 46 830 365 676 540 182 435 1370 92 505 207 280 336 152 82 25 604 222 54 164 363 21 426 474 171 188 725 344 168 72 160
2 3 5 7 9 12 14 16 17 19 22 24 25 28 29 31 34 36 38 40 42 44 46 48 51 52 54 56 58 60 62 64 66 69 70 72 74:12799:755 70 590 132 1095 191 92 830 219 169 432 546 435 274 184 101 276 56 224 152 410 20 755 444 54 164 605 7 284 1185 228 188 580 516 336 72 128
2 3 5 7 9 11 14 15 17 19 22 24 25 28 29 31 34 36 38 40 42 44 46 48 50 52 54 56 58 60 62 64 66 69 70 73 74:12685:755 175 354 44 657 582 23 52 365 169 108 728 435 1096 460 202 138 280 560 152 164 15 453 888 240 123 121 14 284 237 114 376 580 172 840 633 96
2 3 5 7 9 11 14 16 17 19 22 24 25 28 29 31 34 36 38 40 42 44 46 48 50 52 54 56 58 60 62 64 66 69 70 73 74:13510:755 175 472 88 657 194 46 830 365 169 108 910 435 274 368 303 276 112 560 456 246 25 755 666 96 205 242 7 426 1185 114 376 145 172 504 633 160
2 3 5 7 9 12 14 16 17 19 22 24 25 28 29 31 34 36 38 40 42 44 46 48 50 52 54 56 58 60 62 64 66 69 70 73 74:12123:151 35 590 176 657 955 115 830 292 169 108 182 435 548 276 303 207 224 336 304 82 5 302 666 96 164 363 35 284 948 228 94 580 172 840 211 160
2 3 5 7 9 11 14 15 17 19 22 24 25 28 29 31 34 36 38 40 42 44 46 48 51 52 54 56 58 60 62 64 66 69 70 73 74:12455:453 140 354 44 876 776 92 52 292 338 108 182 174 274 276 303 276 112 560 152 328 15 755 222 54 41 605 14 142 711 228 188 435 860 840 1055 128
2 3 5 7 9 11 14 15 17 19 22 24 25 28 29 33 34 36 38 40 42 44 46 48 50 52 54 56 58 60 62 64 66 68 70 72 74:12334:604 35 236 44 1095 776 69 39 292 845 108 728 261 548 92 1010 276 168 336 152 410 5 302 666 144 164 605 28 142 474 57 94 580 195 672 18 64
2 3 5 7 9 11 14 15 17 19 22 24 25 28 29 33 34 36 38 40 42 44 46 48 51 52 54 56 58 60 62 64 66 68 70 72 74:11445:755 70 354 44 438 970 23 26 292 507 540 182 87 1370 184 202 138 168 560 304 410 25 453 222 36 164 605 28 284 711 228 188 145 78 504 54 96
2 3 5 7 9 11 14 15 18 20 22 23 25 28 29 31 34 36 38 40 42 44 46 48 50 52 54 56 58 60 62 64 66 68 70 72 74:9905:453 140 472 88 219 970 115 39 123 195 432 282 261 274 460 101 138 280 112 456 82 15 151 1110 192 164 242 7 284 711 114 376 290 39 336 54 128
2 3 5 7 9 12 14 15 18 20 22 23 25 28 29 31 34 36 38 40 42 44 46 48 50 52 54 56 58 60 62 64 66 68 70 72 74:12855:755 70 590 220 876 382 46 52 82 39 324 1410 174 822 92 101 276 112 448 608 410 25 453 222 240 82 242 35 142 1185 114 376 725 117 840 72 96
2 3 5 7 9 11 14 16 18 20 22 23 25 28 29 31 34 36 38 40 42 44 46 48 50 52 54 56 58 60 62 64 66 68 70 72 74:12248:453 35 118 132 438 582 46 664 41 117 216 1410 435 274 368 404 69 168 224 760 410 5 755 444 192 82 363 35 426 237 285 282 725 195 672 90 96
2 3 5 7 9 12 14 16 18 20 22 23 25 28 29 31 34 36 38 40 42 44 46 48 50 52 54 56 58 60 62 64 66 68 70 72 74:10815:302 175 472 132 438 382 46 498 82 117 108 1128 87 1370 184 101 207 56 112 304 328 25 604 888 240 164 121 35 142 1185 57 188 145 78 168 18 128
2 3 5 7 9 11 14 15 18 20 22 23 25 28 29 31 34 36 38 40 42 44 46 48 50 52 54 56 58 60 62 64 66 69 70 72 74:11514:151 70 472 132 657 194 115 26 41 78 324 1410 261 274 460 101 276 168 448 608 328 20 302 666 96 41 484 35 568 474 285 94 145 688 840 54 128
2 3 5 7 9 12 14 15 18 20 22 23 25 28 29 31 34 36 38 40 42 44 46 48 50 52 54 56 58 60 62 64 66 69 70 72 74:11584:151 70 236 88 876 573 92 39 205 39 540 846 261 1096 276 404 276 224 112 608 164 25 755 444 48 164 484 14 568 237 114 94 435 172 672 54 128
2 3 5 7 9 12 14 16 18 20 22 23 25 28 29 31 34 36 38 40 42 44 46 48 50 52 54 56 58 60 62 64 66 69 70 72 74:13816:755 175 118 220 876 382 115 664 82 78 216 846 348 1370 276 505 207 56 560 456 246 20 604 1110 96 123 242 7 568 237 171 282 435 344 840 90 96
2 3 5 7 9 11 14 15 18 20 22 24 25 28 29 31 34 36 38 40 42 44 46 48 50 52 54 56 58 60 62 64 66 68 70 72 74:11363:453 70 236 132 657 194 115 65 82 195 540 364 87 1096 368 101 276 112 224 760 246 25 453 888 192 82 363 21 284 948 171 282 725 156 168 72 160
2 3 5 7 9 12 14 15 18 20 22 24 25 28 29 31 34 36 38 40 42 44 46 48 50 52 54 56 58 60 62 64 66 68 70 72 74:12321:604 140 236 220 876 955 69 52 164 117 540 910 435 1096 460 202 69 56 224 456 82 5 453 666 240 41 121 21 142 948 57 470 145 195 672 54 128
2 3 5 7 9 12 14 16 18 20 22 24 25 28 29 31 34 36 38 40 42 44 46 48 50 52 54 56 58 60 62 64 66 68 70 72 74:11684:302 70 472 132 1095 573 115 498 41 39 540 546 435 1096 368 404 69 56 112 608 82 25 755 222 240 41 242 14 710 474 171 282 145 156 336 90 128
2 3 5 7 9 11 14 15 18 20 22 24 25 28 29 31 34 36 38 40 42 44 46 48 50 52 54 56 58 60 62 64 66 69 70 72 74:10114:755 140 118 88 657 194 46 65 164 39 540 728 348 274 276 202 276 168 336 608 164 5 604 666 192 41 121 35 142 237 228 188 725 344 168 72 160
2 3 5 7 9 11 14 16 18 20 22 24 25 28 29 31 34 36 38 40 42 44 46 48 50 52 54 56 58 60 62 64 66 69 70 72 74:11148:151 140 236 176 657 194 46 498 123 78 108 546 261 548 460 404 69 224 560 760 246 5 755 222 192 41 484 35 426 474 285 376 580 516 168 72 32
2 3 5 7 9 11 14 15 18 20 22 24 25 28 29 31 34 36 38 40 42 44 46 48 50 52 54 56 58 60 62 64 66 68 70 73 74:13350:453 35 354 176 219 582 23 52 82 195 324 546 435 1096 276 505 69 168 560 608 410 10 302 888 192 123 242 21 142 948 114 470 725 78 840 1055 32
2 3 5 7 9 11 14 15 18 20 22 24 25 28 29 31 34 36 38 40 42 44 46 48 50 52 54 56 58 60 62 64 66 69 70 73 74:10637:302 140 590 88 876 776 92 52 164 78 432 182 435 274 184 202 345 280 112 304 410 20 151 222 48 82 484 35 284 474 285 188 290 344 504 844 64
2 3 5 7 9 11 14 15 18 20 22 24 25 28 29 33 34 36 38 40 42 44 46 48 50 52 54 56 58 60 62 64 66 68 70 72 74:12194:755 70 590 176 657 582 92 13 123 78 108 910 348 274 368 808 207 280 224 608 82 25 302 888 192 123 242 14 142 948 285 94 725 39 672 54 96
2 3 5 7 9 11 14 15 17 19 22 23 25 28 29 31 34 36 38 40 42 44 46 49 50 52 54 56 58 60 62 64 66 68 70 72 74:11966:604 175 354 88 1095 194 46 39 146 169 324 282 435 548 460 505 69 112 448 152 246 25 302 507 192 123 363 14 710 1185 228 470 435 117 672 36 96
2 3 5 7 9 11 14 15 17 19 22 24 25 28 29 31 34 36 38 40 42 44 46 49 50 52 54 56 58 60 62 64 66 68 70 72 74:11709:151 105 118 44 219 970 23 13 292 845 216 728 348 548 460 101 207 168 448 304 82 20 604 676 144 205 484 7 710 711 114 470 435 39 504 36 160
2 3 5 7 9 11 13 15 17 19 22 23 25 28 29 31 34 36 38 40 42 44 46 48 50 52 55 56 58 60 62 64 66 68 70 72 74:12424:151 70 118 220 1095 194 198 13 292 676 108 1410 348 548 92 303 276 280 112 608 82 10 151 888 240 164 756 14 710 474 228 376 290 39 672 90 128
2 3 5 7 9 12 13 16 17 19 22 23 25 28 29 31 34 36 38 40 42 44 46 48 50 52 55 56 58 60 62 64 66 68 70 72 74:12387:453 175 236 132 438 191 495 332 73 676 432 564 87 548 368 505 345 280 560 152 246 20 151 888 48 82 756 14 568 711 285 94 290 156 840 36 160
2 3 5 7 9 11 13 15 17 19 22 23 25 28 29 31 34 36 38 40 42 44 46 48 50 52 55 56 58 60 62 64 66 69 70 72 74:13079:755 140 118 44 219 582 198 26 292 676 540 1128 87 1370 368 404 69 56 560 760 410 25 302 222 240 164 756 21 142 237 57 376 725 688 168 90 64
2 3 5 7 9 12 13 16 17 19 22 23 25 28 29 31 34 36 38 40 42 44 46 48 50 52 55 56 58 60 62 64 66 69 70 72 74:12867:755 140 118 132 219 573 495 664 146 169 432 282 174 1370 460 303 345 224 224 152 410 15 302 1110 192 164 504 28 568 237 57 470 725 344 168 36 160
2 3 5 7 9 11 13 15 17 19 22 23 25 28 29 31 34 36 38 40 42 44 46 48 51 52 55 56 58 60 62 64 66 68 70 72 74:12435:302 105 590 132 876 970 396 52 146 507 108 282 348 1370 92 101 138 224 448 152 82 25 302 666 90 123 1260 35 426 711 114 188 145 39 672 90 128
2 3 5 7 9 11 13 15 17 19 22 23 25 28 29 31 34 36 38 40 42 44 46 48 51 52 55 56 58 60 62 64 66 69 70 72 74:11529:755 105 354 44 876 388 396 39 292 169 216 282 174 822 460 202 69 224 112 608 410 10 453 1110 18 164 504 14 284 474 228 94 145 344 504 90 96
2 3 5 7 9 11 13 15 17 19 22 23 25 28 29 31 34 37 38 40 42 44 46 48 50 52 55 56 58 60 62 64 66 68 70 72 74:12671:755 105 354 220 657 776 297 39 219 169 324 1410 174 274 368 404 276 348 224 152 82 15 151 444 96 164 1260 35 284 711 285 376 145 156 840 18 64
2 3 5 7 9 11 13 15 17 19 22 23 25 28 29 31 34 37 38 40 42 44 46 48 50 52 55 56 58 60 62 64 66 69 70 72 74:14547:453 140 472 44 438 388 99 13 146 338 540 282 435 1096 460 101 345 435 448 760 410 20 604 1110 144 164 504 7 426 1185 228 470 580 172 840 90 160
2 3 5 7 9 12 13 16 18 20 22 23 25 28 29 31 34 36 38 40 42 44 46 48 50 52 55 56 58 60 62 64 66 68 70 72 74:13443:755 140 472 220 876 955 297 664 82 117 324 846 348 1096 184 505 207 56 448 304 164 25 302 222 96 164 252 7 284 711 285 188 580 195 840 72 160
2 3 5 7 9 11 13 15 17 19 22 23 25 28 29 31 34 36 38 40 42 44 46 49 50 52 55 56 58 60 62 64 66 68 70 72 74:10148:302 35 236 88 219 582 396 13 73 676 216 564 87 548 184 404 69 224 112 608 82 10 151 169 240 164 756 35 426 1185 285 376 145 156 168 36 128
2 3 5 7 9 11 14 15 17 19 22 23 25 28 29 31 34 36 38 40 42 44 46 48 50 52 55 56 58 60 62 64 66 68 70 72 74:13028:151 175 354 44 219 776 23 13 73 338 108 1410 174 1370 368 404 345 280 560 152 328 25 453 222 144 205 1260 7 426 948 114 282 435 156 504 54 128
2 3 5 7 9 12 14 16 17 19 22 23 25 28 29 31 34 36 38 40 42 44 46 48 50 52 55 56 58 60 62 64 66 68 70 72 74:12785:453 35 472 220 876 382 69 664 73 845 216 1410 261 1370 184 404 69 112 336 152 164 10 453 666 48 123 504 21 142 474 285 188 580 156 168 72 128
2 3 5 7 9 11 14 15 17 19 22 23 25 28 29 31 34 36 38 40 42 44 46 48 50 52 55 56 58 60 62 64 66 69 70 72 74:12081:604 140 118 176 219 776 92 65 292 507 324 564 435 274 368 101 69 56 336 304 82 25 755 666 240 82 1260 35 568 711 171 94 290 860 336 54 32
2 3 5 7 9 12 14 16 17 19 22 23 25 28 29 31 34 36 38 40 42 44 46 48 50 52 55 56 58 60 62 64 66 69 70 72 74:14610:755 105 236 132 657 955 115 498 73 845 540 1128 435 822 276 101 69 280 560 304 82 20 453 222 48 205 1008 14 710 237 171 282 580 688 840 36 128
2 3 5 7 9 11 14 15 17 19 22 23 25 28 29 31 34 36 38 40 42 44 46 48 51 52 55 56 58 60 62 64 66 68 70 72 74:11687:453 70 472 220 219 388 69 65 219 676 324 846 87 1370 276 101 276 56 560 608 328 20 302 666 18 82 756 35 284 711 228 188 290 156 168 36 64
2 3 5 7 10 11 14 15 17 19 22 23 25 28 29 31 34 36 38 40 42 44 46 48 51 52 55 56 58 60 62 64 66 68 70 72 74:12027:151 175 354 88 800 970 23 65 219 338 216 846 87 1370 460 101 276 280 448 152 410 5 604 222 36 164 756 7 568 237 285 94 435 195 504 54 32
2 3 5 7 9 12 14 16 17 19 22 23 25 28 29 31 34 36 38 40 42 44 46 48 51 52 55 56 58 60 62 64 66 68 70 72 74:14297:755 105 472 88 1095 955 69 664 73 169 432 1128 174 1096 368 101 138 112 336 304 410 25 604 1110 90 123 252 7 284 948 285 94 435 156 672 72 96
2 3 5 7 9 11 14 15 17 19 22 23 25 28 29 31 34 36 38 40 42 44 46 48 51 52 55 56 58 60 62 64 66 69 70 72 74:12060:453 140 590 88 1095 388 69 26 73 676 324 282 87 274 460 101 276 168 336 152 328 20 151 888 18 164 1260 28 710 237 285 376 435 344 672 54 32
2 3 5 7 10 11 14 15 17 19 22 23 25 28 29 31 34 36 38 40 42 44 46 48 51 52 55 56 58 60 62 64 66 69 70 72 74:14395:755 35 236 88 1000 388 69 52 146 845 432 564 261 1370 368 101 207 112 224 304 410 20 755 666 36 41 1008 28 568 948 285 188 725 688 336 72 64
2 3 5 7 9 11 14 15 18 20 22 23 25 28 29 31 34 36 38 40 42 44 46 48 50 52 55 56 58 60 62 64 66 68 70 72 74:11240:151 35 354 176 876 776 92 13 123 39 216 846 87 548 184 202 69 168 560 760 410 10 151 666 240 205 252 21 142 948 114 188 725 39 672 54 128
2 3 5 7 9 12 14 15 18 20 22 23 25 28 29 31 34 36 38 40 42 44 46 48 50 52 55 56 58 60 62 64 66 68 70 72 74:11479:453 140 472 220 219 955 46 52 205 117 216 282 174 1370 460 505 345 112 112 304 82 25 755 888 192 82 504 7 284 237 114 94 725 195 336 72 128
2 3 5 7 9 11 14 15 18 20 22 23 25 28 29 31 34 36 38 40 42 44 46 48 50 52 55 56 58 60 62 64 66 69 70 72 74:9077:302 35 118 44 438 582 23 52 123 78 216 1128 261 548 460 303 345 168 112 456 164 15 151 222 96 164 252 14 142 474 228 188 145 172 672 90 96
2 3 5 7 9 11 14 15 17 19 22 23 25 28 29 31 34 36 38 40 42 44 46 49 50 52 55 56 58 60 62 64 66 68 70 72 74:11787:302 35 236 88 438 970 69 39 365 676 108 564 87 822 368 202 345 224 336 304 410 25 151 169 192 164 756 14 568 948 285 282 580 39 504 90 32
2 3 5 7 9 11 13 15 17 19 22 23 26 27 29 31 34 36 38 40 42 44 46 48 50 52 54 56 58 60 62 64 66 68 70 72 74:12684:302 175 354 220 1095 970 99 65 365 338 324 1128 89 44 460 404 207 56 224 152 410 15 604 1110 48 164 363 35 284 948 171 188 435 156 504 18 160
2 3 5 7 9 11 13 15 17 19 22 23 26 27 29 31 34 36 38 40 42 44 46 48 50 52 54 56 58 60 62 64 66 68 71 72 74:12799:604 140 472 176 657 970 297 13 365 845 216 1128 356 44 184 404 345 112 336 456 164 5 302 888 240 123 363 7 284 711 171 282 580 117 288 90 64
2 3 5 7 9 11 13 15 17 19 22 23 26 27 29 31 34 36 38 40 42 44 46 48 50 52 54 56 58 60 62 64 66 69 70 72 74:11905:604 70 590 132 657 194 396 26 73 338 108 1128 445 220 368 101 345 56 560 152 328 20 755 666 96 123 484 7 568 237 228 94 290 688 672 54 32
2 3 5 7 9 11 13 15 17 19 22 23 26 27 29 31 34 36 38 40 42 44 46 48 51 52 54 56 58 60 62 64 66 69 70 72 74:11231:151 175 118 220 657 582 396 39 73 338 324 282 178 176 92 404 69 224 336 152 328 5 453 888 72 41 605 7 284 1185 285 470 580 688 168 90 96
2 3 5 7 9 11 14 15 17 19 22 23 26 27 29 31 34 36 38 40 42 44 46 48 50 52 54 56 58 60 62 64 66 68 70 72 74:10189:302 175 590 132 438 582 23 52 219 169 108 282 89 44 92 202 69 224 112 304 410 5 453 888 96 205 242 21 568 1185 171 470 435 78 672 18 64
2 3 5 7 9 11 14 15 17 19 22 23 26 27 29 31 34 36 38 40 42 44 46 48 50 52 54 56 58 60 62 64 66 69 70 72 74:12395:604 175 354 44 1095 970 69 39 219 507 108 564 178 88 460 404 207 56 112 608 410 25 755 666 48 82 484 35 568 474 114 376 435 344 504 54 160
2 3 5 7 9 11 14 15 17 19 22 23 26 27 29 31 34 36 38 40 42 44 46 48 51 52 54 56 58 60 62 64 66 69 70 72 74:12970:755 35 590 132 657 776 69 26 292 676 216 846 178 132 460 505 138 280 224 760 328 15 302 1110 18 41 242 28 568 948 57 470 290 516 168 90 32
2 3 5 7 9 11 13 15 17 19 22 23 26 27 29 31 34 36 38 40 42 44 46 48 50 52 55 56 58 60 62 64 66 68 70 72 74:11028:755 35 236 176 219 194 396 52 292 507 540 564 356 132 184 404 138 56 560 456 164 25 453 888 144 123 756 28 142 237 57 376 290 39 840 54 160
2 3 5 7 9 11 13 15 17 19 22 23 26 27 29 31 34 36 38 40 42 44 46 48 50 52 55 56 58 60 62 64 66 68 71 72 74:11984:755 140 354 88 657 970 396 52 73 338 432 1128 356 176 184 202 138 280 336 456 410 10 604 888 96 82 252 35 142 237 114 282 435 78 576 72 160
2 3 5 7 9 11 13 15 17 19 22 23 26 27 29 31 34 36 38 40 42 44 46 48 51 52 55 56 58 60 62 64 66 68 70 72 74:14188:302 175 590 176 1095 388 198 39 219 169 324 846 445 132 460 404 69 112 560 760 82 20 151 1110 90 205 1260 35 568 948 171 376 580 39 840 90 160
2 3 5 7 9 11 13 15 17 19 22 23 26 28 29 31 34 36 38 40 42 44 46 48 50 52 54 56 58 60 62 64 66 68 70 72 74:11342:151 105 590 176 438 776 396 52 219 507 540 564 445 1370 276 303 138 224 448 304 82 10 151 222 240 82 484 14 426 237 114 94 725 39 168 72 160
2 3 5 7 9 11 13 15 17 19 22 23 26 28 29 31 34 36 38 40 42 44 46 48 50 52 54 56 58 60 62 64 66 69 70 72 74:12075:302 70 118 220 438 582 396 52 146 845 432 282 267 822 92 101 276 168 560 304 164 15 755 888 192 82 605 28 568 237 285 282 145 516 672 72 96
2 3 5 7 9 11 13 15 17 19 22 23 26 28 29 31 34 36 38 40 42 44 46 48 51 52 54 56 58 60 62 64 66 69 70 72 74:12820:151 35 590 88 219 582 495 65 73 676 432 1410 445 548 92 404 276 280 560 304 164 5 302 1110 90 164 242 35 426 711 228 470 290 344 336 18 160
2 3 5 7 9 11 14 15 17 19 22 23 26 28 29 31 34 36 38 40 42 44 46 48 50 52 54 56 58 60 62 64 66 68 70 72 74:14362:453 175 118 220 1095 776 115 26 146 338 216 1410 356 822 368 303 276 56 336 760 82 5 755 888 96 123 484 28 568 1185 228 282 290 39 840 72 32
2 3 5 7 9 11 14 15 17 19 22 23 26 28 29 31 34 36 38 40 42 44 46 48 50 52 54 56 58 60 62 64 66 69 70 72 74:14656:604 35 472 220 657 776 23 26 292 507 540 846 267 1096 368 101 69 168 448 760 328 20 302 1110 240 82 605 28 284 1185 285 94 290 860 504 36 128
2 3 5 7 9 11 14 15 17 19 22 23 26 28 29 31 34 36 38 40 42 44 46 48 51 52 54 56 58 60 62 64 66 69 70 72 74:12315:604 105 472 88 1095 194 115 13 146 169 432 1128 178 1096 368 202 207 280 224 152 246 25 302 444 18 205 242 28 710 948 57 376 290 688 336 36 96
2 3 5 7 9 11 13 15 17 19 22 23 26 28 29 31 34 36 38 40 42 44 46 48 50 52 55 56 58 60 62 64 66 68 70 72 74:13518:151 175 472 88 657 970 396 13 219 338 432 1128 89 1096 276 404 138 224 560 304 328 15 302 444 144 41 756 28 426 948 114 94 580 78 840 90 160
2 3 5 7 9 11 13 15 17 19 22 23 26 28 29 31 34 36 38 40 42 44 46 48 50 52 55 56 58 60 62 64 66 69 70 72 74:11272:151 105 354 132 657 776 99 52 146 845 324 282 178 822 460 101 69 168 448 760 82 25 151 444 192 41 252 7 710 237 228 470 290 860 168 90 96
2 3 5 7 9 11 13 15 17 19 22 23 26 28 29 31 34 36 38 40 42 44 46 48 51 52 55 56 58 60 62 64 66 68 70 72 74:13686:302 70 354 132 657 776 99 13 365 845 216 1410 89 1096 276 404 69 112 560 608 328 25 453 666 36 123 756 7 284 711 171 282 145 156 840 90 160
2 3 5 7 9 11 14 15 17 19 22 23 26 28 29 31 34 36 38 40 42 44 46 48 50 52 55 56 58 60 62 64 66 68 70 72 74:10638:302 140 236 88 219 582 92 39 365 338 324 564 267 274 368 202 345 224 336 304 164 25 604 666 144 164 252 35 426 711 228 470 290 78 672 36 64
2 3 5 7 9 11 14 15 17 19 22 23 26 28 29 31 34 36 38 40 42 44 46 48 50 52 55 56 58 60 62 64 66 69 70 72 74:14719:604 70 590 220 876 970 23 13 365 507 540 846 89 274 368 505 345 224 336 304 410 25 302 444 144 164 1260 21 568 711 228 470 435 860 504 72 32
2 3 5 7 9 11 14 15 17 19 22 23 26 28 29 31 34 36 38 40 42 44 46 48 51 52 55 56 58 60 62 64 66 68 70 72 74:9945:151 140 118 44 219 970 69 26 365 507 540 1128 89 274 276 404 276 224 224 152 164 20 302 222 72 205 252 14 568 474 114 376 145 195 504 90 32
2 3 5 7 9 11 13 15 17 19 22 23 25 27 29 31 34 36 38 40 42 44 46 48 50 52 54 56 58 60 62 64 66 68 70 72 75:10301:302 35 118 220 1095 970 198 13 365 169 540 564 87 88 184 404 69 224 112 608 246 15 302 888 48 82 484 21 284 237 171 282 435 195 168 36 42
2 3 5 7 9 11 13 15 17 19 22 23 25 27 29 31 34 36 38 40 42 44 46 48 50 52 54 56 58 60 62 64 66 68 71 72 75:13431:755 140 236 176 438 776 396 65 365 507 108 1410 348 88 184 505 138 168 448 608 164 5 755 666 144 82 121 28 710 1185 285 282 725 156 144 36 84
2 3 5 7 9 12 13 16 17 19 22 23 25 27 29 31 34 36 38 40 42 44 46 48 50 52 54 56 58 60 62 64 66 68 70 72 75:11686:151 140 590 220 1095 382 198 830 73 507 324 282 87 44 184 303 276 224 336 456 410 15 151 666 144 123 242 14 426 948 114 282 435 156 672 18 168
2 3 5 7 9 11 13 15 17 19 22 23 25 27 29 31 34 36 38 40 42 44 46 48 51 52 54 56 58 60 62 64 66 68 70 72 75:11627:453 140 236 176 438 776 297 52 292 338 216 282 435 176 368 202 69 168 336 608 164 10 604 444 72 41 605 21 710 1185 171 282 435 39 672 72 42
2 3 5 7 9 11 13 15 17 19 22 23 25 27 29 31 34 36 38 40 42 44 46 48 51 52 54 56 58 60 62 64 66 68 71 72 75:12849:604 35 118 176 1095 970 297 52 219 507 324 1128 435 176 276 505 69 168 112 760 164 25 755 888 18 41 363 21 142 711 57 470 580 156 288 18 126
2 3 5 7 9 11 13 16 18 20 22 23 25 27 29 31 34 36 38 40 42 44 46 48 50 52 54 56 58 60 62 64 66 68 71 72 75:11643:755 175 472 220 219 388 297 498 123 156 540 1128 174 88 460 202 138 56 336 456 328 20 755 1110 48 41 484 14 426 237 228 376 290 39 144 54 168
2 3 5 7 9 12 13 16 18 20 22 23 25 27 29 31 34 36 38 40 42 44 46 48 50 52 54 56 58 60 62 64 66 68 70 72 75:9765:453 105 118 132 876 382 99 664 205 156 108 564 435 176 92 303 207 112 448 304 82 15 151 888 144 164 363 21 710 237 57 94 435 195 168 18 84
2 3 5 7 9 12 13 16 18 20 22 23 25 27 29 31 34 36 38 40 42 44 46 48 50 52 54 56 58 60 62 64 66 68 71 72 75:10892:604 35 590 88 876 764 396 498 41 39 216 282 174 88 460 303 207 112 448 304 410 5 302 1110 48 205 605 21 284 237 57 188 580 39 144 90 42
2 3 5 7 9 11 14 15 17 19 22 23 25 27 29 31 34 36 38 40 42 44 46 48 50 52 54 56 58 60 62 64 66 68 70 72 75:12468:151 140 118 132 876 776 115 52 365 845 216 1128 435 132 368 505 207 112 336 304 164 15 453 1110 96 41 242 14 710 474 171 470 145 78 672 90 210
2 3 5 7 9 11 14 15 17 19 22 23 25 27 29 31 34 36 38 40 42 44 46 48 50 52 54 56 58 60 62 64 66 68 71 72 75:10159:604 140 472 88 657 388 92 26 365 169 540 846 174 44 368 303 138 112 560 608 82 20 302 444 96 164 121 35 142 474 57 282 580 156 432 36 42
2 3 5 7 9 11 14 16 17 19 22 23 25 27 29 31 34 36 38 40 42 44 46 48 50 52 54 56 58 60 62 64 66 68 70 72 75:13293:755 35 236 44 438 970 92 830 292 338 108 846 261 44 460 505 138 168 224 760 410 5 604 1110 96 205 121 28 568 711 228 470 290 117 672 72 42
2 3 5 7 9 12 14 16 17 19 22 23 25 27 29 31 34 36 38 40 42 44 46 48 50 52 54 56 58 60 62 64 66 68 70 72 75:11241:604 70 118 44 657 955 69 332 146 338 216 282 348 88 184 505 138 168 560 456 410 25 453 888 144 82 363 28 284 474 114 376 290 78 672 72 210
2 3 5 7 9 11 14 15 17 19 22 23 25 27 29 31 34 36 38 40 42 44 46 48 51 52 54 56 58 60 62 64 66 68 70 72 75:9238:302 35 590 220 657 194 23 65 292 169 324 846 87 132 460 303 138 112 112 608 164 5 151 222 90 41 484 21 568 474 57 188 435 117 336 90 126
2 3 5 7 9 11 14 15 17 19 22 23 25 27 29 31 34 36 38 40 42 44 46 48 51 52 54 56 58 60 62 64 66 68 71 72 75:11061:755 70 590 220 657 194 92 39 73 507 216 282 348 44 92 101 138 56 112 152 410 5 755 1110 54 164 605 7 568 711 171 376 580 117 432 90 168
2 3 5 7 9 11 14 15 18 20 22 23 25 27 29 31 34 36 38 40 42 44 46 48 50 52 54 56 58 60 62 64 66 68 70 72 75:8837:151 35 118 176 219 970 92 65 82 195 216 846 435 88 276 505 345 56 224 152 82 15 151 666 48 41 121 35 284 711 171 94 290 78 672 90 42
2 3 5 7 9 11 14 16 18 20 22 23 25 27 29 31 34 36 38 40 42 44 46 48 50 52 54 56 58 60 62 64 66 68 70 72 75:11707:151 70 118 220 657 582 92 830 41 117 108 1410 87 220 460 101 207 224 448 456 82 5 151 1110 96 205 242 35 426 1185 57 282 725 195 168 18 126
2 3 5 7 9 12 14 16 18 20 22 23 25 27 29 31 34 36 38 40 42 44 46 48 50 52 54 56 58 60 62 64 66 68 70 72 75:10808:453 140 472 176 1095 955 69 498 123 39 216 282 174 132 368 404 276 56 112 304 410 20 755 222 144 205 242 7 142 474 57 94 435 195 840 54 168
2 3 5 7 9 11 13 15 17 19 22 23 25 27 29 31 34 36 38 40 42 44 46 48 50 52 55 56 58 60 62 64 66 68 70 72 75:11803:151 70 236 88 438 388 495 65 292 338 108 846 174 132 460 303 138 280 560 608 164 20 453 1110 144 205 1008 35 284 948 171 188 435 78 168 54 168
2 3 5 7 9 11 13 15 17 19 22 23 25 27 29 31 34 36 38 40 42 44 46 48 50 52 55 56 58 60 62 64 66 68 71 72 75:11992:604 175 118 132 219 776 495 65 219 338 540 1128 348 88 184 202 138 224 448 304 164 25 302 444 192 82 1260 21 568 948 285 376 145 117 144 90 84
2 3 5 7 9 12 13 16 17 19 22 23 25 27 29 31 34 36 38 40 42 44 46 48 50 52 55 56 58 60 62 64 66 68 70 72 75:13078:755 175 354 44 876 955 99 166 365 169 432 846 348 220 460 505 345 112 112 304 246 25 302 888 240 164 756 14 142 948 285 188 290 78 672 72 126
2 3 5 7 9 12 13 16 17 19 22 23 25 27 29 31 34 36 38 40 42 44 46 48 50 52 55 56 58 60 62 64 66 69 70 72 75:12762:604 70 590 88 438 382 198 830 365 338 432 564 261 176 92 505 276 168 336 608 164 5 302 222 96 205 1260 28 568 711 57 94 435 688 504 18 84
2 3 5 7 9 11 13 15 17 19 22 23 25 27 29 31 34 36 38 40 42 44 46 48 51 52 55 56 58 60 62 64 66 68 70 72 75:11988:151 35 590 88 657 194 396 65 292 169 432 1128 174 88 184 404 138 112 336 760 410 10 453 888 36 82 252 21 284 948 285 376 290 156 840 54 210
2 3 5 7 9 11 13 15 17 19 22 23 25 27 29 31 34 36 38 40 42 44 46 48 51 52 55 56 58 60 62 64 66 68 71 72 75:13763:755 140 590 44 876 970 495 39 365 338 216 564 435 132 368 404 207 224 448 152 410 20 151 888 36 164 1260 7 426 474 57 282 725 195 720 18 168
2 3 5 7 9 11 13 15 17 19 22 23 25 27 29 31 34 36 39 40 42 44 46 48 50 52 55 56 58 60 62 64 66 68 70 72 75:9498:453 35 236 132 876 388 99 39 146 169 540 564 174 176 460 505 138 224 135 304 82 20 151 222 240 205 252 7 284 711 228 188 290 39 672 72 42
2 3 6 7 9 11 13 15 17 19 22 23 25 27 29 31 34 36 39 40 42 44 46 48 50 52 55 56 58 60 62 64 66 68 70 72 75:10625:151 70 222 176 438 776 297 65 219 338 216 846 435 132 368 505 69 168 135 760 410 10 453 666 192 205 252 35 142 1185 57 94 145 39 168 18 168
2 3 5 7 9 11 13 15 17 19 22 23 25 27 29 31 34 37 38 40 42 44 46 48 50 52 55 56 58 60 62 64 66 68 70 72 75:11981:755 70 354 88 1095 388 396 13 146 169 540 564 174 176 276 505 207 87 336 456 82 10 453 666 240 123 252 21 284 948 171 282 580 156 840 36 42
2 3 5 7 9 11 14 15 17 19 22 23 25 27 29 31 34 36 38 40 42 44 46 48 50 52 55 56 58 60 62 64 66 68 70 72 75:12509:453 140 590 132 876 776 69 65 73 338 216 1128 261 88 460 202 345 280 336 760 246 20 302 444 240 123 756 21 426 711 285 94 725 78 168 72 210
2 3 5 7 9 11 14 15 17 19 22 23 25 27 29 31 34 36 38 40 42 44 46 48 50 52 55 56 58 60 62 64 66 68 71 72 75:12841:604 140 590 132 657 970 46 13 73 845 432 1128 348 132 368 404 69 112 560 304 82 20 151 888 192 41 1008 7 142 1185 57 188 290 117 432 72 42
2 3 5 7 9 12 14 16 17 19 22 23 25 27 29 31 34 36 38 40 42 44 46 48 50 52 55 56 58 60 62 64 66 68 70 72 75:11447:453 140 236 220 219 764 115 332 73 507 540 564 435 132 92 505 207 224 224 760 164 10 151 888 240 41 252 35 284 711 114 470 145 78 840 72 210
2 3 5 7 9 12 14 16 17 19 22 23 25 27 29 31 34 36 38 40 42 44 46 48 50 52 55 56 58 60 62 64 66 69 70 72 75:10890:453 105 472 132 657 382 115 830 219 169 216 1128 87 220 92 404 138 112 448 152 82 5 302 666 96 164 252 35 142 711 285 282 145 172 840 54 126
2 3 5 7 9 11 14 15 17 19 22 23 25 27 29 31 34 36 38 40 42 44 46 48 51 52 55 56 58 60 62 64 66 68 70 72 75:11610:755 35 118 132 876 388 23 13 146 338 108 564 348 88 276 404 207 168 448 608 246 15 302 444 90 123 1008 7 284 948 228 376 725 195 336 72 168
2 3 5 7 9 11 14 15 17 19 22 23 25 27 29 31 34 36 38 40 42 44 46 48 51 52 55 56 58 60 62 64 66 68 71 72 75:10453:151 70 118 44 219 970 46 26 219 845 432 282 348 88 92 101 207 56 448 152 328 15 755 888 18 82 1008 35 426 237 114 282 580 117 432 54 168
2 3 5 7 10 11 14 15 17 19 22 23 25 27 29 31 34 36 38 40 42 44 46 48 51 52 55 56 58 60 62 64 66 68 70 72 75:12617:302 70 472 220 400 970 115 13 219 676 432 846 348 88 276 505 69 112 112 152 328 10 302 888 72 82 1008 28 284 1185 285 282 725 117 504 36 84
2 3 5 7 9 12 14 16 17 19 22 23 25 27 29 31 34 36 38 40 42 44 46 48 51 52 55 56 58 60 62 64 66 68 70 72 75:11223:302 35 590 220 1095 382 69 664 292 507 432 564 87 88 460 303 138 280 112 152 164 5 604 666 54 82 252 21 284 711 57 376 290 117 504 54 210
2 3 5 7 9 11 14 15 17 19 22 23 25 27 29 31 34 36 39 40 42 44 46 48 51 52 55 56 58 60 62 64 66 68 70 72 75:14504:453 35 472 88 438 776 46 39 292 845 324 1410 261 88 276 505 345 280 135 608 328 10 151 1110 54 205 1008 35 426 1185 171 282 725 78 840 54 126
2 3 5 7 9 11 14 15 18 20 22 23 25 27 29 31 34 36 38 40 42 44 46 48 50 52 55 56 58 60 62 64 66 68 70 72 75:12046:302 175 472 132 1095 194 92 13 205 78 216 282 348 176 460 404 138 112 448 152 164 15 755 888 192 123 1008 35 568 948 228 376 580 156 336 54 126
2 3 5 7 9 12 14 15 18 20 22 23 25 27 29 31 34 36 38 40 42 44 46 48 50 52 55 56 58 60 62 64 66 68 70 72 75:11154:755 105 236 88 219 382 23 65 123 39 216 846 348 176 368 101 207 224 448 304 410 10 755 1110 144 164 252 28 284 1185 57 470 145 117 672 36 42
2 3 5 7 9 11 14 15 18 20 22 23 25 27 29 31 34 36 38 40 42 44 46 48 50 52 55 56 58 60 62 64 66 69 70 72 75:9393:151 105 472 132 876 582 115 65 41 78 324 282 261 44 92 505 138 56 224 152 82 15 604 222 96 82 504 21 284 474 57 282 725 860 168 54 168
2 3 5 7 9 11 13 15 17 19 22 23 25 28 29 31 34 36 38 40 42 44 46 48 50 52 54 56 58 60 62 64 66 68 70 72 75:12816:302 175 236 176 876 970 396 52 73 338 540 846 435 1096 368 505 276 224 112 456 164 15 151 1110 192 123 242 28 426 237 57 376 580 195 168 90 210
2 3 5 7 9 12 13 16 17 19 22 23 25 28 29 31 34 36 38 40 42 44 46 48 50 52 54 56 58 60 62 64 66 68 70 72 75:13271:302 175 118 44 1095 191 198 332 73 507 540 846 435 1370 276 505 207 280 560 456 164 20 151 1110 48 205 242 7 710 711 57 188 290 156 504 72 126
2 3 5 7 9 11 13 15 17 19 22 23 25 28 29 31 34 36 38 40 42 44 46 48 51 52 54 56 58 60 62 64 66 68 70 72 75:14041:604 70 354 44 438 776 297 26 219 169 540 1410 435 1370 184 404 345 112 112 456 410 5 453 1110 72 41 363 21 710 1185 114 94 435 195 336 90 42
2 3 5 7 9 11 14 15 17 19 22 23 25 28 29 31 34 36 38 40 42 44 46 48 50 52 54 56 58 60 62 64 66 68 70 72 75:9323:151 175 472 88 219 388 69 26 292 507 540 1128 174 274 92 404 345 224 336 152 164 20 604 444 48 123 484 21 142 237 57 282 290 39 168 18 126
2 3 5 7 9 11 14 16 17 19 22 23 25 28 29 31 34 36 38 40 42 44 46 48 50 52 54 56 58 60 62 64 66 68 70 72 75:14239:604 35 590 132 438 582 46 664 365 845 324 564 435 822 92 404 207 280 336 152 328 25 604 1110 144 164 605 21 710 948 171 376 435 117 504 18 42
2 3 5 7 9 12 14 16 17 19 22 23 25 28 29 31 34 36 38 40 42 44 46 48 50 52 54 56 58 60 62 64 66 68 70 72 75:13712:755 35 118 220 1095 191 69 166 219 507 540 1128 87 1370 460 404 345 280 560 608 328 20 604 666 192 82 242 35 142 711 57 282 435 195 336 18 210
2 3 5 7 9 11 14 15 17 19 22 23 25 28 29 31 34 36 38 40 42 44 46 48 51 52 54 56 58 60 62 64 66 68 70 72 75:13586:151 140 472 132 657 582 115 26 365 676 432 1128 435 1096 460 101 207 112 560 608 328 10 755 444 54 123 121 21 142 1185 114 282 580 78 672 54 168
2 3 5 7 9 11 14 15 18 20 22 23 25 28 29 31 34 36 38 40 42 44 46 48 50 52 54 56 58 60 62 64 66 68 70 72 75:11661:151 105 354 132 1095 388 115 26 123 156 540 282 348 1096 276 505 345 168 224 608 410 5 755 666 144 123 484 7 284 711 114 94 290 195 168 90 84
2 3 5 7 9 11 14 16 18 20 22 23 25 28 29 31 34 36 38 40 42 44 46 48 50 52 54 56 58 60 62 64 66 68 70 72 75:14439:302 105 590 44 876 970 46 332 205 78 540 1410 87 1370 276 404 138 280 336 760 410 10 604 888 192 205 121 28 284 711 285 470 290 156 336 90 210
2 3 5 7 9 11 14 15 18 20 22 23 25 28 29 31 34 36 38 40 42 44 46 48 50 52 54 56 58 60 62 64 66 69 70 72 75:11823:755 105 472 44 219 194 69 39 41 117 216 1128 261 822 368 202 207 224 112 456 328 5 755 222 192 123 605 14 426 711 171 94 580 688 672 18 168
2 3 5 7 9 11 13 15 17 19 22 23 25 28 29 31 34 36 38 40 42 44 46 48 50 52 55 56 58 60 62 64 66 68 70 72 75:14361:755 105 472 132 876 388 99 13 73 338 540 1410 348 1370 184 404 207 112 336 152 82 5 755 1110 96 205 1008 35 568 711 114 188 435 117 504 72 42
2 3 5 7 9 12 13 16 17 19 22 23 25 28 29 31 34 36 38 40 42 44 46 48 50 52 55 56 58 60 62 64 66 68 70 72 75:12345:151 35 472 88 438 382 495 332 73 676 432 846 261 1096 92 505 138 112 224 152 164 15 604 1110 240 41 504 28 426 237 114 282 725 39 672 18 126
2 3 5 7 9 12 13 16 17 19 22 23 25 28 29 31 34 36 38 40 42 44 46 48 50 52 55 56 58 60 62 64 66 69 70 72 75:14189:755 105 354 88 1095 382 198 332 73 676 540 846 174 1370 276 101 138 224 448 456 328 25 151 666 96 123 504 7 568 1185 57 188 290 860 336 90 84
2 3 5 7 9 11 13 15 17 19 22 23 25 28 29 31 34 36 38 40 42 44 46 48 51 52 55 56 58 60 62 64 66 68 70 72 75:14547:302 140 590 176 876 582 495 26 365 338 540 564 435 1370 184 202 276 112 448 760 328 25 151 888 72 123 1008 14 568 711 285 188 580 39 504 72 210
2 3 5 7 9 11 13 15 17 19 22 23 25 28 29 31 34 36 38 40 42 44 46 49 50 52 55 56 58 60 62 64 66 68 70 72 75:13394:453 70 236 44 876 970 495 13 365 507 216 1410 435 548 368 202 345 112 224 760 164 20 453 169 96 41 1008 35 142 948 171 94 435 117 672 54 126
2 3 5 7 9 11 14 15 17 19 22 23 25 28 29 31 34 36 38 40 42 44 46 48 50 52 55 56 58 60 62 64 66 68 70 72 75:13600:302 35 118 176 657 970 46 65 146 507 324 1410 261 1096 460 303 207 224 112 760 164 10 604 888 192 123 756 28 568 237 285 188 145 195 840 72 126
2 3 5 7 9 12 14 16 17 19 22 23 25 28 29 31 34 36 38 40 42 44 46 48 50 52 55 56 58 60 62 64 66 68 70 72 75:12461:453 175 590 132 219 573 23 332 365 338 216 564 435 822 276 303 276 224 560 456 164 25 604 222 192 205 1260 7 568 474 171 188 725 78 168 36 42
2 3 5 7 9 11 14 15 17 19 22 23 25 28 29 31 34 36 38 40 42 44 46 48 51 52 55 56 58 60 62 64 66 68 70 72 75:11698:453 35 472 132 438 388 69 26 365 676 540 846 435 274 92 303 345 112 560 760 328 5 151 666 36 164 756 14 142 237 114 376 725 39 504 36 84
2 3 5 7 9 11 14 15 18 20 22 23 25 28 29 31 34 36 38 40 42 44 46 48 50 52 55 56 58 60 62 64 66 68 70 72 75:10841:453 175 236 220 876 194 69 39 41 195 216 1128 348 274 460 404 69 280 112 304 82 15 604 444 48 205 1008 35 142 237 285 282 290 117 840 72 42
2 3 5 7 9 11 13 15 17 19 22 23 26 27 29 31 34 36 38 40 42 44 46 48 50 52 54 56 58 60 62 64 66 68 70 72 75:11348:302 70 472 220 1095 388 396 65 219 507 324 846 356 44 368 202 69 224 560 608 328 5 151 888 48 123 121 28 568 237 57 188 725 78 168 90 210
2 3 5 7 9 11 13 15 17 19 22 23 26 27 29 31 34 36 38 40 42 44 46 48 50 52 54 56 58 60 62 64 66 68 71 72 75:11062:151 70 236 176 219 388 198 26 219 507 540 846 267 132 276 404 207 112 448 608 328 10 453 888 192 164 242 35 142 948 285 188 290 195 576 54 42
2 3 5 7 9 11 14 15 17 19 22 23 26 27 29 31 34 36 38 40 42 44 46 48 50 52 54 56 58 60 62 64 66 68 70 72 75:10901:604 70 236 220 876 582 92 26 73 338 432 1128 356 220 92 303 276 56 224 456 164 25 604 222 240 41 121 35 142 711 171 470 725 78 336 72 84
2 3 5 7 9 11 13 15 17 19 22 23 26 27 29 31 34 36 38 40 42 44 46 48 50 52 55 56 58 60 62 64 66 68 70 72 75:12139:151 35 590 132 657 970 198 39 365 338 540 564 267 132 184 202 207 280 336 608 410 5 302 1110 144 82 504 21 142 237 171 282 725 195 840 90 84
2 3 5 7 9 11 13 15 17 19 22 23 26 27 29 31 34 36 38 40 42 44 46 48 51 52 55 56 58 60 62 64 66 68 70 72 75:10942:151 175 354 88 876 970 297 39 365 169 324 282 267 88 460 202 345 280 112 304 410 15 755 666 18 123 1008 7 142 237 57 94 725 195 168 90 84
2 3 5 7 9 11 13 15 17 19 22 23 26 27 29 31 34 36 39 40 42 44 46 48 50 52 55 56 58 60 62 64 66 68 70 72 75:10558:302 140 236 176 876 388 495 39 73 169 108 1128 178 88 92 404 138 168 135 152 328 15 151 222 240 82 1008 21 426 1185 285 188 145 195 336 36 210
2 3 5 7 9 11 13 15 17 19 22 23 26 28 29 31 34 36 38 40 42 44 46 48 50 52 54 56 58 60 62 64 66 68 70 72 75:11843:453 140 118 176 438 582 99 26 219 676 540 564 445 548 92 404 69 112 448 152 246 15 151 666 96 41 363 14 710 948 285 188 580 195 840 36 168
2 3 5 7 9 11 14 15 17 19 22 23 26 28 29 31 34 36 38 40 42 44 46 48 50 52 54 56 58 60 62 64 66 68 70 72 75:13462:151 175 590 132 438 194 115 65 146 507 540 1410 356 1370 276 404 345 56 560 760 410 20 151 1110 96 41 121 21 710 237 57 470 435 117 672 36 168
2 3 5 7 9 11 13 15 17 19 22 23 26 28 29 31 34 36 38 40 42 44 46 48 50 52 55 56 58 60 62 64 66 68 70 72 75:10310:453 35 118 176 438 776 297 13 146 338 324 564 267 548 92 101 69 112 336 304 164 10 151 666 144 41 1008 35 710 237 228 94 145 156 840 90 84
2 3 5 7 9 11 14 15 17 19 22 23 26 28 29 31 34 36 38 40 42 44 46 48 50 52 55 56 58 60 62 64 66 68 70 72 75:12555:453 70 236 220 219 194 46 52 365 169 108 1128 178 1096 276 101 345 280 448 608 164 5 755 666 96 123 756 7 568 1185 114 282 435 39 504 54 210
1 4 5 7 9 11 13 15 17 19 21 24 25 28 29 33 34 36 38 40 42 44 46 48 51 52 54 56 58 60 62 64 66 68 70 73 74:12865:228 123 118 44 438 970 297 13 219 676 330 546 174 548 184 1010 345 168 336 456 410 25 151 1110 18 164 242 35 568 237 171 470 580 78 168 1055 160
1 4 5 7 9 12 13 15 17 20 21 24 25 28 29 33 34 36 38 40 42 44 47 48 51 52 54 56 58 60 62 64 66 68 70 73 74:12752:380 164 472 176 438 955 99 13 146 156 198 364 435 1096 368 404 207 168 224 456 164 10 837 444 36 205 605 35 284 237 285 470 435 195 504 1055 32
1 4 6 7 9 11 13 15 17 19 21 24 25 28 29 33 34 36 38 40 42 44 46 48 50 52 54 56 58 60 62 64 66 68 71 73 74:12085:76 164 296 132 438 194 495 39 292 169 330 182 261 822 92 808 345 168 448 152 246 5 302 666 192 164 484 35 568 1185 285 94 435 117 432 844 128
1 4 5 7 10 12 13 15 17 19 21 24 25 28 29 33 34 36 38 40 42 44 46 48 50 52 54 56 58 60 62 64 66 68 71 73 74:12191:304 123 236 220 200 573 396 65 365 338 66 182 435 1370 184 606 69 112 112 760 164 10 302 444 192 164 121 7 284 1185 171 376 435 117 288 1055 160
1 4 5 7 9 12 13 15 17 20 21 24 25 28 29 33 34 36 38 40 42 44 47 48 50 52 54 56 58 60 62 64 66 68 70 73 74:11969:380 82 118 132 657 573 99 26 73 78 330 182 348 274 92 1010 345 280 560 760 410 10 558 444 96 205 605 14 568 474 57 94 145 78 840 844 128
1 4 5 7 9 12 13 15 17 20 21 24 25 28 29 33 34 36 38 40 42 44 47 48 50 52 54 56 58 60 62 64 66 68 71 73 74:13936:304 205 472 88 1095 764 495 52 365 156 330 182 261 274 368 404 276 168 448 760 246 5 1395 666 192 82 363 21 142 1185 171 188 580 117 144 844 128
1 4 5 7 9 11 13 15 17 19 21 24 25 28 29 33 34 36 38 40 42 44 46 48 51 52 54 56 58 60 63 64 66 68 70 72 74:11436:380 164 472 88 876 582 198 65 146 676 264 182 174 822 460 202 138 168 336 304 82 5 604 666 90 41 363 7 284 711 164 470 435 117 504 36 160
1 4 6 7 9 11 13 15 17 19 21 24 25 28 29 31 34 36 38 40 42 44 46 48 50 52 54 56 58 60 62 64 66 68 71 73 74:12881:380 205 222 220 219 582 495 65 292 338 66 728 435 274 368 101 345 112 336 304 164 10 755 888 96 123 121 35 710 1185 57 188 435 156 720 1055 96
1 4 5 7 10 12 13 15 17 19 21 24 25 28 29 31 34 36 38 40 42 44 46 48 50 52 54 56 58 60 62 64 66 68 71 73 74:12507:304 123 354 220 800 955 99 13 292 169 198 910 435 274 368 202 207 56 336 304 164 20 151 888 240 123 484 35 284 1185 57 470 290 195 720 422 160
1 4 5 7 9 12 13 15 17 20 21 24 25 28 29 31 34 36 38 40 42 44 47 48 50 52 54 56 58 60 62 64 66 68 70 73 74:12574:76 164 354 176 657 955 198 65 73 78 132 364 174 1370 368 303 69 280 112 608 410 20 1395 888 48 164 363 14 568 474 57 282 290 78 672 211 64
1 4 5 7 9 12 13 15 17 20 21 24 25 28 29 31 34 36 38 40 42 44 47 48 50 52 54 56 58 60 62 64 66 68 71 73 74:11823:380 123 118 176 438 764 495 26 219 195 198 182 348 1096 184 101 276 56 112 152 164 25 837 444 192 41 605 7 568 1185 114 188 435 39 432 844 64
1 4 6 7 9 11 13 15 17 19 21 24 25 28 29 33 34 36 39 40 42 44 46 48 51 52 54 56 58 60 62 64 66 68 71 73 74:11576:228 41 370 44 876 388 396 52 292 676 132 364 348 274 276 1010 69 280 45 760 410 10 755 444 18 41 242 28 284 474 114 470 580 78 432 211 64
1 4 5 7 10 12 13 15 17 19 21 24 25 28 29 33 34 36 39 40 42 44 46 48 51 52 54 56 58 60 62 64 66 68 71 73 74:13955:76 164 118 88 800 764 198 65 73 676 330 728 261 1370 368 606 345 168 180 304 246 25 755 1110 36 164 484 21 142 948 228 188 725 117 144 844 96
1 4 5 7 9 12 13 15 17 20 21 24 25 28 29 33 34 36 39 40 42 44 47 48 51 52 54 56 58 60 62 64 66 68 71 73 74:11443:380 82 236 132 1095 764 198 52 365 156 198 364 261 822 276 606 207 280 135 608 164 20 279 666 36 82 242 21 426 711 228 94 145 117 720 211 64
1 4 6 7 9 11 13 15 17 19 21 24 25 28 29 33 34 36 39 40 42 44 46 48 50 52 54 56 58 60 62 64 66 68 71 73 74:10961:380 41 222 44 219 388 495 52 73 676 132 182 348 1370 92 404 69 168 45 456 328 5 453 222 240 41 363 28 284 1185 114 188 725 78 576 211 64
1 3 5 7 9 12 13 16 18 20 21 23 25 28 29 31 34 36 38 40 42 44 47 48 51 52 54 56 58 60 62 64 66 68 70 72 74:12626:380 70 590 220 1095 573 396 664 82 156 66 1410 348 822 184 505 276 56 336 760 246 5 558 666 54 123 242 21 142 237 57 282 580 156 168 36 64
1 4 5 7 9 12 13 16 18 20 21 24 25 28 29 33 34 36 38 40 42 44 46 48 50 52 54 56 58 60 62 64 66 68 70 72 74:10964:304 123 354 132 876 382 297 498 41 117 198 728 348 274 276 606 276 280 112 152 246 10 453 222 96 41 484 21 426 711 114 470 725 39 336 36 160
1 4 5 7 9 11 13 16 18 20 21 24 25 28 29 31 34 36 38 40 42 44 46 48 51 52 54 56 58 60 62 64 66 68 70 72 74:11213:152 82 590 132 876 970 198 166 205 78 66 182 348 1370 92 202 207 56 112 304 164 5 453 222 18 205 363 35 710 711 228 282 290 117 840 54 128
1 3 5 7 9 11 13 15 17 19 21 24 25 28 29 31 34 37 38 40 42 44 46 49 51 52 54 56 58 60 62 64 66 68 70 72 74:10566:380 175 472 220 657 582 396 13 146 507 198 182 261 1096 276 505 138 261 224 304 410 5 302 169 72 164 363 21 284 711 57 470 145 78 168 90 64
1 3 5 7 9 11 13 15 17 20 21 24 25 28 29 31 34 37 38 40 42 44 47 49 50 52 54 56 58 60 62 64 66 68 70 72 74:11849:304 175 590 44 219 970 396 39 73 195 330 182 87 822 276 505 138 174 560 608 328 25 1116 169 96 205 363 14 284 948 285 94 435 78 504 90 128
1 3 5 7 9 12 14 16 17 20 21 24 25 28 29 33 34 36 38 40 42 44 47 48 50 52 54 56 58 60 62 64 66 68 70 72 74:12387:304 105 590 220 657 573 92 664 73 117 66 546 174 822 276 1010 138 280 112 456 328 25 1116 666 192 164 605 28 142 237 285 94 145 195 840 18 32
1 4 5 8 9 11 14 15 17 19 21 24 25 28 29 33 34 36 38 40 42 44 46 48 51 52 54 56 58 60 62 64 66 68 71 72 74:13622:304 41 118 675 219 970 46 13 146 169 330 546 174 1096 368 808 345 112 336 760 164 5 755 1110 54 41 484 21 284 1185 114 188 580 195 720 18 128
1 4 5 7 10 11 14 15 17 19 21 24 25 28 29 33 34 36 38 40 42 44 46 48 51 52 54 56 58 60 62 64 66 68 71 72 74:10928:76 164 236 176 400 970 69 39 292 338 66 182 348 548 276 606 345 168 560 152 410 25 453 888 90 41 363 35 568 474 114 470 145 195 432 54 160
1 4 5 7 9 11 14 16 17 19 21 24 25 28 29 33 34 36 38 40 42 44 46 48 51 52 54 56 58 60 62 64 66 68 70 72 74:12005:380 205 118 88 1095 776 115 498 292 845 132 364 348 548 276 404 69 56 336 304 82 20 755 444 18 164 605 7 142 711 171 470 725 78 168 36 160
1 4 5 8 9 12 14 16 17 19 21 24 25 28 29 33 34 36 38 40 42 44 46 48 51 52 54 56 58 60 62 64 66 68 71 72 74:11411:304 123 472 675 657 764 92 166 73 169 132 364 435 1096 92 404 138 168 560 608 82 15 302 222 54 123 484 7 142 711 228 376 580 39 432 90 32
1 4 5 7 9 12 14 15 17 20 21 24 25 28 29 33 34 36 38 40 42 44 47 48 51 52 54 56 58 60 62 64 66 68 70 72 74:9923:152 41 590 220 876 191 115 39 219 117 132 182 348 274 460 202 138 280 448 760 328 10 279 222 36 82 363 14 710 1185 114 188 145 117 168 18 160
1 4 5 7 9 12 14 16 17 20 21 24 25 28 29 33 34 36 38 40 42 44 47 48 51 52 54 56 58 60 62 64 66 68 70 72 74:12623:228 164 236 176 1095 955 92 830 146 78 330 364 348 822 92 404 69 224 448 304 328 20 279 666 36 82 242 21 710 1185 171 282 435 39 504 90 128
1 4 5 7 10 11 14 15 17 19 21 24 25 28 29 33 34 36 38 40 42 44 46 48 50 52 54 56 58 60 62 64 66 68 71 72 74:9810:76 82 236 88 200 970 69 65 365 169 198 728 261 822 460 808 138 280 224 456 246 10 151 444 48 41 121 21 568 474 57 376 145 39 288 54 32
1 4 5 7 9 12 14 15 17 19 21 24 25 28 29 33 34 36 38 40 42 44 46 48 50 52 54 56 58 60 62 64 66 68 71 72 74:13546:380 164 354 132 876 191 115 39 365 845 330 910 87 1096 276 1010 345 168 448 456 246 15 604 222 240 123 484 28 142 1185 114 282 145 195 720 54 160
1 4 5 7 9 12 14 15 17 20 21 24 25 28 29 33 34 36 38 40 42 44 47 48 50 52 54 56 58 60 62 64 66 68 70 72 74:12256:76 164 236 132 1095 191 115 39 146 78 132 182 174 1370 276 1010 276 280 112 456 328 20 1395 666 48 41 363 14 426 948 57 376 145 39 672 18 160
1 4 5 7 9 12 14 16 17 20 21 24 25 28 29 33 34 36 38 40 42 44 47 48 50 52 54 56 58 60 62 64 66 68 70 72 74:11655:76 41 590 132 219 764 92 498 292 78 198 910 435 548 460 404 207 56 224 152 410 25 558 666 144 82 121 35 142 948 171 376 580 117 672 72 160
1 4 5 7 9 12 14 16 17 20 21 24 25 28 29 31 34 36 38 40 42 44 47 48 50 52 54 56 58 60 62 64 66 68 70 73 74:12140:228 41 118 132 876 573 115 830 146 117 198 182 348 822 184 303 69 168 448 608 164 15 837 1110 96 82 363 7 284 948 228 94 145 39 672 422 128
1 4 5 7 9 12 14 16 17 20 21 24 25 28 29 31 34 36 38 40 42 44 47 48 50 52 54 56 58 60 62 64 66 68 70 72 74:10411:76 82 236 44 438 191 115 332 292 195 264 364 174 548 92 505 69 168 336 456 328 20 1116 888 144 41 121 21 568 1185 228 94 145 117 336 18 64
1 4 5 7 9 12 14 15 17 19 21 24 25 28 29 33 34 36 39 40 42 44 46 48 51 52 54 56 58 60 62 64 66 68 71 72 74:13227:228 123 354 132 1095 573 23 26 219 507 198 546 261 822 276 202 345 56 90 760 410 10 604 1110 90 41 484 14 284 1185 57 470 725 117 576 54 160
1 3 5 7 9 12 14 16 18 20 21 24 25 28 29 33 34 36 38 40 42 44 47 48 50 52 54 56 58 60 62 64 66 68 70 72 74:9086:152 140 118 220 438 191 92 498 123 156 264 182 261 548 460 202 276 56 112 608 246 25 279 222 192 205 363 21 426 711 228 94 145 78 504 90 160
1 3 5 7 9 11 14 16 18 20 21 24 25 28 29 31 34 36 38 40 42 44 47 48 50 52 54 56 58 60 62 64 66 68 70 73 74:13266:380 35 472 132 876 388 46 830 205 78 330 910 174 1370 368 101 207 224 560 152 164 10 558 666 144 164 363 35 284 1185 57 282 145 117 672 422 160
1 3 5 7 10 11 14 16 18 20 21 24 25 28 29 31 34 36 38 40 42 44 46 48 50 52 54 56 58 60 62 64 66 68 71 72 74:11458:304 70 354 176 400 194 115 830 41 156 264 546 174 1370 368 303 345 224 112 304 246 10 302 888 240 205 121 21 426 711 285 376 580 117 144 72 64
1 3 5 7 10 11 14 16 18 20 21 24 25 28 29 31 34 36 38 40 42 44 47 48 50 52 54 56 58 60 62 64 66 68 70 72 74:12281:76 70 472 220 400 194 23 830 164 39 198 910 87 1096 184 101 138 280 448 608 164 5 837 1110 240 164 484 7 426 948 228 94 290 156 504 54 32
1 3 5 7 10 12 14 16 18 20 21 23 25 28 29 31 34 36 38 40 42 44 46 48 51 52 54 56 58 60 62 64 66 68 71 72 74:10870:304 105 236 44 600 191 92 830 41 117 66 282 348 1370 184 505 345 224 112 304 410 25 604 888 54 205 121 14 710 237 57 94 580 39 432 36 64
1 4 5 7 10 11 14 16 18 20 21 24 25 28 29 33 34 36 38 40 42 44 46 48 51 52 54 56 58 60 62 64 66 68 71 72 74:11665:152 123 236 220 1000 194 46 830 82 117 66 182 348 274 184 606 276 224 336 608 410 15 755 1110 90 164 484 28 142 474 57 470 580 156 576 18 32
1 4 5 7 9 12 14 16 18 20 21 24 25 28 29 33 34 36 38 40 42 44 46 48 51 52 54 56 58 60 62 64 66 68 70 72 74:12668:76 123 472 88 876 191 92 830 164 156 66 364 348 1096 276 1010 69 280 336 304 246 10 755 1110 18 41 605 7 568 1185 57 188 290 117 168 54 32
1 4 5 7 9 12 14 16 18 20 21 24 25 28 29 33 34 36 38 40 42 44 46 48 50 52 54 56 58 60 62 64 66 68 70 72 74:11481:152 205 590 176 438 955 23 332 82 78 132 182 261 1096 92 404 276 112 112 608 328 5 604 1110 96 164 242 14 284 474 228 376 435 39 672 72 32
1 4 5 7 9 12 14 16 18 20 21 24 25 28 29 33 34 36 38 40 42 44 46 48 50 52 54 56 58 60 62 64 66 68 71 72 74:14075:228 164 118 88 1095 573 23 332 205 156 198 910 348 1370 92 1010 345 224 336 304 328 25 755 1110 96 41 605 14 284 948 285 94 580 195 432 36 128
1 4 5 7 9 12 14 16 18 20 21 24 25 28 29 31 34 36 38 40 42 44 46 48 50 52 54 56 58 60 62 64 66 68 70 73 74:14327:380 205 590 44 657 764 46 498 205 117 198 546 435 1370 460 202 276 168 224 304 82 15 453 222 48 123 484 7 568 1185 171 376 725 156 840 1055 128
1 4 5 7 9 12 14 16 18 20 21 24 25 28 29 31 34 36 38 40 42 44 46 48 50 52 54 56 58 60 62 64 66 68 71 73 74:10859:152 123 236 132 219 955 69 498 82 117 132 364 435 1370 184 101 69 112 224 152 246 20 151 666 240 82 121 28 568 1185 228 282 435 78 432 211 160
1 4 5 7 9 12 14 16 18 20 21 24 25 28 29 31 34 36 38 40 42 44 46 48 50 52 54 56 58 60 62 64 66 68 70 72 74:10956:380 82 354 176 1095 382 46 498 41 156 66 182 348 274 460 202 345 56 224 456 410 10 604 666 48 123 484 7 426 948 114 282 290 39 504 18 160
1 4 5 7 9 12 14 16 18 20 21 24 25 28 29 31 34 36 38 40 42 44 46 48 50 52 54 56 58 60 62 64 66 68 71 72 74:10483:76 123 354 88 657 764 69 332 41 117 264 364 87 548 276 101 69 168 112 152 328 15 302 666 192 82 363 7 710 711 285 376 725 39 720 72 128
1 3 5 7 10 11 14 16 18 20 21 24 25 28 29 31 34 36 39 40 42 44 46 48 51 52 54 56 58 60 62 64 66 68 71 72 74:11106:380 35 354 176 400 582 46 830 123 78 66 182 348 1370 184 101 276 224 180 456 328 10 453 888 18 205 242 35 568 948 285 94 290 39 144 72 96
1 3 5 7 9 12 14 16 18 20 21 23 25 28 29 31 34 36 39 40 42 44 46 48 51 52 54 56 58 60 62 64 66 68 71 72 74:12130:228 105 590 132 1095 191 23 664 82 78 198 1410 87 1096 368 101 207 224 225 152 410 5 453 222 54 82 605 7 426 948 171 282 725 78 288 54 64
1 4 5 7 9 12 14 16 18 20 21 24 25 28 29 33 34 36 39 40 42 44 46 48 51 52 54 56 58 60 62 64 66 68 71 72 74:12913:304 123 472 132 1095 573 23 332 82 156 264 182 435 1370 276 808 345 280 135 304 410 15 151 666 90 41 605 14 142 948 228 94 725 195 720 18 160
1 3 5 7 9 11 14 15 17 19 21 24 25 28 29 33 34 37 38 40 42 44 46 49 50 52 54 56 58 60 62 64 66 68 70 72 74:12415:380 175 354 176 438 388 92 13 146 676 264 910 261 274 460 1010 276 174 112 304 328 20 453 338 48 82 363 35 710 711 171 470 725 156 840 18 64
1 3 5 7 9 11 14 15 17 20 21 24 25 28 29 31 34 37 38 40 42 44 47 49 50 52 54 56 58 60 62 64 66 68 70 72 74:11042:304 175 472 132 876 388 46 52 219 78 330 182 435 1370 276 202 207 174 448 152 410 5 279 507 144 82 121 14 284 1185 285 376 290 156 336 18 32
1 3 5 7 9 12 13 16 18 20 21 23 25 28 29 31 34 36 38 40 42 44 47 48 51 52 55 56 58 60 62 64 66 68 70 72 74:13203:304 35 590 132 657 382 99 830 205 39 330 1410 435 274 92 404 276 224 448 152 410 5 558 666 18 123 1008 21 426 474 171 282 580 117 840 90 96
1 3 5 7 9 12 13 16 18 20 21 23 25 28 29 31 34 36 38 40 42 44 47 48 50 52 55 56 58 60 62 64 66 68 70 72 74:12385:152 70 590 220 657 382 198 166 41 78 264 1410 174 1096 276 404 345 168 112 304 82 25 1116 222 144 82 504 7 426 1185 114 282 580 195 168 18 128
1 3 5 7 9 11 13 15 17 19 21 23 25 28 29 31 34 37 38 40 42 44 46 49 51 52 55 56 58 60 62 64 66 68 70 72 74:12883:152 70 354 220 438 194 198 65 292 845 330 1128 435 274 276 303 345 174 448 456 328 15 453 845 72 123 504 21 710 1185 57 282 145 156 840 54 96
1 3 5 7 9 11 13 15 17 19 21 23 25 28 29 31 34 37 38 40 42 44 46 49 50 52 55 56 58 60 62 64 66 68 70 72 74:12029:152 105 354 44 219 582 99 52 365 676 264 1128 435 822 184 404 345 174 336 152 328 15 302 338 96 41 252 21 710 948 228 282 580 156 672 72 96
1 3 5 7 9 11 13 15 17 20 21 23 25 28 29 31 34 37 38 40 42 44 47 49 50 52 55 56 58 60 62 64 66 68 70 72 74:13195:152 70 590 176 219 776 396 39 365 78 264 1410 261 548 184 101 138 87 448 152 164 25 837 845 192 123 1260 7 710 948 285 188 580 195 168 54 160
1 3 5 8 9 12 14 16 17 19 21 23 25 28 29 31 34 36 38 40 42 44 46 48 51 52 55 56 58 60 62 64 66 68 71 72 74:12872:76 70 354 225 876 764 69 664 219 169 66 1128 348 548 460 202 276 280 336 760 164 15 604 222 36 123 756 28 142 1185 57 376 435 195 576 36 32
1 3 5 7 10 12 14 15 17 20 21 23 25 28 29 31 34 36 38 40 42 44 47 48 50 52 55 56 58 60 62 64 66 68 70 72 74:12790:380 175 590 176 600 573 46 52 292 117 198 1128 348 822 368 404 69 224 112 760 246 10 1116 222 192 205 504 14 426 711 114 376 145 39 840 36 160
1 3 5 7 10 12 14 15 17 19 21 23 25 28 29 31 34 36 39 40 42 44 46 48 51 52 55 56 58 60 62 64 66 68 71 72 74:12808:228 70 472 132 800 573 69 52 219 676 198 282 87 548 460 505 138 168 180 760 246 5 755 1110 54 41 756 21 710 1185 57 470 290 39 288 36 128
1 3 5 7 10 12 14 16 18 20 21 23 25 28 29 31 34 36 38 40 42 44 46 48 51 52 55 56 58 60 62 64 66 68 71 72 74:10841:152 35 590 44 800 955 23 332 205 78 66 564 261 274 276 505 138 168 224 152 246 20 453 888 90 205 756 14 284 474 114 282 580 39 432 90 32
1 3 5 7 9 12 14 16 18 20 21 23 25 28 29 31 34 36 38 40 42 44 47 48 50 52 55 56 58 60 62 64 66 68 70 72 74:11048:152 70 472 88 438 764 92 166 205 39 264 282 261 1096 368 303 69 56 560 152 410 25 279 888 240 164 1008 7 142 474 228 94 725 195 168 72 32
1 3 5 7 9 12 14 16 18 20 21 23 25 28 29 31 34 36 39 40 42 44 46 48 51 52 55 56 58 60 62 64 66 68 71 72 74:10107:76 70 354 88 219 191 115 830 41 39 264 1128 174 548 276 303 276 56 45 304 328 15 151 222 54 164 756 35 142 1185 228 470 290 156 432 18 64
1 3 5 7 9 11 13 15 17 19 21 24 25 27 29 32 34 36 38 40 43 44 46 48 51 52 54 56 58 60 62 65 66 68 70 73 74:12844:380 105 236 132 657 194 495 52 146 845 132 546 87 220 184 56 138 224 448 456 11 25 604 1110 90 123 484 28 142 948 171 1565 145 117 672 844 32
1 3 5 7 9 11 13 15 17 19 21 24 25 27 29 32 34 36 38 40 43 44 46 48 50 52 54 56 58 60 62 65 66 68 70 73 74:10107:76 140 590 44 876 194 495 52 292 845 66 364 435 132 368 112 138 112 112 760 44 25 302 444 192 41 242 7 426 237 57 313 145 39 840 422 128
1 3 6 7 9 11 13 15 17 19 21 24 25 27 29 32 35 36 38 40 43 44 46 48 50 52 54 56 58 60 62 65 66 68 70 73 74:13916:228 140 296 176 438 776 198 39 365 507 198 182 87 220 276 140 1256 280 448 608 33 10 453 666 48 164 242 28 568 1185 171 1565 435 78 504 844 64
1 3 5 7 9 11 13 15 17 20 21 24 25 27 29 32 34 36 38 40 43 44 47 48 51 52 54 56 58 60 62 65 66 68 70 72 74:10009:152 35 236 132 438 388 297 26 219 78 330 182 261 132 92 56 345 56 448 304 55 5 279 444 72 164 242 7 426 1185 57 1565 290 39 840 36 96
1 3 5 7 9 12 13 15 17 20 21 24 25 27 29 31 34 36 38 40 43 44 47 48 51 52 54 56 58 60 62 65 66 68 70 72 74:9903:304 140 354 132 876 573 198 52 365 156 264 728 348 88 184 101 276 224 448 304 11 25 837 444 90 41 242 28 284 711 171 313 145 156 168 90 32
1 3 5 7 9 12 13 16 17 19 21 24 25 27 29 32 34 36 38 40 43 44 46 48 50 52 54 56 58 60 62 65 66 68 70 72 74:12624:152 70 118 88 1095 955 99 664 292 676 330 910 348 132 92 112 276 280 224 608 55 10 151 1110 240 123 363 14 284 711 285 626 435 78 504 18 96
1 3 5 7 9 11 13 15 17 20 21 24 25 27 29 32 34 36 38 40 43 44 47 48 50 52 54 56 58 60 62 65 66 68 70 72 74:12209:380 70 590 132 438 776 495 39 146 117 132 728 87 220 184 56 345 112 112 152 33 15 1116 888 192 41 484 14 426 711 171 1565 435 117 504 90 96
1 3 5 7 9 12 13 15 17 20 21 24 25 27 29 31 34 36 38 40 43 44 47 48 50 52 54 56 58 60 62 65 66 68 70 72 74:11896:76 70 472 176 657 955 396 65 73 156 264 546 261 220 184 505 345 112 336 608 22 15 558 888 192 82 484 21 710 474 57 939 145 78 504 90 160
1 4 5 7 9 11 13 15 17 19 21 24 25 27 29 33 34 36 38 40 42 44 46 48 51 52 54 56 58 60 63 64 66 68 70 73 74:13463:228 82 354 44 1095 970 495 26 292 507 198 728 87 132 184 606 138 112 112 608 246 25 453 888 54 123 605 14 426 474 820 188 145 117 672 1055 160
1 4 5 7 9 12 13 15 17 20 21 24 25 27 29 33 34 36 38 40 42 44 47 48 51 52 54 56 58 60 62 64 66 68 70 73 74:11800:380 123 118 176 876 382 297 39 365 195 264 182 261 176 92 606 138 168 224 456 328 25 1395 444 54 123 121 7 426 948 57 282 725 39 336 844 128
1 4 5 7 9 11 13 15 17 19 21 24 25 27 29 33 34 36 38 40 42 44 46 48 51 52 54 56 58 60 63 64 66 68 70 72 74:12446:304 41 472 88 876 388 495 52 292 845 132 546 261 88 460 404 138 224 336 304 410 5 151 888 18 164 242 28 710 948 820 188 435 39 504 54 96
1 4 5 7 9 11 13 15 17 19 21 24 25 27 29 32 34 36 38 40 42 44 46 48 51 52 54 56 58 60 62 65 66 68 70 73 74:11760:304 82 236 176 876 388 198 26 292 169 132 546 87 88 460 112 207 280 336 608 82 15 604 1110 18 123 484 14 568 711 57 1252 290 39 336 422 32
1 4 5 7 9 11 13 15 17 19 21 24 25 27 29 31 34 36 38 40 42 44 46 48 51 53 54 56 58 60 62 65 66 68 70 73 74:12690:152 82 472 44 219 194 495 13 73 169 330 910 261 176 184 202 207 224 560 456 410 15 755 1110 18 278 121 14 426 711 228 1565 580 78 504 422 32
1 4 5 7 9 11 13 15 17 19 21 24 25 27 29 31 34 36 38 40 43 44 46 48 51 52 54 56 58 60 62 65 66 68 70 73 74:11537:304 205 236 176 438 776 396 52 219 507 330 910 261 88 460 404 138 56 448 152 44 5 453 444 18 164 484 7 284 237 285 313 725 117 672 633 96
1 4 5 7 9 11 13 15 17 19 21 24 25 27 29 31 34 36 38 40 43 44 46 48 51 52 54 57 58 60 62 65 66 68 70 73 74:12110:152 164 472 132 876 194 297 39 292 338 132 910 348 44 460 505 276 112 336 304 11 20 302 888 18 41 605 309 710 237 114 939 290 117 672 422 32
1 4 5 7 9 11 13 15 17 19 21 24 25 27 29 32 34 36 38 40 42 44 46 48 51 52 54 56 58 60 63 64 66 68 70 73 74:9031:76 164 354 132 219 194 396 39 365 338 132 546 174 44 276 84 207 280 448 456 246 5 151 222 54 164 242 28 568 237 164 470 435 78 672 211 160
1 4 5 7 9 11 13 15 17 19 21 24 25 27 29 31 34 36 38 40 43 44 46 48 51 52 54 56 58 60 63 64 66 68 70 73 74:9767:228 123 354 220 219 582 198 39 73 676 264 546 87 220 184 202 69 224 560 456 33 5 755 222 72 82 121 28 284 237 492 188 435 117 168 844 160
1 4 5 7 9 11 13 15 17 19 21 24 25 27 29 31 34 36 38 40 42 44 46 48 51 52 54 56 58 60 63 65 66 68 70 73 74:9666:76 123 118 132 219 388 297 39 365 169 198 910 174 176 184 505 138 112 224 456 246 20 302 222 54 82 121 14 142 948 164 1252 435 39 168 422 32
1 4 5 7 9 11 13 15 17 19 21 24 25 27 29 32 34 36 38 40 42 44 46 48 51 52 54 56 58 60 63 65 66 68 70 73 74:10073:228 41 118 132 219 194 297 26 73 507 132 728 435 132 460 56 345 56 112 608 164 15 151 888 72 82 363 21 142 474 328 626 580 78 672 422 96
1 4 5 7 9 11 13 15 17 19 21 24 25 27 29 31 34 36 38 40 43 44 46 48 51 52 54 56 58 60 63 65 66 68 70 73 74:11554:380 205 472 220 438 388 198 39 73 338 198 182 174 220 92 505 69 224 112 304 33 10 302 1110 54 123 605 7 568 237 820 626 145 156 840 1055 32
1 4 5 7 9 11 13 15 17 19 21 24 25 27 29 32 34 36 38 40 42 44 46 48 50 52 54 56 58 60 62 65 66 68 70 73 74:13842:380 123 354 132 657 388 198 39 292 507 330 910 261 220 92 140 69 280 560 456 246 20 755 222 240 123 484 7 710 948 285 1252 580 117 672 633 160
1 4 5 7 9 11 13 15 17 19 21 24 25 27 29 31 34 36 38 40 43 44 46 48 50 52 54 56 58 60 62 65 66 68 70 73 74:11084:76 205 354 132 219 582 99 13 365 507 198 182 261 220 368 101 345 56 560 456 55 15 302 222 240 205 605 7 568 1185 114 313 580 195 840 211 128
1 4 5 7 9 11 13 15 17 19 21 24 25 27 29 31 34 36 38 40 43 44 46 48 50 52 54 57 58 60 62 65 66 68 70 73 74:11160:304 41 590 176 657 194 495 13 219 169 330 182 261 44 368 404 69 56 112 760 33 5 302 222 96 164 242 927 284 1185 114 626 435 195 336 422 128
1 4 5 7 9 11 13 15 17 19 21 24 25 27 29 31 34 36 38 40 43 44 46 48 50 53 54 57 58 60 62 65 66 68 70 73 74:13918:76 164 236 220 1095 582 396 65 146 169 132 728 261 220 276 202 69 112 224 152 22 5 755 444 192 278 605 1545 426 711 285 939 725 78 168 1055 160
1 4 5 7 9 11 13 15 17 19 21 24 25 27 29 32 34 36 38 40 42 44 46 48 51 52 54 56 58 60 63 64 66 68 70 72 74:11613:304 123 472 132 438 194 297 52 365 845 264 546 261 88 460 112 69 280 224 456 246 5 302 666 18 41 605 7 710 474 820 282 580 39 672 36 128
1 4 5 7 9 11 13 15 17 19 21 24 25 27 29 31 34 36 38 40 42 44 46 48 51 52 54 56 58 60 63 65 66 68 70 72 74:12588:152 164 236 44 1095 970 495 13 292 676 66 910 87 220 92 505 138 56 448 608 82 15 302 666 54 205 242 7 568 474 656 939 580 195 168 72 96
1 4 5 7 9 11 13 15 17 19 21 24 25 27 29 32 34 36 38 40 42 44 46 48 51 52 54 56 58 60 63 65 66 68 70 72 74:10646:380 82 472 220 657 194 99 13 73 507 132 546 435 44 276 84 345 224 448 608 82 15 604 222 90 41 121 14 426 948 164 1252 435 39 168 90 96
1 3 5 7 9 11 13 15 17 19 21 24 25 27 29 32 34 36 39 40 42 44 46 48 51 52 54 56 58 60 62 65 66 68 71 73 74:11887:304 105 118 220 219 194 99 65 219 169 264 910 348 44 184 140 138 56 225 760 328 15 453 222 54 164 605 28 426 1185 57 1565 290 195 432 1055 32
1 3 5 7 9 11 13 15 17 19 21 24 25 27 29 32 34 36 39 40 43 44 46 48 51 52 54 56 58 60 62 65 66 68 71 73 74:12577:228 140 354 44 657 776 396 65 146 507 198 182 435 88 92 56 69 224 45 608 55 15 604 1110 36 41 605 28 426 1185 171 1252 435 156 144 844 160
1 3 6 7 9 11 13 15 17 19 21 24 25 27 29 32 35 36 39 40 43 44 46 48 51 52 54 56 58 60 62 65 66 68 70 73 74:11467:152 105 74 220 657 776 99 52 73 338 66 182 174 176 92 56 1256 280 90 760 11 25 604 666 54 164 484 7 710 237 285 313 725 39 672 633 160
1 3 5 7 9 11 13 15 17 19 21 24 25 27 29 32 34 36 39 41 42 44 46 48 51 52 54 56 58 60 63 65 66 68 71 73 74:13099:380 35 472 44 1095 582 99 39 292 676 264 546 348 176 276 84 276 168 180 298 246 10 755 888 54 82 605 35 710 237 820 939 145 117 576 422 128
1 3 5 7 9 11 13 15 17 19 21 24 25 27 29 32 34 36 39 41 43 44 46 48 51 52 54 56 58 60 63 65 66 68 71 73 74:11961:228 175 472 44 876 776 396 13 365 338 330 728 87 88 184 28 207 168 135 447 11 20 453 444 72 82 242 7 710 711 164 1252 725 78 144 633 128
1 3 6 7 9 11 13 15 17 19 21 24 25 27 29 32 34 36 39 41 43 44 46 48 51 52 54 56 58 60 63 65 66 68 71 73 74:10451:304 70 148 88 438 582 297 26 365 676 132 182 261 220 460 84 69 280 45 447 22 10 151 888 18 41 484 14 710 237 656 626 290 78 144 844 64
1 3 5 7 9 12 13 16 17 19 21 24 25 27 29 32 34 36 39 40 42 44 46 48 51 52 54 56 58 60 62 64 66 68 71 73 74:12403:152 140 590 132 438 191 99 830 292 507 264 910 87 132 460 112 276 280 45 456 246 5 755 1110 72 205 605 7 426 711 57 282 290 78 432 633 96
1 3 6 7 9 11 13 15 17 19 21 24 25 27 29 31 34 36 39 40 42 44 46 48 50 52 54 56 58 60 62 65 66 69 70 73 74:11371:380 175 222 132 219 776 396 39 73 676 66 364 348 88 368 505 345 168 45 760 82 20 604 444 192 123 242 21 710 237 57 626 145 172 336 1055 160
1 3 6 7 9 11 13 15 17 19 21 24 25 27 29 31 34 36 39 40 42 44 46 48 50 52 54 56 58 60 62 65 66 69 71 73 74:12614:380 70 148 88 1095 582 99 13 292 845 264 546 435 220 276 505 69 280 180 760 328 5 453 666 144 205 121 28 284 237 228 1565 580 172 144 211 96
1 3 5 7 9 11 13 15 17 19 21 24 25 27 29 32 34 36 39 40 43 44 46 48 50 52 54 56 58 60 62 65 66 68 71 73 74:10931:380 70 472 220 876 776 396 52 73 169 330 910 261 44 92 112 276 168 225 608 33 5 302 888 240 123 242 28 142 711 171 626 145 39 144 422 160
1 3 6 7 9 11 13 15 17 19 21 24 25 27 29 32 34 36 39 40 43 44 46 48 50 52 54 56 58 60 62 65 66 68 70 73 74:13631:76 35 296 44 438 194 495 26 365 845 198 910 435 132 276 140 345 280 225 760 44 25 453 1110 192 123 605 7 568 948 228 939 580 39 168 1055 32
1 3 6 7 9 11 13 15 17 19 21 24 25 27 29 32 34 36 39 40 43 44 46 48 50 52 54 56 58 60 62 65 66 68 71 73 74:10213:228 70 296 132 657 776 99 26 365 338 66 182 174 88 368 112 345 280 180 304 33 20 151 666 96 82 363 14 426 237 171 1252 580 195 144 633 64
1 3 5 7 9 12 13 16 17 19 21 24 25 27 29 32 34 36 39 40 43 44 46 48 50 52 54 56 58 60 62 64 66 68 71 73 74:9590:304 105 236 88 219 955 99 332 73 507 66 182 87 220 460 84 276 56 135 456 55 20 604 666 48 164 363 28 284 711 228 376 290 39 288 422 64
1 3 5 7 9 11 13 16 17 19 21 24 25 27 29 32 34 36 39 40 43 44 46 48 50 52 54 56 58 60 62 65 66 68 71 73 74:11850:304 175 354 132 657 388 99 332 146 507 198 728 174 88 92 56 69 168 225 760 44 10 755 1110 240 123 121 35 284 1185 228 626 145 195 432 633 32
1 3 6 7 9 11 13 15 17 19 21 23 25 27 29 31 34 36 39 40 42 44 46 48 50 52 54 56 58 60 62 65 67 68 70 73 74:11239:380 35 222 88 657 776 396 52 146 507 330 1410 87 220 276 101 345 112 45 304 82 25 151 222 48 164 242 21 568 948 57 626 164 156 336 844 96
1 3 6 7 9 11 13 15 17 19 21 23 25 27 29 31 34 36 39 40 42 44 46 48 50 52 54 56 58 60 62 65 67 68 71 73 74:11099:228 140 148 44 438 582 297 65 146 507 330 846 348 44 92 505 207 224 45 304 164 5 604 222 96 41 484 28 568 948 57 626 41 156 432 1055 32
1 3 5 7 9 11 13 15 17 19 21 24 25 27 29 32 34 36 39 40 43 44 46 48 51 52 54 56 58 60 62 65 66 68 70 72 74:11172:76 70 472 88 438 970 99 65 292 845 330 728 348 132 184 140 138 224 45 608 11 10 151 666 36 123 605 7 426 711 114 313 725 156 672 90 64
1 3 5 7 9 11 13 15 17 19 21 24 25 27 29 31 34 36 39 41 42 44 46 48 51 52 54 56 58 60 63 65 66 68 71 72 74:11101:76 35 590 132 1095 194 198 39 73 169 264 364 348 44 460 101 138 56 180 298 82 25 302 444 36 41 363 14 284 1185 820 1565 145 39 720 54 128
1 3 5 7 9 11 13 15 17 19 21 24 25 27 29 32 34 36 39 41 42 44 46 48 51 52 54 56 58 60 63 65 66 68 71 72 74:12346:76 105 354 132 657 970 99 52 292 169 330 910 261 44 460 28 69 224 90 298 410 20 151 666 90 205 605 14 142 711 820 1565 290 195 720 90 32
1 3 5 7 9 11 13 15 17 19 21 24 25 27 29 32 34 36 39 41 43 44 46 48 51 52 54 56 58 60 63 65 66 68 71 72 74:12074:228 70 354 176 876 194 495 65 219 338 132 910 435 88 276 140 138 280 180 596 44 5 755 444 18 205 121 21 710 1185 328 626 725 195 288 54 160
1 3 5 7 9 11 13 15 17 20 21 24 25 27 29 32 34 36 39 40 43 44 47 48 51 52 54 56 58 60 62 65 66 68 70 72 74:9876:228 70 472 176 876 970 297 52 73 78 66 546 261 220 184 112 69 112 135 152 33 20 558 222 72 82 363 35 426 948 285 626 580 195 168 18 96
1 3 5 7 9 11 13 15 17 20 21 24 25 27 29 31 34 36 39 40 43 44 47 48 51 52 54 56 58 60 62 65 66 68 71 72 74:8687:76 105 236 88 219 194 495 26 73 117 66 182 348 132 276 404 69 280 225 456 11 15 558 888 72 82 242 7 568 474 171 313 435 156 432 36 160
1 3 5 7 9 11 13 16 17 20 21 24 25 27 29 31 34 36 39 40 43 44 47 48 51 52 54 56 58 60 62 64 66 68 71 72 74:10420:304 35 472 88 219 388 99 664 146 195 264 910 435 44 460 101 345 112 135 608 44 15 837 888 54 205 242 28 284 237 285 188 580 117 288 72 32
1 3 5 7 9 11 13 15 17 19 21 24 25 27 29 32 34 36 39 40 43 44 46 48 50 52 54 56 58 60 62 65 66 68 71 72 74:12491:380 105 354 88 1095 776 495 65 146 507 132 182 348 176 92 84 345 280 135 608 33 15 604 444 192 164 242 28 568 948 57 1565 145 195 720 18 160
1 3 5 7 9 12 13 16 17 19 21 24 25 27 29 32 34 36 39 40 43 44 46 48 50 52 54 56 58 60 62 65 66 68 71 72 74:10869:76 140 472 88 1095 191 198 664 219 169 264 728 261 220 368 84 138 168 180 456 33 10 151 888 48 82 484 14 142 948 228 626 725 117 144 18 32
1 3 5 7 9 11 13 15 17 20 21 24 25 27 29 32 34 36 39 40 43 44 47 48 50 52 54 56 58 60 62 65 66 68 70 72 74:12359:152 35 590 132 219 582 396 26 73 195 264 364 435 132 460 28 345 280 90 608 11 5 1395 1110 96 41 242 7 568 474 171 1252 435 156 840 54 96
1 3 5 7 9 11 13 15 17 20 21 24 25 27 29 31 34 36 39 40 43 44 47 48 50 52 54 56 58 60 62 65 66 68 71 72 74:11905:304 175 590 220 657 970 297 65 365 117 132 546 261 220 92 505 276 168 90 456 11 15 558 1110 96 82 605 35 284 711 285 313 725 117 288 36 128
1 3 5 7 9 12 13 15 17 20 21 24 25 27 29 31 34 36 39 40 43 44 47 48 50 52 54 56 58 60 62 65 66 68 71 72 74:11310:380 140 590 44 1095 573 99 26 146 195 198 364 261 220 92 101 276 168 225 760 44 20 837 222 240 123 484 14 426 474 285 1252 145 195 432 36 128
1 3 5 7 10 12 13 15 17 20 21 24 25 27 29 31 34 36 39 40 43 44 47 48 50 52 54 56 58 60 62 65 66 68 71 72 74:11814:152 105 590 88 600 191 297 65 73 78 264 728 174 132 184 505 207 224 135 608 33 25 558 1110 48 41 605 7 568 948 228 1252 290 195 288 90 128
1 4 6 7 9 11 13 15 17 19 21 24 25 27 29 33 34 36 39 40 42 44 46 48 51 52 54 56 58 60 62 64 66 68 71 73 74:10966:304 123 370 88 657 970 495 13 73 845 66 364 348 220 368 202 345 280 225 152 82 5 151 444 18 205 484 35 284 1185 171 188 145 156 144 633 128
1 4 5 7 10 12 13 15 17 19 21 24 25 27 29 33 34 36 39 40 42 44 46 48 51 52 54 56 58 60 62 64 66 68 71 73 74:11925:228 82 118 88 200 382 396 52 219 507 198 910 174 132 368 606 207 168 225 152 164 20 453 1110 90 164 484 7 710 1185 228 188 435 117 576 422 160
1 4 6 7 9 11 13 15 17 19 21 24 25 27 29 33 34 36 39 40 42 44 46 48 51 52 54 56 58 60 63 64 66 68 71 73 74:9295:152 41 222 44 438 194 198 13 146 169 264 910 348 132 276 202 345 56 45 304 82 10 151 222 90 205 363 28 710 711 164 282 725 39 432 422 160
1 4 5 7 9 12 13 15 17 20 21 24 25 27 29 33 34 36 39 40 42 44 47 48 51 52 54 56 58 60 62 64 66 68 71 73 74:11067:76 41 118 88 438 382 198 26 219 78 66 546 348 176 460 404 138 112 90 456 246 25 837 1110 54 205 363 35 568 711 285 376 580 195 288 633 96
1 4 5 7 9 12 13 15 17 20 21 24 25 27 29 33 34 36 39 40 42 44 47 48 51 52 54 56 58 60 63 64 66 68 71 73 74:11078:152 123 472 88 438 955 198 39 292 39 132 364 174 220 92 606 207 168 225 608 246 5 837 222 18 205 484 14 142 1185 328 188 580 117 576 211 128
1 4 6 7 9 11 13 15 17 19 21 24 25 27 29 33 34 36 39 40 42 44 46 48 50 52 54 56 58 60 62 64 66 68 71 73 74:10740:152 164 74 132 1095 582 99 13 219 676 264 546 435 176 276 606 276 224 135 608 246 5 151 444 48 205 121 35 142 1185 285 376 145 117 144 211 128
1 4 6 7 9 11 13 15 17 19 21 23 25 27 29 33 34 36 39 40 42 44 46 48 50 52 54 56 58 60 62 64 67 68 71 73 74:12001:152 164 296 176 876 776 495 13 146 676 66 564 174 44 460 808 69 168 225 304 410 25 302 1110 96 164 605 7 426 711 285 94 41 78 720 211 64
1 3 5 7 9 11 13 15 17 19 21 24 25 27 29 31 34 37 39 40 42 44 46 48 51 52 54 56 58 60 62 65 66 69 71 73 74:10704:76 35 354 44 219 582 495 26 73 845 330 182 87 88 92 101 138 174 225 456 82 5 302 666 36 41 605 14 568 237 114 1565 145 688 432 422 160
1 3 5 7 9 11 13 15 17 19 21 24 25 27 29 31 34 37 39 40 42 44 46 48 50 52 54 56 58 60 62 65 66 69 71 73 74:13348:380 35 354 88 219 776 198 39 73 676 264 910 435 88 276 303 69 87 135 456 246 20 604 1110 192 205 121 35 426 948 114 1252 435 516 144 1055 64
1 3 5 7 9 11 13 16 18 20 21 24 25 27 29 32 34 36 38 40 43 44 46 48 50 52 54 56 58 60 62 64 66 68 70 73 74:11090:380 70 118 132 219 388 99 830 164 39 264 364 348 176 460 140 276 168 336 760 44 15 755 222 48 41 605 35 710 474 228 282 145 39 840 844 32
1 3 5 7 9 12 13 16 18 20 21 24 25 27 29 32 34 36 38 40 42 44 46 48 50 52 54 56 58 60 62 64 66 68 70 73 74:12647:380 140 590 44 1095 573 396 498 41 39 132 910 174 176 460 84 69 224 336 760 328 5 302 222 144 123 121 14 710 1185 228 470 435 156 840 211 32
1 3 5 7 9 11 13 16 18 20 21 24 25 27 29 32 34 36 38 40 42 44 47 48 50 52 54 56 58 60 62 64 66 68 70 73 74:9749:380 35 472 220 438 194 99 664 41 156 264 728 174 44 184 28 345 224 112 304 246 25 279 888 48 41 242 35 142 474 114 470 145 39 336 1055 64
1 3 5 7 9 11 13 16 18 20 21 24 25 27 29 32 34 36 38 40 43 44 47 48 50 52 54 56 58 60 62 64 66 68 70 73 74:11364:304 175 354 88 219 970 99 332 164 195 264 182 348 176 460 56 276 224 336 152 33 20 1116 666 96 205 605 7 284 711 285 376 725 39 336 422 64
1 3 5 7 9 11 13 16 18 20 21 24 25 27 29 32 34 36 38 40 42 44 47 48 51 52 54 56 58 60 62 64 66 68 70 72 74:11834:152 70 118 176 876 970 297 498 82 117 132 364 348 176 92 84 345 224 112 760 328 10 837 666 18 123 484 35 710 948 171 376 725 78 168 36 128
1 3 5 7 9 11 13 16 18 20 21 24 25 27 29 31 34 36 38 40 43 44 47 48 51 52 54 56 58 60 62 64 66 68 70 72 74:11013:304 105 236 132 876 194 198 498 164 156 264 364 348 176 276 303 276 112 560 304 22 25 558 1110 36 123 121 14 142 948 57 376 725 156 672 18 64
1 4 5 7 9 12 13 16 18 20 21 24 25 27 29 33 34 36 38 40 42 44 46 48 50 52 54 56 58 60 62 64 66 68 70 72 74:11744:152 205 354 176 438 955 495 332 123 39 66 728 174 220 460 606 345 112 112 152 82 25 604 222 144 205 605 28 710 1185 57 282 290 39 840 54 128
1 4 5 7 9 11 13 16 18 20 21 24 25 27 29 32 34 36 38 40 42 44 46 48 51 52 54 56 58 60 62 64 66 68 70 72 74:10574:304 205 472 44 657 582 495 166 82 195 330 364 174 132 92 84 276 168 448 456 328 10 453 1110 18 41 484 21 426 711 171 94 435 78 336 36 96
1 4 5 7 9 11 13 16 18 20 21 24 25 27 29 31 34 36 38 40 43 44 46 48 51 52 54 56 58 60 62 64 66 68 70 72 74:10498:304 205 590 220 219 776 99 830 205 117 66 182 435 88 368 505 276 112 112 760 44 10 151 666 36 164 242 14 284 1185 228 188 290 195 168 36 128
1 3 5 7 9 12 13 16 18 20 21 24 25 27 29 32 34 36 39 40 42 44 46 48 51 52 54 56 58 60 62 64 66 68 71 73 74:11584:76 35 118 132 657 955 495 830 205 39 132 910 348 44 368 140 276 56 180 152 164 5 151 222 54 205 484 35 710 1185 285 188 290 195 144 1055 64
1 3 5 7 9 11 13 16 18 20 21 24 25 27 29 32 34 36 39 40 42 44 46 48 50 52 54 56 58 60 62 64 66 68 70 73 74:10227:152 70 354 220 438 194 297 498 123 78 330 728 435 88 184 112 207 280 90 152 410 20 453 444 96 164 242 35 284 1185 285 376 290 195 168 422 128
1 3 5 7 9 11 13 16 18 20 21 24 25 27 29 32 34 36 39 40 42 44 46 48 50 52 54 56 58 60 62 64 66 68 71 73 74:10892:228 140 236 132 219 194 297 498 82 195 330 910 261 220 184 84 138 56 135 608 246 20 604 888 96 123 605 14 568 474 57 94 435 117 432 844 128
1 3 5 7 9 11 13 16 18 20 21 24 25 27 29 32 34 36 39 40 43 44 46 48 50 52 54 56 58 60 62 64 66 68 71 73 74:12023:380 105 590 220 1095 582 198 166 164 156 66 910 174 220 460 56 345 168 180 304 22 20 151 666 144 123 363 21 568 474 285 470 290 195 720 844 128
1 3 5 7 9 12 13 16 18 20 21 24 25 27 29 32 34 36 39 40 42 44 46 48 51 52 54 56 58 60 62 64 66 68 71 72 74:10904:152 70 354 176 1095 573 495 332 82 39 264 728 87 220 460 28 345 224 180 456 410 15 453 222 90 82 121 35 710 948 114 188 435 39 432 90 160
1 3 5 7 9 11 13 16 18 20 21 24 25 27 29 32 34 36 39 40 43 44 46 48 50 52 54 56 58 60 62 64 66 68 71 72 74:10187:228 105 590 88 876 194 99 664 41 78 330 182 348 176 184 84 207 168 225 760 44 20 453 1110 48 205 121 7 568 948 114 188 145 195 144 90 160
1 3 5 7 9 11 13 15 17 19 21 24 25 27 29 31 34 37 38 40 42 44 46 49 51 52 54 56 58 60 62 65 66 68 70 72 74:11577:228 175 118 132 876 776 495 52 292 338 330 182 261 176 276 101 138 174 448 152 246 10 151 676 90 164 121 14 284 1185 57 1252 725 78 672 36 96
1 3 5 7 9 11 13 15 17 19 21 24 25 27 29 31 34 37 38 40 42 44 46 49 50 52 54 56 58 60 62 65 66 68 70 72 74:11227:304 70 118 176 657 582 198 52 73 845 66 182 435 176 368 101 345 261 560 304 410 25 302 507 48 164 484 14 426 1185 57 939 290 117 168 90 128
1 3 5 7 9 11 13 15 17 20 21 24 25 27 29 31 34 37 38 40 42 44 47 49 50 52 54 56 58 60 62 65 66 68 70 72 74:11098:228 140 236 44 657 776 99 52 146 195 264 910 87 220 276 505 138 261 336 152 246 5 1116 507 240 123 121 7 568 711 228 313 145 156 672 90 128
1 4 5 7 9 11 13 15 17 19 21 24 25 27 29 33 34 37 38 40 42 44 46 49 50 52 54 56 58 60 62 64 66 68 70 72 74:10069:152 123 118 220 219 194 495 13 73 169 330 364 87 176 184 808 138 348 448 760 82 5 604 169 192 41 484 35 710 948 285 282 145 78 504 54 32
1 3 5 7 9 11 13 15 17 19 21 24 25 27 29 31 34 37 39 40 42 44 46 49 50 52 54 56 58 60 62 65 66 68 71 72 74:12403:380 175 236 176 1095 194 297 65 73 507 264 910 174 220 184 101 345 435 45 760 410 15 453 845 192 164 242 28 284 711 57 1565 145 156 432 36 32
1 3 5 7 9 11 14 15 17 19 21 24 25 27 29 32 34 36 38 40 43 44 46 48 51 52 54 56 58 60 62 65 66 68 70 73 74:13383:304 35 236 220 1095 582 69 52 365 338 330 728 87 220 460 112 276 112 336 608 22 10 604 888 54 82 363 14 568 474 114 1565 145 156 672 1055 32
1 3 5 7 9 11 14 15 17 20 21 24 25 27 29 31 34 36 38 40 43 44 47 48 51 52 54 56 58 60 62 65 66 68 70 73 74:11408:152 70 236 88 219 582 69 52 146 78 66 364 174 44 368 505 207 168 224 456 55 10 1116 444 90 205 363 28 426 948 114 1565 290 117 672 633 64
1 3 5 7 9 11 14 16 17 20 21 24 25 27 29 32 34 36 38 40 42 44 47 48 51 52 54 56 58 60 62 64 66 68 70 73 74:8649:152 140 590 132 219 582 69 166 365 39 132 910 261 44 276 84 138 280 112 152 164 15 558 222 90 41 121 7 568 474 285 282 290 78 336 211 64
1 3 5 7 9 11 14 15 17 19 21 24 25 27 29 32 34 36 38 40 43 44 46 48 50 52 54 56 58 60 62 65 66 68 70 73 74:12080:76 35 236 220 657 582 92 13 219 507 330 182 348 88 460 56 69 112 560 760 11 25 453 666 144 205 121 21 142 1185 285 939 580 78 504 1055 64
1 3 5 7 9 11 14 15 17 19 21 24 25 27 29 32 34 36 38 40 43 44 46 48 50 52 54 56 58 60 62 65 66 68 71 73 74:12728:152 35 236 176 876 776 69 39 146 676 198 546 348 132 368 56 276 280 112 608 11 15 604 1110 96 205 242 35 142 948 171 1252 725 117 432 422 96
1 3 6 7 9 11 14 15 17 19 21 24 25 27 29 32 34 36 38 40 43 44 46 48 50 52 54 56 58 60 62 65 66 68 71 73 74:10620:76 175 296 220 219 970 69 39 146 845 66 364 261 220 460 84 207 168 112 304 33 5 453 888 144 164 242 14 284 1185 171 626 145 156 144 633 32
1 3 6 7 9 11 14 15 17 19 21 24 25 27 29 32 35 36 38 40 43 44 46 48 50 52 54 56 58 60 62 65 66 68 70 73 74:13503:152 175 222 132 657 776 46 65 219 845 264 364 261 88 460 140 942 280 112 152 44 15 604 888 192 123 242 14 284 948 228 1252 145 117 840 1055 160
1 3 5 7 9 12 14 16 17 19 21 24 25 27 29 32 34 36 38 40 43 44 46 48 50 52 54 56 58 60 62 64 66 68 71 73 74:9459:304 35 354 220 876 955 92 332 146 338 132 364 174 176 276 84 345 56 112 152 55 15 302 444 48 82 484 21 284 474 171 94 725 78 288 211 160
1 3 5 7 9 11 14 16 17 19 21 24 25 27 29 32 34 36 38 40 43 44 46 48 50 52 54 56 58 60 62 65 66 68 71 73 74:12625:304 140 354 132 657 194 23 664 146 676 264 546 348 44 92 28 276 112 448 608 55 10 453 222 240 123 605 35 284 711 285 1252 725 117 576 844 32
1 3 5 7 9 11 14 15 17 20 21 24 25 27 29 31 34 36 38 40 43 44 47 48 50 52 54 56 58 60 62 65 66 68 70 73 74:11541:380 140 236 220 219 776 115 65 292 195 330 546 435 44 92 303 69 168 336 304 22 25 1116 1110 96 164 363 21 426 474 171 939 145 78 672 422 32
1 3 5 7 9 11 14 16 17 20 21 24 25 27 29 32 34 36 38 40 43 44 47 48 50 52 54 56 58 60 62 64 66 68 70 73 74:10177:380 140 590 176 438 776 69 332 365 195 198 182 435 88 92 56 69 168 112 760 11 20 279 222 48 164 242 7 284 948 228 470 290 78 504 633 128
1 3 5 7 9 11 14 16 17 20 21 24 25 27 29 31 34 36 38 40 43 44 47 48 50 52 54 56 58 60 62 65 66 68 70 73 74:12886:228 70 236 132 876 388 69 664 292 117 132 728 348 176 184 202 345 56 560 304 55 10 1116 888 240 205 605 7 568 474 228 939 290 78 168 844 64
1 3 5 7 9 11 14 15 17 20 21 24 25 27 29 32 34 36 38 40 43 44 47 48 51 52 54 56 58 60 62 65 66 68 70 72 74:10595:76 105 590 44 219 388 46 52 73 117 198 910 348 44 368 84 138 56 112 760 22 20 837 444 90 123 605 35 426 711 228 1252 145 39 840 18 32
1 3 5 7 9 12 14 16 17 20 21 24 25 27 29 31 34 36 38 40 43 44 47 48 51 52 54 56 58 60 62 65 66 68 70 72 74:11631:152 140 472 176 1095 191 92 166 292 39 330 910 87 220 184 404 345 168 336 304 44 10 1116 888 90 41 363 14 710 711 228 313 290 156 336 90 128
1 3 5 7 10 11 14 15 17 19 21 24 25 27 29 32 34 36 38 40 43 44 46 48 50 52 54 56 58 60 62 65 66 68 70 72 74:12614:380 35 472 88 200 194 115 52 73 676 264 910 174 132 460 84 276 280 336 760 33 5 755 888 144 82 605 35 426 948 285 1252 145 78 840 36 96
1 3 5 7 10 11 14 15 17 19 21 24 25 27 29 32 34 36 38 40 43 44 46 48 50 52 54 56 58 60 62 65 66 68 71 72 74:11411:152 175 354 88 1000 970 46 39 73 676 330 728 261 220 276 84 138 280 336 456 22 10 453 666 192 82 121 28 568 1185 171 626 290 39 144 36 96
1 3 5 7 9 12 14 16 17 19 21 24 25 27 29 32 34 36 38 40 43 44 46 48 50 52 54 56 58 60 62 65 66 68 71 72 74:10434:152 35 472 220 876 191 23 332 73 338 264 728 87 132 368 28 138 168 448 152 55 15 151 444 240 164 605 28 710 237 57 939 725 195 576 36 32
1 3 5 7 9 11 14 15 17 20 21 24 25 27 29 32 34 36 38 40 43 44 47 48 50 52 54 56 58 60 62 65 66 68 70 72 74:9785:380 140 472 220 219 194 92 13 365 195 264 182 261 44 184 112 207 280 112 760 22 25 558 1110 96 41 121 28 426 711 171 313 725 156 336 90 160
1 3 5 7 9 11 14 15 17 20 21 24 25 27 29 32 34 36 38 40 43 44 47 48 50 52 54 56 58 60 62 65 66 68 71 72 74:9943:228 175 118 44 438 582 46 26 292 39 198 546 87 176 368 28 345 168 560 152 55 10 558 444 48 123 484 35 426 237 171 1565 725 156 144 18 128
1 3 5 7 10 11 14 15 17 20 21 24 25 27 29 31 34 36 38 40 43 44 47 48 50 52 54 56 58 60 62 65 66 68 70 72 74:10035:304 175 354 44 400 388 69 52 365 117 66 728 87 220 368 202 69 112 336 760 11 15 1116 444 240 205 242 35 142 711 228 313 725 78 168 18 128
1 3 5 7 9 11 14 16 17 20 21 24 25 27 29 31 34 36 38 40 43 44 47 48 50 52 54 56 58 60 62 65 66 68 70 72 74:9861:304 105 472 44 438 388 92 830 146 156 264 364 261 44 92 202 345 56 224 608 11 20 558 222 96 205 121 35 426 474 285 626 580 195 504 36 32
1 3 5 7 9 11 14 16 17 20 21 24 25 27 29 32 34 36 38 40 43 44 47 48 50 52 54 56 58 60 62 65 66 68 71 72 74:12153:152 175 236 44 438 388 115 664 292 156 66 910 261 132 276 28 138 280 448 152 11 10 1395 222 144 164 363 7 568 948 285 1252 435 78 720 72 128
1 3 5 7 9 12 14 16 17 20 21 24 25 27 29 31 34 36 38 40 43 44 47 48 50 52 54 56 58 60 62 65 66 68 70 72 74:10009:380 70 590 176 219 191 23 166 292 156 330 364 261 88 92 101 138 56 112 456 33 25 1116 666 192 123 363 35 142 237 57 1252 725 78 504 72 128
1 4 6 8 9 11 14 15 17 19 21 24 25 27 29 33 34 36 38 40 42 44 46 48 51 52 54 56 58 60 62 64 66 68 71 72 74:9213:228 205 296 1125 657 194 115 26 292 169 132 364 87 176 368 202 345 168 336 152 410 10 151 444 54 123 363 7 142 237 285 188 435 195 432 36 64
1 4 6 7 10 11 14 15 17 19 21 24 25 27 29 33 34 36 38 40 42 44 46 48 51 52 54 56 58 60 62 64 66 68 71 72 74:10222:380 164 296 220 400 388 46 52 365 338 264 546 87 176 460 808 138 224 336 304 164 15 604 888 90 82 121 21 426 474 57 282 435 195 144 72 160
1 4 5 8 9 11 14 16 17 19 21 24 25 27 29 33 34 36 38 40 43 44 46 48 51 52 54 56 58 60 62 64 66 68 71 72 74:12178:304 82 236 675 876 582 69 498 146 676 66 910 261 176 92 808 69 280 336 152 11 5 755 1110 72 205 121 28 426 474 57 188 435 195 720 18 64
1 4 5 7 9 12 14 15 17 20 21 24 25 27 29 33 34 36 38 40 42 44 47 48 51 52 54 56 58 60 62 64 66 68 70 72 74:12436:304 123 590 88 876 955 23 13 73 78 66 546 261 132 460 808 276 224 448 456 328 20 558 222 90 41 363 28 568 1185 171 470 725 195 504 72 96
1 4 5 7 9 12 14 16 17 20 21 24 25 27 29 33 34 36 38 40 42 44 47 48 51 52 54 56 58 60 62 64 66 68 70 72 74:11823:228 82 472 88 438 573 46 332 73 156 330 910 174 44 460 1010 207 56 224 152 246 15 279 888 54 82 605 28 568 948 228 376 580 117 504 90 160
1 4 6 7 10 11 14 15 17 19 21 24 25 27 29 33 34 36 38 40 42 44 46 48 50 52 54 56 58 60 62 64 66 68 71 72 74:9818:152 41 296 176 600 582 115 65 219 507 330 910 174 88 276 1010 138 56 224 152 410 15 453 444 240 205 121 35 142 237 114 376 145 156 432 54 128
1 4 5 7 9 12 14 15 17 20 21 24 25 27 29 33 34 36 38 40 42 44 47 48 50 52 54 56 58 60 62 64 66 68 70 72 74:9459:152 164 354 176 876 764 23 26 365 156 66 728 261 88 92 202 138 112 112 304 82 25 837 444 48 205 242 14 142 237 285 376 435 78 672 18 160
1 4 5 7 9 12 14 16 17 20 21 24 25 27 29 33 34 36 38 40 42 44 47 48 50 52 54 56 58 60 62 64 66 68 70 72 74:9385:380 41 472 220 219 191 115 166 73 156 330 364 174 132 460 202 138 56 224 456 328 25 1116 222 192 82 242 28 710 474 57 282 580 156 168 90 64
1 4 5 7 9 11 14 15 17 19 21 24 25 27 29 32 34 36 38 40 42 44 46 48 51 52 54 56 58 60 62 65 66 68 70 73 74:12472:228 82 236 88 438 388 92 39 365 845 198 910 348 44 460 28 345 56 448 456 410 5 302 1110 54 164 605 7 284 237 171 1565 725 117 168 422 32
1 4 5 7 9 11 14 15 17 19 21 24 25 27 29 31 34 36 38 40 43 44 46 48 51 52 54 56 58 60 62 65 66 68 70 73 74:10889:228 164 590 176 657 970 92 13 365 507 132 364 87 220 368 202 69 112 336 456 22 5 453 666 18 205 121 14 710 474 114 626 145 39 504 633 32
1 4 5 7 9 11 14 16 17 19 21 24 25 27 29 32 34 36 38 40 42 44 46 48 51 52 54 56 58 60 62 64 66 68 70 73 74:11096:380 123 472 44 1095 970 46 664 73 169 132 364 348 132 460 56 138 112 224 456 410 15 302 222 54 164 484 14 568 237 171 94 435 78 840 422 128
1 4 5 7 9 11 14 15 17 19 21 24 25 27 29 32 34 36 38 40 42 44 46 48 50 52 54 56 58 60 62 65 66 68 70 73 74:10896:76 41 118 88 219 582 92 26 365 676 66 728 348 88 368 56 276 168 112 304 328 5 453 888 192 82 363 28 568 1185 171 313 580 78 168 633 64
1 4 5 7 9 12 14 15 17 20 21 24 25 27 29 31 34 36 38 40 42 44 47 48 50 52 54 56 58 60 62 65 66 68 70 73 74:9341:228 41 472 88 876 191 23 65 219 117 66 182 435 176 184 101 276 56 112 608 164 15 837 666 192 164 363 21 568 237 57 313 145 39 168 844 32
1 4 5 7 9 12 14 16 17 20 21 24 25 27 29 31 34 36 38 40 42 44 47 48 50 52 54 56 58 60 62 64 66 68 70 73 74:12769:304 41 354 132 876 573 115 664 292 156 198 910 435 88 92 505 345 112 560 760 164 5 837 888 144 41 484 35 284 711 171 282 580 156 168 211 96
1 4 5 7 9 12 14 16 17 20 21 24 25 27 29 32 34 36 38 40 42 44 47 48 50 52 54 56 58 60 62 64 66 68 70 73 74:11944:76 82 472 88 438 764 115 498 365 78 66 728 435 44 460 140 276 112 560 304 246 5 1395 888 96 164 484 35 142 474 114 470 290 39 336 633 32
1 4 6 7 10 11 14 15 17 19 21 24 25 27 29 31 34 36 38 40 42 44 46 48 51 52 54 56 58 60 62 64 66 68 71 72 74:10016:304 123 74 44 400 582 23 39 146 676 132 546 261 88 92 505 138 56 448 608 246 20 755 444 36 205 121 35 710 948 171 94 145 39 576 90 96
1 4 6 7 10 11 14 15 17 19 21 24 25 27 29 31 34 36 38 40 42 44 46 48 50 52 54 56 58 60 62 64 66 68 71 72 74:9593:380 205 148 88 200 776 23 26 365 169 66 364 261 88 92 101 69 280 336 760 82 5 604 888 240 164 484 28 710 474 228 376 145 156 144 36 32
1 4 5 7 9 12 14 16 17 20 21 24 25 27 29 32 34 36 38 40 42 44 47 48 50 52 54 56 58 60 62 64 66 68 70 72 74:10735:152 205 118 220 438 955 69 664 219 117 66 728 87 88 276 140 69 56 448 608 246 25 837 1110 144 205 121 28 142 948 171 376 145 78 336 36 64
1 3 5 7 9 11 14 15 17 19 21 24 25 27 29 31 34 36 39 41 42 44 46 48 51 52 54 56 58 60 62 65 66 69 71 73 74:13505:76 175 354 132 657 194 115 65 219 676 330 182 174 176 276 404 138 280 225 745 82 10 453 1110 54 164 484 35 426 1185 57 1252 435 860 576 633 96
1 3 5 7 9 11 14 15 17 19 21 24 25 27 29 32 34 36 39 40 42 44 46 48 51 52 54 56 58 60 62 65 66 68 71 73 74:11847:76 175 354 176 219 970 69 26 292 507 132 910 348 44 276 140 138 280 225 304 82 20 453 222 36 41 605 35 710 237 114 1565 580 117 576 633 160
1 3 5 7 9 11 14 15 17 19 21 24 25 27 29 31 34 36 39 41 42 44 46 48 51 52 54 56 58 60 62 65 66 68 71 73 74:12324:228 105 472 132 657 582 46 26 73 676 132 728 261 220 368 303 207 168 180 149 246 25 302 1110 72 205 484 21 142 1185 171 1252 435 78 576 211 96
1 3 5 7 9 11 14 15 17 19 21 24 25 27 29 32 34 36 39 41 42 44 46 48 51 52 54 56 58 60 62 65 66 68 71 73 74:12974:304 35 118 44 1095 970 46 39 219 845 198 910 435 88 276 28 345 56 90 447 410 15 302 888 90 123 363 35 284 237 285 1252 580 195 144 1055 128
1 3 5 7 9 11 14 15 17 19 21 24 25 27 29 31 34 36 39 40 43 44 46 48 51 52 54 56 58 60 62 65 66 68 71 73 74:10297:228 140 354 132 657 970 115 13 146 338 132 910 435 88 184 505 345 56 90 608 11 5 151 222 18 82 121 21 710 474 285 313 580 39 576 211 32
1 3 5 7 9 11 14 15 17 19 21 24 25 27 29 32 34 36 39 40 43 44 46 48 51 52 54 56 58 60 62 65 66 68 71 73 74:12238:228 175 472 220 657 582 115 13 219 676 66 910 261 88 184 84 345 168 90 304 22 10 604 1110 54 205 605 35 142 711 228 939 580 39 432 633 32
1 3 6 7 9 11 14 15 17 19 21 24 25 27 29 32 34 36 39 40 43 44 46 48 51 52 54 56 58 60 62 65 66 68 71 73 74:12507:380 70 148 176 1095 582 69 13 73 676 330 910 87 176 184 84 345 224 90 304 55 10 604 888 90 82 484 21 568 1185 57 313 435 39 720 844 96
1 3 5 7 9 11 14 15 17 19 21 24 25 27 29 32 34 36 39 41 43 44 46 48 51 52 54 56 58 60 62 65 66 68 71 73 74:9842:380 140 472 44 219 194 115 65 73 676 66 546 174 176 92 56 207 224 225 745 33 10 453 1110 90 82 121 14 142 474 114 939 435 117 576 211 32
1 3 6 7 9 11 14 15 17 19 21 24 25 27 29 32 34 36 39 41 43 44 46 48 51 52 54 56 58 60 62 65 66 68 71 73 74:11147:380 70 370 220 657 970 69 39 365 169 330 728 348 44 276 56 276 112 225 596 11 20 302 666 72 41 605 14 142 711 114 1252 290 156 144 211 96
1 3 5 7 9 12 14 16 17 19 21 24 25 27 29 32 34 36 39 40 42 44 46 48 51 52 54 56 58 60 62 64 66 68 71 73 74:12199:380 105 472 88 1095 955 92 664 73 169 264 728 261 176 276 84 69 56 180 760 328 10 755 1110 90 41 363 28 142 237 285 94 435 39 144 1055 96
1 3 5 7 9 12 14 16 17 19 21 24 25 27 29 32 34 36 39 40 43 44 46 48 51 52 54 56 58 60 62 64 66 68 71 73 74:9338:152 105 236 88 438 382 23 166 365 845 330 910 174 176 368 56 138 112 225 456 44 25 453 666 90 205 484 21 284 237 114 282 145 156 144 211 32
1 3 5 7 9 11 14 16 17 19 21 24 25 27 29 31 34 36 39 40 43 44 46 48 51 52 54 56 58 60 62 65 66 68 71 73 74:12830:152 175 354 176 657 388 46 830 73 845 132 546 348 88 184 404 276 112 90 456 55 10 755 444 54 82 242 28 710 474 228 939 725 156 720 844 32
1 3 5 7 9 11 14 16 17 19 21 24 25 27 29 32 34 36 39 40 43 44 46 48 51 52 54 56 58 60 62 65 66 68 71 73 74:12312:76 35 236 220 657 388 69 498 219 507 66 364 435 176 184 112 345 168 45 760 33 15 453 666 18 205 242 35 710 948 285 1252 145 117 720 844 64
1 3 6 7 9 11 14 15 17 19 21 24 25 27 29 31 34 36 39 40 42 44 46 48 50 52 54 56 58 60 62 65 66 69 70 73 74:11831:380 35 222 132 657 582 69 52 219 676 66 910 261 176 184 505 345 56 135 456 410 20 302 222 192 82 363 28 426 711 228 313 145 344 840 1055 32
1 3 5 7 9 11 14 15 17 19 21 24 25 27 29 32 34 36 39 40 42 44 46 48 50 52 54 56 58 60 62 65 66 68 71 73 74:13016:228 105 236 176 438 582 115 26 219 845 198 728 435 220 184 28 207 168 45 760 82 25 453 1110 192 123 484 35 426 711 228 1565 580 39 144 844 32
1 3 5 7 9 11 14 15 17 19 21 24 25 27 29 31 34 36 39 40 43 44 46 48 50 52 54 56 58 60 62 65 66 68 71 73 74:11092:228 35 236 220 219 582 23 13 146 676 330 546 174 132 184 404 138 280 180 760 22 5 302 222 192 123 242 35 568 711 228 1565 725 195 144 211 96
1 3 6 7 9 11 14 15 17 19 21 24 25 27 29 32 34 36 39 40 43 44 46 48 50 52 54 56 58 60 62 65 66 68 70 73 74:10278:304 105 370 176 438 776 69 13 219 338 66 546 87 88 92 140 138 224 45 152 44 20 755 444 144 82 605 28 426 474 228 626 580 117 168 1055 96
1 3 5 7 9 12 14 16 17 19 21 24 25 27 29 31 34 36 39 40 43 44 46 48 50 52 54 56 58 60 62 64 66 68 71 73 74:11579:152 175 236 176 438 764 46 664 292 845 66 546 435 132 368 505 69 224 90 304 44 5 302 888 96 82 605 21 426 237 285 282 290 117 432 844 96
1 3 5 7 9 12 14 16 17 19 21 24 25 27 29 32 34 36 39 40 43 44 46 48 50 52 54 56 58 60 62 64 66 68 71 73 74:11857:304 70 590 176 438 955 92 498 292 338 132 910 174 220 276 140 207 280 90 456 55 10 453 444 48 205 121 7 568 237 228 376 580 195 720 844 128
1 3 5 7 9 11 14 16 17 19 21 24 25 27 29 32 34 36 39 40 43 44 46 48 50 52 54 56 58 60 62 65 66 68 71 73 74:12895:304 70 590 44 1095 582 92 664 73 169 264 546 435 44 184 140 207 224 90 152 55 15 755 1110 192 123 605 7 142 237 57 1565 290 78 576 1055 64
1 3 5 7 9 11 14 15 17 19 21 24 25 27 29 31 34 36 39 41 42 44 46 48 51 52 54 56 58 60 62 65 66 68 71 72 74:10103:304 175 590 176 657 194 92 52 365 845 264 182 87 132 184 202 207 168 180 149 82 25 302 888 54 205 605 28 142 948 228 313 290 156 432 72 128
1 3 5 7 9 11 14 15 17 19 21 24 25 27 29 32 34 36 39 41 42 44 46 48 51 52 54 56 58 60 62 65 66 68 71 72 74:10178:228 175 354 220 876 970 115 13 73 169 330 364 261 44 184 56 276 112 90 447 82 5 755 888 90 41 121 28 568 474 171 626 145 39 720 36 32
1 3 5 7 10 11 14 15 17 19 21 24 25 27 29 31 34 36 39 41 42 44 46 48 51 52 54 56 58 60 62 65 66 68 71 72 74:9768:304 140 472 88 800 776 23 13 219 338 264 182 174 220 276 303 138 224 90 149 82 20 453 222 72 123 605 28 568 474 171 626 290 195 432 54 160
1 3 5 7 9 11 14 15 17 19 21 24 25 27 29 32 34 36 39 40 43 44 46 48 51 52 54 56 58 60 62 65 66 68 71 72 74:11711:380 35 590 176 219 776 23 26 146 845 264 364 435 176 92 28 345 112 225 152 55 15 604 1110 90 82 484 7 426 237 285 1565 725 39 432 18 128
1 3 5 7 10 11 14 15 17 19 21 24 25 27 29 32 34 36 39 40 43 44 46 48 51 52 54 56 58 60 62 65 66 68 71 72 74:8608:304 175 354 88 200 388 115 39 146 169 198 910 174 220 276 56 207 280 45 608 22 20 151 888 18 82 242 7 142 474 57 626 145 156 576 18 32
1 3 5 7 9 11 14 15 17 19 21 24 25 27 29 32 34 36 39 41 43 44 46 48 51 52 54 56 58 60 62 65 66 68 71 72 74:11563:380 105 236 132 1095 582 92 13 146 845 66 546 435 176 92 28 138 112 180 298 11 10 151 222 36 123 605 7 568 948 285 1252 725 39 720 36 128
1 3 5 7 10 11 14 15 17 19 21 24 25 27 29 32 34 36 39 41 43 44 46 48 51 52 54 56 58 60 62 65 66 68 71 72 74:9746:76 70 236 132 200 970 23 13 73 845 264 182 348 132 460 56 138 168 135 596 11 25 151 222 18 82 605 7 710 948 285 939 290 78 144 18 96
1 3 5 7 9 12 14 16 17 19 21 24 25 27 29 32 34 36 39 40 43 44 46 48 51 52 54 56 58 60 62 65 66 68 71 72 74:11568:228 35 472 88 657 382 23 664 292 338 198 364 174 44 184 84 345 280 180 760 33 15 604 666 90 82 363 28 710 1185 285 626 580 39 288 54 128
1 3 5 7 9 11 14 15 17 20 21 24 25 27 29 31 34 36 39 41 42 44 47 48 51 52 54 56 58 60 62 65 66 68 71 72 74:11502:228 35 590 88 1095 388 46 13 73 195 132 728 348 132 368 202 345 224 180 596 328 15 558 888 90 205 484 21 710 237 57 939 290 78 432 36 128
1 3 5 7 9 11 14 15 17 20 21 24 25 27 29 32 34 36 39 40 43 44 47 48 51 52 54 56 58 60 62 65 66 68 71 72 74:11501:76 105 472 176 876 582 92 13 365 195 264 910 261 44 184 28 207 56 225 760 22 25 1116 1110 54 123 605 21 568 474 285 313 145 195 432 90 32
1 3 5 7 9 11 14 15 17 20 21 24 25 27 29 32 34 36 39 41 43 44 47 48 51 52 54 56 58 60 62 65 66 68 71 72 74:10129:76 35 590 44 438 776 46 52 292 117 198 728 435 44 460 112 276 168 90 447 11 20 837 444 18 123 242 7 284 1185 171 313 145 117 720 36 32
1 3 5 7 9 11 14 16 17 20 21 24 25 27 29 32 34 36 39 40 43 44 47 48 51 52 54 56 58 60 62 65 66 68 71 72 74:10935:380 140 118 88 219 776 69 498 219 156 330 546 348 176 368 56 69 224 90 304 55 5 1395 222 36 82 363 35 568 948 285 626 725 78 288 18 32
1 3 5 7 9 12 14 16 17 20 21 24 25 27 29 31 34 36 39 40 42 44 47 48 51 52 54 56 58 60 62 65 66 68 71 72 74:11469:152 70 118 44 657 764 23 830 292 195 132 728 174 132 460 505 276 280 180 608 82 5 279 888 72 82 363 28 568 474 114 939 290 39 576 18 32
1 3 5 7 9 11 14 15 17 19 21 24 25 27 29 32 34 36 39 40 43 44 46 48 50 52 54 56 58 60 62 65 66 68 70 72 74:10064:76 70 118 220 1095 776 115 52 292 169 66 546 87 220 368 28 69 224 135 152 11 15 453 444 96 123 121 21 142 948 228 1252 725 39 336 72 160
1 3 5 7 10 11 14 15 17 19 21 24 25 27 29 32 34 36 39 40 43 44 46 48 50 52 54 56 58 60 62 65 66 68 70 72 74:12427:76 35 354 220 200 970 46 65 365 507 330 364 348 44 460 28 276 56 225 760 44 25 453 1110 192 41 605 7 426 474 171 1565 435 78 840 72 160
1 3 5 7 9 11 14 15 17 20 21 24 25 27 29 32 34 36 39 40 43 44 47 48 50 52 54 56 58 60 62 65 66 68 70 72 74:10600:152 35 354 88 876 970 92 13 73 117 330 910 87 132 92 84 69 224 135 760 33 15 1116 666 96 205 242 21 710 237 57 313 290 156 672 18 160
1 3 5 7 9 11 14 15 17 20 21 24 25 27 29 31 34 36 39 40 43 44 47 48 50 52 54 56 58 60 62 65 66 68 71 72 74:10538:304 140 118 44 657 776 92 65 73 78 132 182 435 132 368 303 276 224 135 456 11 20 837 444 192 205 121 28 568 948 57 1565 145 117 144 18 128
1 3 5 7 9 11 14 16 17 20 21 24 25 27 29 31 34 36 39 40 43 44 47 48 50 52 54 56 58 60 62 64 66 68 71 72 74:11936:76 35 236 44 657 388 92 830 73 156 198 728 435 132 460 202 69 280 90 760 11 10 1116 888 240 123 121 7 142 1185 171 470 435 156 720 72 128
1 3 5 7 9 11 14 16 17 20 21 24 25 27 29 31 34 36 39 40 43 44 47 48 50 52 54 56 58 60 62 65 66 68 71 72 74:12518:304 105 354 44 657 970 46 332 292 195 330 910 87 88 276 303 345 56 45 760 44 15 1395 222 192 205 242 35 710 948 114 313 725 195 432 72 160
1 4 5 7 9 12 14 15 17 19 21 24 25 27 29 33 34 36 39 40 42 44 46 48 51 52 54 56 58 60 62 64 66 68 71 72 74:10152:152 41 236 88 876 382 23 26 219 338 330 182 87 88 276 404 345 280 225 608 410 25 755 666 72 123 242 21 568 948 228 282 145 117 144 72 128
1 4 5 7 9 12 14 15 17 19 21 24 25 27 29 31 34 36 39 40 42 44 46 48 50 52 54 56 58 60 62 65 66 68 71 73 74:9527:152 41 236 220 219 191 69 52 219 507 264 182 87 132 368 202 69 112 135 152 410 20 453 666 144 123 242 21 284 474 57 313 725 195 576 1055 160
1 3 5 7 9 11 14 16 18 20 21 24 25 27 29 32 34 36 38 40 42 44 46 48 50 52 54 56 58 60 62 64 66 68 71 73 74:11244:304 35 236 220 438 582 115 166 164 156 264 546 261 132 276 140 276 280 560 152 246 15 604 444 144 123 484 21 710 948 114 282 725 195 432 422 32
1 3 5 7 9 11 14 16 18 20 21 24 25 27 29 32 34 36 38 40 43 44 46 48 50 52 54 56 58 60 62 64 66 68 71 73 74:10442:380 175 590 176 876 582 92 498 123 156 132 182 87 44 368 56 207 56 112 152 55 5 302 1110 96 82 121 28 568 711 171 470 580 117 432 422 128
1 3 5 7 9 11 14 16 18 20 21 24 25 27 29 32 34 36 38 40 42 44 47 48 50 52 54 56 58 60 62 64 66 68 70 73 74:9617:228 70 354 88 219 582 23 332 164 195 198 182 87 220 92 112 207 56 224 456 328 5 279 888 240 82 363 35 710 711 285 188 725 78 336 211 64
1 3 5 7 9 11 14 16 18 20 21 24 25 27 29 31 34 36 38 40 43 44 47 48 50 52 54 56 58 60 62 64 66 68 70 73 74:11811:380 175 354 220 1095 970 23 166 82 39 198 364 348 220 92 303 276 168 224 304 55 20 1116 888 48 205 242 21 710 711 228 94 290 117 336 633 96
1 3 5 7 9 11 14 16 18 20 21 24 25 27 29 32 34 36 38 40 43 44 47 48 50 52 54 56 58 60 62 64 66 68 70 73 74:11322:304 140 472 88 219 970 69 498 164 195 330 910 435 44 276 28 345 112 224 152 33 15 1116 666 144 123 484 14 426 474 285 94 435 195 504 211 128
1 3 5 7 9 11 14 16 18 20 21 24 25 27 29 32 34 36 38 40 43 44 47 48 50 52 54 56 58 60 62 65 66 68 70 73 74:13092:76 70 590 220 1095 776 69 498 41 156 66 910 348 132 92 84 69 224 560 760 33 15 279 888 48 164 121 21 568 474 228 1252 725 39 672 633 96
1 3 5 7 9 11 14 16 18 20 21 24 25 27 29 32 34 36 38 40 43 44 46 48 50 52 54 56 58 60 62 64 66 68 71 72 74:10212:76 70 118 44 657 776 92 830 123 195 330 910 174 88 276 84 138 56 224 456 55 20 604 888 48 205 121 21 426 237 228 188 435 195 720 72 32
1 3 5 7 10 11 14 16 18 20 21 24 25 27 29 32 34 36 38 40 43 44 46 48 50 52 54 56 58 60 62 65 66 68 71 72 74:10250:380 35 236 132 1000 388 23 332 82 195 330 546 87 132 92 56 345 112 224 608 11 5 302 1110 144 164 121 21 710 474 114 939 435 39 144 54 128
1 3 5 7 10 11 14 16 18 20 21 24 25 27 29 32 34 36 38 40 42 44 47 48 50 52 54 56 58 60 62 64 66 68 70 72 74:8591:76 35 472 88 400 970 92 332 41 117 264 182 87 44 276 84 276 168 224 152 328 5 558 444 48 205 121 28 426 237 171 470 145 117 840 36 32
1 3 5 7 9 11 14 16 18 20 21 24 25 27 29 32 34 36 38 40 43 44 47 48 50 52 54 56 58 60 62 64 66 68 70 72 74:10289:228 140 590 132 219 582 23 498 82 78 66 546 435 132 92 28 345 56 448 760 22 15 558 222 144 82 242 21 568 948 114 470 435 78 840 18 32
1 3 5 7 10 11 14 16 18 20 21 24 25 27 29 31 34 36 38 40 43 44 47 48 50 52 54 56 58 60 62 64 66 68 70 72 74:11490:304 105 354 176 600 970 23 498 123 78 330 546 174 88 92 202 345 280 448 304 33 10 1116 888 96 41 484 28 284 948 114 94 290 156 672 36 160
1 3 5 7 10 12 14 16 18 20 21 23 25 27 29 31 34 36 38 40 42 44 46 48 51 52 54 56 58 60 62 64 66 68 71 72 74:10019:380 175 118 132 200 191 92 332 41 39 132 1410 87 220 276 303 138 224 448 304 246 15 755 666 72 164 484 7 568 237 228 94 580 195 288 18 160
1 4 5 7 10 11 14 16 18 20 21 24 25 27 29 33 34 36 38 40 43 44 46 48 51 52 54 56 58 60 62 64 66 68 71 72 74:12088:380 164 590 176 1000 388 115 664 82 195 330 182 348 88 460 404 69 56 336 304 11 20 755 444 72 123 484 35 710 1185 57 188 725 78 720 54 96
1 4 5 7 9 12 14 16 18 20 21 24 25 27 29 33 34 36 38 40 42 44 46 48 51 52 54 56 58 60 62 64 66 68 70 72 74:11822:304 82 590 88 876 955 92 498 164 117 198 728 87 220 92 1010 69 280 448 760 328 15 151 888 18 82 121 14 426 711 228 282 290 78 336 36 160
1 4 5 7 9 12 14 16 18 20 21 24 25 27 29 33 34 36 38 40 42 44 46 48 50 52 54 56 58 60 62 64 66 68 70 72 74:9570:152 41 472 88 1095 382 46 166 164 195 264 182 348 132 276 404 69 224 560 760 410 10 453 222 48 205 242 14 426 237 57 282 145 117 504 18 160
1 4 5 7 9 12 14 16 18 20 21 24 25 27 29 33 34 36 38 40 42 44 46 48 50 52 54 56 58 60 62 64 66 68 71 72 74:9538:76 205 118 176 1095 573 92 166 41 39 264 546 261 176 460 606 138 224 224 760 164 5 151 222 48 82 363 14 568 237 171 188 290 195 432 72 96
1 4 5 7 9 12 14 16 18 20 21 24 25 27 29 31 34 36 38 40 42 44 46 48 50 52 54 56 58 60 62 64 66 68 70 73 74:11600:304 205 354 44 438 191 115 498 164 117 66 546 348 132 460 202 207 168 560 608 410 20 453 222 240 82 242 14 710 711 171 188 580 39 672 1055 64
1 4 5 7 9 12 14 16 18 20 21 24 25 27 29 32 34 36 38 40 42 44 46 48 50 52 54 56 58 60 62 64 66 68 70 73 74:10879:152 164 118 132 1095 573 69 166 82 156 330 728 435 132 92 112 138 56 336 456 246 25 755 888 192 82 121 35 710 711 171 376 145 78 336 422 64
1 4 5 7 10 11 14 16 18 20 21 24 25 27 29 31 34 36 38 40 43 44 46 48 51 52 54 56 58 60 62 64 66 68 71 72 74:10771:152 41 590 132 1000 776 23 498 205 195 198 728 87 88 368 202 345 56 448 152 22 15 453 888 72 164 605 14 426 474 171 188 145 78 576 36 160
1 4 5 7 9 12 14 16 18 20 21 24 25 27 29 32 34 36 38 40 42 44 46 48 50 52 54 56 58 60 62 64 66 68 70 72 74:9633:228 164 472 88 657 191 92 498 205 39 330 364 261 132 276 140 276 280 448 456 246 15 302 888 144 123 605 21 142 237 114 94 290 39 672 72 32
1 4 5 7 9 12 14 16 18 20 21 24 25 27 29 31 34 36 38 40 42 44 46 48 50 52 54 56 58 60 62 64 66 68 71 72 74:10500:228 164 472 132 1095 382 23 332 205 156 66 728 87 132 184 202 276 280 112 760 82 15 755 444 48 205 605 21 710 237 228 94 435 195 288 90 32
1 3 5 7 9 11 14 16 18 20 21 24 25 27 29 32 34 36 39 40 42 44 46 48 51 52 54 56 58 60 62 64 66 68 70 73 74:12540:152 175 472 44 876 776 46 830 205 39 330 182 261 220 368 28 345 168 135 760 164 5 755 888 36 41 121 21 426 948 285 94 580 195 840 633 96
1 3 5 7 9 11 14 16 18 20 21 24 25 27 29 31 34 36 39 40 42 44 46 48 51 52 54 56 58 60 62 64 66 68 71 73 74:10006:304 175 354 132 438 194 46 664 82 195 66 182 87 88 460 202 276 112 135 608 328 15 151 222 54 123 605 35 284 474 285 376 435 156 576 1055 32
1 3 5 7 9 11 14 16 18 20 21 24 25 27 29 32 34 36 39 40 42 44 46 48 51 52 54 56 58 60 62 64 66 68 71 73 74:10994:76 70 472 132 1095 388 46 166 82 156 330 910 174 44 368 84 207 112 90 456 82 15 453 666 36 123 484 21 284 948 285 470 290 39 432 844 64
1 3 5 7 9 11 14 16 18 20 21 24 25 27 29 32 34 36 39 40 43 44 46 48 51 52 54 56 58 60 62 64 66 68 71 73 74:10678:152 175 118 44 438 776 92 830 82 78 198 910 87 132 276 28 276 112 180 456 44 10 151 444 90 123 242 28 710 948 228 282 435 195 432 844 32
1 3 5 7 9 11 14 16 18 20 21 24 25 27 29 32 34 36 39 40 42 44 46 48 51 52 54 56 58 60 62 64 66 68 71 72 74:9897:380 140 354 44 876 776 23 332 164 78 264 364 87 44 276 56 345 280 225 608 246 15 604 444 54 123 242 7 710 474 114 282 435 39 288 72 32
1 3 5 7 10 11 14 16 18 20 21 24 25 27 29 31 34 36 39 40 42 44 46 48 51 52 54 56 58 60 62 64 66 68 71 72 74:10638:304 105 472 88 800 776 115 498 164 195 132 546 261 88 460 404 138 224 90 304 82 15 453 666 72 123 605 7 142 474 285 188 580 156 576 18 32
1 3 5 7 9 11 14 16 18 20 21 24 25 27 29 32 34 36 39 40 43 44 46 48 51 52 54 56 58 60 62 64 66 68 71 72 74:9301:228 140 472 132 876 194 92 166 41 117 198 910 435 220 460 28 276 280 225 456 55 5 151 222 54 41 242 21 284 474 57 376 580 117 576 36 64
1 3 5 7 10 11 14 16 18 20 21 24 25 27 29 32 34 36 39 40 43 44 46 48 51 52 54 56 58 60 62 65 66 68 71 72 74:9769:152 35 118 176 200 582 69 166 205 117 264 546 87 176 368 84 345 280 135 152 44 25 453 888 18 123 484 35 142 1185 57 313 580 195 720 90 160
1 3 5 7 10 12 14 16 18 20 21 23 25 27 29 31 34 36 39 40 42 44 46 48 51 52 54 56 58 60 62 64 66 68 71 72 74:11763:228 175 590 44 600 955 23 332 205 78 132 846 348 176 92 404 345 168 90 760 164 15 453 1110 90 205 484 35 284 474 114 376 580 156 432 72 128
1 4 5 7 9 12 14 16 18 20 21 24 25 27 29 33 34 36 39 40 42 44 46 48 51 52 54 56 58 60 62 64 66 68 71 72 74:11927:152 123 590 132 657 955 115 498 123 195 66 364 261 132 368 404 69 280 135 608 328 20 604 1110 36 41 121 28 710 711 285 282 435 195 576 90 128
1 4 5 7 9 12 14 16 18 20 21 24 25 27 29 31 34 36 39 40 42 44 46 48 50 52 54 56 58 60 62 64 66 68 71 73 74:11289:228 82 118 220 876 764 92 498 205 39 198 728 435 132 184 404 69 112 225 608 246 5 302 1110 240 123 363 35 426 237 171 376 580 39 576 211 32
1 4 5 7 9 12 14 16 18 20 21 24 25 27 29 32 34 36 39 40 42 44 46 48 50 52 54 56 58 60 62 64 66 68 71 73 74:12838:304 164 354 220 876 573 69 664 164 39 66 546 87 88 276 140 69 112 90 760 82 25 604 1110 192 123 605 35 710 1185 114 470 145 117 720 844 96
1 4 5 7 9 12 14 16 18 20 21 24 25 27 29 31 34 36 39 40 42 44 46 48 50 52 54 56 58 60 62 64 66 68 71 72 74:9165:76 205 590 44 438 955 115 166 82 78 198 182 261 88 184 101 276 56 90 760 246 5 453 444 192 82 121 14 142 1185 57 470 145 78 432 90 64
1 4 5 7 9 12 14 16 18 20 21 24 25 27 29 32 34 36 39 40 42 44 46 48 50 52 54 56 58 60 62 64 66 68 71 72 74:9882:304 82 354 88 438 764 46 498 164 78 198 728 174 176 92 28 138 112 45 304 246 20 302 1110 48 82 605 35 568 948 57 188 145 117 432 72 96
1 4 5 7 9 11 14 15 17 19 21 24 25 27 29 33 34 36 38 40 42 44 46 49 51 52 54 56 58 60 62 64 66 68 70 72 74:8772:228 123 354 44 438 194 92 39 146 338 132 728 174 176 368 404 69 112 112 456 82 5 453 169 90 164 484 28 284 711 285 376 435 39 336 72 32
1 4 5 7 9 11 14 15 17 19 21 24 25 27 29 33 34 37 38 40 42 44 46 49 51 52 54 56 58 60 62 64 66 68 70 72 74:11295:304 82 354 132 438 776 92 13 146 507 264 182 174 220 368 1010 276 261 560 760 82 25 302 169 72 123 363 14 568 948 171 376 725 156 168 18 96
1 4 5 7 9 11 14 15 17 19 21 24 25 27 29 31 34 37 38 40 42 44 46 49 50 52 54 56 58 60 62 65 66 68 70 72 74:12364:304 82 590 176 876 582 92 13 292 338 330 728 261 44 276 101 345 435 448 456 246 20 755 676 144 41 363 14 426 237 114 1252 435 78 672 90 32
1 3 5 7 9 12 13 16 18 20 21 23 25 27 29 31 34 36 38 40 42 44 47 48 51 52 55 56 58 60 62 64 66 68 70 72 74:11038:76 70 118 88 657 573 198 166 164 195 66 1128 348 132 92 202 207 112 560 760 82 15 279 888 90 205 1008 14 284 1185 228 94 290 78 168 90 128
1 3 5 7 9 12 13 16 18 20 21 23 25 27 29 31 34 36 39 40 42 44 46 48 51 52 55 56 58 60 62 64 66 68 71 72 74:12269:152 140 472 132 1095 955 495 830 205 195 66 846 87 132 92 202 207 224 45 304 82 15 755 222 90 205 504 21 426 948 114 376 580 117 720 90 128
1 3 6 8 9 11 14 15 17 19 21 23 25 27 29 31 34 36 38 40 42 44 46 48 51 52 55 56 58 60 62 64 66 68 71 72 74:11692:380 35 148 450 876 388 46 39 73 676 330 1410 435 44 368 505 207 56 560 152 246 10 755 888 72 164 504 14 426 474 114 94 290 39 288 72 64
1 3 6 7 10 11 14 15 17 19 21 23 25 27 29 31 34 36 38 40 42 44 46 48 51 52 55 56 58 60 62 64 66 68 71 72 74:10272:76 35 296 88 1000 776 46 65 73 676 132 564 87 220 276 404 345 112 224 152 164 15 604 1110 90 82 252 14 142 237 114 282 580 195 576 72 96
1 3 5 7 10 12 14 15 17 20 21 23 25 27 29 31 34 36 39 40 42 44 47 48 50 52 55 56 58 60 62 64 66 68 70 72 74:10954:228 70 590 44 200 764 92 65 365 117 132 846 174 132 184 303 138 112 135 608 410 20 558 666 240 82 1260 7 426 237 57 470 725 39 336 90 32
1 3 5 7 10 11 14 16 18 20 21 23 25 27 29 31 34 36 38 40 42 44 46 48 51 52 55 56 58 60 62 64 66 68 71 72 74:10845:76 140 354 132 400 388 23 332 123 39 264 282 435 132 92 101 207 224 336 304 246 25 151 888 36 164 1260 14 568 1185 57 282 580 117 720 72 96
1 3 5 7 9 12 14 16 18 20 21 23 25 27 29 31 34 36 39 40 42 44 46 48 51 52 55 56 58 60 62 64 66 68 71 72 74:10876:380 35 118 220 438 191 92 498 205 78 66 1128 435 220 276 505 207 56 225 608 164 5 302 222 18 164 504 35 568 1185 228 282 435 39 576 72 96
1 3 5 7 9 11 13 15 17 19 21 24 26 28 29 31 34 37 38 40 42 44 46 49 51 52 54 56 58 60 62 64 66 68 70 72 74:11158:76 70 118 88 1095 582 495 52 292 169 330 182 445 1096 92 404 207 87 224 456 328 25 453 507 54 164 121 21 568 474 228 470 145 78 840 90 32
1 3 5 7 9 11 13 15 17 19 21 24 26 28 29 31 34 37 38 40 42 44 46 49 50 52 54 56 58 60 62 64 66 68 70 72 74:10864:76 105 118 176 219 582 198 39 73 169 198 910 356 1096 368 404 276 348 112 152 246 25 604 507 48 164 121 21 426 948 114 376 580 195 336 18 160
1 3 5 7 9 11 13 15 17 20 21 24 26 28 29 31 34 37 38 40 42 44 47 49 50 52 54 56 58 60 62 64 66 68 70 72 74:9943:76 105 118 88 657 582 396 39 146 39 132 364 267 822 92 303 69 87 336 608 410 25 558 507 240 164 484 35 284 474 285 188 145 78 672 36 32
1 3 5 7 9 11 14 16 17 19 21 24 26 28 29 31 34 36 38 40 42 44 46 49 51 52 54 56 58 60 62 64 66 68 70 73 74:11241:76 140 236 44 876 776 92 498 365 338 264 910 445 274 460 505 207 56 112 760 328 20 755 169 54 205 484 7 142 237 114 376 145 117 168 422 64
1 3 5 7 9 11 14 16 17 19 21 24 26 28 29 31 34 36 38 40 42 44 46 49 50 52 54 56 58 60 62 64 66 68 70 73 74:12228:380 35 590 176 219 776 23 498 146 676 132 546 178 822 368 303 276 168 560 152 410 20 755 338 240 164 242 28 426 474 57 94 145 156 504 1055 96
1 3 5 7 9 11 14 16 17 20 21 24 26 28 29 31 34 36 38 40 42 44 47 49 50 52 54 56 58 60 62 64 66 68 70 73 74:12548:152 175 236 88 219 388 69 498 146 117 132 728 89 1370 460 202 276 280 112 304 82 20 837 845 192 123 484 35 284 474 228 470 435 39 840 1055 64
1 3 5 7 9 11 13 15 17 20 21 23 26 28 29 31 34 36 38 40 42 44 47 48 51 52 55 56 58 60 62 64 66 68 70 72 74:11238:76 105 472 44 876 582 99 52 219 39 198 564 356 548 276 101 345 168 224 760 410 25 837 222 36 123 756 14 284 711 228 188 290 156 672 54 128
1 3 5 7 9 11 13 15 17 20 21 24 26 27 29 32 34 36 38 40 42 44 47 48 50 52 54 56 58 60 62 64 66 68 70 73 74:12009:380 35 472 88 1095 970 495 39 219 156 264 910 356 44 460 56 69 280 224 608 410 15 1395 222 144 41 363 28 568 474 114 188 145 39 336 211 96
1 4 5 7 9 11 13 15 17 19 21 24 26 27 29 31 34 36 38 40 42 44 46 48 51 52 54 56 58 60 62 65 66 68 70 73 74:11468:304 82 472 88 219 194 495 39 365 676 198 546 178 220 92 202 276 280 336 760 164 20 604 666 90 41 242 7 284 1185 228 939 145 156 336 211 128
1 4 5 7 9 11 13 15 17 19 21 24 26 27 29 31 34 36 38 40 43 44 46 48 51 52 54 56 58 60 63 65 66 68 70 73 74:12064:228 205 118 220 657 970 99 13 146 676 264 910 89 44 184 505 138 112 448 152 55 25 302 666 36 82 121 14 284 1185 164 313 725 195 504 1055 160
1 3 5 7 9 11 13 15 17 19 21 24 26 27 29 31 34 36 39 40 42 44 46 48 51 52 54 56 58 60 62 65 66 69 71 73 74:11352:152 140 354 132 1095 388 495 26 73 845 264 182 89 176 368 404 207 168 90 608 164 5 604 222 72 41 363 35 284 948 285 626 290 172 288 633 64
1 3 5 7 9 11 13 15 17 19 21 24 26 27 29 32 34 36 39 40 42 44 46 48 51 52 54 56 58 60 62 64 66 68 70 73 74:10639:152 70 354 176 219 776 99 52 146 676 132 546 267 44 92 28 69 280 90 608 410 5 151 444 72 164 605 35 142 948 171 376 725 39 504 844 128
1 3 5 7 9 11 13 15 17 19 21 24 26 27 29 32 34 37 38 40 42 44 46 48 51 52 54 56 58 60 62 64 66 68 70 72 74:11187:76 175 472 88 1095 388 396 65 146 169 66 910 178 220 184 84 138 348 560 152 246 10 604 1110 72 82 242 7 142 1185 171 282 435 117 504 36 32
1 3 5 7 9 11 13 16 18 20 21 24 26 27 29 32 34 36 38 40 42 44 46 48 50 52 54 56 58 60 62 64 66 68 70 73 74:11343:152 175 590 220 657 582 495 166 123 156 198 182 267 132 184 28 207 224 336 304 328 20 302 888 144 82 121 21 568 1185 171 376 435 195 336 633 160
1 3 5 7 9 11 13 16 18 20 21 24 26 27 29 32 34 36 38 40 42 44 47 48 50 52 54 56 58 60 62 64 66 68 70 73 74:12296:228 35 354 220 657 776 495 830 205 78 132 182 267 176 276 56 207 112 336 608 246 20 558 1110 96 205 605 28 426 1185 228 94 290 78 168 633 96
1 4 5 7 9 11 13 16 18 20 21 24 26 27 29 31 34 36 38 40 43 44 46 48 51 52 54 57 58 60 62 65 66 68 70 73 74:12769:228 82 354 44 219 582 198 830 205 117 132 546 267 176 368 101 345 56 224 608 33 20 302 888 72 82 363 1545 426 237 171 939 580 39 840 422 128
1 3 5 7 9 11 13 16 18 20 21 24 26 27 29 32 34 36 39 40 42 44 46 48 50 52 54 56 58 60 62 64 66 68 70 73 74:12356:228 35 590 132 657 388 99 332 123 156 330 728 178 220 184 112 207 112 180 608 246 25 755 888 96 82 363 21 568 948 171 94 725 195 672 844 64
1 3 5 7 9 11 13 15 17 19 21 24 26 27 29 31 34 36 39 40 42 44 46 49 51 52 54 56 58 60 62 65 66 68 71 73 74:10309:228 105 118 176 876 194 495 26 73 169 198 546 445 44 368 303 207 224 135 152 328 25 604 169 18 41 605 28 142 237 114 939 725 78 720 422 32
1 3 5 7 9 11 13 15 17 19 21 24 26 27 29 31 34 36 39 40 42 44 46 49 50 52 54 56 58 60 62 65 66 68 71 73 74:10204:152 35 118 132 438 582 495 65 219 338 66 364 356 44 368 404 345 112 180 304 164 15 453 169 240 123 484 21 284 237 114 939 290 195 144 1055 160
1 3 5 7 9 11 13 15 17 19 21 24 26 27 29 31 34 37 38 40 42 44 46 49 51 52 54 56 58 60 62 65 66 68 70 72 74:11076:152 35 118 44 657 194 396 26 292 338 198 728 356 176 368 303 207 261 224 456 410 15 604 169 54 82 242 28 568 237 114 1565 580 39 672 72 96
1 3 5 7 9 11 13 15 17 19 21 24 26 27 29 31 34 37 38 40 43 44 46 49 51 52 54 56 58 60 62 65 66 68 70 72 74:10665:304 105 354 220 438 970 99 26 219 676 198 728 178 44 184 505 138 348 336 152 22 10 755 169 18 41 242 35 426 711 228 626 145 39 840 72 64
1 3 5 7 9 11 13 15 17 20 21 24 26 27 29 31 34 37 38 40 43 44 47 49 51 52 54 56 58 60 62 65 66 68 70 72 74:11461:228 105 118 132 219 776 297 26 292 117 198 910 356 44 368 101 276 435 448 760 22 5 837 169 54 205 605 21 284 1185 114 1252 145 39 168 54 96
1 3 5 7 9 11 13 15 17 19 21 24 26 27 29 31 34 37 38 40 42 44 46 49 50 52 54 56 58 60 62 65 66 68 70 72 74:12141:380 105 472 176 657 776 198 52 146 845 198 728 267 44 460 303 345 261 560 760 82 20 453 507 144 205 605 28 568 237 228 313 290 78 504 18 128
1 3 5 7 9 11 13 15 17 19 21 24 26 27 29 31 34 37 38 40 43 44 46 49 50 52 54 56 58 60 62 65 66 68 70 72 74:10816:152 140 236 44 876 388 495 39 73 845 132 546 267 88 460 101 138 348 336 304 55 20 453 676 192 82 242 14 142 948 228 626 145 195 672 54 64
1 3 5 7 9 11 13 15 17 20 21 24 26 27 29 31 34 37 38 40 42 44 47 49 50 52 54 56 58 60 62 65 66 68 70 72 74:11565:152 175 236 88 438 776 396 65 73 156 330 910 356 220 368 303 69 261 224 608 410 20 837 169 144 82 121 28 568 237 285 939 435 78 840 72 96
1 3 5 7 9 11 13 15 17 20 21 24 26 27 29 31 34 37 38 40 43 44 47 49 50 52 54 56 58 60 62 65 66 68 70 72 74:10137:228 70 590 176 438 582 297 13 73 39 330 910 356 176 184 202 345 435 224 152 44 25 279 338 96 41 605 7 568 237 57 313 725 156 672 90 64
1 3 5 7 9 11 13 15 17 19 21 24 26 27 29 31 34 37 39 40 42 44 46 49 50 52 54 56 58 60 62 65 66 68 71 72 74:11803:228 105 472 132 657 388 297 65 292 507 330 728 356 220 276 202 207 348 225 304 82 15 604 676 192 164 605 21 284 711 228 1252 290 78 144 54 64
1 3 5 7 9 11 13 15 17 20 21 24 26 27 29 31 34 37 39 40 43 44 47 49 50 52 54 56 58 60 62 65 66 68 71 72 74:10927:304 105 236 176 438 582 495 52 292 78 132 728 445 132 276 202 345 174 90 304 33 15 1395 676 240 41 242 28 142 1185 57 626 145 78 288 54 96
1 3 5 7 9 11 14 16 17 20 21 24 26 27 29 32 34 36 38 40 42 44 47 48 50 52 54 56 58 60 62 64 66 68 70 73 74:12432:228 175 590 88 1095 388 69 332 219 195 66 182 267 176 92 112 69 112 224 456 410 20 1395 1110 144 205 121 21 710 948 171 470 580 117 504 211 160
1 4 5 7 9 11 14 16 17 19 21 24 26 27 29 31 34 36 38 40 43 44 46 48 51 52 54 56 58 60 62 64 66 68 70 73 74:10578:76 41 118 176 219 776 69 498 219 845 132 546 267 44 276 404 138 56 224 608 11 25 302 666 72 164 242 35 426 711 285 470 290 39 168 844 96
1 4 5 7 9 11 14 16 17 19 21 24 26 27 29 31 34 36 38 40 43 44 46 48 51 52 54 56 58 60 62 65 66 68 70 73 74:13299:152 123 236 176 1095 194 69 664 292 845 132 546 89 220 276 505 207 56 560 304 55 25 302 1110 90 82 484 28 284 1185 57 1252 290 156 672 422 64
1 3 5 7 9 11 14 16 17 19 21 24 26 27 29 32 34 36 39 40 42 44 46 48 51 52 54 56 58 60 62 64 66 68 70 73 74:10844:228 105 472 132 876 388 115 664 292 845 132 364 89 44 92 140 276 224 90 456 82 25 755 1110 54 123 605 14 142 474 171 188 145 78 336 422 96
1 3 5 7 9 11 14 16 17 19 21 24 26 27 29 32 34 36 39 40 42 44 46 48 50 52 54 56 58 60 62 64 66 68 70 73 74:12168:380 105 472 220 438 194 23 664 219 169 198 364 267 176 460 56 138 56 180 760 328 25 453 888 240 41 242 7 284 1185 57 282 725 156 840 844 32
1 3 5 7 9 11 14 16 17 20 21 24 26 27 29 32 34 36 39 40 42 44 47 48 50 52 54 56 58 60 62 64 66 68 70 72 74:11857:228 105 590 176 1095 776 92 664 219 39 66 364 445 44 184 112 276 56 45 456 164 25 837 1110 240 205 363 21 710 711 114 470 580 39 168 36 32
1 3 5 7 9 11 14 16 17 19 21 24 26 27 29 32 34 37 38 40 42 44 46 48 51 52 54 56 58 60 62 64 66 68 70 72 74:10157:76 175 590 44 438 776 23 664 219 169 66 364 445 132 368 56 69 261 448 152 164 25 453 1110 18 123 242 28 284 948 114 376 145 156 336 36 64
1 3 5 7 9 11 14 16 17 20 21 24 26 27 29 32 34 37 38 40 42 44 47 48 51 52 54 56 58 60 62 64 66 68 70 72 74:10463:228 105 472 132 657 194 92 498 73 195 198 364 89 132 184 56 69 87 112 608 164 20 279 888 54 123 605 21 284 1185 57 282 725 195 840 36 160
1 3 5 7 9 11 14 16 17 19 21 24 26 27 29 32 34 37 38 40 42 44 46 48 50 52 54 56 58 60 62 64 66 68 70 72 74:11520:380 140 590 132 876 388 92 498 365 507 330 546 267 132 368 28 276 87 336 304 328 15 453 1110 144 41 121 35 284 948 285 94 145 39 672 36 128
1 3 5 7 9 11 14 16 17 20 21 24 26 27 29 32 34 37 38 40 42 44 47 48 50 52 54 56 58 60 62 64 66 68 70 72 74:10625:152 175 236 44 876 582 92 498 365 156 330 728 356 220 92 56 69 348 112 456 82 5 558 1110 48 41 484 7 426 474 285 376 290 78 168 90 160
1 3 5 7 9 11 14 16 17 19 21 24 26 27 29 31 34 36 38 40 43 44 46 49 50 52 54 56 58 60 62 64 66 68 70 73 74:12113:152 175 236 132 876 388 115 498 365 169 330 182 356 176 368 303 345 224 560 760 44 20 755 845 240 164 605 14 568 711 114 376 290 78 336 211 32
1 3 5 7 9 11 14 16 17 20 21 24 26 27 29 31 34 36 38 40 43 44 47 49 50 52 54 56 58 60 62 64 66 68 70 73 74:11203:380 35 590 132 219 388 92 166 146 39 132 182 445 88 92 404 207 56 560 304 55 10 837 845 192 164 363 21 568 711 171 470 725 117 504 633 160
1 3 5 7 9 11 14 16 17 19 21 24 26 27 29 31 34 36 39 40 43 44 46 49 51 52 54 56 58 60 62 64 66 68 71 73 74:10302:76 105 118 132 438 388 69 830 73 169 330 546 445 44 92 404 207 112 45 608 44 15 302 169 72 164 363 35 142 1185 57 282 580 78 432 1055 96
1 3 5 7 9 11 14 16 17 19 21 24 26 27 29 31 34 36 39 40 43 44 46 49 50 52 54 56 58 60 62 64 66 68 71 73 74:12908:228 140 472 88 1095 776 115 498 365 507 132 364 445 132 184 505 276 224 180 456 55 20 755 676 192 123 484 35 426 711 114 376 435 195 432 633 64
1 3 6 8 9 11 14 15 17 19 21 23 25 28 29 31 34 36 38 40 42 44 46 48 51 52 54 56 58 60 62 64 66 68 71 72 75:13265:228 35 222 675 1095 388 115 65 146 338 330 282 435 1370 184 101 207 168 224 456 410 15 755 888 54 123 121 28 710 1185 114 282 580 156 576 36 168
1 3 5 8 9 12 14 16 17 19 21 23 25 28 29 31 34 36 38 40 42 44 46 48 51 52 54 56 58 60 62 64 66 68 71 72 75:13225:228 105 472 1125 657 191 115 830 292 845 132 1128 87 822 92 202 345 168 448 152 246 5 151 888 54 123 121 35 710 948 228 376 145 39 576 18 126
1 3 6 7 10 11 14 15 17 19 21 23 25 28 29 31 34 36 38 40 42 44 46 48 50 52 54 56 58 60 62 64 66 68 71 72 75:13127:380 105 296 176 600 970 92 13 292 169 264 846 348 1096 460 202 276 224 560 760 246 10 453 888 240 123 605 14 426 237 228 94 435 39 720 72 168
1 3 6 7 9 11 14 15 17 19 21 23 25 28 29 31 34 36 39 40 42 44 46 48 51 52 54 56 58 60 62 64 66 68 71 72 75:12335:304 35 74 44 1095 388 23 65 73 507 132 1128 348 822 368 202 345 168 225 608 410 10 755 888 90 41 242 14 710 711 57 188 290 39 720 90 126
1 3 5 7 9 12 14 16 18 20 21 23 25 28 29 31 34 36 38 40 42 44 46 48 51 52 54 56 58 60 62 64 66 68 70 72 75:9487:152 35 472 132 219 191 69 332 123 156 198 846 174 548 184 202 207 168 112 760 246 20 755 444 36 123 363 7 426 474 228 94 145 78 504 54 210
1 3 5 7 10 12 14 16 18 20 21 23 25 28 29 31 34 36 38 40 42 44 46 48 51 52 54 56 58 60 62 64 66 68 71 72 75:11977:152 175 354 88 200 955 92 830 41 156 66 1410 435 822 460 101 138 224 560 304 328 20 453 222 54 41 242 21 568 711 228 282 290 78 576 90 210
1 3 5 7 9 12 13 15 17 19 21 23 25 28 29 31 34 36 38 40 42 44 46 48 51 52 55 57 58 60 62 64 66 68 70 72 75:12621:380 140 236 132 657 764 99 39 365 507 264 564 174 548 184 505 207 112 336 456 410 5 302 888 72 41 504 1236 568 237 228 376 290 195 336 54 210
1 3 5 7 9 12 13 15 17 20 21 23 25 28 29 31 34 36 38 40 42 44 47 48 51 52 55 56 58 60 62 64 66 68 70 72 75:12057:380 105 118 44 219 573 396 52 73 195 66 282 435 1096 184 202 276 56 336 760 328 5 837 1110 90 82 1260 28 142 474 171 376 145 117 840 36 168
1 3 5 7 9 12 13 15 17 20 21 23 25 28 29 31 34 36 38 40 42 44 47 48 51 52 55 57 58 60 62 64 66 68 70 72 75:11623:152 70 118 220 438 955 297 52 292 39 330 846 261 822 92 404 69 56 336 152 164 25 279 666 36 205 504 1236 142 474 171 470 290 156 504 90 210
1 3 5 7 9 11 13 16 17 20 21 23 25 28 29 31 34 36 38 40 42 44 47 48 51 52 55 56 58 60 62 64 66 68 70 72 75:11974:304 140 590 44 657 970 198 332 73 195 198 282 261 548 184 303 276 168 448 608 328 5 279 444 72 41 756 28 568 948 285 470 290 39 504 54 84
1 3 5 7 9 12 13 16 18 20 21 23 25 28 29 31 34 36 38 40 42 44 46 48 51 52 55 56 58 60 62 64 66 68 70 72 75:14199:228 140 590 44 876 764 198 830 123 195 132 1410 261 274 460 404 207 168 448 608 328 15 151 666 36 41 1260 35 710 948 114 94 145 156 840 90 210
1 3 5 7 9 12 13 16 18 20 21 23 25 28 29 31 34 36 38 40 42 44 47 48 51 52 55 56 58 60 62 64 66 68 70 72 75:12087:76 175 236 88 219 382 297 332 164 78 264 846 435 1096 276 101 276 168 560 608 164 5 1116 222 36 164 1260 35 426 474 228 376 145 117 504 54 84
1 3 5 7 9 12 13 16 18 20 21 23 25 28 29 31 34 36 38 40 42 44 47 48 51 52 55 57 58 60 62 64 66 68 70 72 75:15337:380 105 236 88 876 764 198 830 164 117 132 1128 261 1096 92 101 69 224 560 760 246 15 1395 666 90 123 504 1236 142 474 285 376 725 195 504 54 126
1 3 5 7 9 12 13 16 18 20 21 23 25 28 29 31 34 36 38 40 42 44 46 48 50 52 55 56 58 60 62 64 66 68 70 72 75:12098:76 35 354 88 876 955 99 332 123 117 66 564 435 1370 368 505 345 168 448 304 164 25 302 222 192 123 1260 28 142 237 285 282 725 117 168 72 126
1 3 5 7 9 12 13 16 18 20 21 23 25 28 29 31 34 36 38 40 42 44 47 48 50 52 55 56 58 60 62 64 66 68 70 72 75:12349:304 70 354 132 876 764 396 664 205 78 66 1128 87 548 184 101 207 56 560 608 164 25 837 444 96 164 1008 35 426 474 285 188 290 117 168 72 168
1 3 5 7 9 11 13 15 17 19 21 23 25 28 29 31 34 37 38 40 42 44 46 49 50 52 55 56 58 60 62 64 66 68 70 72 75:12356:304 70 472 176 876 970 396 39 219 507 132 282 261 1096 184 303 345 174 224 760 246 20 755 338 144 82 504 14 284 711 114 94 435 39 504 72 210
1 3 5 7 9 11 13 15 17 20 21 23 25 28 29 31 34 37 38 40 42 44 47 49 50 52 55 56 58 60 62 64 66 68 70 72 75:11498:304 35 118 132 657 970 99 26 365 195 264 1410 261 548 184 202 345 174 224 152 246 25 279 676 192 205 756 35 710 237 57 282 290 117 504 54 168
1 3 5 8 9 11 14 15 17 19 21 23 25 28 29 31 34 36 38 40 42 44 46 48 51 52 55 56 58 60 62 64 66 68 71 72 75:12567:380 140 118 1125 1095 970 115 26 219 676 66 282 348 548 184 404 69 112 224 456 328 5 453 222 18 205 756 7 568 711 171 94 725 195 288 54 210
1 3 5 7 10 11 14 15 17 19 21 23 25 28 29 31 34 36 38 40 42 44 46 48 51 52 55 56 58 60 62 64 66 68 71 72 75:11862:304 35 590 44 400 194 92 26 146 507 264 846 435 1096 184 101 69 56 112 152 410 5 604 1110 54 205 1008 28 426 474 114 188 725 78 576 36 168
1 3 5 8 9 12 14 16 17 19 21 23 25 28 29 31 34 36 38 40 42 44 46 48 51 52 55 56 58 60 62 64 66 68 71 72 75:10874:76 70 236 675 219 191 69 332 146 845 264 846 348 548 368 404 345 56 448 152 164 10 151 444 54 41 504 14 710 711 57 376 580 78 144 72 126
1 3 5 7 9 12 14 16 17 20 21 23 25 28 29 31 34 36 38 40 42 44 47 48 51 52 55 56 58 60 62 64 66 68 70 72 75:12819:228 105 590 44 1095 382 92 498 219 78 198 1410 87 548 184 404 207 168 448 760 328 20 1395 222 18 205 1008 14 284 474 114 188 435 39 168 36 126
1 3 5 7 10 12 14 15 17 19 21 23 25 28 29 31 34 36 38 40 42 44 46 48 50 52 55 56 58 60 62 64 66 68 71 72 75:13950:304 70 118 132 400 955 92 65 365 507 264 1410 435 822 460 101 138 112 560 760 164 15 151 1110 48 82 1008 7 284 1185 285 94 580 117 576 90 84
1 3 5 7 9 12 14 16 17 20 21 23 25 28 29 31 34 36 38 40 42 44 47 48 50 52 55 56 58 60 62 64 66 68 70 72 75:12137:152 140 236 88 876 764 92 830 292 117 330 1128 261 1096 184 303 69 56 448 304 328 15 558 1110 144 41 252 21 142 474 171 188 435 78 168 36 210
1 3 5 7 10 12 14 15 17 19 21 23 25 28 29 31 34 36 39 40 42 44 46 48 51 52 55 56 58 60 62 64 66 68 71 72 75:12114:228 140 118 176 400 764 69 52 146 676 330 564 87 822 460 101 207 224 45 456 328 5 453 888 18 41 1260 14 568 711 285 376 580 156 144 54 168
1 3 5 7 9 12 14 16 18 20 21 23 25 28 29 31 34 36 38 40 42 44 46 48 51 52 55 56 58 60 62 64 66 68 70 72 75:12180:152 70 118 44 876 191 46 332 205 78 330 564 261 1370 460 303 276 168 336 456 410 25 755 666 36 123 1008 28 142 711 171 376 580 117 168 18 210
1 3 5 7 10 12 14 16 18 20 21 23 25 28 29 31 34 36 38 40 42 44 46 48 51 52 55 56 58 60 62 64 66 68 71 72 75:10898:76 35 354 88 600 191 69 332 205 39 198 846 348 1096 276 101 276 168 224 152 328 10 151 888 90 41 1008 14 284 1185 171 94 435 39 288 72 126
1 3 5 7 9 12 14 16 18 20 21 23 25 28 29 31 34 36 38 40 42 44 46 48 50 52 55 56 58 60 62 64 66 68 70 72 75:11816:304 175 590 176 657 764 92 166 82 39 264 846 87 1096 92 202 345 168 336 304 410 5 302 222 240 164 504 7 284 1185 171 94 435 78 672 90 168
1 3 5 7 10 12 14 16 18 20 21 23 25 28 29 31 34 36 38 40 42 44 46 48 50 52 55 56 58 60 62 64 66 68 71 72 75:11491:228 140 236 220 800 191 23 498 164 39 132 564 87 1370 276 101 345 224 112 608 164 25 453 666 144 164 252 21 426 1185 171 282 145 117 720 72 126
1 3 5 7 9 12 14 16 18 20 21 23 25 28 29 31 34 36 38 40 42 44 47 48 50 52 55 56 58 60 62 64 66 68 70 72 75:13182:380 140 590 88 657 573 46 830 82 156 198 564 174 548 460 202 207 168 224 608 410 25 837 1110 48 123 252 28 568 948 114 376 290 156 840 36 126
1 3 5 7 10 12 14 16 18 20 21 23 25 28 29 31 34 36 39 40 42 44 46 48 51 52 55 56 58 60 62 64 66 68 71 72 75:11042:76 175 118 44 200 955 23 664 82 39 66 282 87 822 460 202 69 56 225 304 246 20 453 666 90 41 1008 35 710 711 171 282 580 78 720 72 210
1 3 5 8 9 12 14 16 17 19 21 23 25 27 29 31 34 36 39 40 42 44 46 48 51 52 54 56 58 60 62 64 66 68 71 72 75:12308:304 175 590 675 438 955 92 830 146 507 198 1410 174 132 92 101 345 56 225 760 82 5 453 1110 72 82 242 35 142 948 171 94 145 78 144 90 210
1 3 5 7 9 12 14 16 18 20 21 23 25 27 29 31 34 36 39 40 42 44 46 48 51 52 54 56 58 60 62 64 66 68 71 72 75:10717:304 105 472 132 657 382 115 664 41 39 264 564 435 220 460 505 69 224 90 456 82 5 604 222 36 123 242 14 568 1185 171 188 290 117 576 54 42
1 3 5 7 10 12 14 16 18 20 21 23 25 27 29 31 34 36 39 40 42 44 46 48 51 52 54 56 58 60 62 64 66 68 71 72 75:11033:228 35 472 220 1000 191 69 830 205 195 264 564 261 88 276 101 207 224 90 304 246 15 604 444 18 41 363 21 284 1185 228 282 725 117 432 36 168
1 3 5 7 9 11 13 15 17 19 21 23 25 27 29 31 34 36 39 40 42 44 46 48 51 52 55 56 58 60 63 64 66 68 71 72 75:10666:380 35 118 88 876 970 297 39 146 169 132 564 174 44 460 101 138 168 180 152 410 15 604 666 72 41 756 28 284 711 164 376 435 195 432 36 210
1 3 6 7 9 11 13 15 17 19 21 23 25 27 29 31 34 36 39 40 42 44 46 48 50 52 55 56 58 60 62 64 66 69 71 72 75:12766:152 175 370 88 657 776 198 65 292 507 132 1128 174 176 184 303 138 224 135 304 410 5 151 666 48 205 1260 28 426 237 285 470 725 688 720 54 210
1 3 5 7 9 12 13 16 18 20 21 23 25 27 29 31 34 36 39 40 42 44 46 48 50 52 55 56 58 60 62 64 66 68 71 72 75:12072:228 175 236 176 438 764 396 830 41 117 264 846 87 44 276 404 69 168 45 608 246 5 302 1110 96 82 1260 7 710 474 114 282 725 39 288 36 84
1 3 5 7 9 11 13 15 17 19 21 23 25 27 29 31 34 37 38 40 42 44 46 49 50 52 55 56 58 60 62 64 66 68 70 72 75:11739:304 70 354 220 438 388 495 65 292 507 264 1128 261 88 368 404 276 174 448 152 410 20 755 845 96 164 504 28 142 948 285 94 290 78 168 90 126
1 3 6 8 9 11 14 15 17 19 21 23 25 27 29 31 34 36 38 40 42 44 46 48 51 52 55 56 58 60 62 64 66 68 71 72 75:12344:380 175 222 675 657 970 46 13 292 338 264 564 87 220 460 505 138 168 448 152 328 15 302 888 18 205 1008 14 284 711 114 188 580 117 576 54 168
1 3 6 7 10 11 14 15 17 19 21 23 25 27 29 31 34 36 38 40 42 44 46 48 51 52 55 56 58 60 62 64 66 68 71 72 75:11447:304 175 222 44 1000 776 115 26 219 169 198 846 174 88 460 202 276 224 224 152 82 5 453 444 54 205 252 35 568 1185 228 470 435 195 720 54 168
1 3 5 8 9 11 14 16 17 19 21 23 25 27 29 31 34 36 38 40 42 44 46 48 51 52 55 56 58 60 62 64 66 68 71 72 75:12574:380 105 118 675 438 194 92 664 365 169 198 564 435 132 92 505 276 112 560 760 410 25 604 888 54 164 1008 28 568 711 171 282 290 117 288 90 42
1 3 5 8 9 12 14 16 17 19 21 23 25 27 29 31 34 36 38 40 42 44 46 48 51 52 55 56 58 60 62 64 66 68 71 72 75:11474:76 70 354 675 1095 573 115 166 365 169 198 282 261 44 460 505 276 168 336 760 328 20 302 888 18 123 756 28 710 237 114 94 290 156 288 90 84
1 3 6 7 10 11 14 15 17 19 21 23 25 27 29 31 34 36 38 40 42 44 46 48 50 52 55 56 58 60 62 64 66 68 71 72 75:9986:380 70 148 88 400 582 69 52 219 676 264 564 87 220 276 202 276 56 112 760 246 5 151 444 48 164 1008 7 426 948 171 94 290 39 144 90 210
1 3 5 7 9 12 14 16 17 20 21 23 25 27 29 31 34 36 38 40 42 44 47 48 50 52 55 56 58 60 62 64 66 68 71 72 75:11567:76 35 236 132 1095 382 92 498 219 78 132 564 87 176 460 101 207 224 448 456 410 10 279 666 240 82 1260 35 284 1185 228 282 290 156 288 90 84
1 3 5 8 9 11 14 15 17 19 21 23 25 27 29 31 34 36 39 40 42 44 46 48 51 52 55 56 58 60 62 64 66 68 71 72 75:12657:76 35 118 1125 876 582 69 52 73 676 132 846 435 220 276 202 276 280 135 456 82 10 302 1110 36 123 1260 28 710 474 228 188 725 39 288 72 42
1 3 5 7 10 11 14 15 17 19 21 23 25 27 29 31 34 36 39 40 42 44 46 48 51 52 55 56 58 60 62 64 66 68 71 72 75:11919:152 70 236 220 1000 582 69 13 365 676 330 282 174 44 460 101 138 280 45 760 164 15 453 888 36 164 756 35 710 948 285 282 580 156 288 36 126
1 3 5 7 10 12 14 15 17 19 21 23 25 27 29 31 34 36 39 40 42 44 46 48 51 52 55 56 58 60 62 64 66 68 71 72 75:10831:228 105 118 176 1000 955 115 52 365 507 198 564 87 220 460 202 345 224 135 456 164 25 755 222 18 205 1008 14 426 237 171 470 145 117 144 72 126
1 3 5 8 9 12 14 16 17 19 21 23 25 27 29 31 34 36 39 40 42 44 46 48 51 52 55 56 58 60 62 64 66 68 71 72 75:9403:228 70 354 225 438 764 115 166 73 338 132 282 435 220 184 101 69 112 45 608 82 5 151 222 54 82 1260 35 568 237 228 376 145 117 720 36 126
1 3 5 7 9 11 14 15 17 20 21 23 25 27 29 31 34 36 39 40 42 44 47 48 51 52 55 56 58 60 62 64 66 68 71 72 75:11470:380 105 236 44 1095 388 92 52 219 156 264 564 87 176 184 404 69 280 180 152 164 10 1116 1110 18 164 1008 14 142 1185 57 376 580 39 144 90 126
1 3 5 7 9 11 14 16 17 20 21 23 25 27 29 31 34 36 39 40 42 44 47 48 51 52 55 56 58 60 62 64 66 68 71 72 75:11695:304 175 354 132 1095 776 46 664 146 78 66 1128 87 132 92 303 69 224 225 760 164 25 279 888 36 205 252 7 710 948 114 376 145 156 288 36 210
1 3 5 7 9 12 14 16 17 20 21 23 25 27 29 31 34 36 39 40 42 44 47 48 51 52 55 56 58 60 62 64 66 68 71 72 75:10372:152 140 472 132 876 764 23 332 292 156 132 564 87 132 184 303 138 280 45 152 82 10 558 444 36 123 1260 35 568 237 285 282 145 117 576 90 168
1 3 5 7 10 11 14 16 18 20 21 23 25 27 29 31 34 36 38 40 42 44 46 48 51 52 55 56 58 60 62 64 66 68 71 72 75:12109:304 175 472 220 800 388 92 498 41 39 132 564 435 132 184 404 345 168 336 456 328 20 755 1110 72 164 1008 14 284 237 171 188 580 195 576 54 168
1 3 5 7 9 12 14 16 18 20 21 23 25 27 29 31 34 36 38 40 42 44 46 48 51 52 55 56 58 60 62 64 66 68 70 72 75:11962:228 35 590 220 876 382 92 830 82 156 264 564 87 44 184 202 207 168 112 456 246 10 755 888 72 164 1008 7 426 948 228 470 580 39 168 90 84
1 3 5 7 10 12 14 16 18 20 21 23 25 27 29 31 34 36 38 40 42 44 46 48 51 52 55 56 58 60 62 64 66 68 71 72 75:11523:380 70 590 44 200 191 23 166 205 156 132 1128 261 88 276 303 69 112 336 760 164 10 453 1110 18 205 1008 35 568 1185 228 282 290 195 144 54 84
1 3 5 7 9 12 14 16 18 20 21 23 25 27 29 31 34 36 38 40 42 44 46 48 50 52 55 56 58 60 62 64 66 68 71 72 75:10555:304 70 236 44 438 764 46 830 123 156 330 564 435 176 460 303 69 168 112 304 328 20 151 666 144 41 756 28 426 474 285 470 435 39 144 90 126
1 3 5 7 10 12 14 16 18 20 21 23 25 27 29 31 34 36 38 40 42 44 46 48 50 52 55 56 58 60 62 64 66 68 71 72 75:10760:380 140 118 44 400 764 69 332 205 117 330 282 348 88 460 101 345 56 560 608 410 20 151 888 96 164 1008 14 284 474 228 470 290 156 144 90 126
1 3 5 7 9 12 14 16 18 20 21 23 25 27 29 31 34 36 39 40 42 44 46 48 51 52 55 56 58 60 62 64 66 68 71 72 75:13899:304 140 590 220 1095 573 92 664 164 78 264 1410 348 132 368 505 345 280 180 304 164 15 151 1110 18 205 1008 14 142 1185 228 188 725 156 432 18 84
1 3 5 7 10 12 14 16 18 20 21 23 25 27 29 31 34 36 39 40 42 44 46 48 51 52 55 56 58 60 62 64 66 68 71 72 75:11785:380 35 472 220 200 764 69 498 41 39 330 1128 261 220 184 202 345 168 180 608 82 20 604 1110 36 164 1260 28 284 474 228 282 290 195 144 72 168
1 3 5 7 9 11 13 15 17 20 21 23 26 28 29 31 34 36 38 40 42 44 47 48 51 52 55 56 58 60 62 64 66 68 70 72 75:11486:76 35 354 220 438 194 198 39 219 78 132 1128 356 1096 184 101 345 168 560 760 410 15 837 222 72 41 1260 14 142 711 285 282 145 39 168 36 126
1 3 5 7 9 11 13 15 17 20 21 23 26 28 29 31 34 36 38 40 42 44 47 48 50 52 55 56 58 60 62 64 66 68 70 72 75:11246:152 140 590 132 438 388 99 65 146 195 66 1128 89 822 276 505 207 168 448 760 328 20 279 444 192 205 504 35 284 474 171 188 435 39 672 36 126
1 3 5 7 9 11 13 15 17 19 21 23 26 27 29 31 34 36 39 40 42 44 46 48 51 52 54 56 58 60 63 64 66 68 70 72 75:11745:228 105 118 176 1095 388 495 52 146 676 132 564 89 220 368 101 69 168 45 760 328 5 151 888 18 164 242 28 568 711 820 282 435 156 840 72 42
1 3 5 7 9 11 13 15 17 19 21 23 26 27 29 31 34 36 39 40 42 44 46 48 51 52 54 56 58 60 63 64 66 68 71 72 75:10310:380 175 472 44 438 582 198 52 73 676 66 564 178 44 92 303 276 224 135 152 164 5 604 666 18 123 605 28 142 711 656 94 290 156 720 36 168
1 3 5 7 9 12 13 15 17 19 21 23 26 27 29 31 34 36 38 40 42 44 46 48 51 52 55 57 58 60 62 64 66 68 70 72 75:11688:152 70 472 220 219 764 99 52 146 507 330 1410 178 220 276 303 138 224 336 760 164 20 151 666 90 82 252 618 142 948 171 376 145 195 672 36 84
1 3 5 7 9 11 13 15 17 20 21 23 26 27 29 31 34 36 38 40 42 44 47 48 51 52 55 56 58 60 62 64 66 68 70 72 75:12035:228 105 472 88 876 388 99 52 146 195 198 846 445 132 92 101 207 112 336 304 82 25 1395 444 36 41 1008 28 426 711 228 376 580 195 840 72 126
1 3 5 7 9 11 13 15 17 20 21 23 26 27 29 31 34 36 39 40 42 44 47 48 50 52 55 56 58 60 62 64 66 68 70 72 75:10944:228 175 590 176 438 194 198 13 292 117 66 564 178 44 184 202 345 56 45 608 410 15 558 888 240 41 1260 28 426 711 114 470 290 156 504 36 84
1 3 5 7 9 11 14 15 17 20 21 23 26 27 29 31 34 36 38 40 42 44 47 48 51 52 55 56 58 60 62 64 66 68 70 72 75:12090:304 105 118 132 438 582 92 26 146 39 132 1410 267 88 276 505 276 168 448 760 410 25 1116 666 54 164 1008 21 710 474 171 376 145 156 168 72 42
1 3 5 7 9 11 14 15 17 20 21 23 26 27 29 31 34 36 38 40 42 44 47 48 50 52 55 56 58 60 62 64 66 68 70 72 75:11440:380 140 590 132 657 194 69 13 73 117 330 1128 89 220 184 404 207 224 336 304 246 5 837 888 96 164 504 7 284 948 57 282 725 156 168 72 210
1 3 5 7 10 12 13 15 17 19 22 24 25 28 29 31 34 36 38 40 42 45 46 48 50 52 54 56 58 60 62 64 66 68 70 72 74:11576:228 35 354 44 200 955 198 65 73 507 432 728 348 274 368 303 345 168 224 304 328 320 453 666 240 205 242 14 710 474 171 94 435 117 840 18 96
1 3 5 7 9 11 13 15 17 19 22 24 25 28 29 31 34 37 38 40 42 45 46 48 50 52 54 56 58 60 62 64 66 69 70 72 74:10798:152 175 118 88 219 776 198 13 219 676 216 728 261 548 184 404 345 87 448 152 164 240 453 888 144 123 484 28 710 474 228 94 145 344 168 72 32
1 3 5 7 9 11 13 16 18 20 22 24 25 28 29 31 34 36 38 40 42 45 46 48 51 52 54 56 58 60 62 64 66 69 70 72 74:13372:304 140 118 176 1095 388 198 664 82 117 540 364 174 548 368 101 138 56 448 456 246 400 755 666 72 123 605 28 568 711 285 470 580 516 672 72 128
1 3 5 7 9 12 13 16 18 20 22 24 25 28 29 31 34 36 38 40 42 45 46 48 51 52 54 56 58 60 62 64 66 68 70 72 74:12391:76 140 236 132 219 955 396 830 82 39 432 728 435 822 92 303 138 224 336 304 82 240 755 888 90 123 242 21 568 948 57 376 435 39 504 72 32
1 3 5 7 9 12 13 16 18 20 22 23 25 28 29 31 34 36 38 40 42 45 46 48 51 52 54 56 58 60 62 64 66 68 70 72 74:12595:380 35 236 44 1095 955 99 498 205 156 324 564 261 822 368 303 276 56 560 456 82 400 453 444 36 205 363 35 568 1185 228 376 145 78 168 72 64
1 3 5 7 9 11 13 15 17 19 22 24 25 28 29 31 34 37 38 40 42 45 46 49 50 52 54 56 58 60 62 64 66 69 70 72 74:11193:304 35 354 176 657 970 198 52 146 676 108 182 261 274 460 303 138 435 112 760 82 160 604 169 192 82 121 28 284 237 228 282 725 344 840 54 160
1 3 5 7 9 11 13 15 17 19 22 24 25 28 29 31 34 37 38 40 42 45 46 49 50 52 54 56 58 60 62 64 66 68 70 72 74:13156:380 70 590 44 876 776 396 26 365 169 216 546 87 1370 460 202 345 174 336 456 328 80 604 676 192 41 121 21 426 474 228 376 580 117 840 72 96
1 3 5 7 9 11 13 15 17 19 22 23 25 28 29 31 34 37 38 40 42 45 46 49 50 52 54 56 58 60 62 64 66 68 70 72 74:11501:380 105 590 88 438 582 297 39 73 845 432 1128 87 1370 92 101 207 174 112 456 164 80 151 338 48 164 605 7 142 711 114 94 290 39 840 54 64
1 3 5 7 10 11 14 15 17 19 22 24 25 28 29 31 34 36 38 40 42 45 46 48 50 52 54 56 58 60 62 64 66 69 70 72 74:12267:380 35 236 88 800 970 46 13 73 676 108 728 348 822 92 202 69 280 224 760 82 80 453 666 144 164 484 21 426 474 285 94 290 860 672 90 32
1 3 5 7 10 12 14 15 17 19 22 23 25 28 29 31 34 36 38 40 42 45 46 48 50 52 54 56 58 60 62 64 66 68 70 72 74:11800:76 35 472 220 800 764 69 65 292 169 540 282 87 548 184 505 345 224 112 760 82 320 453 222 96 82 605 21 284 1185 171 188 725 195 504 54 64
1 3 5 7 10 11 14 16 18 20 22 24 25 28 29 31 34 36 38 40 42 45 46 48 50 52 54 56 58 60 62 64 66 69 70 72 74:12096:152 175 472 132 600 776 23 166 82 195 540 364 348 1096 92 101 276 280 112 304 328 400 604 666 192 205 121 21 284 948 57 470 290 688 336 72 128
1 3 5 7 9 12 14 16 18 20 22 24 25 28 29 31 34 36 38 40 42 45 46 48 50 52 54 56 58 60 62 64 66 68 70 72 74:12789:228 140 354 220 438 573 115 332 41 78 324 728 174 1370 276 505 138 224 112 456 410 160 755 666 96 164 484 21 568 948 171 94 290 78 840 90 128
1 3 5 7 9 12 14 16 18 20 22 23 25 28 29 31 34 36 38 40 42 45 46 48 50 52 54 56 58 60 62 64 66 68 70 72 74:11924:76 105 472 176 219 955 115 166 82 78 540 846 261 1370 184 404 276 56 112 304 82 240 604 666 48 41 484 14 426 948 228 188 580 156 336 54 32
1 3 5 7 9 11 14 15 17 19 22 23 25 28 29 31 34 37 38 40 42 45 46 49 50 52 54 56 58 60 62 64 66 68 70 72 74:11414:76 175 590 132 657 194 69 13 219 676 540 846 174 274 276 303 138 261 336 304 82 160 604 845 192 82 242 28 568 711 171 94 725 39 504 18 96
1 3 5 7 9 12 13 16 18 20 22 23 25 28 29 31 34 36 38 40 42 45 46 48 51 52 55 56 58 60 62 64 66 68 70 72 74:13097:304 35 472 88 876 764 495 664 41 78 540 282 435 1096 368 303 276 168 448 152 410 80 151 1110 36 82 1008 35 568 711 114 282 290 117 168 18 32
1 3 5 7 10 12 14 15 17 19 22 23 25 28 29 31 34 36 38 40 42 45 46 48 50 52 55 56 58 60 62 64 66 68 70 72 74:13758:152 175 118 44 800 764 23 39 365 845 540 1410 174 822 276 101 138 168 224 608 164 320 755 888 96 41 1008 28 284 948 228 94 290 156 504 72 96
1 3 5 7 9 12 14 16 18 20 22 23 25 28 29 31 34 36 38 40 42 45 46 48 50 52 55 56 58 60 62 64 66 68 70 72 74:10782:304 140 118 220 1095 573 23 498 123 39 108 282 87 274 368 101 207 280 112 304 410 80 755 444 144 41 252 14 284 711 57 470 725 117 840 54 128
1 3 5 7 9 11 13 15 17 19 22 24 25 27 29 32 34 36 38 40 42 45 46 48 51 52 54 56 58 60 62 64 66 69 70 73 74:12297:76 70 118 220 438 970 396 13 146 169 540 546 87 88 368 112 276 280 224 304 410 160 302 1110 36 205 605 35 426 237 57 470 725 688 840 422 128
1 3 5 7 9 11 13 15 17 19 22 24 25 27 29 32 34 36 38 40 42 45 46 48 51 52 54 56 58 60 62 65 66 69 70 73 74:12998:380 35 354 176 438 776 99 13 292 676 324 728 348 176 276 56 207 56 224 456 246 240 302 888 90 123 363 21 426 1185 171 313 580 516 504 844 96
1 3 5 7 9 11 13 15 17 19 22 24 25 27 29 32 34 36 38 40 43 45 46 48 51 52 54 56 58 60 62 65 66 69 70 73 74:12419:76 35 354 132 438 776 297 26 73 676 432 182 174 132 460 112 345 224 112 304 33 80 302 666 72 164 121 28 142 711 57 1565 435 860 672 1055 96
1 3 5 7 9 11 13 15 17 19 22 24 25 27 29 32 34 36 38 40 43 45 46 48 51 52 54 56 58 60 62 65 66 69 71 73 74:13103:304 140 236 132 438 970 297 13 219 169 216 546 348 132 92 112 69 168 112 456 22 240 604 1110 54 123 484 35 568 948 228 1565 145 516 288 844 160
1 3 5 7 9 11 13 15 17 19 22 24 25 27 29 32 34 36 38 40 42 45 46 48 50 52 54 56 58 60 62 65 66 69 70 73 74:14127:152 70 590 88 1095 970 99 52 292 676 108 182 87 176 368 140 345 280 224 456 328 160 453 1110 192 41 242 21 710 711 285 939 435 860 672 422 96
1 3 5 7 9 11 13 15 17 19 22 24 25 27 29 32 34 36 38 40 43 45 46 48 50 52 54 56 58 60 62 65 66 69 70 73 74:11751:76 35 118 88 438 970 297 39 73 676 324 728 261 88 276 112 138 56 112 456 22 240 302 444 240 123 363 7 284 474 228 626 290 860 672 1055 160
1 3 5 7 9 11 13 15 17 19 22 24 25 27 29 32 34 36 38 40 43 45 46 48 50 52 54 56 58 60 62 65 66 69 71 73 74:10297:76 35 236 88 219 194 99 39 146 338 432 364 261 220 368 112 345 112 224 760 11 160 453 444 96 123 121 35 568 948 228 939 145 344 432 422 160
1 3 5 7 9 11 13 16 17 19 22 23 25 27 29 31 34 36 38 40 43 45 46 48 50 52 54 56 58 60 62 64 67 69 70 73 74:12181:76 105 472 132 438 776 396 332 146 676 540 846 174 88 368 101 345 168 560 304 11 160 151 666 192 41 605 35 568 711 285 94 41 860 168 422 128
1 3 5 7 9 11 13 15 17 19 22 24 25 27 29 32 34 36 38 40 42 45 46 48 51 52 54 56 58 60 62 65 66 69 70 72 74:11626:228 175 472 88 219 970 198 52 219 676 540 546 87 132 184 140 207 224 448 608 246 160 453 444 90 82 484 7 710 948 57 313 435 344 336 72 32
1 3 5 7 9 11 13 15 17 19 22 24 25 27 29 31 34 36 38 40 43 45 46 48 51 52 54 56 58 60 62 65 66 69 70 72 74:10929:152 175 236 44 1095 194 297 13 365 338 216 546 261 176 460 202 69 112 336 304 22 320 151 888 18 41 605 14 426 1185 171 626 145 172 336 90 128
1 3 5 7 9 11 13 15 17 19 22 24 25 27 29 32 34 36 38 40 43 45 46 48 51 52 54 56 58 60 62 65 66 69 70 72 74:12132:152 140 590 132 1095 970 297 52 73 676 216 182 261 220 92 140 138 280 112 608 44 400 453 666 90 41 605 21 426 711 171 1252 290 172 168 36 160
1 3 5 7 9 11 13 15 17 19 22 24 25 27 29 32 34 36 38 40 42 45 46 48 50 52 54 56 58 60 62 65 66 69 70 72 74:12147:304 140 354 132 1095 970 396 13 365 507 216 910 174 44 184 28 276 112 336 152 82 240 604 222 240 123 605 14 142 711 57 626 435 688 504 18 128
1 3 5 7 9 11 13 15 17 19 22 24 25 27 29 31 34 36 38 40 43 45 46 48 50 52 54 56 58 60 62 65 66 69 70 72 74:13148:380 70 590 220 876 776 495 52 292 845 540 910 435 176 92 505 69 112 448 456 33 160 755 888 240 123 242 14 142 474 57 313 580 516 168 72 32
1 3 5 7 9 11 13 15 17 19 22 24 25 27 29 32 34 36 38 40 43 45 46 48 50 52 54 56 58 60 62 65 66 69 70 72 74:11669:152 105 118 220 657 970 396 13 219 338 432 910 435 220 92 56 276 56 224 608 11 400 151 444 96 41 484 28 284 237 285 939 580 860 168 36 128
1 3 5 7 9 12 13 16 17 19 22 24 25 27 29 32 34 36 38 40 43 45 46 48 50 52 54 56 58 60 62 65 66 69 70 72 74:10317:76 175 590 220 657 764 198 166 73 169 216 546 261 220 460 56 138 112 224 152 22 320 151 222 48 82 242 28 426 1185 228 313 435 860 168 18 96
1 3 6 7 9 11 13 15 17 19 22 24 25 27 29 32 34 36 39 40 43 45 46 48 51 52 54 56 58 60 62 65 66 69 70 73 74:11321:152 35 296 88 219 776 198 13 146 845 108 364 435 176 276 28 345 280 45 456 33 240 302 888 90 164 484 21 426 237 171 626 580 860 336 422 160
1 3 6 7 9 11 13 15 17 19 22 24 25 27 29 32 34 36 39 40 43 45 46 48 50 52 54 56 58 60 62 65 66 69 70 73 74:10907:304 70 222 176 438 194 198 26 146 507 324 182 174 176 92 112 276 168 180 456 33 320 302 444 240 205 363 14 426 711 114 313 290 688 840 1055 128
1 3 6 7 9 11 13 15 17 19 22 24 25 27 29 32 35 36 39 40 43 45 46 48 50 52 54 56 58 60 62 65 66 69 70 73 74:10558:152 175 222 88 438 776 297 65 219 169 432 182 174 132 184 84 942 280 135 304 55 160 453 666 240 164 605 28 426 711 114 313 290 344 168 211 160
1 3 5 7 9 11 13 15 17 19 22 23 25 27 29 32 34 36 39 40 43 45 46 48 51 52 54 56 58 60 62 64 67 69 71 73 74:11642:304 70 118 132 219 776 297 65 365 845 324 282 261 176 184 28 345 280 45 608 55 320 755 1110 72 123 242 21 284 711 171 470 41 516 720 211 96
1 3 5 7 9 11 13 15 17 19 22 23 25 27 29 32 34 36 39 40 43 45 46 48 50 52 54 56 58 60 62 64 67 69 71 73 74:9356:304 70 236 44 657 194 198 52 365 338 432 564 435 220 460 112 69 280 180 152 11 160 151 444 48 164 363 28 284 474 171 282 123 344 576 211 160
1 3 5 7 10 11 13 15 17 19 22 23 25 27 29 32 34 36 39 40 43 45 46 48 50 52 54 56 58 60 62 64 67 69 71 73 74:11551:76 175 472 220 200 776 297 13 292 169 216 1410 87 44 460 84 207 224 45 760 22 400 604 1110 240 82 242 28 284 474 114 376 41 344 720 211 32
1 3 5 7 9 11 13 16 17 19 22 23 25 27 29 32 34 36 39 40 43 45 46 48 50 52 54 56 58 60 62 64 67 69 71 73 74:12559:76 175 236 44 438 582 396 664 73 845 540 846 261 220 276 84 276 224 180 456 22 400 755 222 192 164 363 35 710 237 285 282 164 688 144 844 160
1 3 5 7 9 11 13 15 17 19 22 24 25 27 29 32 34 36 39 40 43 45 46 48 51 52 54 56 58 60 62 65 66 69 71 72 74:10259:380 70 236 44 219 970 396 13 146 169 540 364 348 44 368 28 207 56 225 760 11 160 453 222 18 123 484 7 426 711 285 939 435 172 144 54 32
1 3 6 7 9 11 13 15 17 19 22 24 25 27 29 32 34 36 39 40 43 45 46 48 51 52 54 56 58 60 62 65 66 69 71 72 74:11035:304 35 148 88 1095 776 198 52 292 507 540 182 348 44 276 84 69 168 90 152 33 160 453 1110 18 41 242 35 142 237 57 939 290 860 720 90 160
1 3 5 7 9 11 13 15 17 19 22 24 25 27 29 32 34 36 39 40 42 45 46 48 50 52 54 56 58 60 62 64 66 69 71 72 74:10180:76 35 118 176 219 582 198 65 73 676 432 546 174 88 460 56 138 280 225 760 246 80 302 888 96 123 121 21 284 474 171 188 725 344 576 36 128
1 3 5 7 9 11 13 15 17 19 22 24 25 27 29 32 34 36 39 40 43 45 46 48 50 52 54 56 58 60 62 65 66 69 71 72 74:11195:76 140 118 44 1095 388 396 65 365 338 108 546 261 88 92 112 138 168 90 304 55 160 151 1110 48 205 363 7 284 1185 171 939 725 516 144 72 128
1 3 6 7 9 11 13 15 17 19 22 24 25 27 29 32 34 36 39 40 43 45 46 48 50 52 54 56 58 60 62 65 66 69 71 72 74:10826:152 140 222 88 438 194 495 13 146 507 216 728 348 132 92 28 345 224 180 760 55 400 604 888 240 123 242 28 568 237 57 313 145 860 432 90 96
1 3 5 7 10 12 13 15 17 19 22 24 25 27 29 31 34 36 39 40 43 45 46 48 50 52 54 56 58 60 62 64 66 68 70 72 74:10980:304 35 236 44 400 191 396 26 365 169 324 546 261 176 460 404 207 56 180 608 11 400 453 1110 48 205 363 14 426 711 285 470 435 39 504 54 64
1 3 5 7 9 11 13 16 18 20 22 24 25 27 29 31 34 36 38 40 42 45 46 48 51 52 54 56 58 60 62 64 66 69 70 72 74:11303:380 140 472 176 657 194 99 166 205 195 540 182 435 220 460 101 138 224 112 152 246 400 604 666 90 41 242 28 568 474 285 470 725 516 504 36 160
1 3 5 7 9 12 13 16 18 20 22 23 25 27 29 31 34 36 38 40 42 45 46 48 51 52 54 56 58 60 62 64 66 68 70 72 74:10935:152 175 236 176 657 764 297 166 205 156 432 846 174 220 276 404 69 280 560 304 164 240 302 222 18 164 242 21 710 474 285 376 290 156 672 18 32
1 3 5 7 9 11 13 16 18 20 22 23 25 27 29 32 34 36 39 40 42 45 46 48 51 52 54 56 58 60 62 64 67 69 71 73 74:12025:76 175 354 44 1095 970 495 166 123 117 216 282 348 44 92 56 207 280 180 760 82 400 151 1110 18 123 242 21 426 1185 285 94 123 172 720 633 160
1 3 5 7 9 11 13 16 18 20 22 24 25 27 29 32 34 36 39 40 42 45 46 48 51 52 54 56 58 60 62 64 66 69 71 72 74:11626:228 105 472 220 657 776 198 830 82 39 324 546 348 132 276 112 276 224 180 304 82 240 755 444 54 164 484 14 426 1185 114 94 435 516 144 18 128
1 4 5 8 9 11 13 16 18 20 22 24 25 27 29 31 34 36 39 40 43 45 46 48 51 52 54 57 58 60 62 65 66 69 71 72 74:13546:228 123 118 675 876 582 396 498 205 78 108 910 261 44 460 505 138 280 180 608 33 160 453 222 18 123 242 927 142 1185 228 939 435 516 432 90 128
1 3 5 7 9 11 14 15 17 19 22 24 25 27 29 32 34 36 38 40 42 45 46 48 51 52 54 56 58 60 62 65 66 69 70 73 74:12171:152 35 354 176 876 194 23 52 219 507 108 364 87 44 368 84 207 112 560 152 164 80 755 888 36 82 242 35 284 948 57 939 580 688 504 1055 160
1 3 5 7 9 11 14 15 17 19 22 24 25 27 29 32 34 36 38 40 43 45 46 48 51 52 54 56 58 60 62 65 66 69 70 73 74:10693:228 70 118 220 219 582 46 26 73 676 108 364 174 44 276 140 138 224 448 152 33 320 302 444 90 205 242 7 142 1185 171 1252 580 172 672 422 128
1 3 5 7 9 11 14 15 17 19 22 24 25 27 29 32 34 36 38 40 43 45 46 48 51 52 54 56 58 60 62 65 66 69 71 73 74:8528:152 105 236 220 438 194 46 13 146 169 324 364 435 176 184 84 69 224 224 456 33 240 151 222 54 164 121 7 142 237 285 626 145 860 432 422 128
1 3 5 7 9 11 14 16 17 19 22 24 25 27 29 32 34 36 38 40 42 45 46 48 51 52 54 56 58 60 62 64 66 69 70 73 74:11764:228 140 236 88 1095 582 46 332 292 507 108 182 261 220 92 56 345 56 112 608 164 160 755 444 54 41 242 21 710 237 171 188 580 860 336 1055 160
1 3 5 7 9 11 14 15 17 19 22 24 25 27 29 32 34 36 38 40 42 45 46 48 50 52 54 56 58 60 62 65 66 69 70 73 74:12108:304 140 118 220 219 776 69 39 365 507 324 728 174 44 184 56 345 280 336 760 164 400 453 444 48 123 242 28 142 237 285 939 580 516 336 1055 128
1 3 5 7 9 11 14 15 17 19 22 24 25 27 29 32 34 36 38 40 43 45 46 48 50 52 54 56 58 60 62 65 66 69 70 73 74:11708:76 140 236 132 657 388 23 52 365 676 216 728 174 132 276 140 276 280 448 456 11 80 151 888 48 82 484 21 142 948 285 313 435 516 672 633 128
1 3 5 7 9 11 14 15 17 19 22 24 25 27 29 32 34 36 38 40 43 45 46 48 50 52 54 56 58 60 62 65 66 69 71 73 74:11948:380 35 354 44 1095 388 46 52 365 676 324 182 174 176 92 84 69 224 336 456 33 400 302 888 48 123 605 35 284 711 285 313 580 516 576 633 64
1 3 5 7 9 11 14 15 17 19 22 24 25 27 29 32 34 36 38 40 42 45 46 48 51 52 54 56 58 60 62 65 66 69 70 72 74:11664:380 105 236 176 876 582 115 26 73 676 216 910 261 44 460 140 69 224 112 456 246 400 755 666 72 123 242 35 142 948 57 1252 145 172 168 72 32
1 3 5 7 9 11 14 16 17 19 22 24 25 27 29 32 34 36 38 40 42 45 46 48 51 52 54 56 58 60 62 64 66 69 70 72 74:10842:152 105 236 88 438 388 92 664 219 845 108 728 174 220 276 112 69 224 336 304 328 80 453 222 72 123 121 21 426 711 285 376 290 688 672 36 160
1 3 5 7 9 12 14 16 17 19 22 24 25 27 29 32 34 36 38 40 42 45 46 48 51 52 54 56 58 60 62 64 66 69 70 72 74:13858:152 105 590 220 1095 764 69 830 365 845 216 910 174 176 92 140 276 168 336 760 82 320 453 444 54 123 363 7 142 1185 171 376 145 688 840 54 128
1 3 5 7 9 11 14 15 17 19 22 24 25 27 29 32 34 36 38 40 42 45 46 48 50 52 54 56 58 60 62 65 66 69 70 72 74:10233:152 175 354 220 657 388 23 13 365 845 432 364 87 132 92 56 276 112 112 152 82 240 755 888 48 205 363 21 426 237 57 313 145 860 336 90 160
1 3 5 7 9 11 14 15 17 19 22 24 25 27 29 31 34 36 38 40 43 45 46 48 50 52 54 56 58 60 62 65 66 69 70 72 74:11569:304 175 236 132 657 582 23 39 365 676 216 364 435 132 460 202 138 56 448 304 55 240 755 666 48 205 121 21 142 237 114 1565 290 516 504 18 128
1 3 5 7 9 11 14 15 17 19 22 24 25 27 29 32 34 36 38 40 43 45 46 48 50 52 54 56 58 60 62 65 66 69 70 72 74:11572:304 175 118 176 1095 194 115 52 146 338 540 910 87 44 276 28 345 224 224 152 11 400 755 888 240 123 605 7 142 237 114 939 290 860 336 18 64
1 3 5 7 10 11 14 15 17 19 22 24 25 27 29 31 34 36 38 40 43 45 46 48 50 52 54 56 58 60 62 65 66 69 70 72 74:12065:76 175 118 176 1000 388 92 26 219 169 540 546 174 176 276 202 207 56 560 304 33 400 302 222 144 82 605 21 284 474 228 1565 725 860 504 72 64
1 3 5 7 9 12 14 16 17 19 22 24 25 27 29 32 34 36 38 40 43 45 46 48 50 52 54 56 58 60 62 65 66 69 70 72 74:11354:380 35 472 88 1095 382 115 166 73 845 324 910 174 88 92 140 138 224 112 304 22 160 453 888 48 82 363 35 426 474 228 939 145 516 168 90 160
1 3 6 7 9 11 14 15 17 19 22 24 25 27 29 32 34 36 39 40 43 45 46 48 50 52 54 56 58 60 62 65 66 69 70 73 74:11160:380 105 296 88 438 388 46 39 219 676 216 182 87 44 460 140 345 224 45 304 55 320 151 666 144 205 242 7 568 711 285 313 435 860 504 844 128
1 3 6 7 10 11 14 15 17 19 22 24 25 27 29 32 34 36 39 40 43 45 46 48 51 52 54 56 58 60 62 65 66 69 71 72 74:10465:380 105 222 132 400 388 69 39 73 338 108 910 435 44 184 140 345 112 90 760 44 320 604 888 18 41 242 14 142 711 114 939 580 172 144 90 128
1 3 5 7 9 11 14 15 17 19 22 24 25 27 29 32 34 36 39 40 43 45 46 48 50 52 54 56 58 60 62 65 66 69 71 72 74:11329:152 175 118 44 438 776 23 39 146 845 432 728 174 132 460 28 276 56 90 456 44 320 453 888 240 123 242 21 142 711 171 1252 290 344 432 36 32
1 3 6 7 9 11 14 15 17 19 22 24 25 27 29 32 34 36 39 40 43 45 46 48 50 52 54 56 58 60 62 65 66 69 71 72 74:10053:304 140 222 176 876 582 46 39 365 338 216 728 348 44 92 112 345 56 180 608 11 400 453 222 48 164 242 21 142 474 285 313 435 688 288 18 32
1 3 5 7 10 11 14 15 17 19 22 24 25 27 29 32 34 36 39 40 43 45 46 48 50 52 54 56 58 60 62 65 66 69 71 72 74:11124:76 35 590 176 200 194 115 13 365 338 540 182 435 220 460 56 345 224 45 152 55 240 604 888 240 164 484 7 568 711 171 1252 145 172 576 54 32
1 3 5 7 10 12 14 15 17 19 22 23 25 27 29 31 34 36 39 40 42 45 46 48 50 52 54 56 58 60 62 64 66 68 70 72 74:11102:380 175 354 44 600 955 92 52 219 845 324 282 87 132 184 404 138 280 180 152 82 320 453 444 48 205 484 28 710 1185 285 282 290 117 168 90 32
1 3 5 7 10 11 14 16 18 20 22 24 25 27 29 31 34 36 38 40 43 45 46 48 50 52 54 56 58 60 62 64 66 69 70 72 74:11010:76 140 236 88 200 582 23 664 41 156 108 364 261 176 184 303 207 224 336 456 33 320 302 222 192 164 484 21 568 948 171 470 580 860 672 18 160
1 3 5 7 10 11 14 16 18 20 22 24 25 27 29 32 34 36 39 40 42 45 46 48 51 52 54 56 58 60 62 64 66 69 70 72 74:11925:380 140 590 176 1000 970 69 166 205 39 216 910 435 44 184 56 138 280 135 456 82 400 302 1110 18 164 363 14 568 237 171 94 725 516 504 36 32
1 3 5 7 10 11 14 16 18 20 22 24 25 27 29 32 34 36 39 40 43 45 46 48 50 52 54 56 58 60 62 65 66 69 71 72 74:12430:228 70 472 88 600 388 115 664 82 195 324 182 261 88 460 112 207 56 225 304 44 240 755 1110 192 205 242 7 426 474 228 1565 435 688 576 90 32
1 3 5 7 9 11 13 15 17 19 22 24 26 28 29 31 34 37 38 40 42 45 46 49 50 52 54 56 58 60 62 64 66 69 70 72 74:12419:304 105 472 88 1095 194 198 65 292 845 216 546 178 1096 276 303 207 348 224 760 82 240 604 338 96 205 363 35 426 237 171 376 290 172 840 36 96
1 3 5 7 9 11 13 15 17 19 22 24 26 28 29 31 34 37 38 40 42 45 46 49 50 52 54 56 58 60 62 64 66 68 70 72 74:10847:380 175 118 44 876 388 495 65 73 676 432 546 356 274 460 202 345 87 224 608 410 400 453 169 192 82 363 35 142 711 57 282 145 78 336 72 96
1 3 5 7 9 11 13 15 17 19 22 23 26 28 29 31 34 36 38 40 42 45 46 48 50 52 55 56 58 60 62 64 66 68 70 72 74:10581:76 70 118 220 438 388 396 13 73 338 108 1128 356 1096 184 202 345 112 112 456 82 80 151 1110 240 123 252 35 710 237 171 282 290 39 336 54 160
1 3 5 7 9 11 14 15 17 19 22 23 26 28 29 31 34 36 38 40 42 45 46 48 50 52 55 56 58 60 62 64 66 68 70 72 74:11529:76 105 354 44 219 970 92 52 365 845 324 1128 267 548 368 505 69 280 560 304 410 160 302 444 240 164 756 14 142 237 114 470 145 156 168 36 96
1 3 5 7 9 11 13 15 17 19 22 24 26 27 29 32 34 36 38 40 42 45 46 48 50 52 54 56 58 60 62 64 66 69 70 73 74:11941:380 175 590 176 657 582 396 26 219 845 324 910 89 176 184 28 69 168 112 456 164 80 453 1110 96 82 121 35 284 474 114 282 145 516 336 1055 32
1 3 5 8 9 11 13 16 17 19 22 23 26 27 29 31 34 36 38 40 43 45 46 48 51 52 54 56 58 60 62 64 67 69 70 73 74:11344:228 140 472 675 657 194 99 166 146 507 108 1128 356 44 276 101 345 112 448 304 11 240 755 888 54 41 242 21 284 237 171 470 123 172 336 633 160
1 3 5 7 9 11 13 15 17 19 22 24 26 27 29 32 34 36 38 40 42 45 46 48 50 52 54 56 58 60 62 64 66 69 70 72 74:10627:304 105 118 176 438 194 396 39 146 338 324 910 89 220 460 56 345 56 448 760 164 80 755 444 240 164 363 28 426 948 57 188 290 172 168 90 128
1 3 5 7 10 11 13 16 18 20 22 23 26 27 29 32 34 36 39 40 42 45 46 48 50 52 54 56 58 60 62 64 67 69 71 73 74:11098:304 35 236 44 400 776 297 498 205 195 108 564 267 176 460 112 207 224 135 304 246 320 151 666 48 41 484 7 568 711 57 94 123 516 432 1055 32
1 3 5 7 9 11 13 15 17 19 22 24 26 27 29 31 34 37 38 40 42 45 46 49 50 52 54 56 58 60 62 64 66 69 70 72 74:9849:152 175 118 88 219 776 297 52 73 338 540 182 89 176 92 202 276 261 112 456 82 320 151 507 144 41 484 21 426 948 57 470 290 344 672 90 128
1 3 5 7 9 11 14 16 17 19 22 24 26 27 29 32 34 36 39 40 42 45 46 48 50 52 54 56 58 60 62 64 66 69 71 72 74:8320:76 70 118 44 876 194 69 166 219 169 540 182 178 132 92 56 345 112 90 152 246 320 302 222 144 123 121 21 142 711 171 188 435 860 288 18 128
1 3 5 7 9 11 14 16 17 19 22 24 26 27 29 31 34 37 38 40 43 45 46 49 50 52 54 56 58 60 62 64 66 68 70 72 74:10501:304 175 354 220 219 970 23 166 219 169 108 910 89 176 368 505 276 348 336 760 55 80 604 845 144 82 242 14 142 237 114 376 290 195 168 90 128
1 3 5 7 9 11 13 15 17 19 22 23 26 27 29 31 34 36 39 40 42 45 46 48 50 52 55 56 58 60 62 64 66 68 70 72 74:13947:380 70 590 176 657 970 198 65 146 676 432 1128 356 44 460 505 138 56 135 456 246 240 755 666 48 205 756 28 284 1185 171 376 435 78 672 36 128
1 3 5 7 9 12 13 15 17 19 22 23 25 28 29 31 34 36 38 40 42 45 46 48 51 52 55 56 58 60 62 64 66 68 70 72 75:12294:76 70 590 44 876 573 396 26 73 845 540 564 348 548 276 404 138 224 112 760 164 240 755 444 72 41 504 35 142 711 57 188 435 195 672 72 84
1 3 5 7 9 12 13 15 17 19 22 23 25 28 29 31 34 36 38 40 42 45 46 48 51 52 55 57 58 60 62 64 66 68 70 72 75:14191:304 105 118 132 876 955 396 39 146 169 540 846 261 274 184 505 138 224 560 760 410 80 604 1110 36 82 252 1545 426 948 171 282 290 117 168 54 84
1 3 5 7 9 11 13 15 17 19 22 23 25 28 29 31 34 36 38 40 42 45 46 48 50 52 55 57 58 60 62 64 66 69 70 72 75:13697:228 70 236 88 1095 970 99 65 146 169 324 846 261 1370 92 101 138 168 224 760 82 80 453 888 48 41 252 618 284 1185 285 188 725 344 672 18 84
1 3 5 7 9 12 13 15 17 19 22 23 25 28 29 31 34 36 38 40 42 45 46 48 50 52 55 57 58 60 62 64 66 69 70 72 75:13831:76 35 118 220 1095 573 297 52 365 169 432 846 435 548 368 404 345 112 336 152 164 240 604 1110 240 164 504 618 142 1185 114 376 290 172 672 90 168
1 3 5 7 9 12 13 15 17 19 22 23 25 28 29 31 34 36 38 40 42 45 46 48 50 52 55 56 58 60 62 64 66 68 70 72 75:11786:152 35 472 132 876 764 297 52 365 845 540 282 348 548 276 202 345 56 224 304 246 80 151 222 192 123 252 7 710 1185 57 376 290 156 504 36 84
1 3 5 7 9 11 13 15 17 19 22 23 25 28 29 31 34 37 38 40 42 45 46 48 50 52 55 56 58 60 62 64 66 68 70 72 75:11748:304 105 472 88 657 776 297 26 219 338 216 1128 348 548 276 202 345 261 448 152 82 80 453 222 192 82 1260 7 426 474 57 470 290 117 168 36 126
1 3 5 7 9 12 13 16 18 20 22 23 25 28 29 31 34 36 38 40 42 45 46 48 51 52 55 56 58 60 62 64 66 68 70 72 75:12815:152 35 118 88 438 955 99 166 41 78 540 1410 348 1096 460 404 345 168 336 152 164 240 604 666 54 123 1260 35 142 474 57 282 580 195 336 90 84
1 3 5 7 9 12 13 16 18 20 22 23 25 28 29 31 34 36 38 40 42 45 46 48 51 52 55 57 58 60 62 64 66 68 70 72 75:13044:76 105 472 132 657 955 297 830 205 39 432 1128 348 274 368 303 276 56 224 304 246 400 302 222 18 41 504 1236 710 711 228 94 290 39 336 18 168
1 3 5 7 9 11 14 15 17 19 22 23 25 28 29 31 34 36 38 40 42 45 46 48 51 52 55 56 58 60 62 64 66 69 70 72 75:10192:228 105 590 88 219 194 69 26 146 169 324 564 261 274 92 404 138 280 448 608 164 80 453 1110 18 82 504 7 284 237 171 376 145 860 336 54 84
1 3 5 7 9 11 14 15 17 19 22 23 25 28 29 31 34 36 38 40 42 45 46 48 51 52 55 56 58 60 62 64 66 68 70 72 75:12247:76 35 118 44 657 194 46 26 292 507 108 1128 261 1096 276 101 345 168 448 760 82 320 453 666 90 205 756 21 568 948 114 188 145 195 672 54 84
1 3 5 7 9 11 14 15 17 19 22 23 25 28 29 31 34 36 38 40 42 45 46 48 50 52 55 56 58 60 62 64 66 69 70 72 75:12274:380 175 236 220 1095 194 92 13 365 169 216 1128 174 822 368 404 276 224 448 304 410 80 604 222 192 205 252 21 426 474 114 376 145 688 504 90 168
1 3 5 7 9 12 14 15 17 19 22 23 25 28 29 31 34 36 38 40 42 45 46 48 50 52 55 56 58 60 62 64 66 69 70 72 75:11132:228 35 118 44 219 573 92 65 73 507 432 282 261 274 92 202 207 112 560 608 82 400 151 666 144 205 1260 14 568 711 57 188 290 344 840 18 210
1 3 5 7 9 12 14 15 17 19 22 23 25 28 29 31 34 36 38 40 42 45 46 48 50 52 55 57 58 60 62 64 66 69 70 72 75:14527:76 140 354 88 876 955 69 39 73 845 324 282 348 274 276 101 345 112 224 456 328 400 604 1110 192 41 1008 1545 142 474 285 376 435 688 504 54 84
1 3 5 7 10 12 14 15 17 19 22 23 25 28 29 31 34 36 38 40 42 45 46 48 50 52 55 57 58 60 62 64 66 69 70 72 75:14733:152 35 354 176 200 955 46 13 365 507 108 846 261 1370 276 303 69 168 224 608 82 400 755 444 192 82 756 1545 142 1185 171 470 145 860 168 90 210
1 3 5 7 9 12 14 16 17 19 22 23 25 28 29 31 34 36 38 40 42 45 46 48 50 52 55 56 58 60 62 64 66 69 70 72 75:13689:380 140 590 220 657 191 23 332 292 845 108 846 174 1096 460 303 138 168 224 304 410 160 604 888 96 205 504 28 284 474 171 188 580 688 840 36 42
1 3 5 7 10 12 14 15 17 19 22 23 25 28 29 31 34 36 38 40 42 45 46 48 50 52 55 56 58 60 62 64 66 68 70 72 75:11742:228 175 472 44 600 191 69 65 146 676 324 564 87 822 184 404 276 168 224 304 410 160 151 444 192 82 756 14 710 474 285 188 725 156 840 90 42
1 3 5 7 9 12 14 16 17 19 22 23 25 28 29 31 34 36 38 40 42 45 46 48 50 52 55 56 58 60 62 64 66 68 70 72 75:11791:152 70 118 44 876 955 92 332 73 169 324 1128 435 274 184 202 207 168 224 152 82 240 604 1110 192 123 504 14 426 1185 171 282 145 78 336 36 84
1 3 5 7 9 12 14 16 18 20 22 23 25 28 29 31 34 36 38 40 42 45 46 48 50 52 55 56 58 60 62 64 66 69 70 72 75:13149:304 140 472 220 657 955 23 166 41 195 432 1128 174 822 184 404 69 280 448 152 82 240 302 1110 96 123 252 14 426 948 171 470 435 860 168 18 168
1 3 5 7 9 12 14 16 18 20 22 23 25 28 29 31 34 36 38 40 42 45 46 48 50 52 55 57 58 60 62 64 66 69 70 72 75:12572:152 35 236 176 1095 382 23 664 123 117 324 282 348 274 276 505 345 168 224 608 164 400 755 444 96 164 252 309 426 1185 114 94 290 688 672 36 126
1 3 5 7 10 12 14 16 18 20 22 23 25 28 29 31 34 36 38 40 42 45 46 48 50 52 55 56 58 60 62 64 66 68 70 72 75:13760:304 70 354 132 800 764 69 498 123 39 324 1128 348 1370 368 101 138 280 112 304 164 240 755 1110 96 205 756 7 568 711 171 282 145 156 504 54 210
1 3 6 7 9 11 13 15 17 19 22 23 25 27 29 31 34 36 39 40 42 45 46 48 51 52 55 56 58 60 62 64 66 69 71 72 75:9612:380 105 148 176 657 582 198 26 146 169 216 282 261 220 460 202 207 224 180 152 164 160 604 222 18 205 1008 7 284 474 228 188 145 344 288 72 210
1 3 5 7 9 12 13 15 17 19 22 23 25 27 29 31 34 36 39 40 42 45 46 48 51 52 55 56 58 60 62 64 66 68 71 72 75:10793:76 175 118 220 876 955 198 39 73 845 108 564 174 88 92 202 138 224 90 760 328 320 151 444 54 164 756 7 142 948 114 188 580 156 144 72 210
1 3 5 7 9 11 13 15 17 19 22 23 25 27 29 31 34 36 39 40 42 45 46 48 50 52 55 56 58 60 62 64 66 69 71 72 75:11261:228 105 236 132 657 194 198 39 292 338 540 282 87 176 368 303 69 56 45 456 328 400 151 444 240 123 1008 14 568 1185 228 94 725 688 144 36 84
1 3 6 7 9 11 13 15 17 19 22 23 25 27 29 31 34 36 39 40 42 45 46 48 50 52 55 56 58 60 62 64 66 69 70 72 75:12812:152 35 222 176 876 776 99 39 292 507 324 846 87 88 92 404 69 280 180 760 246 80 604 1110 240 123 504 21 710 474 57 94 435 688 840 72 210
1 3 6 7 9 11 13 15 17 19 22 23 25 27 29 31 34 36 39 40 42 45 46 48 50 52 55 56 58 60 62 64 66 69 71 72 75:12941:380 175 370 88 1095 970 99 39 146 676 216 1410 348 132 276 202 276 56 180 304 410 240 302 1110 144 41 756 7 284 237 171 188 725 516 144 18 210
1 3 5 7 9 11 13 15 17 19 22 23 25 27 29 31 34 36 39 40 42 45 46 48 50 52 55 57 58 60 62 64 66 69 70 72 75:15320:228 35 236 44 1095 582 99 39 292 169 540 1128 87 44 460 505 207 224 90 608 246 320 453 1110 144 41 1260 1236 426 711 228 94 435 860 840 36 168
1 3 5 7 9 12 13 15 17 19 22 23 25 27 29 31 34 36 39 40 42 45 46 48 50 52 55 57 58 60 62 64 66 69 70 72 75:11941:304 175 236 44 219 955 198 39 292 169 216 846 174 176 368 303 345 112 180 304 82 400 755 666 48 82 756 927 142 948 228 376 290 172 168 36 210
1 3 5 7 9 11 13 15 17 19 22 23 25 27 29 31 34 36 39 40 42 45 46 48 50 52 55 56 58 60 63 64 66 69 71 72 75:14131:304 105 590 44 876 970 396 13 73 507 216 1410 435 44 184 202 345 280 225 152 164 400 151 888 48 82 756 28 568 948 656 282 725 344 576 18 126
1 3 5 7 9 12 13 15 17 19 22 23 25 27 29 31 34 36 39 40 42 45 46 48 50 52 55 56 58 60 63 64 66 69 71 72 75:12866:304 175 590 220 219 382 495 52 219 169 216 564 174 88 368 202 207 168 225 608 164 400 453 222 240 205 1260 35 568 711 656 282 145 860 720 90 210
1 3 5 7 9 12 13 15 17 19 22 23 25 27 29 31 34 36 39 40 42 45 46 48 50 52 55 56 58 60 62 64 66 68 71 72 75:10537:304 140 236 132 219 573 396 52 73 338 108 564 174 176 276 303 207 224 135 760 164 400 302 444 48 82 252 21 426 1185 57 188 435 195 720 18 210
1 3 5 7 9 12 13 16 18 20 22 23 25 27 29 31 34 36 38 40 42 45 46 48 51 52 55 56 58 60 62 64 66 68 70 72 75:10764:152 175 590 176 657 191 99 830 123 195 216 1128 348 44 276 303 138 280 336 304 164 240 302 444 18 82 504 14 710 474 114 470 145 156 168 72 126
1 3 5 8 9 12 13 16 18 20 22 23 25 27 29 31 34 36 39 40 42 45 46 48 51 52 55 56 58 60 62 64 66 68 71 72 75:11514:228 70 472 450 876 955 198 332 123 156 216 1128 87 176 92 303 207 224 135 304 410 80 151 222 90 123 504 14 710 237 285 470 580 156 576 90 84
1 3 5 7 10 12 14 15 17 19 22 23 25 27 29 31 34 36 38 40 42 45 46 48 50 52 55 56 58 60 62 64 66 68 70 72 75:11544:304 35 118 88 200 191 23 26 146 507 540 1128 261 220 368 303 207 280 112 608 246 240 604 222 192 205 1008 35 426 711 57 470 725 78 504 72 84
1 3 5 7 9 12 14 16 17 19 22 23 25 27 29 31 34 36 38 40 42 45 46 48 50 52 55 56 58 60 62 64 66 68 70 72 75:11498:228 70 472 220 657 955 23 332 146 338 540 282 87 132 460 202 69 280 336 304 82 80 151 1110 144 123 504 21 426 948 57 376 290 117 672 54 210
1 3 5 7 9 11 14 15 17 19 22 23 25 27 29 31 34 36 39 40 42 45 46 48 51 52 55 56 58 60 62 64 66 69 70 72 75:11620:76 140 118 176 657 776 69 13 73 338 432 564 261 220 460 101 276 168 45 456 410 320 151 444 36 205 1260 7 710 474 171 470 435 172 672 54 210
1 3 5 7 9 11 14 15 17 19 22 23 25 27 29 31 34 36 39 40 42 45 46 48 51 52 55 56 58 60 62 64 66 69 71 72 75:11058:380 35 472 220 438 388 46 65 365 507 108 564 435 220 368 101 276 112 90 608 328 80 302 666 36 123 504 7 426 237 285 94 580 860 432 90 210
1 3 6 7 9 11 14 15 17 19 22 23 25 27 29 31 34 36 39 40 42 45 46 48 51 52 55 56 58 60 62 64 66 69 70 72 75:12192:380 70 148 88 1095 776 46 65 365 338 540 846 348 220 92 101 69 280 225 608 164 80 755 888 18 41 756 35 568 711 171 94 435 344 336 54 42
1 3 5 7 9 11 14 15 17 19 22 23 25 27 29 31 34 36 39 40 42 45 46 48 51 52 55 56 58 60 62 64 66 68 70 72 75:10509:380 35 354 44 876 970 46 39 73 169 216 1128 261 220 184 303 207 56 90 608 82 80 453 888 36 164 252 21 710 237 171 94 435 195 336 54 42
1 3 5 7 9 11 14 15 17 19 22 23 25 27 29 31 34 36 39 40 42 45 46 48 51 52 55 56 58 60 62 64 66 68 71 72 75:12893:380 105 472 88 657 388 115 52 146 676 108 1128 87 132 460 303 69 56 135 760 82 400 755 1110 54 205 504 28 710 1185 285 188 725 39 144 36 126
1 3 5 7 10 11 14 15 17 19 22 23 25 27 29 31 34 36 39 40 42 45 46 48 51 52 55 56 58 60 62 64 66 68 70 72 75:10154:76 35 590 132 200 582 23 65 292 169 216 846 435 44 368 202 69 168 225 608 82 320 302 666 18 82 252 35 142 711 228 470 580 117 672 90 42
1 3 5 7 9 11 14 15 17 19 22 23 25 27 29 31 34 36 39 40 42 45 46 48 50 52 55 56 58 60 62 64 66 69 70 72 75:10596:380 140 354 132 438 970 46 65 292 169 108 564 174 88 368 303 207 112 45 304 328 240 604 222 96 82 1008 7 142 237 57 188 580 688 672 18 168
1 3 6 7 9 11 14 15 17 19 22 23 25 27 29 31 34 36 39 40 42 45 46 48 50 52 55 56 58 60 62 64 66 69 70 72 75:10452:76 70 296 220 438 970 69 26 219 676 216 846 174 88 184 404 138 112 45 456 328 240 151 888 240 164 252 21 426 474 114 470 145 516 168 90 42
1 3 6 7 9 11 14 15 17 19 22 23 25 27 29 31 34 36 39 40 42 45 46 48 50 52 55 56 58 60 62 64 66 69 71 72 75:11749:304 140 370 220 876 776 46 52 219 507 432 282 435 220 368 202 345 168 225 760 410 160 453 222 240 205 252 35 142 948 285 376 290 172 432 54 126
1 3 5 7 10 12 14 15 17 19 22 23 25 27 29 31 34 36 39 40 42 45 46 48 50 52 55 56 58 60 62 64 66 69 71 72 75:10578:152 105 354 132 400 573 92 26 219 169 216 1410 261 44 276 404 69 280 180 304 246 80 453 888 48 41 504 35 284 711 57 376 145 516 432 54 42
1 3 5 7 10 12 14 15 17 19 22 23 25 27 29 31 34 36 39 40 42 45 46 48 50 52 55 57 58 60 62 64 66 69 70 72 75:13756:76 105 590 176 200 764 115 26 365 676 324 282 261 44 276 101 345 280 135 608 410 160 151 888 48 123 1008 1236 568 1185 171 94 435 516 840 90 84
1 3 5 7 9 11 14 15 17 19 22 23 25 27 29 31 34 36 39 40 42 45 46 48 50 52 55 56 58 60 62 64 66 68 71 72 75:10259:152 175 118 176 876 194 115 26 219 507 432 846 87 88 184 101 138 224 180 456 410 320 604 444 240 82 504 28 142 474 171 470 290 78 576 90 42
1 3 5 7 10 12 14 15 17 19 22 23 25 27 29 31 34 36 39 40 42 45 46 48 50 52 55 56 58 60 62 64 66 68 71 72 75:11962:76 175 590 44 400 764 23 52 292 676 324 1128 87 132 92 101 69 168 180 304 410 400 604 888 144 123 1260 7 426 948 171 282 145 195 144 54 84
1 3 5 7 10 12 14 16 18 20 22 23 25 27 29 31 34 36 38 40 42 45 46 48 50 52 55 56 58 60 62 64 66 68 70 72 75:11750:304 35 472 220 800 764 46 664 123 156 216 282 261 176 460 404 138 112 336 152 410 320 755 666 144 82 1008 7 710 474 57 188 145 195 336 90 42
1 3 5 7 10 12 14 16 18 20 22 23 25 27 29 31 34 36 39 40 42 45 46 48 50 52 55 56 58 60 62 64 66 68 71 72 75:10772:228 175 236 220 400 764 115 332 123 156 540 846 261 132 184 505 345 112 135 456 82 320 302 222 192 41 252 7 710 711 285 94 725 156 288 36 84
1 3 5 7 9 11 13 15 17 19 22 23 26 28 29 31 34 36 38 40 42 45 46 48 50 52 55 56 58 60 62 64 66 69 70 72 75:10997:76 70 354 176 438 970 396 65 365 845 108 282 178 274 92 505 138 280 112 456 328 160 604 444 144 41 252 21 142 237 57 282 435 860 672 54 84
1 3 5 7 9 11 13 15 17 19 22 23 26 28 29 31 34 36 38 40 42 45 46 48 50 52 55 57 58 60 62 64 66 69 70 72 75:12669:304 35 590 88 657 776 99 65 292 676 324 1410 356 274 184 202 69 224 336 608 246 160 453 222 96 164 504 618 710 237 171 188 145 688 336 36 126
1 3 5 7 9 11 13 15 17 19 22 23 26 28 29 31 34 36 38 40 42 45 46 48 50 52 55 56 58 60 62 64 66 68 70 72 75:12902:304 105 236 220 1095 970 495 52 146 676 432 564 356 274 184 303 138 56 112 304 164 320 755 666 96 164 504 21 568 474 171 282 435 156 840 54 210
1 3 5 7 9 11 14 15 17 19 22 23 26 28 29 31 34 36 38 40 42 45 46 48 50 52 55 56 58 60 62 64 66 69 70 72 75:12788:380 70 236 176 1095 776 46 39 365 169 432 1128 178 274 368 505 276 168 224 304 328 320 151 888 96 123 252 7 710 948 171 188 435 344 504 72 42
1 3 5 7 9 11 13 15 17 19 22 23 26 27 29 31 34 36 39 40 42 45 46 48 50 52 54 56 58 60 62 64 66 68 70 72 75:11718:304 105 472 220 1095 582 396 52 219 169 216 1128 445 88 276 202 207 112 45 152 164 240 151 888 192 164 121 7 568 1185 171 188 435 39 504 90 126
1 3 5 7 9 11 13 15 17 19 22 23 26 27 29 31 34 36 38 40 42 45 46 48 51 52 55 56 58 60 62 64 66 69 70 72 75:12950:228 140 118 88 438 970 99 52 219 507 108 1410 356 220 460 202 345 112 112 608 328 160 604 444 90 164 1008 28 142 474 285 470 725 516 504 90 126
1 3 5 7 9 11 13 15 17 19 22 23 26 27 29 31 34 36 38 40 42 45 46 48 50 52 55 56 58 60 62 64 66 68 70 72 75:12693:380 70 590 176 1095 582 198 39 146 676 108 1410 356 220 368 404 69 112 448 304 328 320 151 222 144 82 504 28 426 948 114 188 725 78 504 54 126
1 3 6 7 9 11 13 15 17 19 22 23 26 27 29 31 34 36 39 40 42 45 46 48 51 52 55 56 58 60 62 64 66 69 70 72 75:11314:76 140 296 44 219 388 99 39 73 845 540 1128 445 176 368 202 276 56 225 760 410 240 151 444 72 123 756 7 710 237 57 94 290 860 336 90 42
1 3 6 7 9 11 13 15 17 19 22 23 26 27 29 31 34 36 39 40 42 45 46 48 51 52 55 56 58 60 62 64 66 69 71 72 75:11581:152 35 222 176 1095 970 495 13 219 338 216 1410 178 176 460 202 276 168 90 608 164 80 453 222 72 82 504 14 142 474 57 376 580 172 576 72 42
1 3 5 7 9 12 13 15 17 19 22 23 26 27 29 31 34 36 39 40 42 45 46 48 51 52 55 56 58 60 63 64 66 69 71 72 75:12902:304 70 354 44 876 955 495 52 219 676 108 846 267 220 276 202 207 112 180 608 164 80 151 666 54 41 1008 7 568 237 492 282 725 516 576 54 210
1 3 5 7 9 11 13 15 17 19 22 23 26 27 29 31 34 36 39 40 42 45 46 48 50 52 55 57 58 60 62 64 66 69 70 72 75:15181:380 70 236 220 657 582 396 39 73 507 540 1410 356 44 460 303 138 168 45 608 410 400 302 666 96 164 1008 309 284 1185 228 376 725 860 840 54 42
1 3 5 7 9 11 13 15 17 19 22 23 26 27 29 31 34 36 39 40 42 45 46 48 50 52 55 56 58 60 63 64 66 69 71 72 75:11654:76 70 236 220 219 388 198 65 146 845 324 1128 267 176 368 303 276 224 180 304 164 160 453 444 192 164 252 14 568 237 328 376 725 688 576 90 210
1 3 5 7 9 11 13 15 17 19 22 23 26 27 29 31 34 36 39 40 42 45 46 48 50 52 55 56 58 60 62 64 66 68 70 72 75:11200:76 140 118 132 657 582 297 13 292 845 324 1410 89 44 276 505 138 168 45 152 82 240 151 888 240 164 252 7 284 948 228 470 580 39 168 72 84
1 3 5 7 9 11 13 15 17 19 22 23 26 27 29 31 34 36 39 40 42 45 46 48 50 52 55 56 58 60 62 64 66 68 71 72 75:10875:228 175 236 44 219 582 297 26 292 169 216 1410 356 220 276 101 69 224 45 304 164 160 302 666 144 82 504 7 426 948 171 376 725 39 576 54 42
1 3 5 7 9 11 14 15 17 19 22 23 26 27 29 31 34 36 38 40 42 45 46 48 51 52 55 56 58 60 62 64 66 69 70 72 75:12512:380 70 118 88 657 776 23 52 292 845 216 846 356 88 92 101 69 224 336 304 328 320 151 1110 90 82 1260 21 284 948 114 188 725 688 168 18 84
1 3 5 7 9 11 14 15 17 19 22 23 26 27 29 31 34 36 38 40 42 45 46 48 50 52 55 56 58 60 62 64 66 68 70 72 75:12297:304 70 472 44 1095 388 46 39 365 507 216 1128 89 132 184 303 207 112 112 456 328 400 755 1110 48 205 504 28 568 711 285 376 290 156 168 54 42
1 3 5 7 9 11 13 15 17 19 21 23 25 28 29 31 34 36 38 40 42 45 46 48 51 52 55 56 58 60 63 64 66 69 70 72 74:12726:304 35 236 132 876 194 297 52 146 338 132 564 435 1370 460 303 207 168 224 152 246 160 151 1110 90 123 504 35 426 1185 164 470 725 344 168 72 128
1 3 5 7 9 11 13 15 17 20 21 24 25 27 29 31 34 36 38 40 42 45 47 48 51 52 54 56 58 60 62 65 66 69 70 73 74:11760:304 35 236 220 219 388 198 52 292 39 198 182 261 88 276 505 138 56 336 456 246 400 1395 1110 90 164 605 28 710 237 285 313 435 516 504 211 32
1 3 5 7 9 11 13 15 17 20 21 24 25 27 29 31 34 36 38 40 43 45 47 48 51 52 54 56 58 60 62 65 66 69 70 73 74:10567:380 175 118 220 657 388 396 39 73 78 330 364 261 220 460 303 138 280 336 152 22 240 837 666 72 41 242 7 426 948 171 313 145 172 168 633 96
1 3 5 7 9 12 13 15 17 20 21 24 25 27 29 31 34 36 38 40 42 45 47 48 51 52 54 56 58 60 62 65 66 69 70 73 74:12433:76 175 236 176 438 764 297 13 219 78 198 182 174 176 368 303 276 280 448 456 164 400 1395 444 72 123 484 7 568 237 171 939 580 344 168 844 160
1 3 5 7 9 12 13 15 17 20 21 24 25 27 29 31 34 36 38 40 43 45 47 48 51 52 54 56 58 60 62 65 66 69 70 73 74:15100:304 70 236 88 1095 955 396 39 146 195 132 910 261 176 276 505 207 56 560 304 55 160 1116 888 18 164 484 7 710 711 171 1565 145 172 672 1055 96
1 3 5 7 9 11 13 15 17 20 21 24 25 27 29 32 34 36 38 40 42 45 47 48 51 52 54 56 58 60 62 65 66 68 70 73 74:11838:304 70 590 220 219 388 495 26 365 195 132 546 174 220 184 84 276 224 112 760 164 320 1116 222 72 123 363 35 426 237 285 939 580 78 840 422 32
1 3 5 7 9 11 13 15 17 20 21 24 25 27 29 32 34 36 38 40 43 45 47 48 51 52 54 56 58 60 62 65 66 68 70 73 74:12732:76 70 118 220 438 970 495 13 365 117 66 910 174 44 460 84 207 224 448 760 22 240 558 888 18 205 605 7 142 711 57 939 580 78 336 1055 32
1 3 5 7 9 12 13 15 17 20 21 24 25 27 29 32 34 36 38 40 42 45 47 48 51 52 54 56 58 60 62 65 66 68 70 73 74:11973:380 175 472 220 438 764 198 65 292 156 66 546 87 44 184 28 207 168 224 760 82 80 1395 888 18 123 363 14 710 237 114 1252 145 117 168 633 160
1 3 5 7 9 12 13 15 17 20 21 24 25 27 29 32 34 36 38 40 43 45 47 48 51 52 54 56 58 60 62 65 66 68 70 73 74:13814:380 70 354 220 657 955 396 52 219 39 198 546 435 88 92 56 345 56 224 456 11 320 558 666 54 123 605 28 710 948 285 939 725 117 672 1055 160
1 3 5 7 9 11 13 15 17 20 21 24 25 27 29 31 34 36 38 40 42 45 47 48 50 52 54 56 58 60 62 65 66 69 70 73 74:13171:380 70 472 176 219 970 396 39 292 156 198 910 348 88 92 505 207 280 112 456 328 320 558 888 240 41 363 7 284 474 171 626 145 516 840 844 160
1 3 5 7 9 11 13 15 17 20 21 24 25 27 29 31 34 36 38 40 43 45 47 48 50 52 54 56 58 60 62 65 66 69 70 73 74:9727:76 175 590 176 219 776 99 26 292 117 66 364 348 88 460 101 138 56 112 608 22 160 279 222 144 205 484 35 710 474 114 313 290 344 168 844 32
1 3 5 7 9 12 13 15 17 20 21 24 25 27 29 31 34 36 38 40 42 45 47 48 50 52 54 56 58 60 62 65 66 69 70 73 74:13397:304 70 236 132 219 191 99 65 292 78 132 910 435 132 184 202 69 168 112 760 328 240 1395 1110 48 205 242 7 568 474 228 1252 725 688 336 633 128
1 3 5 7 9 12 13 15 17 20 21 24 25 27 29 31 34 36 38 40 43 45 47 48 50 52 54 56 58 60 62 65 66 69 70 73 74:12555:304 70 118 88 438 382 495 65 73 117 198 910 348 88 276 505 69 56 336 456 55 160 558 888 96 41 121 7 426 948 285 939 580 172 672 1055 160
1 3 5 7 9 11 13 15 17 20 21 24 25 27 29 32 34 36 38 40 42 45 47 48 50 52 54 56 58 60 62 65 66 68 70 73 74:11486:304 70 118 88 657 194 99 13 73 156 198 364 174 44 368 140 345 224 336 152 328 320 837 1110 192 82 605 28 710 237 114 939 725 195 672 211 64
1 3 5 7 9 11 13 15 17 20 21 24 25 27 29 32 34 36 38 40 43 45 47 48 50 52 54 56 58 60 62 65 66 68 70 73 74:12357:152 70 472 176 1095 776 198 52 73 195 330 546 348 176 460 112 207 224 560 304 55 240 279 1110 240 205 121 28 426 474 171 939 290 156 336 633 128
1 3 5 7 9 12 13 15 17 20 21 24 25 27 29 32 34 36 38 40 42 45 47 48 50 52 54 56 58 60 62 65 66 68 70 73 74:12487:76 105 590 88 1095 191 198 52 292 156 66 364 261 176 92 28 207 224 336 760 246 400 1116 1110 192 123 363 7 710 948 285 626 290 39 336 211 128
1 3 5 7 9 12 13 15 17 20 21 24 25 27 29 32 34 36 38 40 43 45 47 48 50 52 54 56 58 60 62 65 66 68 70 73 74:13513:228 140 354 176 438 191 99 52 219 195 66 910 348 220 184 28 276 224 448 152 22 240 1395 1110 192 123 484 21 568 474 228 1565 145 39 840 1055 64
1 3 5 7 9 11 13 15 17 20 21 24 25 27 29 32 34 36 38 40 42 45 47 48 51 52 54 56 58 60 62 65 66 68 70 72 74:11105:76 35 118 88 657 776 396 65 292 117 264 910 348 88 92 84 207 56 448 456 328 160 837 888 18 205 605 35 426 237 285 626 290 156 336 36 64
1 3 5 7 9 11 13 15 17 20 21 24 25 27 29 32 34 36 38 40 43 45 47 48 51 52 54 56 58 60 62 65 66 68 70 72 74:10623:228 105 118 220 876 194 297 13 219 195 330 182 435 88 368 140 138 112 560 760 11 320 837 666 54 205 121 28 142 1185 114 626 290 156 168 90 32
1 3 5 7 9 12 13 15 17 20 21 24 25 27 29 32 34 36 38 40 42 45 47 48 51 52 54 56 58 60 62 65 66 68 70 72 74:12252:380 175 354 132 438 191 495 39 365 195 330 182 435 220 460 112 138 224 112 760 164 320 1395 444 72 164 484 14 568 1185 114 313 725 39 336 18 160
1 3 5 7 9 12 13 15 17 20 21 24 25 27 29 32 34 36 38 40 43 45 47 48 51 52 54 56 58 60 62 65 66 68 70 72 74:11194:380 105 472 88 219 764 99 52 365 156 264 546 261 88 184 84 276 168 112 456 55 320 1116 222 18 41 121 21 426 1185 171 1565 145 117 336 36 160
1 3 5 7 9 11 13 15 17 20 21 24 25 27 29 32 34 36 38 40 42 45 47 48 50 52 54 56 58 60 62 65 66 68 70 72 74:13209:304 105 590 220 657 970 297 65 219 156 66 910 174 176 184 56 276 56 336 152 328 240 837 1110 240 82 484 7 142 711 57 1565 580 39 672 18 128
1 3 5 7 9 11 13 15 17 20 21 24 25 27 29 32 34 36 38 40 43 45 47 48 50 52 54 56 58 60 62 65 66 68 70 72 74:10753:228 35 472 176 876 194 495 26 365 78 132 182 348 176 92 84 276 112 448 456 33 160 837 222 192 123 242 35 284 948 285 626 580 195 672 36 32
1 3 5 7 9 12 13 15 17 20 21 24 25 27 29 32 34 36 38 40 42 45 47 48 50 52 54 56 58 60 62 65 66 68 70 72 74:11706:380 105 236 88 219 955 297 39 365 39 66 728 348 44 184 84 69 56 448 760 328 240 837 888 96 82 242 7 142 711 228 1252 290 195 504 90 64
1 3 5 7 9 12 13 15 17 20 21 24 25 27 29 32 34 36 38 40 43 45 47 48 50 52 54 56 58 60 62 65 66 68 70 72 74:10346:76 70 590 44 876 764 99 39 73 156 330 364 348 132 276 56 138 56 448 760 55 240 558 444 144 205 605 21 426 237 114 626 145 195 504 36 96
1 3 5 7 9 11 13 15 17 19 21 24 25 27 29 31 34 36 39 40 42 45 46 48 51 52 54 56 58 60 62 65 66 69 71 73 74:11530:304 175 472 176 219 582 495 39 73 169 330 182 348 132 276 404 69 224 90 152 410 240 453 666 72 123 605 14 284 948 171 626 435 344 288 844 96
1 3 5 7 9 11 13 15 17 19 21 24 25 27 29 31 34 36 39 40 43 45 46 48 51 52 54 56 58 60 62 65 66 69 71 73 74:12752:304 105 472 132 876 776 396 13 73 338 198 364 261 44 184 202 345 224 90 608 33 80 453 666 36 164 605 21 142 1185 171 1565 435 516 432 211 32
1 3 5 7 9 12 13 15 17 19 21 24 25 27 29 31 34 36 39 40 42 45 46 48 51 52 54 56 58 60 62 65 66 69 71 73 74:14282:152 105 590 44 219 764 396 52 146 845 330 910 87 44 276 303 345 224 45 760 164 400 453 1110 54 205 605 35 284 948 228 1252 290 344 576 633 64
1 3 5 7 9 11 13 15 17 19 21 24 25 27 29 32 34 36 39 40 42 45 46 48 51 52 54 56 58 60 62 65 66 68 71 73 74:11441:152 175 236 220 1095 970 99 65 292 676 66 182 348 176 368 84 138 280 225 456 328 320 604 1110 90 82 121 7 142 237 285 626 145 78 720 211 32
1 3 5 7 9 11 13 15 17 19 21 24 25 27 29 32 34 36 39 40 43 45 46 48 51 52 54 56 58 60 62 65 66 68 71 73 74:9638:304 175 590 88 1095 194 198 39 73 338 264 546 348 88 184 84 276 224 90 152 33 80 453 222 36 41 605 7 426 237 171 626 290 156 144 633 128
1 3 5 7 9 12 13 15 17 19 21 24 25 27 29 32 34 36 39 40 42 45 46 48 51 52 54 56 58 60 62 65 66 68 71 73 74:12320:304 70 590 220 1095 764 99 26 292 338 330 728 435 176 184 56 345 224 135 456 246 320 151 1110 36 82 363 14 426 474 171 313 435 39 576 633 64
1 3 5 7 9 11 13 15 17 20 21 24 25 27 29 31 34 36 39 40 43 45 47 48 51 52 54 56 58 60 62 65 66 69 70 73 74:13055:380 175 354 44 438 194 396 39 146 156 330 910 261 220 368 505 69 280 180 608 55 320 1395 444 90 123 242 21 568 711 171 313 435 860 672 422 160
1 3 5 7 9 12 13 15 17 20 21 24 25 27 29 31 34 36 39 40 43 45 47 48 51 52 54 56 58 60 62 65 66 69 70 73 74:12205:152 140 354 176 876 382 297 52 292 78 264 728 87 88 460 101 207 56 90 760 22 160 279 1110 90 41 484 28 284 948 114 626 290 688 672 633 96
1 3 6 7 9 12 13 15 17 20 21 24 25 27 29 31 34 36 39 40 43 45 47 48 51 52 54 57 58 60 63 65 66 69 71 73 74:13252:228 70 296 44 438 764 396 65 365 156 132 182 261 176 460 303 138 224 135 608 22 400 279 1110 72 164 121 1545 568 237 492 1565 290 172 288 422 64
1 3 6 7 9 11 13 15 17 20 21 24 25 27 29 31 35 36 39 40 43 45 47 48 51 52 54 57 58 60 63 65 66 69 71 73 74:13643:380 105 370 44 657 388 99 39 146 39 198 910 87 88 276 202 942 168 90 304 55 240 558 888 54 164 484 1236 568 237 820 1252 145 172 720 422 96
1 3 6 7 9 12 13 15 17 20 21 24 25 27 29 31 35 36 39 40 43 45 47 48 51 52 54 57 58 60 63 65 66 69 71 73 74:13561:152 70 370 176 657 191 198 65 219 156 198 364 435 44 184 202 1570 224 90 456 22 400 837 222 18 82 605 309 284 948 820 939 145 860 288 633 128
1 3 5 7 9 11 13 15 17 20 21 24 25 27 29 32 34 36 39 40 43 45 47 48 51 52 54 56 58 60 62 65 66 68 70 73 74:12053:228 140 472 44 876 582 495 13 219 78 330 728 174 220 92 28 207 112 45 152 55 240 1395 888 18 123 242 35 142 948 114 313 580 156 840 633 96
1 3 5 7 9 12 13 15 17 20 21 24 25 27 29 32 34 36 39 40 43 45 47 48 51 52 54 56 58 60 62 65 66 68 70 73 74:13421:228 175 236 176 1095 573 198 65 146 195 132 182 348 132 368 112 138 56 45 760 55 400 1395 222 54 164 605 35 568 948 285 1565 580 195 504 422 64
1 3 5 7 9 11 13 15 17 19 21 24 25 27 29 31 34 36 39 40 42 45 46 48 50 52 54 56 58 60 62 65 66 69 71 73 74:12846:228 140 590 132 1095 388 396 39 292 845 264 910 261 88 460 101 207 56 135 304 328 400 302 888 144 41 242 14 142 474 285 939 725 172 576 211 32
1 3 5 7 9 11 13 15 17 19 21 24 25 27 29 31 34 36 39 40 43 45 46 48 50 52 54 56 58 60 62 65 66 69 71 73 74:10952:76 105 236 44 876 776 495 13 73 169 198 182 87 176 184 303 207 168 45 152 55 400 302 888 240 205 242 14 710 474 171 1565 290 172 288 211 160
1 3 5 7 9 12 13 15 17 19 21 24 25 27 29 31 34 36 39 40 42 45 46 48 50 52 54 56 58 60 62 65 66 69 71 73 74:12309:76 175 354 88 219 764 297 26 219 845 66 728 348 176 184 303 276 56 180 456 328 400 604 1110 144 205 242 14 284 711 114 939 435 172 432 211 128
1 3 5 7 10 12 13 15 17 19 21 24 25 27 29 31 34 36 39 40 42 45 46 48 50 52 54 56 58 60 62 65 66 69 71 73 74:12631:304 175 118 132 400 955 396 39 73 169 330 364 348 220 92 202 207 56 90 760 328 160 453 888 48 82 363 7 710 948 171 939 290 688 576 422 128
1 3 5 7 9 12 13 15 17 19 21 24 25 27 29 31 34 36 39 40 43 45 46 48 50 52 54 56 58 60 62 65 66 69 71 73 74:13256:76 140 472 88 876 191 495 52 292 845 132 728 87 220 184 505 345 224 135 456 11 240 604 222 48 164 605 7 426 237 57 1565 435 688 432 844 128
1 3 5 7 10 12 13 15 17 19 21 24 25 27 29 31 34 36 39 40 43 45 46 48 50 52 54 56 58 60 62 65 66 69 71 73 74:10845:304 35 236 44 400 955 396 39 292 676 264 182 348 44 368 303 276 280 180 304 44 160 453 444 144 41 363 14 426 237 228 1565 145 172 144 211 128
1 3 5 7 9 11 13 15 17 19 21 24 25 27 29 32 34 36 39 40 42 45 46 48 50 52 54 56 58 60 62 65 66 68 71 73 74:12608:152 70 118 220 1095 970 198 52 292 507 198 910 435 220 460 28 69 224 90 304 164 80 151 1110 192 41 605 7 284 948 285 626 580 117 288 422 96
1 3 5 7 9 11 13 15 17 19 21 24 25 27 29 32 34 36 39 40 43 45 46 48 50 52 54 56 58 60 62 65 66 68 71 73 74:11589:152 70 354 44 438 582 198 13 73 507 66 910 174 132 368 84 138 224 135 608 55 160 604 1110 144 164 121 28 568 948 171 626 725 156 432 211 96
1 3 5 7 9 12 13 15 17 19 21 24 25 27 29 32 34 36 39 40 42 45 46 48 50 52 54 56 58 60 62 65 66 68 71 73 74:12930:304 175 354 44 438 955 297 26 146 676 66 728 174 88 368 56 69 56 135 760 410 400 453 888 144 82 363 21 426 474 285 1252 725 78 432 422 160
1 3 5 7 10 12 13 15 17 19 21 24 25 27 29 32 34 36 39 40 42 45 46 48 50 52 54 56 58 60 62 65 66 68 71 73 74:11446:76 105 236 88 200 382 99 13 73 676 330 364 435 88 460 84 276 168 180 152 410 80 604 666 192 41 121 21 284 1185 285 939 435 195 288 1055 160
1 3 5 7 9 12 13 15 17 19 21 24 25 27 29 32 34 36 39 40 43 45 46 48 50 52 54 56 58 60 62 65 66 68 71 73 74:12185:380 140 472 176 438 191 396 52 219 338 132 728 87 176 368 140 69 280 180 456 55 160 453 444 192 164 121 7 568 1185 285 1565 290 117 432 633 96
1 3 5 7 10 12 13 15 17 19 21 24 25 27 29 32 34 36 39 40 43 45 46 48 50 52 54 56 58 60 62 65 66 68 71 73 74:12351:380 175 590 220 400 382 495 13 73 845 198 910 87 176 276 112 276 56 135 456 22 400 302 444 192 205 242 21 426 1185 57 313 580 156 432 1055 64
1 3 5 7 9 11 13 15 17 20 21 24 25 27 29 31 34 36 39 40 43 45 47 48 50 52 54 56 58 60 62 65 66 69 70 73 74:14711:152 35 236 132 1095 194 198 65 292 78 264 910 348 44 460 101 138 280 180 456 22 240 837 1110 144 205 242 28 710 711 228 1565 435 860 840 844 32
1 3 5 7 9 12 13 15 17 20 21 24 25 27 29 31 34 36 39 40 43 45 47 48 50 52 54 56 58 60 62 65 66 69 70 73 74:11894:228 70 354 132 438 573 99 39 365 78 198 546 348 176 184 303 276 168 135 152 55 320 1395 444 96 164 121 35 284 237 228 1252 580 860 168 633 160
1 3 6 7 9 11 13 15 17 20 21 24 25 27 29 31 34 36 39 40 43 45 47 48 50 52 54 57 58 60 63 65 66 69 71 73 74:12985:304 70 222 220 438 582 396 13 219 78 264 182 261 44 368 303 69 280 225 608 22 240 558 888 240 205 363 1236 142 711 328 1252 290 344 144 844 32
1 3 6 7 9 12 13 15 17 20 21 24 25 27 29 31 34 36 39 40 43 45 47 48 50 52 54 56 58 60 63 65 66 69 71 73 74:13038:304 105 296 220 438 955 99 39 219 39 66 364 261 176 184 505 207 280 90 456 55 400 558 666 48 41 363 14 710 711 656 313 725 860 432 1055 128
1 3 6 7 9 11 13 15 17 20 21 24 25 27 29 31 35 36 39 40 43 45 47 48 50 52 54 57 58 60 63 65 66 69 71 73 74:14561:152 175 296 220 657 194 297 52 73 195 264 728 435 220 276 404 1570 56 225 304 44 80 837 888 48 164 363 618 710 237 656 626 725 688 144 844 96
1 3 6 7 9 12 13 15 17 20 21 24 25 27 29 31 35 36 39 40 43 45 47 48 50 52 54 56 58 60 63 65 66 69 71 73 74:12813:76 35 222 44 1095 573 495 39 219 78 198 546 348 44 276 404 942 280 135 456 22 320 279 666 144 41 605 7 710 237 164 939 145 516 720 633 160
1 3 5 7 9 11 13 15 17 20 21 24 25 27 29 32 34 36 39 40 43 45 47 48 50 52 54 56 58 60 62 65 66 68 70 73 74:10304:380 105 118 132 876 582 99 13 219 156 198 182 174 132 184 112 207 56 180 304 44 320 558 888 144 164 363 35 568 237 285 313 580 195 504 633 64
1 3 5 7 9 12 13 15 17 20 21 24 25 27 29 32 34 36 39 40 43 45 47 48 50 52 54 56 58 60 62 65 66 68 70 73 74:10008:152 175 236 88 219 191 297 52 219 117 66 728 348 132 276 140 138 56 45 608 55 160 1116 666 192 123 121 7 710 237 114 313 725 39 840 211 96
1 3 6 7 9 12 13 15 17 20 21 23 25 27 29 32 34 36 39 40 43 45 47 48 51 52 54 56 58 60 62 65 67 68 71 73 74:9691:152 140 370 88 438 573 396 26 73 39 198 564 87 88 276 28 345 112 225 608 11 400 1116 444 90 205 484 28 568 237 171 313 205 78 144 211 160
1 3 6 7 9 11 13 15 17 20 21 23 25 27 29 32 35 36 39 40 43 45 47 48 51 52 54 56 58 60 62 65 67 68 71 73 74:10962:152 175 74 88 1095 388 297 39 146 195 66 564 87 220 368 112 314 224 180 760 22 160 837 1110 36 205 121 14 284 474 171 939 164 78 432 211 160
1 3 6 7 9 12 13 15 17 20 21 23 25 27 29 32 35 36 39 40 43 45 47 48 51 52 54 56 58 60 62 65 67 68 71 73 74:12398:304 70 222 220 876 764 297 39 365 78 264 564 261 220 460 140 628 280 180 760 22 320 558 888 18 164 121 28 426 948 228 313 164 156 144 844 64
1 3 6 7 9 11 13 15 17 20 21 23 25 27 29 32 34 36 39 40 43 45 47 48 50 52 54 56 58 60 62 65 67 68 71 73 74:10658:380 105 296 132 219 970 99 26 219 117 330 846 261 132 368 112 138 280 45 760 11 160 279 1110 48 164 484 21 284 711 57 313 82 117 432 422 128
1 3 6 7 10 11 13 15 17 20 21 23 25 27 29 32 34 36 39 40 43 45 47 48 50 52 54 56 58 60 62 65 67 68 71 73 74:11225:304 35 296 132 1000 194 297 13 365 78 66 1128 174 220 92 56 69 56 225 456 55 80 558 222 96 123 484 21 284 474 285 1565 123 195 432 844 128
1 3 6 7 9 12 13 15 17 20 21 23 25 27 29 32 34 36 39 40 43 45 47 48 50 52 54 56 58 60 62 65 67 68 71 73 74:10614:76 140 148 176 219 382 396 13 73 117 132 1410 261 88 368 28 276 168 90 608 55 400 279 888 96 205 242 14 142 948 171 313 123 117 576 844 32
1 3 6 7 9 11 13 15 17 20 21 23 25 27 29 32 35 36 39 40 43 45 47 48 50 52 54 56 58 60 62 65 67 68 71 73 74:13026:228 70 148 88 657 776 495 13 146 156 66 564 87 88 276 56 1256 56 135 456 11 320 1116 1110 144 164 121 7 426 948 285 1565 41 78 144 633 96
1 3 6 7 10 11 13 15 17 20 21 23 25 27 29 32 35 36 39 40 43 45 47 48 50 52 54 56 58 60 62 65 67 68 71 73 74:10285:76 70 370 176 1000 388 396 26 365 117 132 1128 87 44 460 56 628 56 180 152 55 160 558 222 240 41 242 21 142 948 171 313 205 78 432 422 128
1 3 6 7 9 12 13 15 17 20 21 23 25 27 29 32 35 36 39 40 43 45 47 48 50 52 54 56 58 60 62 65 67 68 71 73 74:10806:304 70 296 132 438 382 297 52 146 39 132 282 87 220 184 56 628 224 135 608 55 400 1395 1110 96 164 484 35 142 711 171 626 123 195 144 211 32
1 3 5 7 9 11 13 15 17 19 21 24 25 27 29 32 34 36 39 40 42 45 46 48 51 52 54 56 58 60 62 65 66 68 71 72 74:11343:152 70 590 132 876 776 99 39 292 676 198 182 348 88 276 84 69 56 45 760 328 400 302 1110 90 205 484 28 568 237 57 626 580 78 288 90 64
1 3 5 7 9 11 13 15 17 19 21 24 25 27 29 32 34 36 39 40 43 45 46 48 51 52 54 56 58 60 62 65 66 68 71 72 74:11417:152 140 118 88 657 776 297 52 219 845 132 182 348 176 92 56 276 224 180 608 44 320 604 222 36 164 242 7 568 711 228 1565 435 117 432 72 32
1 3 5 7 9 12 13 15 17 19 21 24 25 27 29 32 34 36 39 40 42 45 46 48 51 52 54 56 58 60 62 65 66 68 71 72 74:9684:304 70 354 44 657 955 396 39 73 507 264 546 174 132 368 140 138 280 90 608 410 240 604 222 18 82 121 7 568 237 57 313 290 78 144 90 64
1 3 6 7 9 11 13 15 17 20 21 24 25 27 29 32 34 36 39 40 43 45 47 48 51 52 54 56 58 60 62 65 66 68 71 72 74:12230:380 140 148 88 1095 582 297 39 73 39 66 182 261 176 92 84 138 224 225 608 33 400 1395 888 72 164 121 7 710 711 285 1565 435 195 144 72 96
1 3 6 7 9 12 13 15 17 20 21 24 25 27 29 32 34 36 39 40 43 45 47 48 51 52 54 56 58 60 62 65 66 68 71 72 74:9772:76 35 74 220 219 573 99 52 73 39 66 910 261 88 276 112 276 224 135 152 11 320 558 666 18 82 242 28 426 1185 285 1252 435 78 144 18 64
1 3 6 7 9 11 13 15 17 20 21 24 25 27 29 32 35 36 39 40 43 45 47 48 51 52 54 56 58 60 62 65 66 68 71 72 74:13425:380 175 222 44 438 776 297 39 365 156 66 910 261 220 460 84 1570 168 225 152 11 160 837 1110 36 123 121 7 710 1185 57 1252 145 117 432 18 96
1 3 5 7 9 11 13 15 17 19 21 24 25 27 29 32 34 36 39 40 42 45 46 48 50 52 54 56 58 60 62 65 66 68 71 72 74:12191:152 35 236 88 657 970 297 39 146 676 66 546 174 88 276 28 345 168 180 760 328 80 151 666 48 164 484 14 284 711 57 1565 725 117 720 54 96
1 3 5 7 9 11 13 15 17 19 21 24 25 27 29 32 34 36 39 40 43 45 46 48 50 52 54 56 58 60 62 65 66 68 71 72 74:9828:76 140 472 44 219 194 99 26 219 676 198 364 174 176 92 112 138 56 45 304 33 320 755 666 240 164 605 7 284 948 114 939 145 156 432 36 160
1 3 5 7 9 12 13 15 17 19 21 24 25 27 29 32 34 36 39 40 42 45 46 48 50 52 54 56 58 60 62 65 66 68 71 72 74:9312:76 175 236 44 219 955 495 65 219 338 66 546 87 88 368 84 276 224 90 608 82 240 151 888 48 205 605 35 568 237 171 313 145 117 144 72 32
1 3 5 7 10 12 13 15 17 19 21 24 25 27 29 32 34 36 39 40 42 45 46 48 50 52 54 56 58 60 62 65 66 68 71 72 74:10134:304 70 354 220 400 764 99 52 365 845 66 546 174 132 92 84 207 56 90 456 164 160 151 222 48 164 121 28 710 474 57 1565 145 195 432 90 32
1 3 5 7 9 12 13 15 17 19 21 24 25 27 29 32 34 36 39 40 43 45 46 48 50 52 54 56 58 60 62 65 66 68 71 72 74:11425:152 70 354 220 1095 764 396 39 73 676 66 364 87 132 184 56 207 224 225 456 11 320 755 222 192 41 484 35 568 474 285 1252 290 156 432 36 32
1 3 5 7 10 12 13 15 17 19 21 24 25 27 29 32 34 36 39 40 43 45 46 48 50 52 54 56 58 60 62 65 66 68 71 72 74:9870:76 175 118 132 400 191 99 13 365 845 132 364 87 176 368 28 138 56 225 304 55 320 453 1110 48 164 484 14 568 237 57 939 725 156 144 72 32
1 3 6 7 9 11 13 15 17 20 21 24 25 27 29 32 34 36 39 40 43 45 47 48 50 52 54 56 58 60 62 65 66 68 71 72 74:13054:152 105 296 44 1095 582 297 26 365 78 264 910 87 44 92 112 276 224 225 304 33 160 837 1110 144 41 605 35 426 1185 171 1565 435 39 576 18 96
1 3 6 7 9 12 13 15 17 20 21 24 25 27 29 32 34 36 39 40 43 45 47 48 50 52 54 56 58 60 62 65 66 68 71 72 74:12408:380 175 370 220 438 382 396 65 146 156 264 728 174 176 92 112 207 224 180 456 33 400 837 888 96 205 363 21 426 948 114 1565 580 117 288 90 96
1 3 6 7 10 12 13 15 17 20 21 24 25 27 29 32 34 36 39 40 43 45 47 48 50 52 54 56 58 60 62 65 66 68 71 72 74:9904:76 175 148 176 400 955 99 52 365 195 66 546 261 132 276 140 345 112 45 760 22 240 1116 222 192 164 121 21 710 474 57 313 145 39 576 72 96
1 3 6 7 9 11 13 15 17 20 21 24 25 27 29 32 35 36 39 40 43 45 47 48 50 52 54 56 58 60 62 65 66 68 71 72 74:11367:228 35 148 132 1095 388 99 13 219 78 66 364 174 132 460 140 628 112 45 456 44 160 1395 888 48 82 363 7 710 474 228 939 290 195 432 36 64
1 3 5 7 9 11 14 15 17 20 21 24 25 27 29 31 34 36 38 40 43 45 47 48 51 52 54 56 58 60 62 65 66 69 70 73 74:13164:228 35 118 220 1095 970 69 13 219 39 66 364 435 88 368 101 207 112 336 456 33 160 837 1110 72 82 484 35 142 474 228 1252 145 516 840 1055 160
1 3 5 7 9 11 14 15 17 20 21 24 25 27 29 32 34 36 38 40 43 45 47 48 51 52 54 56 58 60 62 65 66 68 70 73 74:10723:152 105 472 132 657 776 69 65 365 39 198 728 435 220 276 84 276 112 224 152 22 400 837 888 54 164 121 28 142 711 171 313 435 78 336 422 64
1 3 5 7 9 11 14 15 17 20 21 24 25 27 29 31 34 36 38 40 42 45 47 48 50 52 54 56 58 60 62 65 66 69 70 73 74:12215:76 175 118 220 438 776 69 65 73 195 132 546 261 44 368 303 138 56 112 608 246 320 837 1110 48 41 605 14 284 237 228 1565 290 688 168 633 128
1 3 5 7 9 11 14 15 17 20 21 24 25 27 29 31 34 36 38 40 43 45 47 48 50 52 54 56 58 60 62 65 66 69 70 73 74:12769:76 175 590 176 876 388 23 26 219 117 264 728 435 88 276 101 138 168 448 304 33 160 1395 1110 48 123 363 21 284 474 228 313 290 688 504 1055 64
1 3 5 7 9 11 14 15 17 20 21 24 25 27 29 32 34 36 38 40 42 45 47 48 50 52 54 56 58 60 62 65 66 68 70 73 74:11353:304 35 590 44 438 194 92 52 292 156 66 546 261 220 368 112 345 280 336 760 246 320 279 222 144 164 605 21 142 474 285 939 725 117 840 211 128
1 3 5 7 9 11 14 15 17 20 21 24 25 27 29 32 34 36 38 40 43 45 47 48 50 52 54 56 58 60 62 65 66 68 70 73 74:11162:304 35 590 220 219 776 115 39 146 39 66 182 435 88 92 112 138 224 336 608 44 160 1395 222 144 41 242 7 568 948 171 313 435 117 504 1055 32
1 3 5 7 9 11 14 15 17 20 21 24 25 27 29 32 34 36 38 40 42 45 47 48 51 52 54 56 58 60 62 65 66 68 70 72 74:10548:380 175 118 44 657 776 23 65 73 117 198 364 174 132 184 56 276 168 448 456 246 80 837 444 90 82 242 7 568 948 114 1252 290 78 336 18 32
1 3 5 7 9 11 14 15 17 20 21 24 25 27 29 32 34 36 38 40 42 45 47 48 50 52 54 56 58 60 62 65 66 68 70 72 74:11452:152 140 236 88 876 388 115 65 73 195 264 910 261 44 460 140 138 168 560 152 82 240 279 1110 240 164 484 14 284 1185 57 1252 290 78 168 36 64
1 3 5 7 9 11 14 15 17 20 21 24 25 27 29 32 34 36 38 40 43 45 47 48 50 52 54 56 58 60 62 65 66 68 70 72 74:11916:380 35 354 44 876 776 23 39 73 117 330 182 435 44 92 28 345 280 448 760 33 320 1395 444 96 205 605 35 142 474 57 1565 435 195 168 54 32
1 4 5 7 9 12 14 15 17 20 21 24 25 27 29 31 34 36 38 40 42 45 47 48 50 52 54 56 58 60 62 65 66 69 70 73 74:14192:152 123 118 44 1095 191 23 26 146 156 198 728 261 132 92 303 345 168 224 760 410 400 1116 888 48 205 121 35 710 948 57 1252 435 860 840 422 160
1 4 5 7 9 12 14 15 17 20 21 24 25 27 29 32 34 36 38 40 42 45 47 48 50 52 54 56 58 60 62 65 66 68 70 73 74:13031:380 82 590 88 876 382 46 65 73 156 132 910 435 132 276 56 345 112 224 456 328 160 558 222 48 41 484 35 284 948 57 1565 435 195 672 1055 128
1 4 5 7 9 12 14 15 17 20 21 24 25 27 29 32 34 36 38 40 42 45 47 48 50 52 54 56 58 60 62 65 66 68 70 72 74:12126:228 123 236 132 1095 764 92 39 146 39 264 546 435 176 460 140 276 56 224 456 328 320 837 444 192 205 363 28 426 711 57 1252 725 39 168 72 32
1 3 5 7 9 11 14 15 17 19 21 24 25 27 29 31 34 36 39 40 42 45 46 48 51 52 54 56 58 60 62 65 66 69 71 73 74:13375:380 35 472 220 876 194 46 39 73 338 264 182 348 220 460 505 207 112 90 304 328 160 604 1110 90 82 363 7 284 1185 57 1565 435 688 144 844 64
1 3 5 7 9 11 14 15 17 19 21 24 25 27 29 31 34 36 39 40 43 45 46 48 51 52 54 56 58 60 62 65 66 69 71 73 74:13797:304 140 236 220 438 582 46 39 292 676 198 546 261 176 460 303 345 56 225 456 22 400 604 1110 18 123 363 7 568 1185 171 939 435 516 576 633 128
1 3 5 7 9 11 14 15 17 19 21 24 25 27 29 32 34 36 39 40 42 45 46 48 51 52 54 56 58 60 62 65 66 68 71 73 74:12202:380 70 118 132 219 776 115 39 146 169 330 546 435 176 184 28 207 168 225 304 410 400 453 1110 36 41 363 28 568 948 285 1252 580 78 576 211 96
1 3 5 7 9 11 14 15 17 19 21 24 25 27 29 32 34 36 39 40 43 45 46 48 51 52 54 56 58 60 62 65 66 68 71 73 74:11792:76 105 236 132 219 582 115 13 146 169 264 728 87 88 184 140 207 280 135 760 22 320 604 1110 18 205 242 7 284 474 228 1565 435 195 720 633 64
1 3 5 7 9 11 14 15 17 19 21 24 25 27 29 31 34 36 39 40 42 45 46 48 50 52 54 56 58 60 62 65 66 69 71 73 74:12055:228 35 118 44 438 582 115 39 219 507 264 364 87 220 184 404 207 280 180 456 246 160 151 666 96 205 363 21 426 948 285 626 435 860 720 844 32
1 3 5 7 9 11 14 15 17 19 21 24 25 27 29 31 34 36 39 40 43 45 46 48 50 52 54 56 58 60 62 65 66 69 71 73 74:13088:228 140 590 220 1095 970 46 26 146 845 66 364 174 88 460 101 276 56 225 304 44 80 302 666 192 164 363 28 710 711 285 1565 145 172 576 633 32
1 3 5 7 9 11 14 16 17 19 21 24 25 27 29 31 34 36 39 40 43 45 46 48 50 52 54 56 58 60 62 65 66 69 71 73 74:10460:304 35 590 88 219 582 46 498 73 676 264 364 348 44 276 505 69 56 90 304 11 160 453 444 96 164 605 28 142 474 228 313 290 172 720 633 96
1 3 5 7 9 11 14 15 17 19 21 24 25 27 29 32 34 36 39 40 42 45 46 48 50 52 54 56 58 60 62 65 66 68 71 73 74:12129:228 35 472 220 219 776 23 13 219 338 66 364 87 132 92 84 276 280 135 608 328 320 302 666 48 123 605 28 710 1185 57 1252 145 78 432 1055 128
1 3 5 7 9 11 14 15 17 19 21 24 25 27 29 32 34 36 39 40 43 45 46 48 50 52 54 56 58 60 62 65 66 68 71 73 74:12133:380 175 354 132 219 194 92 65 365 676 132 728 174 220 368 84 207 168 225 608 55 320 151 666 144 82 242 7 426 948 228 939 725 195 288 1055 96
1 3 5 7 9 11 14 15 17 20 21 24 25 27 29 31 34 36 39 40 43 45 47 48 50 52 54 56 58 60 62 65 66 69 70 73 74:12524:304 70 354 220 438 194 46 65 365 39 264 728 174 44 92 101 138 280 180 760 22 400 837 444 240 41 242 35 710 1185 57 939 145 516 672 1055 128
1 3 6 7 9 11 14 15 17 20 21 24 25 27 29 31 34 36 39 40 43 45 47 48 50 52 54 56 58 60 63 65 66 69 71 73 74:9807:380 140 296 44 219 388 92 26 292 117 66 364 261 132 276 404 207 224 180 456 44 80 279 222 240 82 121 14 710 948 492 313 435 172 720 211 160
1 3 6 7 10 11 14 15 17 20 21 24 25 27 29 31 34 36 39 40 43 45 47 48 50 52 54 57 58 60 63 65 66 69 71 73 74:14463:380 175 148 88 400 776 46 52 146 195 264 364 435 132 184 202 207 56 135 760 33 80 1395 666 48 205 605 618 710 237 656 1565 725 860 576 211 128
1 3 6 7 10 11 14 15 17 20 21 24 25 27 29 31 35 36 39 40 43 45 47 48 50 52 54 57 58 60 63 65 66 69 71 73 74:14710:304 70 222 220 200 388 23 52 292 156 330 546 174 44 184 505 1570 56 45 304 55 240 1395 1110 48 41 121 1236 426 948 820 626 145 688 576 422 128
1 3 5 7 9 11 14 15 17 20 21 24 25 27 29 32 34 36 39 40 43 45 47 48 50 52 54 56 58 60 62 65 66 68 70 73 74:11127:380 105 118 176 876 582 69 65 292 195 264 910 348 176 368 84 207 280 135 760 44 320 558 444 144 205 121 7 284 474 114 313 145 195 672 633 64
1 3 5 7 9 11 14 15 17 19 21 24 25 27 29 32 34 36 39 40 42 45 46 48 51 52 54 56 58 60 62 65 66 68 71 72 74:11617:304 70 236 132 1095 776 23 39 219 338 66 546 87 44 92 56 345 224 45 304 328 320 453 888 72 164 121 14 710 1185 171 1252 290 156 288 36 128
1 3 5 7 9 11 14 15 17 19 21 24 25 27 29 32 34 36 39 40 42 45 46 48 50 52 54 56 58 60 62 65 66 68 71 72 74:9582:152 35 118 44 219 970 92 39 146 169 330 728 87 132 92 56 207 168 90 304 164 400 151 888 240 123 242 21 710 237 228 313 725 78 720 36 128
1 3 5 7 9 11 14 15 17 19 21 24 25 27 29 32 34 36 39 40 43 45 46 48 50 52 54 56 58 60 62 65 66 68 71 72 74:11231:304 35 118 132 876 388 46 13 219 507 264 364 435 132 460 140 207 168 45 152 55 240 755 888 240 205 363 7 426 1185 57 939 435 39 288 72 32
1 3 5 7 9 12 14 16 17 19 21 24 25 27 29 32 34 36 39 40 43 45 46 48 50 52 54 56 58 60 62 65 66 68 71 72 74:12699:76 35 236 220 1095 764 69 664 146 845 132 364 435 88 92 56 207 280 225 304 22 80 604 444 240 82 363 21 710 1185 228 939 580 156 576 72 64
1 3 6 7 9 11 14 15 17 20 21 24 25 27 29 32 34 36 39 40 43 45 47 48 50 52 54 56 58 60 62 65 66 68 71 72 74:9087:76 105 74 132 219 194 69 39 73 78 132 910 348 88 368 28 207 168 180 152 55 320 1116 444 48 82 484 28 142 711 228 626 580 117 288 18 160
1 3 6 7 10 11 14 15 17 20 21 24 25 27 29 32 34 36 39 40 43 45 47 48 50 52 54 56 58 60 62 65 66 68 71 72 74:9583:228 105 74 44 200 970 92 52 146 117 264 182 87 176 368 28 276 224 180 152 33 80 279 444 144 123 484 7 142 948 114 1252 435 195 720 90 128
1 3 6 7 9 11 14 15 17 20 21 24 25 27 29 32 35 36 39 40 43 45 47 48 50 52 54 56 58 60 62 65 66 68 71 72 74:10256:76 105 74 88 876 194 46 52 219 78 264 182 174 176 276 28 314 168 90 760 44 160 558 666 144 123 363 28 142 711 114 1565 580 156 576 54 32
1 3 6 7 10 11 14 15 17 20 21 24 25 27 29 32 35 36 39 40 43 45 47 48 50 52 54 56 58 60 62 65 66 68 71 72 74:10807:304 175 296 132 800 194 23 39 365 39 66 546 174 132 460 56 1570 112 135 760 55 160 558 222 48 41 363 14 284 1185 228 313 725 39 144 18 32
1 4 5 8 9 11 14 15 17 19 21 24 25 27 29 32 34 36 39 40 42 45 46 48 51 52 54 56 58 60 62 65 66 69 71 73 74:9585:152 123 472 225 657 970 92 39 146 169 66 364 87 176 460 84 69 112 45 456 164 160 151 222 36 41 363 28 426 237 285 1252 145 516 288 211 96
1 4 5 7 10 11 14 15 17 19 21 24 25 27 29 32 34 36 39 40 42 45 46 48 51 52 54 56 58 60 62 65 66 69 71 73 74:10499:228 82 118 44 400 582 92 39 219 169 198 546 261 132 276 84 345 224 135 304 164 160 604 888 18 41 484 28 284 711 171 313 725 688 288 422 32
1 4 5 7 10 11 14 15 17 19 21 24 25 27 29 32 34 36 39 40 42 45 46 48 50 52 54 56 58 60 62 65 66 69 71 73 74:12424:76 41 590 44 800 776 69 26 146 676 330 728 261 88 92 112 276 224 225 152 246 320 453 222 192 164 363 7 710 1185 285 939 435 688 144 211 128
1 4 5 7 9 12 14 15 17 19 21 24 25 27 29 31 34 36 39 40 42 45 46 48 50 52 54 56 58 60 62 65 66 69 71 73 74:13099:304 82 354 88 876 764 115 39 73 845 132 728 348 176 92 505 138 56 180 304 82 320 604 222 240 41 363 7 568 1185 57 1252 145 688 576 422 128
1 4 5 7 9 12 14 15 17 19 21 24 25 27 29 32 34 36 39 40 42 45 46 48 50 52 54 56 58 60 62 65 66 68 71 73 74:12620:76 205 236 132 1095 955 46 65 365 338 132 546 87 132 460 28 276 168 225 304 246 320 604 444 96 205 484 28 568 1185 171 939 290 117 144 844 64
1 4 5 8 9 11 14 15 17 19 21 24 25 27 29 32 34 36 39 40 42 45 46 48 51 52 54 57 58 60 62 65 66 69 71 72 74:14434:76 82 590 1125 876 194 69 39 219 338 330 182 174 176 276 56 207 112 180 760 246 400 604 1110 36 205 484 927 142 474 228 1252 435 860 720 90 160
1 4 5 7 10 11 14 15 17 19 21 24 25 27 29 32 34 36 39 40 42 45 46 48 51 52 54 57 58 60 62 65 66 69 71 72 74:13363:76 164 472 88 400 776 115 39 219 338 330 364 435 220 92 112 138 280 90 304 164 160 604 222 72 82 605 1545 426 1185 171 1565 580 344 432 90 64
1 4 5 7 10 11 14 15 17 19 21 24 25 27 29 32 34 36 39 40 42 45 46 48 50 52 54 57 58 60 62 65 66 69 71 72 74:12743:380 205 590 132 200 970 23 39 73 507 264 728 348 132 184 84 276 224 180 608 410 320 453 444 96 164 484 618 142 948 228 1252 435 344 144 18 96
1 4 5 7 9 12 14 15 17 19 21 24 25 27 29 32 34 36 39 40 42 45 46 48 50 52 54 56 58 60 62 65 66 68 71 72 74:10106:228 82 590 220 219 573 23 39 219 845 198 182 87 44 368 28 69 224 90 456 410 160 604 444 240 205 121 35 284 711 57 626 580 39 720 54 32
1 3 5 7 9 11 13 15 17 19 21 23 25 27 29 31 34 36 39 40 42 45 46 48 51 52 55 56 58 60 63 64 66 69 71 72 74:12434:76 175 472 88 657 776 396 52 365 507 66 282 435 44 92 404 276 280 225 760 328 240 755 1110 36 82 504 21 568 237 656 470 435 172 288 72 32
1 3 5 7 9 11 13 15 17 19 21 23 25 27 29 31 34 36 39 40 42 45 46 48 51 52 55 56 58 60 63 64 66 68 71 72 74:11458:228 140 236 176 438 582 495 13 365 676 198 282 435 176 92 101 345 112 135 760 82 240 755 666 72 82 1260 35 142 474 492 376 290 195 144 72 96
1 3 5 7 9 11 13 15 17 20 21 23 25 27 29 31 34 36 39 40 42 45 47 48 51 52 55 56 58 60 62 64 66 69 70 72 74:13449:380 35 472 220 657 388 297 52 219 117 330 1410 174 220 92 404 345 224 180 760 328 400 558 666 18 164 1260 14 142 948 114 470 435 516 336 72 32
1 3 6 7 9 11 13 15 17 20 21 23 25 27 29 31 34 36 39 40 42 45 47 48 51 52 55 56 58 60 62 64 66 68 71 72 74:12381:228 70 296 44 219 776 297 39 292 156 330 282 261 88 276 404 276 168 90 760 82 320 1116 666 36 123 1260 14 426 948 114 470 725 39 576 18 96
1 3 6 7 9 11 13 15 17 20 21 23 25 27 29 31 34 36 39 40 42 45 47 48 50 52 55 56 58 60 62 64 66 68 71 72 74:9902:152 140 74 44 219 388 198 13 146 195 132 1128 174 176 184 101 69 56 45 152 410 160 279 1110 192 164 756 28 142 948 285 470 290 156 576 54 96
1 3 6 7 9 12 13 15 17 20 21 23 25 27 29 31 34 36 39 40 42 45 47 48 50 52 55 56 58 60 62 64 66 68 71 72 74:12169:152 35 296 88 876 764 99 65 292 195 66 1128 261 220 184 303 345 56 135 152 246 400 558 444 144 164 1260 21 568 711 285 188 435 117 720 36 160
1 3 6 7 9 11 14 15 17 19 21 23 25 27 29 31 34 36 39 40 42 45 46 48 51 52 55 56 58 60 62 64 66 69 71 72 74:12160:152 35 370 88 657 970 46 52 73 507 330 1410 87 220 92 101 69 280 90 304 246 160 453 666 90 123 756 7 568 474 171 376 435 860 720 90 32
1 3 5 7 9 12 14 16 17 19 21 23 25 27 29 31 34 36 39 40 42 45 46 48 51 52 55 56 58 60 62 64 66 69 71 72 74:12124:380 105 472 88 1095 382 69 664 365 845 66 282 348 132 276 404 69 168 45 304 82 240 755 222 72 82 1260 21 710 237 57 94 725 344 432 72 160
1 3 5 7 10 12 14 15 17 19 21 23 25 27 29 31 34 36 39 40 42 45 46 48 50 52 55 56 58 60 62 64 66 69 71 72 74:10626:152 175 472 176 1000 191 46 26 219 507 198 282 87 176 92 505 345 56 45 152 246 160 755 666 48 41 1008 21 142 711 57 376 145 860 288 72 128
1 3 5 7 10 12 14 15 17 19 21 23 25 27 29 31 34 36 39 40 42 45 46 48 50 52 55 56 58 60 62 64 66 68 71 72 74:9625:304 105 236 132 200 191 46 39 146 507 198 846 348 132 368 505 345 168 90 152 410 320 151 888 96 41 252 28 142 474 114 376 290 195 576 54 160
1 3 6 7 9 11 14 15 17 20 21 23 25 27 29 31 34 36 39 40 42 45 47 48 50 52 55 56 58 60 62 64 66 68 71 72 74:11351:380 175 370 176 876 582 92 65 365 39 66 1410 174 44 368 303 69 112 180 304 410 240 279 444 192 164 504 21 568 474 114 470 725 78 432 54 32
1 3 6 7 10 12 14 15 17 20 21 23 25 27 29 31 34 36 39 40 42 45 47 48 50 52 55 56 58 60 62 64 66 68 71 72 74:12494:228 175 222 176 400 955 46 65 219 195 132 846 261 88 368 404 345 168 90 760 328 240 558 1110 48 205 1008 14 142 1185 171 188 725 117 144 72 96
1 3 6 7 9 11 14 15 17 20 21 23 25 27 29 31 35 36 39 40 42 45 47 48 50 52 55 56 58 60 62 64 66 68 71 72 74:12975:76 35 148 176 876 582 115 39 146 195 198 564 174 88 368 202 1256 280 225 456 246 80 1116 1110 48 164 1260 14 426 474 285 94 580 117 576 90 96
1 3 6 7 10 12 14 15 17 20 21 23 25 27 29 31 35 36 39 40 42 45 47 48 50 52 55 56 58 60 62 64 66 68 71 72 74:12459:76 140 296 88 1000 573 92 65 73 39 132 1128 87 88 92 505 1570 224 90 304 328 320 1116 222 240 205 504 35 426 474 171 376 580 156 576 36 32
1 3 5 7 9 11 13 15 17 19 21 23 26 28 29 31 34 36 38 40 42 45 46 48 51 52 55 56 58 60 62 64 66 69 70 72 74:13130:76 105 118 44 876 388 297 13 292 169 66 846 445 1370 368 505 138 168 336 760 410 80 755 888 54 164 756 35 142 711 57 470 580 344 168 72 64
1 3 5 7 9 11 14 15 17 19 21 23 26 28 29 31 34 36 38 40 42 45 46 48 51 52 55 56 58 60 62 64 66 69 70 72 74:13382:380 175 590 176 657 776 69 65 73 169 66 846 356 1096 92 404 207 224 224 608 82 400 755 444 54 205 1008 35 568 948 57 94 435 344 504 36 160
1 3 5 7 9 11 13 15 17 20 21 23 26 27 29 31 34 36 38 40 42 45 47 48 51 52 55 56 58 60 62 64 66 69 70 72 74:12317:380 175 472 220 1095 388 495 13 219 39 66 282 178 44 460 404 276 168 560 152 328 320 1116 444 90 123 252 21 710 711 285 376 725 344 168 90 128
1 3 5 7 9 11 13 15 17 20 21 23 26 27 29 31 34 36 38 40 42 45 47 48 50 52 55 56 58 60 62 64 66 69 70 72 74:11827:380 140 472 88 219 194 495 13 365 78 330 282 89 44 460 505 207 224 448 760 246 400 279 444 240 123 252 35 426 1185 228 376 580 516 504 72 128
1 3 5 7 9 11 13 15 17 20 21 23 26 27 29 31 34 36 38 40 42 45 47 48 50 52 55 56 58 60 62 64 66 68 70 72 74:11445:152 175 236 88 657 582 396 13 292 156 198 846 178 132 368 202 69 168 448 608 82 80 279 1110 48 41 1008 28 284 711 285 376 725 78 168 18 160
1 3 5 7 9 11 13 15 17 19 21 23 26 27 29 31 34 36 39 40 42 45 46 48 51 52 55 56 58 60 62 64 66 69 71 72 74:11682:152 35 590 88 876 194 99 39 146 676 264 1128 178 88 460 505 207 56 135 152 410 320 302 1110 54 41 504 35 284 237 285 376 290 860 288 90 128
1 3 5 7 9 11 13 15 17 19 21 23 26 27 29 31 34 36 39 40 42 45 46 48 50 52 55 56 58 60 62 64 66 69 71 72 74:12187:304 105 472 88 1095 388 297 26 292 338 132 1128 356 220 276 303 276 168 135 152 410 160 302 222 144 41 756 28 710 474 228 376 725 172 720 72 96
1 3 5 7 9 11 13 15 17 20 21 23 26 27 29 31 34 36 39 40 42 45 47 48 50 52 55 56 58 60 62 64 66 69 70 72 74:11979:380 70 354 220 876 776 198 52 146 39 132 846 178 220 184 202 207 56 45 152 164 400 1116 1110 144 164 252 14 426 948 171 94 435 172 840 36 160
1 3 6 7 9 11 13 15 17 20 21 23 26 27 29 31 34 36 39 40 42 45 47 48 50 52 55 56 58 60 62 64 66 68 71 72 74:12871:76 140 222 220 876 776 396 39 73 156 330 564 445 88 460 404 276 280 135 304 82 80 837 888 48 41 1260 21 568 711 285 94 725 195 576 72 128
1 3 5 7 9 11 14 15 17 20 21 23 26 27 29 31 34 36 38 40 42 45 47 48 50 52 55 56 58 60 62 64 66 69 70 72 74:11666:380 175 118 132 876 388 115 26 292 117 330 1410 178 220 368 101 276 112 448 456 410 400 837 222 240 123 504 21 142 711 285 282 145 344 336 18 128
1 3 5 7 9 11 14 15 17 20 21 23 26 27 29 31 34 36 38 40 42 45 47 48 50 52 55 56 58 60 62 64 66 68 70 72 74:9856:76 140 236 132 876 776 23 52 146 117 198 282 178 88 92 202 69 56 112 608 328 240 279 222 192 82 756 21 710 948 114 94 725 78 504 72 32
1 3 5 7 9 11 14 15 17 19 21 23 26 27 29 31 34 36 39 40 42 45 46 48 51 52 55 56 58 60 62 64 66 69 71 72 74:10684:304 35 118 132 876 388 69 65 365 507 198 564 356 176 184 404 345 224 45 456 246 320 151 444 18 164 504 28 142 711 171 188 580 688 432 54 32
1 3 5 7 9 12 13 15 17 19 21 23 25 27 29 31 34 36 39 40 42 45 46 48 51 52 54 56 58 60 62 64 66 69 71 72 75:10460:380 35 236 220 219 573 198 13 73 676 66 282 87 44 460 202 276 224 180 456 82 160 302 1110 18 41 605 7 142 474 114 470 725 344 720 36 210
1 3 5 7 9 11 13 15 17 19 21 23 25 27 29 31 34 36 39 40 42 45 46 48 51 52 54 57 58 60 63 64 66 69 71 72 75:12350:380 35 472 44 876 776 297 52 219 338 132 282 435 88 92 303 138 280 225 456 410 400 453 666 18 205 363 618 284 474 492 188 435 860 432 90 42
1 3 5 7 9 11 13 15 17 20 21 23 25 27 29 31 34 36 39 40 42 45 47 48 51 52 54 56 58 60 62 64 66 69 70 72 75:10888:380 140 118 176 876 194 99 65 219 117 132 564 174 220 92 505 276 280 225 608 82 240 1116 1110 72 82 242 14 426 237 171 94 290 688 336 18 210
1 3 5 7 9 11 13 15 17 19 21 23 25 27 29 31 34 36 39 40 42 45 46 48 50 52 54 57 58 60 63 64 66 69 71 72 75:10494:228 35 590 132 219 776 396 52 73 169 66 282 174 176 276 505 138 168 90 304 164 240 604 888 144 164 121 618 142 711 328 188 725 344 144 36 84
1 3 5 7 9 12 13 15 17 19 21 23 25 27 29 31 34 36 39 40 42 45 46 48 50 52 54 57 58 60 63 64 66 69 71 72 75:12956:380 35 590 176 219 764 99 13 219 676 198 1410 348 44 276 101 138 112 90 456 410 240 755 888 192 205 242 309 142 474 656 470 725 172 576 72 84
1 3 5 7 9 11 13 15 17 20 21 23 25 27 29 31 34 36 39 40 42 45 47 48 50 52 54 56 58 60 62 64 66 69 70 72 75:10983:228 35 118 132 1095 582 297 13 219 78 66 282 435 220 92 101 69 112 135 456 82 400 837 888 144 164 363 7 426 237 228 188 290 860 840 54 210
1 3 5 7 9 11 14 15 17 19 21 23 25 27 29 31 34 36 39 40 42 45 46 48 51 52 54 56 58 60 63 64 66 69 71 72 75:11980:228 175 236 220 876 776 69 39 73 169 198 1410 348 132 276 404 207 112 180 304 410 160 604 222 72 205 121 14 426 237 328 470 435 860 720 54 210
1 3 5 8 9 11 14 15 17 19 21 23 25 27 29 31 34 36 39 40 42 45 46 48 51 52 54 56 58 60 62 64 66 68 71 72 75:11673:76 105 590 675 438 388 46 65 146 845 264 282 348 220 460 202 138 112 225 608 410 240 755 666 36 205 484 35 426 948 228 376 145 78 288 36 84
1 3 5 7 10 11 14 15 17 19 21 23 25 27 29 31 34 36 39 40 42 45 46 48 51 52 54 56 58 60 62 64 66 68 71 72 75:9256:304 175 354 176 400 776 69 26 219 169 132 282 348 176 184 404 207 224 90 152 164 80 151 222 18 205 242 21 710 711 114 376 580 117 576 18 84
1 3 5 7 10 12 14 15 17 19 21 23 25 27 29 31 34 36 39 40 42 45 46 48 50 52 54 56 58 60 62 64 66 69 71 72 75:9792:152 105 236 132 400 764 23 65 365 845 264 282 348 176 276 303 138 224 135 456 164 320 151 222 240 82 484 35 568 237 285 188 435 344 288 18 42
1 3 5 7 9 11 14 15 17 19 21 23 25 27 29 31 34 36 39 40 42 45 46 48 50 52 54 56 58 60 63 64 66 69 71 72 75:13073:228 175 354 132 438 582 23 13 73 845 198 1128 87 220 460 101 69 168 180 760 410 320 755 444 96 123 605 35 710 948 328 94 435 516 720 90 210
1 3 5 7 10 12 14 15 17 19 21 23 25 27 29 31 34 36 39 40 42 45 46 48 50 52 54 57 58 60 63 64 66 69 71 72 75:11220:76 140 472 88 400 955 92 26 73 169 66 1410 435 88 368 303 276 112 45 608 328 320 151 222 144 82 363 927 426 237 656 282 290 344 144 18 84
1 3 5 7 10 11 14 15 17 19 21 23 25 27 29 31 34 36 39 40 42 45 46 48 50 52 54 56 58 60 62 64 66 68 71 72 75:11823:76 140 590 88 1000 194 23 13 73 676 66 1410 348 132 276 101 345 112 135 456 328 160 453 888 240 82 242 35 710 948 285 282 580 78 144 72 42
1 3 5 7 9 11 14 15 17 20 21 23 25 27 29 31 34 36 39 40 42 45 47 48 50 52 54 56 58 60 62 64 66 69 70 72 75:11495:304 70 590 132 438 194 92 26 219 195 330 1128 261 44 460 303 69 56 45 304 410 240 279 1110 144 82 242 35 710 948 285 94 290 688 504 90 84
1 3 5 7 9 11 13 15 17 20 21 23 25 27 29 31 34 36 38 40 42 45 47 48 51 52 55 56 58 60 62 64 66 69 70 72 75:11208:228 175 118 88 876 970 99 52 292 117 198 1410 174 176 92 303 345 224 336 456 164 80 837 666 36 164 252 28 142 711 114 282 435 172 168 18 210
1 3 5 7 9 11 13 15 17 20 21 23 25 27 29 31 34 36 38 40 42 45 47 48 50 52 55 56 58 60 62 64 66 69 70 72 75:11011:76 140 118 44 438 582 297 26 73 39 66 564 87 88 368 505 345 224 448 304 328 240 558 888 144 123 756 35 426 474 285 282 580 172 672 90 126
1 3 5 7 9 11 13 15 17 19 21 23 25 27 29 31 34 36 39 40 42 45 46 48 51 52 55 56 58 60 62 64 66 69 71 72 75:12967:228 105 118 132 438 582 495 39 292 676 132 1410 87 220 460 101 138 168 225 760 164 320 302 1110 54 123 504 14 426 711 285 376 580 688 288 90 126
1 3 5 7 9 11 13 15 17 19 21 23 25 27 29 31 34 36 39 40 42 45 46 48 51 52 55 57 58 60 62 64 66 69 71 72 75:11876:76 35 236 220 438 582 297 65 146 338 330 282 435 44 92 505 345 280 225 760 82 80 604 888 36 82 504 618 568 237 171 470 435 860 288 54 168
1 3 5 7 9 12 13 15 17 19 21 23 25 27 29 31 34 36 39 40 42 45 46 48 51 52 55 57 58 60 62 64 66 69 71 72 75:12634:152 175 590 132 219 382 396 65 146 169 264 1128 261 132 92 303 138 224 45 304 410 400 604 1110 90 82 252 618 284 1185 285 376 725 344 432 36 84
1 3 5 7 9 11 13 15 17 19 21 23 25 27 29 31 34 36 39 40 42 45 46 48 51 52 55 56 58 60 63 64 66 69 71 72 75:12854:380 105 472 220 657 776 198 65 365 507 264 1128 348 132 460 404 276 280 45 304 328 80 302 888 36 123 1008 7 710 237 492 94 435 344 288 54 42
1 3 5 7 9 11 13 15 17 20 21 23 25 27 29 31 34 36 39 40 42 45 47 48 51 52 55 56 58 60 62 64 66 69 70 72 75:11793:380 35 590 220 657 582 495 13 292 195 264 282 261 44 184 303 207 168 225 456 328 160 558 222 18 205 1260 35 426 948 57 94 725 172 504 18 210
1 3 6 7 9 11 13 15 17 20 21 23 25 27 29 31 34 36 39 40 42 45 47 48 51 52 55 56 58 60 62 64 66 69 71 72 75:11681:76 175 222 220 1095 194 99 65 146 117 66 1128 174 44 184 404 207 168 90 608 246 240 837 444 72 41 1008 21 568 237 114 282 725 860 288 90 126
1 3 6 7 9 12 13 15 17 20 21 23 25 27 29 31 35 36 39 40 42 45 47 48 51 52 55 56 58 60 62 64 66 69 71 72 75:11247:76 70 370 88 219 382 396 26 73 78 264 282 348 220 368 303 628 224 180 760 164 320 279 1110 54 82 1008 28 142 474 228 376 435 172 720 90 210
1 3 6 7 9 11 13 15 17 20 21 23 25 27 29 31 34 36 39 40 42 45 47 48 51 52 55 56 58 60 63 64 66 69 71 72 75:12701:76 140 296 220 438 970 99 26 365 78 132 1410 261 88 460 101 69 56 135 304 82 400 837 444 72 205 756 35 710 948 820 188 580 516 144 72 168
1 3 6 7 9 11 13 15 17 20 21 23 25 27 29 31 35 36 39 40 42 45 47 48 51 52 55 56 58 60 63 64 66 69 71 72 75:11851:228 70 370 132 438 970 495 39 73 39 330 846 87 44 92 505 942 168 225 456 164 160 279 222 36 123 1008 28 142 1185 164 188 145 516 720 54 168
1 3 5 7 9 11 13 15 17 20 21 23 25 27 29 31 34 36 39 40 42 45 47 48 51 52 55 56 58 60 62 64 66 68 70 72 75:10952:380 35 118 132 219 582 297 39 292 117 264 282 87 176 184 303 138 168 45 456 328 160 1116 888 72 205 504 35 568 1185 285 470 435 39 168 54 126
1 3 6 7 9 11 13 15 17 19 21 23 25 27 29 31 34 36 39 40 42 45 46 48 50 52 55 56 58 60 62 64 66 69 70 72 75:11860:380 175 148 88 1095 388 297 26 73 169 330 846 174 220 368 404 69 56 180 760 164 240 604 222 240 205 504 7 710 237 285 376 580 688 336 90 126
1 3 5 7 9 12 13 15 17 19 21 23 25 27 29 31 34 36 39 40 42 45 46 48 50 52 55 56 58 60 62 64 66 69 71 72 75:13219:380 70 590 220 657 764 99 26 219 845 330 1128 174 132 276 505 207 112 90 456 410 320 453 222 192 41 756 7 710 948 114 470 290 688 144 90 84
1 3 5 7 9 12 13 15 17 19 21 23 25 27 29 31 34 36 39 40 42 45 46 48 50 52 55 57 58 60 62 64 66 69 71 72 75:13282:228 140 236 88 876 573 297 13 292 338 198 282 435 220 184 101 207 56 180 608 82 400 604 666 240 123 1008 1236 426 711 57 376 435 688 432 36 210
1 3 5 7 9 11 13 15 17 19 21 23 25 27 29 31 34 36 39 40 42 45 46 48 50 52 55 56 58 60 63 64 66 69 71 72 75:13688:76 175 590 220 1095 582 198 13 146 338 132 1128 348 176 276 505 138 56 225 456 410 400 302 1110 144 164 756 14 568 474 328 282 725 688 288 36 126
1 3 5 7 9 11 13 15 17 19 21 23 25 27 29 31 34 36 39 40 42 45 46 48 50 52 55 57 58 60 63 64 66 69 71 72 75:12067:152 105 590 88 657 388 495 65 146 338 66 1128 348 44 184 202 276 168 225 608 410 400 151 222 48 164 504 1236 568 474 164 94 435 516 288 36 84
1 3 5 7 9 12 13 15 17 19 21 23 25 27 29 31 34 36 39 40 42 45 46 48 50 52 55 56 58 60 63 64 66 69 71 72 75:11378:152 175 354 88 876 382 396 39 292 169 198 282 261 220 92 101 345 280 225 760 410 240 453 888 144 82 252 35 710 474 328 94 145 860 432 18 126
1 3 5 7 9 12 13 15 17 19 21 23 25 27 29 31 34 36 39 40 42 45 46 48 50 52 55 57 58 60 63 64 66 69 71 72 75:11458:76 35 590 132 657 382 99 39 292 338 198 564 261 220 460 101 207 168 45 152 164 240 755 888 192 82 252 927 284 237 164 470 435 860 432 18 42
1 3 5 7 9 11 13 15 17 20 21 23 25 27 29 31 34 36 39 40 42 45 47 48 50 52 55 56 58 60 62 64 66 69 70 72 75:13269:380 140 118 132 219 970 198 26 292 39 330 282 435 176 92 404 345 112 45 608 164 240 1116 1110 48 164 504 28 710 711 285 470 580 860 672 54 210
1 3 6 7 9 11 13 15 17 20 21 23 25 27 29 31 34 36 39 40 42 45 47 48 50 52 55 56 58 60 62 64 66 69 71 72 75:12855:76 175 148 132 438 970 297 65 365 156 198 1128 261 44 184 101 207 56 45 608 82 320 1116 1110 144 205 1008 35 142 711 114 470 290 860 432 36 126
1 3 6 7 9 12 13 15 17 20 21 23 25 27 29 31 34 36 39 40 42 45 47 48 50 52 55 56 58 60 62 64 66 69 71 72 75:11007:76 70 222 132 1095 764 198 26 292 156 330 282 87 132 92 404 69 112 135 608 410 400 279 222 48 41 1008 35 710 474 114 188 580 688 432 54 42
1 3 6 7 9 11 13 15 17 20 21 23 25 27 29 31 34 36 39 40 42 45 47 48 50 52 55 56 58 60 63 64 66 69 71 72 75:11575:380 35 74 44 657 388 198 52 146 117 132 1128 435 176 92 101 207 56 90 456 410 320 279 666 144 205 756 35 284 948 656 188 290 860 432 54 84
1 3 6 7 9 12 13 15 17 20 21 23 25 27 29 31 34 36 39 40 42 45 47 48 50 52 55 56 58 60 63 64 66 69 71 72 75:12273:152 175 74 132 876 764 297 26 365 117 66 282 435 44 184 101 345 112 225 152 410 240 837 1110 240 123 756 7 710 1185 656 94 145 344 432 18 42
1 3 5 7 9 11 13 15 17 20 21 23 25 27 29 31 34 36 39 40 42 45 47 48 50 52 55 56 58 60 62 64 66 68 70 72 75:11942:76 175 472 132 219 776 495 39 365 195 132 1410 261 132 276 303 345 56 90 304 328 320 837 222 96 164 252 7 710 474 171 282 725 39 840 54 168
1 3 5 7 9 11 14 15 17 20 21 23 25 27 29 31 34 36 38 40 42 45 47 48 51 52 55 56 58 60 62 64 66 69 70 72 75:13932:228 105 472 88 219 194 46 13 219 39 330 846 435 44 276 505 138 56 560 304 410 320 1116 1110 90 41 1260 28 710 1185 228 282 725 860 336 72 42
1 3 6 7 9 11 14 15 17 19 21 23 25 27 29 31 35 36 38 40 42 45 46 48 50 52 55 56 58 60 62 64 66 69 70 72 75:14919:380 105 296 220 876 582 23 65 146 338 132 846 174 132 368 101 1570 280 448 152 328 160 755 1110 240 123 1260 28 568 474 171 376 290 860 840 18 84
1 3 5 7 9 11 14 15 17 20 21 23 25 27 29 31 34 36 38 40 42 45 47 48 50 52 55 56 58 60 62 64 66 69 70 72 75:13404:380 140 236 88 438 582 69 13 292 117 330 1410 261 220 368 202 69 224 336 456 164 240 837 888 48 205 252 7 710 474 171 470 725 860 840 72 210
1 3 5 7 9 11 14 15 17 19 21 23 25 27 29 31 34 36 39 40 42 45 46 48 51 52 55 56 58 60 62 64 66 69 71 72 75:11695:304 70 590 44 657 776 115 13 146 507 66 282 174 132 460 404 207 56 90 760 410 240 151 222 54 164 1008 7 284 1185 228 188 725 688 144 18 126
1 3 5 8 9 11 14 15 17 19 21 23 25 27 29 31 34 36 39 40 42 45 46 48 51 52 55 56 58 60 62 64 66 69 71 72 75:11942:152 35 118 225 876 388 46 52 73 676 66 1410 348 220 276 404 138 280 180 456 164 240 151 444 36 41 756 21 284 948 57 470 145 860 720 18 168
1 3 5 7 10 11 14 15 17 19 21 23 25 27 29 31 34 36 39 40 42 45 46 48 51 52 55 56 58 60 62 64 66 69 71 72 75:12815:304 70 472 88 1000 582 69 52 365 507 66 846 435 220 368 303 207 224 180 608 328 240 302 888 54 82 756 28 284 1185 228 376 290 172 432 36 168
1 3 5 7 9 11 14 16 17 19 21 23 25 27 29 31 34 36 39 40 42 45 46 48 51 52 55 56 58 60 62 64 66 69 71 72 75:11367:304 140 472 132 657 388 115 830 292 338 198 1128 435 220 368 202 345 224 90 152 164 160 302 222 72 164 1008 35 142 711 57 376 290 172 288 90 84
1 3 5 8 9 11 14 15 17 19 21 23 25 27 29 31 34 36 39 40 42 45 46 48 51 52 55 56 58 60 62 64 66 68 71 72 75:10468:152 105 590 225 657 776 69 39 365 169 132 282 174 220 276 505 69 280 180 304 410 320 302 444 72 123 252 14 710 948 57 94 145 156 720 90 42
1 3 5 7 10 11 14 15 17 19 21 23 25 27 29 31 34 36 39 40 42 45 46 48 51 52 55 56 58 60 62 64 66 68 71 72 75:9121:152 140 236 176 600 582 92 52 146 169 132 846 87 44 276 101 69 280 225 304 410 80 151 444 54 123 756 7 710 237 171 188 145 156 576 36 168
1 3 5 7 9 12 14 16 17 19 21 23 25 27 29 31 34 36 39 40 42 45 46 48 51 52 55 56 58 60 62 64 66 68 71 72 75:12072:380 35 354 176 219 573 46 498 219 507 330 282 174 88 184 505 276 280 135 760 164 400 604 888 36 123 1008 14 710 237 285 376 435 39 576 72 84
1 3 6 7 9 11 14 15 17 19 21 23 25 27 29 31 34 36 39 40 42 45 46 48 50 52 55 56 58 60 62 64 66 69 70 72 75:11934:76 175 370 44 1095 194 46 13 146 676 132 1128 261 132 92 101 138 280 135 760 82 400 302 1110 48 41 1260 7 426 711 57 188 580 344 168 90 126
1 3 5 7 10 11 14 15 17 19 21 23 25 27 29 31 34 36 39 40 42 45 46 48 50 52 55 56 58 60 62 64 66 69 71 72 75:10799:228 105 236 176 400 388 92 13 73 845 330 282 87 44 92 404 276 112 45 760 164 400 302 1110 240 164 504 14 426 474 228 94 145 688 576 72 210
1 3 5 7 9 12 14 15 17 19 21 23 25 27 29 31 34 36 39 40 42 45 46 48 50 52 55 56 58 60 62 64 66 69 71 72 75:13397:380 70 472 88 1095 955 92 65 219 169 264 282 435 88 460 505 276 280 90 608 164 80 453 1110 144 123 504 35 426 711 285 470 435 688 576 90 210
1 3 5 7 10 12 14 15 17 19 21 23 25 27 29 31 34 36 39 40 42 45 46 48 50 52 55 56 58 60 62 64 66 69 71 72 75:12551:76 140 590 176 1000 382 69 39 73 507 330 564 174 220 276 303 138 280 45 760 164 400 604 1110 144 164 756 28 284 948 57 282 580 516 144 18 210
1 3 5 7 10 12 14 15 17 19 21 23 25 27 29 31 34 36 39 40 42 45 46 48 50 52 55 57 58 60 62 64 66 69 71 72 75:11044:304 105 236 176 800 191 69 13 146 169 264 282 261 132 368 303 207 224 225 608 82 80 151 222 144 164 252 1236 284 711 57 470 580 688 720 36 84
1 3 5 7 9 11 14 15 17 19 21 23 25 27 29 31 34 36 39 40 42 45 46 48 50 52 55 56 58 60 63 64 66 69 71 72 75:11541:304 175 472 44 657 388 115 13 219 676 198 846 174 176 184 505 207 224 90 608 410 160 453 444 192 205 252 14 426 474 820 188 290 344 432 36 126
1 3 5 7 10 12 14 15 17 19 21 23 25 27 29 31 34 36 39 40 42 45 46 48 50 52 55 56 58 60 63 64 66 69 71 72 75:13240:76 175 236 132 800 955 46 52 146 338 132 1410 348 176 92 101 276 56 90 760 246 160 755 1110 192 41 756 7 426 237 820 470 435 516 432 72 168
1 3 5 7 9 12 14 16 17 19 21 23 25 27 29 31 34 36 39 40 42 45 46 48 50 52 55 56 58 60 63 64 66 69 71 72 75:11938:228 140 590 132 1095 191 69 332 146 338 66 282 87 220 368 404 276 56 135 304 410 320 302 222 48 82 756 35 710 711 820 282 435 344 720 72 210
1 3 5 7 10 11 14 15 17 19 21 23 25 27 29 31 34 36 39 40 42 45 46 48 50 52 55 56 58 60 62 64 66 68 71 72 75:10360:304 70 354 132 1000 194 92 13 146 169 132 1410 87 44 92 505 138 112 225 152 82 400 302 222 192 164 756 7 568 1185 57 376 435 39 144 18 42
1 3 5 7 10 12 14 15 17 19 21 23 25 27 29 31 34 36 39 40 42 45 46 48 50 52 55 56 58 60 62 64 66 68 71 72 75:8322:76 105 236 44 200 573 115 39 73 169 330 282 435 88 184 101 207 280 90 152 328 80 302 222 144 205 504 7 568 711 114 376 145 39 576 54 168
1 3 5 7 9 11 14 15 17 20 21 23 25 27 29 31 34 36 39 40 42 45 47 48 50 52 55 56 58 60 62 64 66 69 70 72 75:10477:380 70 354 220 438 582 92 26 146 156 132 846 174 176 460 404 345 280 90 152 82 160 279 222 48 164 1008 21 568 474 57 470 145 860 336 18 42
1 3 6 7 9 11 14 15 17 20 21 23 25 27 29 31 34 36 39 40 42 45 47 48 50 52 55 56 58 60 62 64 66 69 71 72 75:10062:304 70 370 88 219 194 23 13 73 117 264 564 435 88 368 303 69 168 90 304 82 160 837 666 48 82 252 7 710 948 114 94 290 688 720 72 168
1 3 6 7 10 12 14 15 17 20 21 23 25 27 29 31 34 36 39 40 42 45 47 48 50 52 55 56 58 60 62 64 66 69 71 72 75:10146:304 175 370 132 400 764 46 13 292 78 264 564 261 176 368 202 69 112 90 304 164 160 837 222 48 41 756 7 142 948 228 282 435 688 144 18 42
1 3 6 7 10 12 14 15 17 20 21 23 25 27 29 31 35 36 39 40 42 45 47 48 50 52 55 56 58 60 62 64 66 69 71 72 75:12114:380 175 74 176 800 955 46 13 73 156 330 1410 261 220 92 303 628 280 135 608 410 160 558 666 240 123 252 21 426 474 171 470 580 172 144 90 42
1 3 6 7 9 11 14 15 17 20 21 23 25 27 29 31 34 36 39 40 42 45 47 48 50 52 55 56 58 60 63 64 66 69 71 72 75:12107:152 35 370 88 438 582 69 65 219 156 330 846 435 176 92 202 276 56 180 760 410 80 1116 444 144 41 504 21 710 1185 164 470 725 344 144 36 42
1 3 6 7 10 12 14 15 17 20 21 23 25 27 29 31 34 36 39 40 42 45 47 48 50 52 55 56 58 60 63 64 66 69 71 72 75:10502:76 140 222 176 600 573 92 52 365 117 132 564 87 220 276 101 138 112 45 608 82 240 558 666 240 205 756 21 426 474 328 94 580 344 576 90 126
1 3 6 7 9 11 14 15 17 20 21 23 25 27 29 31 35 36 39 40 42 45 47 48 50 52 55 56 58 60 63 64 66 69 71 72 75:13244:76 70 370 132 438 776 92 52 73 195 66 1410 87 44 460 303 942 280 225 760 328 80 837 888 48 123 504 28 710 711 656 470 290 516 144 18 42
1 3 5 7 9 11 14 15 17 20 21 23 25 27 29 31 34 36 39 40 42 45 47 48 50 52 55 56 58 60 62 64 66 68 70 72 75:12479:76 140 590 176 876 970 23 65 146 156 330 282 174 176 184 404 207 168 225 760 246 240 279 1110 240 205 504 21 426 711 285 282 725 39 840 72 126
1 3 5 7 9 11 13 15 17 20 21 23 26 27 29 31 34 36 38 40 42 45 47 48 50 52 54 56 58 60 62 64 66 69 70 72 75:10176:228 140 236 44 219 776 198 26 365 117 198 564 89 88 184 303 69 112 112 456 82 80 1395 444 96 205 363 14 284 237 171 376 725 688 336 72 84
1 3 5 7 9 11 13 15 17 19 21 23 26 27 29 31 34 36 39 40 42 45 46 48 50 52 54 56 58 60 62 64 66 69 71 72 75:11552:304 140 236 132 1095 388 99 13 146 676 264 846 445 176 92 303 138 168 135 608 410 240 453 666 240 82 484 35 142 237 285 282 580 172 576 54 210
1 3 5 7 9 11 13 15 17 19 21 23 26 27 29 31 34 36 39 40 42 45 46 48 50 52 54 57 58 60 63 64 66 69 71 72 75:13317:304 140 472 44 876 970 99 65 73 338 264 1410 89 88 92 202 345 224 180 608 164 320 302 666 240 205 363 927 568 474 328 94 725 344 432 72 210
1 3 5 7 9 11 13 15 17 20 21 23 26 27 29 31 34 36 39 40 42 45 47 48 50 52 54 56 58 60 62 64 66 69 70 72 75:12590:304 70 590 44 438 194 198 13 219 117 264 564 356 220 276 505 276 280 180 608 246 160 837 1110 192 205 484 7 710 711 285 470 145 172 840 90 210
1 3 5 7 9 11 14 15 17 20 21 23 26 27 29 31 34 36 38 40 42 45 47 48 50 52 54 56 58 60 62 64 66 69 70 72 75:12441:228 70 590 220 219 776 46 39 219 195 198 1410 445 220 92 505 138 112 224 608 328 160 1116 888 192 123 363 21 142 474 285 376 725 172 336 18 168
1 3 5 7 9 11 14 15 17 19 21 23 26 27 29 31 34 36 39 40 42 45 46 48 50 52 54 56 58 60 63 64 66 69 71 72 75:9943:380 70 354 88 438 776 115 52 365 507 198 282 89 132 368 202 69 56 135 304 82 320 302 222 48 82 363 14 710 474 164 282 580 516 576 18 210
1 3 5 7 9 11 13 15 17 20 21 23 26 27 29 31 34 36 38 40 42 45 47 48 50 52 55 56 58 60 62 64 66 69 70 72 75:12791:304 140 590 220 657 970 396 39 365 78 198 846 89 132 368 404 138 280 336 456 164 160 837 444 192 123 1008 7 426 711 57 282 290 688 336 18 42
1 3 5 7 9 11 13 15 17 19 21 23 26 27 29 31 34 36 39 40 42 45 46 48 50 52 55 56 58 60 62 64 66 69 71 72 75:12124:304 140 118 220 1095 194 198 26 292 676 66 564 267 132 368 202 138 112 180 608 246 400 151 222 192 82 1008 35 568 711 114 376 725 860 288 36 210
1 3 6 7 9 11 13 15 17 20 21 23 26 27 29 31 35 36 39 40 42 45 47 48 50 52 55 56 58 60 62 64 66 69 71 72 75:14827:76 70 296 44 1095 970 396 52 73 78 132 1410 267 176 368 404 1256 280 90 152 410 320 558 888 96 82 1260 28 284 948 228 282 290 688 576 36 168
1 3 6 7 9 11 13 15 17 20 21 23 26 27 29 31 35 36 39 40 42 45 47 48 50 52 55 56 58 60 63 64 66 69 71 72 75:11571:76 140 148 132 657 776 297 26 365 117 132 1128 89 220 276 505 942 112 135 304 82 240 279 888 192 123 504 14 142 948 328 94 580 172 144 54 210
1 3 5 7 9 11 14 15 17 20 21 23 26 27 29 31 34 36 38 40 42 45 47 48 50 52 55 56 58 60 62 64 66 69 70 72 75:12682:304 70 118 176 657 970 46 26 292 156 198 564 445 88 368 202 69 280 336 456 246 160 1395 1110 192 164 252 7 568 474 57 470 580 172 840 90 84
1 3 5 7 9 11 14 15 17 19 21 23 26 27 29 31 34 36 39 40 42 45 46 48 50 52 55 56 58 60 63 64 66 69 71 72 75:11539:228 175 472 44 219 388 115 13 365 338 66 846 178 220 184 404 138 168 135 456 410 240 453 444 48 205 504 7 426 711 656 188 725 860 432 36 42
2 3 5 7 9 11 13 15 17 19 22 24 25 28 29 33 34 36 38 40 42 44 46 48 51 52 54 56 58 60 62 64 66 69 70 73 74:14623:302 105 590 88 219 776 99 13 73 338 540 910 435 822 276 1010 69 112 112 760 246 20 151 1110 72 205 121 7 710 948 285 282 145 860 840 844 128
2 3 5 7 9 11 13 15 17 19 22 23 25 28 29 31 34 36 38 40 42 44 46 48 51 52 54 56 58 60 62 64 67 69 70 73 74:12337:755 175 472 132 1095 970 396 65 219 169 108 282 87 548 368 404 345 224 336 152 82 25 151 444 54 123 605 14 568 474 228 188 205 516 840 422 96
2 3 5 7 9 11 13 15 17 19 22 23 25 28 29 31 34 36 38 40 43 44 46 48 51 52 54 56 58 60 62 64 67 68 70 73 74:13491:755 35 472 88 876 582 495 39 146 676 540 1410 435 1370 460 202 69 56 112 456 55 5 755 666 54 164 242 35 568 474 57 282 164 117 336 211 32
2 3 5 7 9 11 13 16 17 19 22 23 25 28 29 31 34 36 38 40 42 44 46 48 50 52 54 56 58 60 62 64 67 69 70 73 74:12655:302 35 354 220 876 194 198 498 146 169 540 1410 435 822 92 303 69 112 224 152 410 15 302 888 240 82 363 35 568 474 114 282 164 860 336 211 160
2 3 5 7 9 11 13 15 17 19 22 23 25 28 29 31 34 36 38 40 43 44 46 48 50 52 54 56 58 60 62 64 67 68 70 73 74:11879:604 70 236 220 876 970 297 65 292 169 108 1128 87 274 460 505 276 224 224 608 22 15 453 222 192 164 242 21 142 1185 228 188 123 156 168 633 32
2 3 5 7 9 11 13 15 17 19 22 24 25 28 29 33 34 37 38 40 42 44 46 48 50 52 54 56 58 60 62 64 66 69 70 72 74:12776:151 175 236 132 438 388 396 52 146 169 216 364 261 1096 460 1010 207 87 448 608 164 25 755 444 48 205 605 14 568 711 228 188 435 688 504 90 64
2 3 5 7 9 12 13 16 18 20 22 24 25 28 29 33 34 36 38 40 42 44 46 48 50 52 54 56 58 60 62 64 66 69 70 72 74:12667:302 140 590 132 876 382 495 498 41 117 324 910 174 548 92 808 69 56 224 456 82 15 151 444 240 164 242 21 426 948 171 470 725 516 672 18 128
2 3 5 7 9 11 13 16 18 20 22 24 25 28 29 33 34 36 38 40 42 44 46 48 50 52 54 56 58 60 62 64 66 68 70 72 74:11053:604 70 118 132 876 194 99 830 164 156 432 182 435 822 92 202 276 224 224 152 328 20 604 444 192 82 242 28 142 948 285 188 580 78 504 72 32
2 3 5 7 9 11 13 16 18 20 22 24 25 28 29 31 34 36 38 40 42 44 46 48 50 52 54 56 58 60 62 64 66 69 70 73 74:11971:604 140 590 132 657 776 396 332 82 78 324 364 261 1096 368 101 276 112 336 152 82 25 151 444 144 205 363 35 568 237 228 282 435 172 336 1055 32
2 3 5 7 9 12 13 16 18 20 22 24 25 28 29 31 34 36 38 40 42 44 46 48 50 52 54 56 58 60 62 64 66 69 70 73 74:12585:302 140 118 220 876 955 396 166 123 78 108 910 174 548 184 404 345 56 560 760 328 5 604 1110 240 164 121 28 426 474 228 188 145 172 168 633 128
2 3 5 8 9 12 13 16 18 20 22 23 25 28 29 31 34 36 38 40 42 44 46 48 51 52 54 56 58 60 62 64 66 69 71 72 74:10672:302 70 118 225 438 191 495 498 41 78 216 1128 174 822 460 101 345 112 224 760 82 5 151 222 90 205 121 35 284 474 228 470 435 860 144 36 32
2 3 5 7 10 12 13 16 18 20 22 23 25 28 29 31 34 36 38 40 42 44 46 48 51 52 54 56 58 60 62 64 66 69 71 72 74:11196:453 175 472 44 600 764 396 166 41 78 108 846 87 822 368 505 345 168 560 152 328 10 604 222 72 164 484 21 142 237 285 188 435 172 432 90 160
2 3 5 8 9 11 13 16 18 20 22 23 25 28 29 31 34 36 38 40 42 44 46 48 51 52 54 56 58 60 62 64 66 68 71 72 74:11830:302 105 472 450 438 388 198 332 41 39 540 846 261 1370 92 404 69 224 336 304 164 15 151 222 54 123 605 14 426 948 285 188 435 195 576 90 128
2 3 5 8 9 12 13 16 18 20 22 23 25 28 29 31 34 36 38 40 42 44 46 48 51 52 54 56 58 60 62 64 66 68 71 72 74:12785:755 35 472 225 438 382 198 830 123 156 216 564 348 1370 92 404 69 224 560 152 246 5 453 444 72 82 363 28 426 1185 114 470 290 78 720 36 160
2 3 5 7 10 12 13 16 18 20 22 23 25 28 29 31 34 36 38 40 42 44 46 48 51 52 54 56 58 60 62 64 66 68 71 72 74:14074:755 35 118 220 1000 955 297 664 205 156 216 1128 261 1096 184 505 276 56 112 456 410 15 604 666 36 164 242 35 284 1185 57 470 580 117 432 18 64
2 3 5 7 9 12 13 16 18 20 22 23 25 28 29 31 34 36 38 40 42 44 46 48 50 52 54 56 58 60 62 64 66 69 71 72 74:11934:604 70 590 88 657 955 396 498 205 156 540 1410 348 274 368 404 207 56 224 152 164 5 151 888 48 205 363 14 284 474 57 188 145 344 288 18 96
2 3 5 7 9 11 13 16 18 20 22 23 25 28 29 31 35 36 38 40 42 44 46 48 50 52 54 56 58 60 62 64 66 69 71 72 74:13608:151 140 354 44 438 970 99 830 164 39 108 1410 87 548 368 202 942 112 224 304 410 10 604 666 48 123 363 35 284 948 228 188 725 860 432 54 96
2 3 5 7 9 12 13 16 18 20 22 23 25 28 29 31 34 36 38 40 42 44 47 48 50 52 54 56 58 60 62 64 66 69 71 72 74:12980:604 70 236 176 1095 764 99 664 82 195 108 1410 87 822 184 101 345 224 448 304 164 15 1116 444 144 41 484 7 142 237 57 188 435 860 432 36 160
2 3 5 7 9 11 13 16 18 20 22 23 25 28 29 31 34 36 38 40 42 44 47 48 50 52 54 56 58 60 62 64 66 68 71 72 74:13634:151 70 590 176 657 776 297 498 123 78 324 282 261 1370 276 505 207 56 336 152 246 25 1116 888 144 164 605 35 568 1185 228 188 290 117 432 90 128
2 3 5 7 9 12 13 16 18 20 22 23 25 28 29 31 34 36 38 40 42 44 47 48 50 52 54 56 58 60 62 64 66 68 71 72 74:12824:755 35 590 176 876 191 99 166 41 78 216 846 435 1096 92 101 345 168 336 760 164 10 1395 444 192 123 242 21 568 948 228 188 435 156 144 36 128
2 4 5 7 10 11 13 16 18 20 22 24 25 28 29 33 34 36 38 40 42 44 46 48 51 52 54 56 58 60 62 64 66 68 71 72 74:10803:302 123 354 220 200 194 99 830 82 156 324 728 261 274 460 202 207 168 448 304 328 25 755 666 90 164 605 7 142 948 57 282 145 39 432 54 128
2 4 5 8 9 12 13 16 18 20 22 24 25 28 29 33 34 36 38 40 42 44 46 48 51 52 54 56 58 60 62 64 66 68 71 72 74:13135:151 123 354 675 657 955 99 332 164 78 540 364 435 1096 276 404 69 224 112 304 246 10 604 888 18 41 605 28 710 948 57 188 580 78 576 18 128
2 4 5 7 9 11 13 16 18 20 22 24 25 28 29 33 34 36 38 40 42 44 46 48 50 52 54 56 58 60 62 64 66 68 71 72 74:10815:151 164 118 176 1095 582 396 332 123 39 108 364 87 822 276 202 69 224 448 456 328 20 453 444 240 123 484 28 426 474 114 282 580 117 288 54 128
2 4 5 7 9 12 13 16 18 20 22 24 25 28 29 33 34 36 38 40 42 44 47 48 50 52 54 56 58 60 62 64 66 68 71 72 74:13831:755 82 354 176 657 573 99 830 82 117 540 546 261 1096 276 808 207 224 224 760 410 25 279 666 48 41 605 7 568 1185 57 282 290 39 576 54 32
2 4 5 8 9 11 13 16 18 20 22 24 25 28 29 31 34 36 38 40 42 44 46 48 51 52 54 56 58 60 62 64 66 69 71 73 74:15733:604 82 354 1125 876 388 297 830 82 117 324 546 261 1370 460 303 276 168 448 304 410 10 604 1110 90 41 484 14 710 237 57 470 580 860 144 633 64
2 4 5 7 10 12 13 16 18 20 22 24 25 28 29 31 34 36 38 40 42 44 46 48 51 52 54 56 58 60 62 64 66 69 71 73 74:9454:151 82 118 44 200 955 297 332 164 39 216 910 174 274 92 202 138 112 224 152 328 5 151 222 18 205 121 14 710 948 57 94 580 172 288 633 32
2 4 5 8 9 11 13 16 18 20 22 24 25 28 29 31 35 36 38 40 42 44 46 48 51 52 54 56 58 60 62 64 66 69 71 73 74:12486:453 82 590 450 657 388 198 664 41 39 432 182 261 822 92 404 1256 56 224 152 164 20 453 222 72 41 484 7 710 237 228 376 145 688 288 844 64
2 4 5 7 10 11 13 16 18 20 22 24 25 28 29 31 35 36 38 40 42 44 46 48 51 52 54 56 58 60 62 64 66 69 71 73 74:10867:604 82 118 88 400 388 396 166 205 195 324 182 174 822 92 303 314 168 336 608 410 25 151 888 72 123 242 14 568 237 285 376 290 172 288 633 128
2 4 5 7 9 11 13 16 18 20 22 24 25 28 29 31 34 36 38 40 42 44 46 48 50 52 54 56 58 60 62 64 66 68 71 73 74:11746:453 164 354 44 438 970 396 166 41 117 216 364 87 1096 276 202 138 224 336 608 82 25 151 888 144 205 121 35 284 948 171 376 580 195 576 211 64
2 4 5 7 9 12 13 16 18 20 22 24 25 28 29 31 34 36 38 40 42 44 46 48 50 52 54 56 58 60 62 64 66 68 71 73 74:13681:755 205 472 44 1095 573 297 166 41 78 108 728 87 822 368 101 345 280 560 760 410 10 151 666 240 41 605 7 426 1185 114 376 290 117 576 422 160
2 4 5 7 9 12 13 16 18 20 22 24 25 28 29 31 34 36 38 40 42 44 47 48 50 52 54 56 58 60 62 64 66 68 71 73 74:13311:302 164 354 176 1095 191 396 332 82 195 432 910 87 274 368 202 276 224 448 304 410 25 1395 666 240 164 363 21 284 948 228 282 290 156 720 211 96
2 4 5 8 9 11 13 16 18 20 22 24 25 28 29 31 34 36 38 40 42 44 46 48 51 52 54 57 58 60 62 64 66 69 71 72 74:15205:604 82 472 900 1095 776 297 332 82 117 108 364 435 1370 460 404 138 280 336 608 410 10 453 444 18 82 605 1236 142 948 171 282 580 172 288 72 32
2 4 5 7 10 12 13 16 18 20 22 24 25 28 29 31 34 36 38 40 42 44 46 48 51 52 54 57 58 60 62 64 66 69 71 72 74:13934:755 123 118 88 200 382 495 830 164 78 324 364 435 1370 92 505 138 280 448 152 328 10 453 888 18 82 605 927 568 474 114 282 290 688 720 18 128
2 4 5 7 9 11 13 16 18 20 22 24 25 28 29 31 34 36 38 40 42 44 46 48 50 52 54 56 58 60 62 64 66 68 71 72 74:12383:604 205 590 132 219 582 297 498 164 39 540 910 348 548 184 202 207 280 112 608 164 15 604 444 144 205 242 7 568 948 57 470 435 39 576 36 160
2 4 5 7 9 12 13 16 18 20 22 24 25 28 29 31 34 36 38 40 42 44 46 48 50 52 54 56 58 60 62 64 66 68 71 72 74:11289:755 82 590 220 438 191 495 664 82 117 108 364 261 274 460 303 345 168 336 304 246 20 151 888 96 41 484 7 284 237 171 470 725 78 720 18 96
2 4 5 7 9 12 13 16 18 20 22 24 25 28 29 31 34 36 38 40 42 44 47 48 50 52 54 56 58 60 62 64 66 68 71 72 74:10294:755 205 354 88 438 382 198 166 164 117 216 182 174 274 184 303 345 112 560 456 328 10 558 1110 48 123 242 7 284 711 57 94 290 195 432 36 96
2 3 5 8 9 12 13 16 18 20 22 23 25 28 29 31 34 36 39 40 42 44 46 48 51 52 54 56 58 60 62 64 66 68 71 72 74:14497:755 105 236 675 657 955 396 332 205 117 540 1410 435 1370 460 303 345 112 45 456 246 20 755 222 72 123 484 28 568 474 57 470 290 39 576 36 128
2 4 5 8 9 11 13 16 18 20 22 24 25 28 29 33 34 36 39 40 42 44 46 48 51 52 54 57 58 60 62 64 66 69 71 72 74:14118:302 82 354 900 876 776 198 332 82 156 216 546 435 1370 184 606 69 224 180 608 164 25 151 1110 18 205 121 309 426 474 171 282 580 688 720 18 160
2 4 5 8 9 12 13 16 18 20 22 24 25 28 29 33 34 36 39 40 42 44 46 48 51 52 54 56 58 60 62 64 66 68 71 72 74:10071:151 41 472 225 219 764 297 166 41 78 108 364 348 548 460 808 138 280 135 608 82 20 453 222 72 205 484 7 426 237 57 94 435 156 720 54 96
2 3 5 7 9 11 13 15 17 19 22 24 25 28 29 31 34 37 38 40 42 44 46 49 51 52 54 56 58 60 62 64 66 68 70 72 74:12754:755 105 472 44 876 970 495 39 146 676 324 546 348 548 460 101 345 348 336 608 82 25 302 338 18 82 242 21 284 474 228 188 725 195 840 72 96
2 3 5 7 9 11 13 15 17 19 22 24 25 28 29 31 34 37 38 40 42 44 46 49 50 52 54 56 58 60 62 64 66 69 70 72 74:10733:453 105 354 220 219 582 396 39 292 676 108 182 435 1370 92 404 207 261 112 304 410 5 302 845 48 41 121 14 284 237 57 188 580 172 504 18 96
2 3 5 7 9 11 13 15 17 19 22 24 25 28 29 31 34 37 38 40 42 44 46 49 50 52 54 56 58 60 62 64 66 68 70 72 74:11903:453 105 472 44 1095 194 396 65 365 676 216 364 261 822 276 505 207 261 112 152 328 10 151 676 144 82 484 21 426 1185 285 94 435 195 168 18 160
2 3 5 7 9 11 13 15 17 19 22 23 25 28 29 31 34 37 38 40 42 44 46 49 51 52 54 56 58 60 62 64 66 68 70 72 74:12085:755 175 354 176 219 776 297 26 73 338 216 846 261 1096 92 505 138 435 224 760 82 20 302 169 18 41 363 21 710 1185 285 376 145 156 336 18 96
2 3 5 7 9 11 13 15 17 19 22 23 25 28 29 31 34 37 38 40 42 44 46 49 50 52 54 56 58 60 62 64 66 69 70 72 74:11547:302 105 236 132 876 582 198 52 73 845 108 1410 174 274 184 101 207 435 112 456 410 15 151 169 144 41 121 28 568 1185 228 282 145 344 672 54 128
2 3 5 7 9 11 13 15 17 19 22 23 25 28 29 31 34 37 38 40 42 44 46 49 50 52 54 56 58 60 62 64 66 68 70 72 74:11160:151 175 590 176 438 194 198 65 146 676 324 282 348 822 460 101 345 174 560 152 164 20 151 676 240 205 121 21 284 1185 228 470 290 78 504 18 128
2 3 5 7 9 11 13 16 18 20 22 23 25 28 29 31 34 36 38 40 42 44 46 49 50 52 54 56 58 60 62 64 67 69 70 73 74:11892:604 35 590 44 219 582 495 332 164 195 216 564 174 274 460 505 345 280 560 608 328 15 755 507 96 123 121 7 568 948 57 188 82 344 168 211 128
2 3 5 7 10 11 14 15 17 19 22 24 25 28 29 33 34 36 38 40 42 44 46 48 51 52 54 56 58 60 62 64 66 68 70 72 74:13578:604 140 590 176 1000 970 92 65 292 507 432 728 435 548 368 202 138 168 336 456 410 10 604 888 90 41 605 28 568 948 57 94 145 39 672 36 96
2 3 5 8 9 11 14 16 17 19 22 24 25 28 29 33 34 36 38 40 42 44 46 48 51 52 54 56 58 60 62 64 66 68 70 72 74:13806:755 35 590 900 438 970 115 498 365 169 432 546 348 1370 92 1010 138 168 336 456 410 20 151 888 36 205 121 7 284 711 57 94 145 156 672 54 64
2 3 5 8 9 12 14 16 17 19 22 24 25 28 29 33 34 36 38 40 42 44 46 48 51 52 54 56 58 60 62 64 66 68 70 72 74:11526:302 70 236 450 657 573 23 664 146 507 108 364 87 548 276 202 345 56 112 608 410 20 453 1110 36 82 605 28 426 237 114 470 290 39 672 72 128
2 3 5 8 9 12 14 16 17 19 22 24 25 28 29 31 34 36 38 40 42 44 46 48 51 52 54 56 58 60 62 64 66 68 70 72 74:12538:755 105 354 675 219 573 115 830 292 676 540 728 87 274 276 303 69 56 336 304 82 10 604 666 54 82 605 14 568 948 228 94 145 117 672 18 64
2 3 5 8 9 12 14 16 17 19 22 23 25 28 29 31 34 36 38 40 42 44 46 48 51 52 54 56 58 60 62 64 66 68 70 72 74:14028:302 140 354 1125 1095 955 115 498 292 845 108 846 348 274 368 303 207 280 224 608 82 15 302 1110 18 123 363 28 568 237 285 282 725 117 336 54 96
2 3 5 7 9 11 14 15 18 20 22 24 25 28 29 33 34 36 38 40 42 44 46 48 50 52 54 56 58 60 62 64 66 69 70 72 74:12282:302 140 354 176 876 970 92 52 205 78 432 546 435 548 92 202 207 280 224 152 328 20 302 666 240 164 363 35 568 1185 285 376 725 172 336 90 64
2 3 5 7 9 12 14 15 18 20 22 24 25 28 29 33 34 36 38 40 42 44 46 48 50 52 54 56 58 60 62 64 66 68 70 72 74:9213:302 70 236 88 219 382 46 65 82 117 108 910 174 274 184 1010 138 280 224 152 164 25 302 222 144 205 242 28 426 474 285 188 290 195 840 90 32
2 3 5 7 9 11 14 16 18 20 22 24 25 28 29 31 34 36 38 40 42 44 46 48 50 52 54 56 58 60 62 64 66 69 70 73 74:12453:755 35 590 132 876 582 23 166 41 156 540 546 87 1096 368 202 138 112 112 456 246 25 453 666 144 164 484 35 710 237 114 470 290 516 336 422 128
2 3 5 7 9 12 14 15 18 20 22 24 25 28 29 31 34 36 38 40 42 44 46 48 50 52 54 56 58 60 62 64 66 68 70 73 74:14812:755 70 590 88 876 191 23 39 205 39 432 364 261 1096 368 303 345 224 448 608 328 20 453 888 192 123 605 35 284 1185 285 470 580 195 840 844 160
2 3 5 7 10 11 14 16 18 20 22 24 25 28 29 31 34 36 38 40 42 44 46 48 51 52 54 56 58 60 62 64 66 69 70 72 74:10526:453 105 590 220 200 582 23 332 41 156 540 546 261 822 184 404 69 280 224 304 410 5 604 222 90 82 363 7 142 948 171 94 290 172 504 54 32
2 3 5 7 10 12 14 16 18 20 22 24 25 28 29 31 34 36 38 40 42 44 46 48 51 52 54 56 58 60 62 64 66 68 70 72 74:11113:151 140 590 132 200 573 92 332 82 78 540 546 348 274 368 404 345 168 336 152 246 15 151 1110 90 164 363 35 568 1185 114 188 580 117 168 72 96
2 3 5 7 10 12 14 16 18 20 22 23 25 28 29 31 34 36 38 40 42 44 46 48 51 52 54 56 58 60 62 64 66 68 70 72 74:11129:151 70 236 44 800 573 92 332 205 78 216 1128 435 274 184 404 69 56 560 304 246 25 151 888 54 205 242 28 710 711 285 94 290 195 672 90 32
2 4 5 7 9 11 14 15 18 20 22 24 25 28 29 33 34 36 38 40 42 44 46 48 50 52 54 56 58 60 62 64 66 68 70 72 74:11617:151 164 236 176 438 970 92 52 164 195 540 364 87 548 368 606 207 168 560 456 410 5 151 1110 48 41 484 28 568 948 114 470 145 117 336 36 64
2 3 5 7 9 11 14 15 17 19 22 24 25 28 29 31 34 37 38 40 42 44 46 49 50 52 54 56 58 60 62 64 66 68 70 72 74:10197:302 105 472 132 219 776 46 52 219 845 108 910 174 274 368 404 138 87 112 152 246 10 302 338 144 41 121 35 710 1185 228 188 290 78 336 18 32
2 3 5 7 9 11 14 15 17 19 22 23 25 28 29 31 34 37 38 40 42 44 46 49 51 52 54 56 58 60 62 64 66 68 70 72 74:11714:755 70 354 220 657 582 115 65 219 507 432 564 348 1370 276 202 207 261 560 152 410 25 453 169 72 205 242 7 142 237 285 282 580 39 504 18 128
2 3 5 7 9 11 14 15 17 19 22 23 25 28 29 31 34 37 38 40 42 44 46 49 50 52 54 56 58 60 62 64 66 69 70 72 74:12771:151 35 118 88 1095 388 69 52 292 507 108 1410 87 1370 276 404 276 174 224 152 410 5 755 845 48 205 121 28 426 711 57 188 580 172 840 72 32
2 3 5 7 9 11 14 15 17 19 22 23 25 28 29 31 34 37 38 40 42 44 46 49 50 52 54 56 58 60 62 64 66 68 70 72 74:11865:453 140 118 132 219 194 23 52 292 845 540 564 348 1370 368 404 207 261 224 608 328 20 151 338 192 82 605 28 426 948 171 188 290 78 504 90 64
2 3 5 8 9 12 13 16 18 20 22 23 25 28 29 31 34 36 38 40 42 44 46 48 51 52 55 56 58 60 62 64 66 69 71 72 74:13229:604 70 118 900 876 382 99 166 164 156 324 1410 87 822 184 202 276 280 448 304 82 25 453 222 90 123 1260 35 284 1185 57 94 725 172 432 54 64
2 3 5 7 10 12 13 16 18 20 22 23 25 28 29 31 34 36 38 40 42 44 46 48 51 52 55 56 58 60 62 64 66 69 71 72 74:11469:755 70 354 220 400 955 495 332 41 78 540 564 87 822 368 404 69 168 224 456 328 10 302 444 18 164 252 14 426 237 171 376 435 516 288 54 32
2 3 5 8 9 12 13 16 18 20 22 23 25 28 29 31 34 36 38 40 42 44 46 48 51 52 55 56 58 60 62 64 66 68 71 72 74:11197:604 140 472 225 219 764 495 166 123 78 216 564 87 1370 184 202 138 56 112 760 82 5 302 888 54 205 504 7 142 474 228 470 290 39 432 36 64
2 3 5 7 10 12 13 16 18 20 22 23 25 28 29 31 34 36 38 40 42 44 46 48 51 52 55 56 58 60 62 64 66 68 71 72 74:12127:755 35 472 44 200 573 297 664 41 78 216 282 261 822 460 303 207 224 112 304 164 5 755 222 54 205 1008 21 426 711 171 376 725 78 720 72 64
2 3 5 7 9 12 13 16 18 20 22 23 25 28 29 31 34 36 38 40 42 44 46 48 50 52 55 56 58 60 62 64 66 69 70 72 74:10768:604 35 236 44 219 191 396 830 41 156 324 282 174 548 276 303 207 280 448 152 82 5 604 888 240 82 1008 14 142 237 57 470 145 344 504 72 128
2 3 5 7 9 12 13 16 18 20 22 23 25 28 29 31 34 36 38 40 42 44 46 48 50 52 55 56 58 60 62 64 66 69 71 72 74:14318:755 140 354 88 876 955 495 332 82 156 540 282 261 1370 368 303 207 56 336 608 328 15 151 888 144 41 504 28 142 1185 171 470 725 172 576 54 160
2 3 5 7 9 12 13 16 18 20 22 23 25 28 29 31 34 36 38 40 42 44 47 48 50 52 55 56 58 60 62 64 66 69 71 72 74:11605:755 175 472 132 438 573 495 332 41 78 432 846 261 274 460 202 69 224 224 456 82 20 279 222 192 82 1008 28 142 1185 114 188 290 172 576 54 32
2 3 5 7 9 12 13 16 18 20 22 23 25 28 29 31 34 36 38 40 42 44 46 48 50 52 55 56 58 60 62 64 66 68 71 72 74:13365:302 175 236 44 657 764 297 498 123 156 324 564 261 1370 368 202 276 168 336 456 246 10 302 888 240 41 1008 21 426 711 114 470 290 195 576 90 160
2 3 5 7 9 12 13 16 18 20 22 23 25 28 29 31 34 36 38 40 42 44 47 48 50 52 55 56 58 60 62 64 66 68 71 72 74:12272:302 175 236 44 219 764 198 830 123 78 324 564 174 822 368 303 345 168 112 456 82 25 558 666 48 123 504 35 568 1185 285 282 290 78 720 90 128
2 3 5 8 9 12 13 16 18 20 22 23 25 28 29 31 34 36 39 40 42 44 46 48 51 52 55 56 58 60 62 64 66 68 71 72 74:11671:151 105 236 900 876 382 297 332 205 78 216 282 261 274 368 404 138 56 45 456 328 25 755 444 18 205 1008 21 710 948 57 376 145 195 288 54 32
2 3 5 7 9 11 13 15 17 19 22 23 25 28 29 31 34 37 38 40 42 44 46 49 50 52 55 56 58 60 62 64 66 68 70 72 74:12147:302 70 472 176 219 194 99 39 365 338 324 1410 87 822 276 505 69 435 560 456 246 20 604 338 144 205 1260 7 426 237 228 282 290 156 336 54 96
2 3 5 8 9 12 14 16 17 19 22 23 25 28 29 31 34 36 38 40 42 44 46 48 51 52 55 56 58 60 62 64 66 68 70 72 74:11431:453 70 118 225 219 382 115 166 219 845 216 282 87 548 92 202 138 112 224 760 82 15 604 888 54 41 1260 14 426 711 57 470 290 156 672 90 128
2 3 5 7 9 12 14 15 18 20 22 23 25 28 29 31 34 36 38 40 42 44 46 48 50 52 55 56 58 60 62 64 66 69 70 72 74:10272:302 175 590 220 438 382 69 13 82 39 324 282 261 274 460 404 207 112 112 304 164 25 151 1110 192 164 756 7 142 474 228 282 725 516 168 54 64
2 3 5 7 9 12 14 16 18 20 22 23 25 28 29 31 34 36 38 40 42 44 46 48 50 52 55 56 58 60 62 64 66 69 70 72 74:11732:151 35 236 176 438 191 46 664 82 195 324 282 348 274 460 404 138 112 336 760 246 15 604 666 144 82 504 14 142 1185 171 470 145 688 840 36 128
2 3 5 7 9 12 14 16 18 20 22 23 25 28 29 31 34 36 38 40 42 44 46 48 50 52 55 56 58 60 62 64 66 68 70 72 74:11720:302 140 590 176 219 191 23 332 123 117 216 1128 348 548 184 303 138 168 112 760 246 5 604 444 96 164 756 21 568 948 57 282 725 78 504 72 32
2 3 5 7 9 11 13 15 17 19 22 24 25 27 29 33 34 36 38 40 42 44 46 48 51 52 54 56 58 60 62 65 66 69 70 73 74:15246:453 175 118 220 1095 388 495 65 365 507 324 546 435 44 368 1010 276 224 448 304 82 20 604 222 54 123 484 14 710 1185 285 626 580 860 840 633 64
2 3 5 7 9 11 13 15 17 19 22 24 25 27 29 33 34 36 38 40 43 44 46 48 51 52 54 56 58 60 62 65 66 69 70 73 74:11761:302 35 118 132 657 970 198 13 219 845 216 182 174 88 276 202 276 112 336 760 33 10 604 222 18 82 121 7 568 1185 171 313 435 344 840 633 64
2 3 5 7 9 11 13 15 17 19 22 24 25 27 29 33 34 36 38 40 42 44 46 48 50 52 54 56 58 60 62 65 66 69 70 73 74:10267:151 70 590 88 438 970 99 52 73 169 432 728 348 176 92 202 276 280 224 304 164 15 151 666 192 41 363 7 284 474 57 626 435 344 168 422 96
2 3 5 7 9 11 13 15 17 19 22 24 25 27 29 33 34 36 38 40 43 44 46 48 50 52 54 56 58 60 62 65 66 69 70 73 74:12661:453 175 472 132 219 776 297 26 292 676 324 546 435 176 276 202 276 168 336 608 55 15 604 222 96 82 363 21 568 237 114 939 145 344 840 1055 96
2 3 5 7 9 11 13 15 17 19 22 23 25 27 29 33 34 36 38 40 42 44 46 48 51 52 54 56 58 60 62 64 67 69 70 73 74:11717:453 70 236 88 1095 582 99 39 292 169 108 282 435 132 184 404 276 224 336 152 410 20 604 444 18 164 363 14 710 474 171 94 164 860 336 1055 160
2 3 6 7 9 11 13 15 17 19 22 23 25 27 29 33 35 36 38 40 43 44 46 48 51 52 54 56 58 60 62 65 67 69 70 73 74:14270:302 70 148 44 1095 388 198 52 365 845 216 1128 348 88 460 1010 314 224 336 608 22 20 604 444 90 123 363 28 568 237 171 1252 41 688 504 844 32
2 3 5 7 9 11 13 15 17 19 22 23 25 27 29 33 34 36 38 40 42 44 46 48 50 52 54 56 58 60 62 64 67 69 70 73 74:12105:604 175 472 88 657 194 198 39 365 338 540 564 348 88 460 606 69 280 224 152 410 15 604 444 96 164 363 28 710 948 57 94 205 516 504 422 64
2 3 6 7 9 11 13 15 17 19 22 23 25 27 29 33 35 36 38 40 43 44 46 48 50 52 54 56 58 60 62 65 67 69 70 73 74:13298:453 140 222 88 657 970 99 39 146 338 108 846 348 132 368 202 942 224 448 608 11 25 755 888 192 123 121 28 568 474 114 626 164 344 336 1055 96
2 3 5 7 9 11 13 16 17 19 22 23 25 27 29 33 34 36 38 40 42 44 46 48 50 52 54 56 58 60 62 64 67 69 70 73 74:14367:151 35 118 44 438 970 99 498 219 676 540 846 435 44 368 1010 345 224 448 760 410 5 755 888 48 205 363 21 426 1185 171 94 205 344 672 211 96
2 3 6 7 9 11 13 15 17 19 22 24 25 27 29 33 35 36 38 40 42 44 46 48 50 52 54 56 58 60 62 64 66 68 70 72 74:11694:151 105 74 88 219 776 198 65 365 169 540 910 348 132 276 202 628 112 448 304 410 15 604 888 192 205 363 28 710 237 285 282 290 117 840 54 64
2 3 5 7 9 11 13 15 17 19 22 24 25 27 29 31 34 36 38 40 43 44 46 48 51 52 54 56 58 60 62 65 66 69 70 73 74:14930:604 70 236 132 1095 970 99 65 219 845 324 910 435 220 276 505 207 56 560 456 22 25 453 888 72 123 605 28 426 474 171 1252 580 516 672 211 128
2 3 5 7 9 11 13 15 17 19 22 24 25 27 29 31 34 36 38 40 43 44 46 48 51 52 54 56 58 60 62 65 66 69 71 73 74:11768:302 175 590 176 657 582 396 13 365 338 324 546 435 176 460 303 276 280 112 304 22 5 151 1110 36 123 605 14 284 237 57 939 580 344 144 211 96
2 3 6 7 9 11 13 15 17 19 22 24 25 27 29 31 35 36 38 40 43 44 46 48 51 52 54 56 58 60 62 65 66 69 70 73 74:11716:302 140 74 176 438 388 198 26 365 507 432 182 348 88 184 303 1570 280 224 456 55 5 453 666 54 41 484 21 142 711 285 626 290 516 168 422 96
2 3 5 7 9 11 13 15 17 19 22 24 25 27 29 31 34 36 38 40 43 44 46 48 50 52 54 56 58 60 62 65 66 69 70 73 74:11258:151 140 118 44 657 388 297 13 73 676 108 910 261 220 368 303 207 56 224 152 55 25 755 222 240 123 363 7 426 474 228 313 290 516 672 1055 128
2 3 5 7 9 11 13 15 17 19 22 24 25 27 29 31 34 36 38 40 43 44 46 48 50 52 54 56 58 60 62 65 66 69 71 73 74:12478:755 140 590 176 438 970 297 13 365 507 432 910 435 44 92 101 69 56 448 152 55 20 604 888 96 164 363 21 426 711 171 313 145 516 720 211 64
2 3 6 7 9 11 13 15 17 19 22 24 25 27 29 31 35 36 38 40 43 44 46 48 50 52 54 56 58 60 62 65 66 69 70 73 74:11808:151 35 222 220 219 388 396 52 146 338 432 910 348 176 368 303 1256 280 336 608 55 15 755 888 144 82 121 21 710 237 114 313 290 172 336 211 160
2 3 5 7 9 12 13 16 17 19 22 24 25 27 29 32 34 36 38 40 43 44 46 48 50 52 54 56 58 60 62 64 66 69 70 73 74:13742:604 175 118 88 1095 955 495 332 146 845 216 546 435 132 460 112 276 56 560 608 11 15 755 666 144 82 121 7 142 474 228 282 580 516 672 633 160
2 3 5 7 9 11 13 15 17 19 22 23 25 27 29 31 34 36 38 40 43 44 46 48 51 52 54 56 58 60 62 64 67 68 70 73 74:11780:151 175 236 132 657 194 495 65 292 507 432 564 435 176 276 101 276 112 560 760 55 25 302 888 72 123 605 35 568 948 114 376 123 117 168 633 32
2 3 6 7 10 11 13 15 17 19 22 23 25 27 29 31 35 36 38 40 43 44 46 48 51 52 54 56 58 60 62 64 67 68 70 73 74:11415:151 105 296 132 600 194 396 13 146 845 108 1410 348 88 92 404 314 168 112 304 11 25 151 1110 90 82 484 14 284 1185 57 94 123 78 672 633 96
2 3 5 7 9 11 13 16 17 19 22 23 25 27 29 31 34 36 38 40 43 44 46 48 51 52 54 56 58 60 62 64 67 68 70 73 74:12674:453 140 590 176 876 970 297 664 146 338 108 1128 87 176 368 404 69 280 560 456 44 20 151 888 18 82 363 35 426 1185 57 376 41 195 168 211 128
2 3 6 7 9 11 13 15 17 19 22 23 25 27 29 31 35 36 38 40 43 44 46 48 50 52 54 56 58 60 62 64 67 68 70 73 74:11237:151 105 74 132 1095 582 495 39 219 169 108 564 261 88 368 404 628 112 112 304 44 15 755 1110 192 164 242 28 568 474 228 94 41 39 504 633 96
2 3 5 7 9 11 13 16 17 19 22 23 25 27 29 31 34 36 38 40 43 44 46 48 50 52 54 56 58 60 62 64 67 68 70 73 74:13731:302 105 118 220 219 776 495 664 292 507 216 1410 174 220 184 303 138 280 448 760 22 5 151 888 192 123 605 35 710 948 285 282 82 117 336 1055 64
2 3 6 7 9 11 13 15 17 19 22 23 25 27 29 31 34 36 39 40 43 44 46 48 51 52 54 56 58 60 62 65 67 69 70 73 74:12729:604 105 148 88 876 388 99 39 219 338 216 846 348 44 276 404 276 168 225 304 55 10 453 1110 18 164 121 7 568 1185 171 313 82 860 840 633 128
2 3 6 7 9 11 13 15 17 19 22 23 25 27 29 31 34 36 39 40 43 44 46 48 51 52 54 56 58 60 62 64 67 68 71 73 74:11442:453 105 222 176 219 970 99 13 292 338 432 846 348 44 460 101 69 224 135 456 22 25 604 1110 90 205 121 7 142 711 171 282 205 117 720 844 64
2 3 6 7 9 11 13 15 17 19 22 23 25 27 29 31 34 36 39 40 43 44 46 48 50 52 54 56 58 60 62 65 67 69 70 73 74:13953:453 35 370 88 1095 194 396 65 292 845 216 282 261 88 460 505 276 56 180 456 44 10 302 444 192 82 363 35 710 1185 57 1252 164 688 840 844 128
2 3 6 7 9 11 13 15 17 19 22 23 25 27 29 31 35 36 39 40 43 44 46 48 50 52 54 56 58 60 62 65 67 69 70 73 74:13666:755 105 148 44 1095 388 297 13 365 676 540 282 261 176 368 505 314 224 225 152 44 10 151 666 192 82 605 21 710 474 285 1565 82 688 672 422 64
2 3 6 7 9 11 13 15 17 19 22 23 25 27 29 31 34 36 39 40 43 44 46 48 50 52 54 56 58 60 62 64 67 68 71 73 74:10167:453 140 222 220 1095 388 297 13 146 338 540 282 348 132 92 404 276 280 90 304 33 10 453 222 144 82 484 35 284 474 57 94 205 78 576 844 32
2 3 6 7 9 11 13 15 17 19 22 23 25 27 29 31 35 36 39 40 43 44 46 48 50 52 54 56 58 60 62 64 67 68 71 73 74:12081:453 35 296 44 219 388 99 52 292 676 324 1128 435 176 92 404 628 168 225 760 55 15 302 888 96 205 605 35 142 237 228 376 123 156 720 844 160
2 3 6 7 9 11 13 15 17 19 22 24 25 27 29 31 34 36 39 40 43 44 46 48 51 52 54 56 58 60 62 65 66 69 71 72 74:9946:151 140 74 44 219 194 396 39 365 676 432 182 348 132 92 101 69 168 45 304 33 25 151 666 54 164 605 21 284 948 114 939 725 172 720 90 64
2 3 6 7 9 11 13 15 17 19 22 24 25 27 29 32 34 36 39 40 43 44 46 48 51 52 54 56 58 60 62 65 66 69 71 72 74:10119:302 105 296 220 438 582 396 39 365 169 324 546 348 220 368 112 138 280 180 304 55 25 302 444 18 41 121 21 142 711 171 626 580 688 288 90 64
2 3 6 7 9 11 13 15 17 19 22 24 25 27 29 32 34 36 39 40 42 44 46 48 51 52 54 56 58 60 62 64 66 68 71 72 74:10462:151 105 296 44 438 194 396 13 146 676 108 546 261 44 368 84 69 168 135 152 164 25 453 1110 18 41 363 14 710 1185 285 94 580 156 720 54 96
2 3 6 7 9 11 13 15 17 19 22 24 25 27 29 31 34 36 39 40 43 44 46 48 50 52 54 56 58 60 62 65 66 69 71 72 74:12284:755 175 296 176 219 970 396 26 146 338 324 364 348 132 92 505 207 280 135 608 33 15 604 444 192 82 484 7 710 237 228 939 725 172 720 72 128
2 3 6 7 9 11 13 15 17 19 22 24 25 27 29 32 34 36 39 40 43 44 46 48 50 52 54 56 58 60 62 65 66 69 71 72 74:11359:604 175 74 176 438 776 99 65 292 169 432 182 174 176 184 140 207 112 45 304 11 10 604 444 144 164 605 21 710 1185 171 313 725 688 576 36 128
2 3 6 7 9 11 13 15 17 19 22 24 25 27 29 32 34 36 39 40 42 44 46 48 50 52 54 56 58 60 62 64 66 68 71 72 74:9187:151 105 296 176 438 970 297 65 292 169 108 728 174 132 460 28 276 112 225 152 328 10 302 444 240 123 242 28 284 237 285 94 290 156 720 18 32
2 3 6 7 9 11 13 15 17 19 22 24 25 27 29 31 34 36 39 40 43 44 46 48 50 52 54 56 58 60 62 65 66 68 71 72 74:9610:302 105 74 88 219 970 297 52 146 338 108 728 261 44 460 505 69 56 90 304 44 5 302 444 48 123 605 35 568 237 228 626 725 78 144 54 128
2 3 6 7 9 11 13 15 17 19 22 24 25 27 29 31 35 36 39 40 42 44 46 48 50 52 54 56 58 60 62 64 66 68 70 72 74:12178:151 140 296 176 219 582 396 39 219 676 108 364 435 88 276 404 1570 280 45 608 164 25 755 444 240 82 605 35 568 474 228 94 435 117 672 72 96
2 3 6 7 9 11 13 15 17 19 22 24 25 27 29 31 35 36 39 40 42 44 46 48 50 52 54 56 58 60 62 64 66 68 71 72 74:10940:302 70 148 176 438 970 99 39 365 338 540 728 435 220 460 404 314 168 225 152 164 25 604 444 48 123 605 7 426 474 228 376 435 78 144 72 96
2 3 6 7 9 11 13 15 17 19 22 24 25 27 29 32 35 36 39 40 42 44 46 48 50 52 54 56 58 60 62 64 66 68 71 72 74:12248:453 140 370 220 1095 776 396 65 73 507 216 364 87 220 184 84 1256 168 180 304 328 5 604 666 192 82 363 7 710 711 171 188 435 78 432 54 64
2 3 5 7 9 12 13 16 18 20 22 24 25 27 29 33 34 36 38 40 42 44 46 48 50 52 54 56 58 60 62 64 66 69 70 72 74:13370:151 35 236 220 1095 955 297 498 41 195 108 546 87 88 184 606 207 112 336 304 246 15 604 1110 192 164 363 21 568 1185 57 376 580 516 840 72 160
2 3 5 7 9 11 13 16 18 20 22 24 25 27 29 33 34 36 38 40 43 44 46 48 50 52 54 56 58 60 62 64 66 68 70 72 74:9968:151 105 118 176 876 582 198 166 123 39 324 546 435 44 92 404 207 168 224 760 33 5 302 666 96 82 484 14 142 948 114 94 435 39 672 72 32
2 3 5 7 9 11 13 16 18 20 22 24 25 27 29 32 34 36 38 40 42 44 46 48 50 52 54 56 58 60 62 64 66 69 70 73 74:10724:151 175 236 132 438 194 198 166 123 39 540 182 261 132 92 56 345 224 560 608 246 20 453 888 144 164 605 21 142 474 285 470 290 344 840 422 64
2 3 5 7 9 11 13 16 18 20 22 24 25 27 29 31 34 36 38 40 43 44 46 48 50 52 54 56 58 60 62 64 66 69 70 73 74:11412:604 35 472 44 876 388 495 166 123 195 324 182 435 44 276 505 69 224 448 608 44 15 755 1110 48 82 121 28 142 237 285 282 580 516 168 422 64
2 3 5 7 9 11 13 16 18 20 22 24 25 27 29 32 34 36 38 40 43 44 46 48 50 52 54 56 58 60 62 64 66 69 70 73 74:12087:453 70 472 132 657 388 99 498 123 117 108 910 435 176 276 84 69 224 448 760 55 5 151 444 240 41 242 14 568 948 171 470 725 860 168 422 64
2 3 5 7 9 12 13 16 18 20 22 24 25 27 29 31 34 36 38 40 42 44 46 48 50 52 54 56 58 60 62 64 66 69 70 73 74:10692:151 140 118 88 219 955 99 498 164 78 216 728 174 132 368 101 276 224 560 304 328 5 151 444 240 82 363 35 426 711 285 376 290 688 336 211 128
2 3 5 7 9 12 13 16 18 20 22 24 25 27 29 32 34 36 38 40 42 44 46 48 50 52 54 56 58 60 62 64 66 69 70 73 74:11981:453 140 236 132 1095 764 99 498 205 117 216 364 174 132 460 28 138 280 112 608 82 5 604 666 96 123 484 35 142 1185 57 376 290 688 168 633 96
2 3 5 7 9 11 13 16 18 20 22 23 25 27 29 31 34 36 38 40 43 44 46 48 50 52 54 56 58 60 62 64 67 68 70 73 74:13253:755 105 236 44 876 388 297 166 123 195 216 1410 174 132 460 404 276 168 112 760 11 10 755 1110 48 82 242 35 284 948 285 470 123 195 840 422 96
2 3 5 7 9 11 13 16 18 20 22 24 25 27 29 32 34 36 38 40 43 44 46 48 50 52 54 56 58 60 62 64 66 69 70 72 74:11656:604 35 590 176 876 194 297 664 123 117 108 910 348 176 368 28 207 112 336 304 22 5 453 222 240 205 605 28 568 474 285 376 580 516 336 72 96
2 3 5 7 9 12 13 16 18 20 22 24 25 27 29 32 34 36 38 40 42 44 46 48 50 52 54 56 58 60 62 64 66 69 70 72 74:9145:151 35 354 88 876 764 99 332 123 195 216 364 261 132 92 28 69 168 336 152 328 5 302 888 192 164 121 35 284 711 57 94 145 344 504 72 64
2 3 5 7 9 11 13 16 18 20 22 23 25 27 29 31 35 36 38 40 42 44 46 48 50 52 54 56 58 60 62 64 66 69 71 72 74:13824:604 35 472 132 438 582 198 498 41 156 432 1410 87 220 368 303 1570 112 112 608 164 25 453 1110 96 123 605 35 426 474 114 282 725 344 288 54 128
2 3 5 7 9 12 13 16 18 20 22 23 25 27 29 31 34 36 38 40 42 44 47 48 50 52 54 56 58 60 62 64 66 68 71 72 74:10964:302 105 590 176 438 382 198 498 164 78 432 1410 435 88 368 202 345 112 112 608 246 20 558 222 192 164 121 35 710 237 228 188 435 195 288 18 64
2 4 5 8 9 11 13 16 18 20 22 24 25 27 29 33 34 36 38 40 42 44 46 48 51 52 54 56 58 60 62 64 66 68 71 72 74:11914:151 41 590 1125 876 388 396 830 41 117 216 546 174 88 368 202 69 56 336 456 246 10 302 888 18 205 484 14 710 474 228 94 290 195 576 18 96
2 4 5 7 10 11 13 16 18 20 22 24 25 27 29 33 34 36 38 40 42 44 46 48 51 52 54 56 58 60 62 64 66 68 71 72 74:10917:151 164 354 220 1000 388 396 332 41 117 324 182 87 132 460 606 207 168 336 304 164 15 755 1110 18 205 121 28 426 474 171 376 290 195 432 72 96
2 4 5 7 9 11 13 16 18 20 22 24 25 27 29 33 34 36 38 40 42 44 46 48 50 52 54 56 58 60 62 64 66 68 71 72 74:12732:151 82 354 176 1095 388 495 664 82 195 432 728 435 88 368 1010 276 112 224 304 164 10 151 1110 144 41 605 7 426 711 114 94 580 78 720 54 64
2 4 5 7 9 12 13 16 18 20 22 24 25 27 29 33 34 36 38 40 43 44 47 48 50 52 54 56 58 60 62 64 66 68 71 72 74:11541:453 123 236 88 438 191 297 332 205 156 216 182 87 220 184 1010 276 280 224 304 33 5 1395 444 144 205 363 35 568 711 57 470 725 78 720 54 32
2 4 5 7 9 12 13 16 18 20 22 24 25 27 29 33 34 36 38 40 42 44 47 48 50 52 54 56 58 60 62 65 66 68 71 72 74:14215:302 205 472 220 1095 955 495 830 123 195 108 364 435 88 368 404 138 56 560 152 246 15 837 1110 240 164 484 28 710 237 57 1565 290 39 432 36 160
2 4 5 7 9 11 13 16 18 20 22 24 25 27 29 31 35 36 38 40 42 44 46 48 50 52 54 56 58 60 62 64 66 69 71 73 74:14538:755 205 590 88 438 388 297 830 164 39 108 364 87 220 276 303 1570 280 448 760 410 5 604 1110 96 123 605 14 142 1185 57 282 580 344 432 211 128
2 4 5 7 9 11 13 16 18 20 22 24 25 27 29 31 35 36 38 40 43 44 46 48 50 52 54 56 58 60 62 64 66 69 71 73 74:14827:604 164 590 132 876 970 495 664 82 117 540 364 435 44 368 101 628 224 224 152 55 25 755 1110 192 123 363 28 568 948 228 470 725 516 576 211 160
2 4 5 7 9 12 13 16 18 20 22 24 25 27 29 31 35 36 38 40 42 44 46 48 50 52 54 56 58 60 62 64 66 69 71 73 74:10312:302 205 354 44 438 191 99 498 205 195 216 546 435 176 276 202 1256 56 224 152 246 25 453 222 48 205 121 21 284 474 228 470 435 172 288 422 128
2 4 5 7 9 11 13 16 18 20 22 24 25 27 29 31 35 36 38 40 42 44 46 48 50 52 54 56 58 60 62 65 66 69 71 73 74:14981:453 41 354 132 1095 970 396 664 205 39 324 728 87 220 460 303 314 56 112 760 328 20 453 888 48 41 363 7 568 1185 285 1252 290 344 288 844 64
2 4 5 7 9 11 13 16 18 20 22 24 25 27 29 31 35 36 38 40 43 44 46 48 50 52 54 56 58 60 62 65 66 69 71 73 74:12415:302 123 236 220 438 388 396 166 41 78 108 728 87 44 368 303 628 280 112 760 33 25 302 888 48 205 605 28 284 948 285 939 290 344 720 633 32
2 4 5 7 9 12 13 16 18 20 22 24 25 27 29 31 35 36 38 40 43 44 46 48 50 52 54 56 58 60 62 65 66 69 71 73 74:12365:755 123 354 132 438 955 198 166 123 195 432 728 261 176 276 202 314 112 112 456 55 10 302 666 96 123 484 28 142 948 171 939 290 688 576 211 128
2 4 5 7 9 12 13 16 18 20 22 24 25 27 29 31 34 36 38 40 42 44 47 48 50 52 54 56 58 60 62 64 66 69 71 73 74:11765:453 205 118 220 219 191 99 830 41 195 432 546 435 176 184 404 138 112 560 608 246 25 279 222 240 123 484 28 568 948 57 188 580 172 288 1055 96
2 4 5 7 9 12 13 16 18 20 22 24 25 27 29 31 34 36 38 40 43 44 47 48 50 52 54 56 58 60 62 64 66 69 71 73 74:10861:302 164 472 132 438 191 297 498 82 78 540 728 348 44 368 404 138 224 336 152 11 5 279 222 48 82 121 14 284 948 285 188 725 344 576 633 160
2 4 5 7 9 12 13 16 18 20 22 24 25 27 29 31 34 36 38 40 43 44 47 48 50 52 54 56 58 60 62 65 66 69 71 73 74:11824:302 82 590 44 219 955 198 332 41 39 324 546 87 132 460 404 345 112 336 608 11 15 1395 444 144 82 605 21 142 237 228 939 290 344 432 211 128
2 4 5 7 9 11 13 16 18 20 22 24 25 27 29 31 34 36 38 40 42 44 46 48 50 52 54 56 58 60 62 64 66 68 71 73 74:12948:302 164 354 220 876 582 495 830 205 39 108 728 348 88 92 202 69 168 560 304 246 25 302 888 144 164 242 14 426 711 228 470 435 195 720 844 160
2 4 5 7 9 11 13 16 18 20 22 24 25 27 29 32 34 36 38 40 42 44 46 48 50 52 54 56 58 60 62 64 66 68 71 73 74:10031:302 123 236 88 219 970 297 166 164 78 216 182 174 44 460 84 138 280 224 304 164 25 302 444 96 123 484 7 568 948 228 188 290 78 576 633 128
2 4 5 7 9 11 13 16 18 20 22 24 25 27 29 32 34 36 38 40 43 44 46 48 50 52 54 56 58 60 62 64 66 68 71 73 74:12019:604 164 472 44 1095 776 297 166 123 117 108 546 261 132 92 84 138 168 560 608 11 25 151 666 48 82 605 7 284 1185 285 376 725 195 576 211 32
2 4 5 7 9 12 13 16 18 20 22 24 25 27 29 31 34 36 38 40 42 44 46 48 50 52 54 56 58 60 62 64 66 68 71 73 74:10557:755 82 354 44 438 573 297 664 123 39 108 910 261 44 460 404 138 112 560 456 82 25 151 444 144 205 484 14 710 474 57 94 290 78 144 211 128
2 4 5 7 9 12 13 16 18 20 22 24 25 27 29 32 34 36 38 40 42 44 46 48 50 52 54 56 58 60 62 64 66 68 71 73 74:13012:151 41 590 220 1095 955 396 830 123 39 216 728 87 176 460 28 69 168 448 304 410 10 755 444 192 164 363 35 142 711 171 282 580 78 432 1055 64
2 4 5 7 9 12 13 16 18 20 22 24 25 27 29 32 34 36 38 40 43 44 46 48 50 52 54 56 58 60 62 64 66 68 71 73 74:11638:604 205 236 220 219 955 396 332 164 156 540 182 348 176 92 56 276 168 336 760 11 5 604 444 144 205 242 14 426 711 57 470 580 156 144 844 160
2 4 5 7 9 11 13 16 18 20 22 24 25 27 29 32 34 36 38 40 43 44 46 48 50 52 54 56 58 60 62 65 66 68 71 73 74:12784:604 205 118 132 1095 582 198 166 41 195 432 910 261 220 368 84 345 224 224 608 33 25 453 888 144 205 605 35 426 948 57 313 580 78 432 422 128
2 4 5 7 9 12 13 16 18 20 22 24 25 27 29 31 34 36 38 40 42 44 47 48 50 52 54 56 58 60 62 64 66 68 71 73 74:12679:453 82 472 132 219 764 396 830 205 156 324 182 348 88 184 303 345 168 336 608 246 5 558 1110 192 205 484 14 284 1185 171 376 145 156 288 633 32
2 4 5 7 9 12 13 16 18 20 22 24 25 27 29 32 34 36 38 40 42 44 47 48 50 52 54 56 58 60 62 64 66 68 71 73 74:10713:302 205 236 88 1095 191 297 664 205 39 108 364 261 176 368 84 276 56 224 608 82 5 558 222 240 164 121 35 426 711 285 376 580 156 144 633 128
2 4 5 7 9 12 13 16 18 20 22 24 25 27 29 31 34 36 38 40 43 44 47 48 50 52 54 56 58 60 62 64 66 68 71 73 74:10198:151 205 118 220 438 955 297 332 205 39 432 728 348 176 92 202 138 168 112 304 55 5 1395 444 48 41 484 7 284 711 57 188 290 78 144 211 96
2 4 5 7 9 12 13 16 18 20 22 24 25 27 29 32 34 36 38 40 43 44 47 48 50 52 54 56 58 60 62 64 66 68 71 73 74:10797:604 123 472 176 438 191 198 166 205 78 324 182 174 44 276 140 69 280 112 304 11 25 1116 222 96 205 363 21 568 1185 285 470 435 78 432 633 96
2 4 5 7 9 11 13 16 18 20 22 24 25 27 29 31 34 36 38 40 42 44 46 48 50 52 54 56 58 60 62 64 66 68 71 72 74:10360:755 41 590 88 657 388 297 166 205 195 108 728 261 44 92 202 345 280 336 760 164 20 302 888 240 205 121 28 568 237 171 188 290 156 144 36 64
2 4 5 7 9 11 13 16 18 20 22 24 25 27 29 32 34 36 38 40 42 44 46 48 50 52 54 56 58 60 62 64 66 68 71 72 74:11905:151 164 472 176 876 970 198 664 205 195 216 728 261 88 368 112 69 56 112 456 328 5 453 444 96 41 484 21 426 948 171 470 725 156 432 72 96
2 4 5 7 9 11 13 16 18 20 22 24 25 27 29 32 34 36 38 40 43 44 46 48 50 52 54 56 58 60 62 64 66 68 71 72 74:11509:604 123 118 88 1095 388 297 830 123 117 432 546 174 88 184 56 345 168 560 760 44 25 604 1110 96 82 484 35 426 237 171 94 290 195 288 72 160
2 4 5 7 9 12 13 16 18 20 22 24 25 27 29 31 34 36 38 40 42 44 46 48 50 52 54 56 58 60 62 64 66 68 71 72 74:9733:151 123 118 132 219 191 396 498 123 195 216 182 87 88 368 202 69 224 224 456 164 20 151 1110 144 205 242 14 284 948 285 470 580 156 576 90 32
2 4 5 7 9 12 13 16 18 20 22 24 25 27 29 32 34 36 38 40 42 44 46 48 50 52 54 56 58 60 62 64 66 68 71 72 74:10368:604 205 354 132 438 955 198 498 41 195 324 546 261 44 276 84 345 112 448 152 410 15 151 222 144 123 605 14 710 711 228 94 290 195 144 36 64
2 4 5 7 9 11 13 16 18 20 22 24 25 27 29 31 34 36 38 40 43 44 46 48 50 52 54 56 58 60 62 65 66 68 71 72 74:11651:453 205 590 220 876 582 99 664 205 39 324 546 87 88 184 505 207 56 448 152 44 5 755 888 96 41 242 21 568 474 285 626 290 78 576 36 96
2 4 5 7 9 12 13 16 18 20 22 24 25 27 29 32 34 36 38 40 43 44 46 48 50 52 54 56 58 60 62 65 66 68 71 72 74:9213:453 41 118 44 876 955 99 332 205 39 108 182 174 44 460 56 69 56 112 152 33 10 604 666 192 41 605 7 284 474 171 313 290 78 720 54 96
2 4 5 7 9 12 13 16 18 20 22 24 25 27 29 31 34 36 38 40 42 44 47 48 50 52 54 56 58 60 62 64 66 68 71 72 74:10221:302 123 590 176 219 382 99 498 41 78 216 182 261 44 368 202 276 224 224 608 82 15 1395 444 96 123 121 28 568 237 57 470 725 39 576 36 96
2 4 5 7 9 12 13 16 18 20 22 24 25 27 29 32 34 36 38 40 42 44 47 48 50 52 54 56 58 60 62 64 66 68 71 72 74:12889:604 164 236 176 876 955 396 332 123 117 540 728 348 132 184 112 345 112 112 608 410 25 558 1110 48 123 484 35 284 711 57 376 435 195 720 54 64
2 4 5 7 9 12 13 16 18 20 22 24 25 27 29 32 34 36 38 40 43 44 47 48 50 52 54 56 58 60 62 64 66 68 71 72 74:10103:151 82 472 132 219 955 297 332 123 117 108 364 348 220 460 112 207 112 224 608 33 15 558 222 240 205 605 21 284 948 57 470 290 78 288 18 128
2 4 5 7 9 11 13 16 18 20 22 24 25 27 29 31 34 36 38 40 43 44 47 48 50 52 54 56 58 60 62 65 66 68 71 72 74:12089:604 41 590 132 438 776 495 664 164 39 216 364 435 132 92 101 276 56 336 608 11 10 558 444 192 41 605 28 284 948 228 1252 145 156 432 36 160
2 3 5 8 9 11 13 16 18 20 22 23 25 27 29 31 34 36 39 40 42 44 46 48 51 52 54 56 58 60 62 64 66 69 71 72 74:12039:302 140 118 900 438 388 198 332 164 117 108 1410 87 132 184 505 207 224 90 760 246 20 453 888 54 41 363 14 426 237 228 94 725 860 432 90 64
2 3 5 8 9 12 13 16 18 20 22 23 25 27 29 31 34 36 39 40 42 44 46 48 51 52 54 56 58 60 62 64 66 69 71 72 74:12496:453 175 118 900 1095 573 99 332 82 39 432 846 174 132 184 303 276 224 90 608 246 5 755 666 72 164 242 21 284 474 285 376 725 172 720 90 64
2 3 5 7 10 12 13 16 18 20 22 23 25 27 29 31 34 36 39 40 42 44 46 48 51 52 54 56 58 60 62 64 66 69 71 72 74:10600:453 70 236 176 800 955 495 166 164 156 324 1128 261 220 184 202 69 280 135 152 410 15 151 666 72 82 121 28 284 237 114 188 290 860 288 72 96
2 3 5 8 9 11 13 16 18 20 22 23 25 27 29 31 34 36 39 40 42 44 46 48 51 52 54 56 58 60 62 64 66 68 71 72 74:9979:151 140 354 900 219 582 495 166 41 39 540 282 87 176 460 101 207 224 225 152 410 20 453 444 36 41 484 7 426 474 171 188 725 39 288 72 160
2 3 5 8 9 12 13 16 18 20 22 23 25 27 29 31 34 36 39 40 42 44 46 48 51 52 54 56 58 60 62 64 66 68 71 72 74:12374:604 175 354 675 438 955 297 498 205 78 432 846 87 220 276 303 345 280 135 304 82 5 755 222 36 164 363 14 426 948 228 94 580 156 576 90 128
2 3 5 7 10 12 13 16 18 20 22 23 25 27 29 31 34 36 39 40 42 44 46 48 51 52 54 56 58 60 62 64 66 68 71 72 74:8745:151 70 590 88 600 382 396 166 41 39 432 282 348 176 184 202 207 56 135 760 82 20 302 222 72 123 121 7 284 948 171 282 145 195 288 18 160
2 4 5 8 9 11 13 16 18 20 22 24 25 27 29 33 34 36 39 40 43 44 46 48 51 52 54 57 58 60 62 64 66 69 71 72 74:13254:151 123 118 450 876 776 495 830 82 195 324 728 174 132 92 808 207 280 135 304 11 5 302 1110 18 164 484 927 142 948 171 470 290 688 144 36 64
2 4 5 8 9 12 13 16 18 20 22 24 25 27 29 33 34 36 39 40 42 44 46 48 51 52 54 56 58 60 62 64 66 68 71 72 74:12734:755 205 354 900 1095 191 198 332 123 117 108 728 261 88 460 1010 345 224 225 608 246 5 302 222 54 41 363 14 426 948 57 470 290 117 720 36 96
2 4 5 8 9 11 13 16 18 20 22 24 25 27 29 31 34 36 39 40 42 44 46 48 51 52 54 56 58 60 62 64 66 69 71 73 74:11187:151 123 354 675 1095 388 198 332 164 117 432 546 174 132 460 404 345 56 45 152 328 5 755 444 18 164 363 21 284 474 114 188 290 344 144 844 64
2 4 5 8 9 11 13 16 18 20 22 24 25 27 29 32 34 36 39 40 42 44 46 48 51 52 54 56 58 60 62 64 66 69 71 73 74:12933:151 123 236 675 657 776 396 830 41 78 216 546 261 88 276 56 138 56 180 304 82 25 302 888 72 164 484 35 568 711 171 470 290 860 576 1055 96
2 4 5 8 9 11 13 16 18 20 22 24 25 27 29 31 34 36 39 40 43 44 46 48 51 52 54 56 58 60 62 64 66 69 71 73 74:12875:302 123 590 900 876 582 297 166 41 117 108 546 87 220 184 404 138 280 90 760 11 5 453 888 18 164 484 14 710 948 285 282 290 172 432 844 64
2 4 5 8 9 11 13 16 18 20 22 24 25 27 29 32 34 36 39 40 43 44 46 48 51 52 54 56 58 60 62 64 66 69 71 73 74:11648:151 41 354 1125 876 970 297 498 82 78 108 546 261 88 184 84 138 56 45 608 44 5 755 888 72 41 484 14 710 237 114 282 290 172 432 422 96
2 4 5 7 10 12 13 16 18 20 22 24 25 27 29 31 34 36 39 40 42 44 46 48 51 52 54 56 58 60 62 64 66 69 71 73 74:10974:302 82 354 176 800 191 99 498 123 78 540 182 87 44 368 505 138 56 180 304 246 10 604 444 36 123 121 14 710 1185 171 376 290 344 432 633 128
2 4 5 7 10 12 13 16 18 20 22 24 25 27 29 32 34 36 39 40 42 44 46 48 51 52 54 56 58 60 62 64 66 69 71 73 74:12617:755 82 590 220 800 191 396 498 123 39 540 728 435 220 276 84 69 56 225 760 164 25 302 222 72 41 363 28 142 1185 57 188 290 516 720 1055 160
2 4 5 7 10 12 13 16 18 20 22 24 25 27 29 31 34 36 39 40 43 44 46 48 51 52 54 56 58 60 62 64 66 69 71 73 74:11966:302 41 590 132 600 382 297 664 41 117 216 364 435 44 184 202 345 56 225 304 22 10 755 1110 54 164 484 21 426 948 171 188 145 344 432 1055 96
2 4 5 7 10 12 13 16 18 20 22 24 25 27 29 32 34 36 39 40 43 44 46 48 51 52 54 56 58 60 62 64 66 69 71 73 74:9888:151 41 590 132 200 573 297 332 205 78 432 182 174 220 92 56 207 112 180 456 33 5 302 222 90 41 484 7 710 711 57 94 145 860 720 633 64
2 4 5 7 10 11 13 16 18 20 22 24 25 27 29 32 34 36 39 40 43 44 46 48 51 52 54 56 58 60 62 65 66 69 71 73 74:11470:302 41 590 88 1000 776 99 498 41 39 108 182 87 220 460 56 207 168 45 456 22 20 302 666 72 82 363 21 426 1185 114 1252 435 516 288 211 32
2 4 5 8 9 11 13 16 18 20 22 24 25 27 29 31 35 36 39 40 43 44 46 48 51 52 54 56 58 60 62 64 66 69 71 73 74:13854:302 205 472 900 1095 776 396 498 82 39 540 728 348 176 276 505 314 56 225 608 33 25 151 666 90 123 363 28 568 948 228 470 290 172 576 422 160
2 4 5 7 10 11 13 16 18 20 22 24 25 27 29 31 35 36 39 40 43 44 46 48 51 52 54 56 58 60 62 64 66 69 71 73 74:11670:302 123 472 220 600 194 396 664 82 117 432 546 435 88 276 101 628 168 180 608 11 15 453 222 36 123 363 21 568 474 171 376 725 172 432 844 32
2 4 5 7 9 12 13 16 18 20 22 24 25 27 29 31 34 36 39 40 42 44 46 48 50 52 54 56 58 60 62 64 66 69 71 73 74:11776:453 41 472 44 876 955 396 830 41 195 108 728 261 44 460 404 276 280 90 152 164 20 151 444 96 205 363 7 710 237 114 376 725 172 432 422 32
2 4 5 7 9 12 13 16 18 20 22 24 25 27 29 31 34 36 39 40 43 44 46 48 50 52 54 56 58 60 62 65 66 69 71 73 74:10436:453 41 590 220 876 382 297 498 123 195 216 910 87 220 184 101 345 112 135 152 22 10 604 666 48 123 121 14 710 474 57 313 290 172 432 211 32
2 4 5 7 9 12 13 16 18 20 22 24 25 27 29 31 34 36 39 40 42 44 46 48 50 52 54 56 58 60 62 64 66 68 71 73 74:13082:755 205 354 88 876 764 198 166 164 78 324 910 174 220 184 101 207 168 90 608 246 5 755 1110 144 82 242 21 568 948 228 188 580 39 288 844 160
2 4 5 7 9 12 13 16 18 20 22 24 25 27 29 32 34 36 39 40 42 44 46 48 50 52 54 56 58 60 62 64 66 68 71 73 74:10957:755 205 354 88 657 764 198 332 82 195 324 182 87 176 92 28 207 112 45 304 246 10 604 666 192 82 605 28 142 711 114 376 435 78 720 633 128
2 4 5 7 9 12 13 16 18 20 22 24 25 27 29 31 34 36 39 40 43 44 46 48 50 52 54 56 58 60 62 64 66 68 71 73 74:10109:151 205 354 176 1095 191 198 498 205 78 432 182 87 88 184 303 207 56 225 760 44 5 151 222 192 123 242 35 710 474 228 470 580 117 144 633 64
2 4 5 7 9 12 13 16 18 20 22 24 25 27 29 32 34 36 39 40 43 44 46 48 50 52 54 56 58 60 62 64 66 68 71 73 74:11977:151 41 472 176 219 573 396 830 123 195 540 546 174 88 368 112 345 168 90 152 44 20 604 888 144 41 605 7 568 948 57 470 290 195 576 633 128
2 4 5 7 9 12 13 16 18 20 22 24 25 27 29 32 34 36 39 40 43 44 46 48 50 52 54 56 58 60 62 65 66 68 71 73 74:13750:604 164 354 176 876 382 495 830 164 39 216 364 261 220 460 140 69 224 135 608 22 10 453 1110 240 123 242 7 710 948 285 939 290 39 432 1055 64
2 4 5 8 9 11 13 16 18 20 22 24 25 27 29 31 34 36 39 40 42 44 46 48 51 52 54 57 58 60 62 64 66 69 71 72 74:13152:151 123 472 225 1095 582 99 830 205 156 108 910 261 44 92 303 276 280 135 760 328 5 755 888 72 41 121 618 284 948 285 94 580 688 288 18 32
2 4 5 8 9 11 13 16 18 20 22 24 25 27 29 32 34 36 39 40 42 44 46 48 51 52 54 57 58 60 62 64 66 69 71 72 74:11482:151 41 118 900 438 194 495 664 123 117 324 364 174 44 368 56 345 112 225 304 328 10 453 888 90 82 484 618 426 948 57 470 145 172 576 18 160
2 4 5 8 9 11 13 16 18 20 22 24 25 27 29 32 34 36 39 40 43 44 46 48 51 52 54 57 58 60 62 64 66 69 71 72 74:12431:302 82 590 1125 657 194 495 664 41 39 432 910 348 44 92 56 276 224 135 152 11 20 453 1110 18 123 363 927 426 711 171 376 290 172 288 18 96
2 4 5 7 10 12 13 16 18 20 22 24 25 27 29 31 34 36 39 40 42 44 46 48 51 52 54 57 58 60 62 64 66 69 71 72 74:9963:151 164 472 176 400 382 495 830 205 156 108 182 261 44 276 202 345 224 225 152 410 10 755 444 36 41 121 309 142 711 57 470 145 344 432 54 32
2 4 5 7 10 12 13 16 18 20 22 24 25 27 29 32 34 36 39 40 42 44 46 48 51 52 54 57 58 60 62 64 66 69 71 72 74:14079:755 164 236 132 1000 764 396 664 164 195 324 364 174 176 184 112 276 112 45 152 328 5 302 888 54 82 121 1236 710 1185 285 188 580 860 720 18 128
2 4 5 7 10 12 13 16 18 20 22 24 25 27 29 32 34 36 39 40 43 44 46 48 51 52 54 57 58 60 62 65 66 69 71 72 74:11320:453 82 236 44 400 191 495 166 82 117 108 182 261 176 276 28 276 168 45 456 44 10 302 666 90 205 605 1545 284 1185 114 939 145 172 576 36 160
2 4 5 7 9 12 13 16 18 20 22 24 25 27 29 31 34 36 39 40 42 44 46 48 50 52 54 56 58 60 62 64 66 68 71 72 74:12164:453 205 236 176 1095 764 297 498 82 39 540 182 348 88 184 101 345 280 135 152 410 10 755 1110 96 205 121 7 710 948 285 282 145 78 720 18 64
2 4 5 7 9 12 13 16 18 20 22 24 25 27 29 32 34 36 39 40 42 44 46 48 50 52 54 56 58 60 62 64 66 68 71 72 74:11582:151 123 118 220 219 573 495 498 82 156 324 728 87 132 460 112 207 112 225 456 328 25 755 666 48 205 242 14 710 711 285 470 580 195 720 54 96
2 4 5 7 9 12 13 16 18 20 22 24 25 27 29 32 34 36 39 40 43 44 46 48 50 52 54 56 58 60 62 65 66 68 71 72 74:11750:755 205 118 176 219 955 495 498 123 195 216 546 87 88 368 84 345 280 45 152 22 20 755 1110 48 205 242 7 284 948 114 1252 435 78 144 72 64
2 3 5 7 9 11 13 15 17 19 22 24 25 27 29 31 34 37 38 40 42 44 46 49 50 52 54 56 58 60 62 64 66 69 70 72 74:11837:755 175 472 44 876 582 297 39 292 507 324 546 261 176 460 404 138 261 112 608 164 15 151 338 144 82 484 21 568 237 171 470 725 516 336 54 32
2 3 5 7 9 11 13 16 18 20 22 23 25 27 29 31 34 36 38 40 42 44 46 49 50 52 54 56 58 60 62 64 67 69 70 73 74:12892:453 105 590 44 1095 582 99 830 41 117 432 1128 174 220 92 101 345 112 336 304 246 25 302 676 192 82 121 21 284 1185 228 376 123 344 336 1055 96
2 3 6 7 9 11 14 15 17 19 22 24 25 27 29 33 35 36 38 40 42 44 46 48 51 52 54 56 58 60 62 64 66 68 70 72 74:11708:302 175 222 88 438 388 92 26 292 169 108 364 261 132 368 808 1570 168 224 608 82 20 453 444 72 205 363 28 710 474 228 470 435 117 672 36 96
2 3 6 7 10 11 14 15 17 19 22 24 25 27 29 33 35 36 38 40 42 44 46 48 51 52 54 56 58 60 62 64 66 68 70 72 74:13487:151 70 370 88 1000 388 23 39 219 676 324 910 174 44 184 404 1570 168 448 760 246 20 604 666 54 164 121 35 568 711 57 470 725 78 840 54 64
2 3 5 8 9 11 14 16 17 19 22 24 25 27 29 33 34 36 38 40 43 44 46 48 51 52 54 56 58 60 62 64 66 68 70 72 74:9789:302 140 590 450 219 194 115 332 73 676 432 728 261 220 92 606 207 56 336 152 11 20 302 222 36 41 484 14 142 711 114 188 290 39 840 90 64
2 3 5 7 9 11 14 15 17 19 22 24 25 27 29 31 34 36 38 40 43 44 46 48 51 52 54 56 58 60 62 65 66 69 70 73 74:12823:453 70 118 44 657 970 92 52 146 676 324 364 174 176 92 505 345 168 336 608 55 20 755 666 72 82 242 21 710 1185 114 939 290 344 504 422 32
2 3 5 7 9 11 14 15 17 19 22 24 25 27 29 31 34 36 38 40 43 44 46 48 51 52 54 56 58 60 62 65 66 69 71 73 74:12897:604 105 118 132 876 582 92 26 365 676 216 910 348 88 92 202 276 56 112 304 55 20 453 888 90 82 242 7 426 474 171 1565 145 516 432 1055 96
2 3 5 7 9 11 14 15 17 19 22 24 25 27 29 31 34 36 38 40 43 44 46 48 50 52 54 56 58 60 62 65 66 69 70 73 74:12994:302 105 590 88 876 194 69 65 365 169 216 910 435 88 92 404 138 56 448 760 44 15 755 888 144 164 605 14 284 474 57 1565 725 172 168 422 128
2 3 5 7 9 11 14 15 17 19 22 24 25 27 29 31 34 36 38 40 43 44 46 48 50 52 54 56 58 60 62 65 66 69 71 73 74:11308:755 35 118 88 219 388 92 52 365 169 108 546 435 176 368 404 69 168 336 608 33 15 755 222 192 41 242 35 426 948 57 626 435 688 576 422 96
2 3 5 7 9 12 14 16 17 19 22 24 25 27 29 31 34 36 38 40 43 44 46 48 50 52 54 56 58 60 62 64 66 69 70 73 74:10667:755 70 236 44 219 955 23 664 146 676 432 910 261 220 368 202 276 56 112 152 22 10 151 444 96 41 242 21 142 474 57 282 145 172 504 1055 32
2 3 5 7 9 12 14 16 17 19 22 24 25 27 29 32 34 36 38 40 43 44 46 48 50 52 54 56 58 60 62 64 66 69 70 73 74:11692:151 35 590 132 876 382 92 332 146 676 216 364 348 132 276 84 138 56 336 456 11 5 604 1110 144 164 242 21 142 948 57 282 435 172 840 633 64
2 3 5 7 9 11 14 16 17 19 22 24 25 27 29 32 34 36 38 40 43 44 46 48 50 52 54 56 58 60 62 65 66 69 70 73 74:12846:453 35 236 88 1095 776 69 830 219 676 216 728 435 132 276 84 207 112 448 152 33 15 302 888 96 41 121 7 142 948 57 1252 290 344 672 211 160
2 3 6 7 10 11 14 15 17 19 22 24 25 27 29 31 35 36 38 40 42 44 46 48 51 52 54 56 58 60 62 64 66 68 70 72 74:11932:453 105 74 220 200 970 92 39 73 338 432 728 348 44 460 202 314 112 560 152 410 5 302 1110 90 205 484 14 568 1185 171 94 435 39 672 72 160
2 3 6 7 10 11 14 15 17 19 22 24 25 27 29 31 34 36 39 40 43 44 46 48 51 52 54 56 58 60 62 65 66 69 71 72 74:11202:604 35 148 44 400 776 92 52 365 169 216 182 435 176 184 303 207 280 180 456 33 5 453 888 72 205 242 7 426 474 114 1252 725 344 576 18 64
2 3 6 7 9 11 14 15 17 19 22 24 25 27 29 31 34 36 39 40 43 44 46 48 51 52 54 56 58 60 62 65 66 68 71 72 74:9659:302 140 148 132 438 194 46 39 292 338 540 364 174 220 184 101 276 280 180 456 11 5 151 222 18 41 605 35 142 1185 114 939 435 78 720 18 96
2 3 6 7 9 11 14 15 17 19 22 24 25 27 29 31 34 36 39 40 43 44 46 48 50 52 54 56 58 60 62 65 66 69 71 72 74:13177:755 70 74 176 219 776 115 13 219 845 216 910 87 88 368 404 138 112 90 456 33 20 604 666 192 82 605 21 284 1185 114 1565 145 688 720 90 32
2 3 6 7 9 11 14 15 17 19 22 24 25 27 29 32 34 36 39 40 42 44 46 48 50 52 54 56 58 60 62 64 66 68 71 72 74:9561:302 105 370 176 657 582 46 26 292 845 108 364 261 176 368 140 276 56 135 152 410 10 151 222 48 164 605 7 284 711 57 376 725 78 144 36 96
2 3 6 7 9 11 14 15 17 19 22 24 25 27 29 31 34 36 39 40 43 44 46 48 50 52 54 56 58 60 62 65 66 68 71 72 74:10404:755 140 222 88 876 776 69 52 219 169 540 364 435 220 276 404 276 168 180 456 11 25 151 222 48 41 363 7 568 474 114 313 725 39 432 90 96
2 3 6 7 10 11 14 15 17 19 22 23 25 27 29 31 34 36 39 40 42 44 46 48 51 52 54 56 58 60 62 64 66 68 71 72 74:10665:151 175 74 220 1000 776 46 26 292 676 216 846 174 220 184 101 276 280 135 152 328 15 755 444 90 82 121 14 568 474 285 470 145 156 576 90 32
2 3 5 7 9 11 14 15 18 20 22 24 25 27 29 32 34 36 38 40 42 44 46 48 50 52 54 56 58 60 62 64 66 69 70 73 74:11975:302 35 590 44 219 582 115 65 82 39 540 728 348 44 460 28 345 168 112 608 410 20 755 888 192 82 242 7 284 711 228 188 725 860 168 633 128
2 3 5 7 9 11 14 15 18 20 22 24 25 27 29 31 34 36 38 40 43 44 46 48 50 52 54 56 58 60 62 64 66 69 70 73 74:10490:755 105 236 44 657 582 69 65 82 78 432 546 435 220 92 202 69 112 112 760 33 10 302 666 192 41 484 7 426 237 57 94 435 516 672 633 32
2 3 5 7 9 11 14 15 18 20 22 24 25 27 29 32 34 36 38 40 43 44 46 48 50 52 54 56 58 60 62 64 66 69 70 73 74:9887:151 35 354 88 219 388 115 65 164 156 216 728 261 176 92 84 345 56 112 152 11 15 604 666 192 205 121 35 568 1185 285 282 290 860 336 211 64
2 3 5 7 9 11 14 15 18 20 22 24 25 27 29 31 34 36 38 40 43 44 46 48 50 52 54 56 58 60 62 65 66 69 70 73 74:13301:755 105 472 176 1095 970 69 65 205 117 540 364 435 132 92 505 138 224 448 456 33 20 755 666 48 123 242 14 568 237 228 626 435 860 840 211 32
2 3 5 7 9 11 14 16 18 20 22 24 25 27 29 32 34 36 38 40 42 44 46 48 50 52 54 56 58 60 62 64 66 69 70 73 74:12561:151 70 118 176 1095 388 23 498 41 195 108 910 261 88 460 140 207 56 224 608 164 15 453 1110 144 164 363 7 710 474 285 376 580 516 168 1055 160
2 3 5 7 9 11 14 16 18 20 22 24 25 27 29 31 34 36 38 40 43 44 46 48 50 52 54 56 58 60 62 64 66 69 70 73 74:12141:151 140 472 44 876 970 46 332 82 39 108 728 435 220 368 404 345 112 224 304 55 20 151 666 240 41 242 7 284 711 114 376 435 344 840 1055 160
2 3 5 7 9 11 14 16 18 20 22 24 25 27 29 32 34 36 38 40 43 44 46 48 50 52 54 56 58 60 62 64 66 69 70 73 74:11594:755 105 354 176 876 776 92 166 164 156 216 182 87 88 276 28 138 56 112 456 55 20 604 666 192 41 121 28 710 948 285 470 435 516 336 844 64
2 3 5 7 9 11 14 15 18 20 22 24 25 27 29 32 34 36 38 40 43 44 46 48 50 52 54 56 58 60 62 64 66 68 70 73 74:10422:755 105 236 132 219 582 23 65 205 78 432 364 435 220 368 28 276 280 224 152 11 25 151 1110 144 123 605 21 568 474 285 282 290 78 168 844 64
2 3 5 7 9 11 14 15 18 20 22 24 25 27 29 31 34 36 38 40 43 44 46 48 50 52 54 56 58 60 62 65 66 69 70 72 74:9730:453 70 354 44 438 388 115 39 205 156 432 364 174 132 184 101 276 280 448 152 33 25 453 666 192 41 484 7 142 711 285 313 435 688 336 18 96
2 3 5 7 9 11 14 16 18 20 22 24 25 27 29 32 34 36 38 40 43 44 46 48 50 52 54 56 58 60 62 64 66 69 70 72 74:11515:302 105 472 88 876 582 115 332 82 195 540 546 435 220 368 56 345 56 336 152 33 25 755 444 96 205 605 28 284 948 285 94 580 344 336 90 160
2 3 5 7 9 11 14 15 18 20 22 24 25 27 29 31 34 36 38 40 43 44 46 48 50 52 54 56 58 60 62 65 66 68 70 72 74:12315:453 35 354 176 657 970 92 52 164 156 216 910 87 220 368 404 138 280 336 152 55 15 151 888 48 205 484 21 710 711 171 1565 290 195 504 18 64
2 3 5 7 10 11 14 16 18 20 22 23 25 27 29 31 34 36 38 40 42 44 46 48 51 52 54 56 58 60 62 64 66 68 70 72 74:10430:302 175 472 176 400 776 115 498 41 195 432 1128 174 176 368 202 207 112 560 304 246 20 302 666 18 123 121 28 284 237 114 282 580 78 336 54 128
2 4 5 7 9 11 14 15 18 20 22 24 25 27 29 33 34 36 38 40 42 44 46 48 50 52 54 56 58 60 62 64 66 68 70 72 74:10715:151 123 236 220 438 388 92 52 164 195 540 182 435 132 368 404 345 280 224 760 410 20 151 666 96 164 121 28 142 948 57 376 725 78 840 36 128
2 3 5 7 9 12 14 15 18 20 22 24 25 27 29 31 34 36 39 40 42 44 46 48 50 52 54 56 58 60 62 64 66 69 71 73 74:11634:604 105 354 176 657 764 23 65 123 117 432 546 261 88 460 101 69 168 90 304 164 25 755 222 144 205 605 7 568 948 114 188 435 688 720 211 128
2 3 5 7 9 12 14 15 18 20 22 24 25 27 29 31 34 36 39 40 42 44 46 48 50 52 54 56 58 60 62 65 66 69 71 73 74:10104:151 35 472 44 1095 191 92 65 82 78 540 364 174 44 184 101 207 112 135 456 164 5 151 1110 144 82 121 21 284 948 114 939 290 172 144 633 160
2 3 5 7 9 12 14 15 18 20 22 24 25 27 29 31 34 36 39 40 42 44 46 48 50 52 54 56 58 60 62 64 66 68 71 73 74:10535:604 35 118 44 876 191 115 65 205 39 216 182 174 132 184 505 207 224 90 608 328 5 453 888 96 82 484 28 142 711 285 376 435 39 576 633 160
2 3 5 7 9 12 14 15 18 20 22 24 25 27 29 32 34 36 39 40 42 44 46 48 50 52 54 56 58 60 62 64 66 68 71 73 74:11018:604 105 236 88 219 382 92 65 82 39 324 364 261 88 184 56 69 224 135 760 410 10 604 444 96 82 484 35 710 948 285 470 580 156 144 1055 128
2 3 5 7 9 12 14 15 18 20 22 24 25 27 29 31 34 36 39 40 43 44 46 48 50 52 54 56 58 60 62 64 66 68 71 73 74:9533:453 140 236 44 438 764 115 26 123 156 216 546 87 88 92 404 207 224 90 152 11 10 604 444 240 41 605 28 568 948 228 94 435 78 144 422 32
2 3 5 7 9 12 14 15 18 20 22 24 25 27 29 32 34 36 39 40 43 44 46 48 50 52 54 56 58 60 62 64 66 68 71 73 74:8844:453 105 472 220 219 191 115 13 123 78 540 728 348 44 92 84 276 168 45 608 33 10 453 222 144 205 484 35 142 711 114 188 145 195 144 633 64
2 3 5 7 10 11 14 16 18 20 22 24 25 27 29 31 34 36 39 40 42 44 46 48 51 52 54 56 58 60 62 64 66 69 70 72 74:12762:302 35 590 220 1000 970 92 664 205 78 540 364 174 220 368 404 276 224 45 608 82 25 453 888 72 41 484 21 426 711 114 470 290 344 840 90 32
2 3 5 7 9 12 14 15 18 20 22 24 25 27 29 32 34 36 39 40 42 44 46 48 50 52 54 56 58 60 62 64 66 68 71 72 74:9763:151 35 472 44 657 191 92 39 164 39 108 910 261 88 460 140 276 112 225 304 410 10 151 1110 240 164 484 7 426 474 171 470 145 39 576 54 64
2 3 5 7 10 11 13 16 18 20 22 23 25 27 29 31 34 36 38 40 42 44 46 48 51 52 55 56 58 60 62 64 66 68 71 72 74:11634:302 175 118 176 400 388 495 166 123 78 324 564 261 88 276 505 138 280 560 456 164 10 302 1110 72 205 1008 21 568 474 228 470 290 195 576 36 32
2 3 5 7 9 12 13 16 18 20 22 23 25 27 29 31 34 36 38 40 42 44 46 48 50 52 55 56 58 60 62 64 66 69 71 72 74:11879:302 140 472 88 438 191 495 166 205 156 324 1128 87 88 276 303 207 56 112 760 328 25 604 888 192 82 504 35 710 474 57 470 580 516 288 36 96
2 3 5 7 9 11 13 16 18 20 22 23 25 27 29 31 35 36 38 40 42 44 46 48 50 52 55 56 58 60 62 64 66 69 71 72 74:12023:755 140 118 220 219 582 99 166 205 195 216 846 435 88 92 404 314 280 448 760 164 15 755 888 144 41 1008 35 142 1185 171 188 145 172 288 36 64
2 3 5 7 9 12 13 16 18 20 22 23 25 27 29 31 35 36 38 40 42 44 46 48 50 52 55 56 58 60 62 64 66 69 71 72 74:13475:151 140 354 220 657 955 396 166 205 156 540 846 261 220 460 101 942 56 560 608 328 20 453 1110 240 82 504 14 426 711 228 94 145 688 288 54 96
2 3 5 7 9 11 13 16 18 20 22 23 25 27 29 31 34 36 38 40 42 44 47 48 50 52 55 56 58 60 62 64 66 69 71 72 74:12654:604 35 118 44 1095 582 495 830 41 39 108 564 87 44 276 505 69 112 560 152 246 5 1395 444 96 41 1008 14 142 711 57 376 145 860 576 18 160
2 3 5 7 9 12 13 16 18 20 22 23 25 27 29 31 34 36 38 40 42 44 47 48 50 52 55 56 58 60 62 64 66 69 71 72 74:12567:151 175 590 220 876 191 297 498 82 156 324 282 261 132 368 505 69 56 560 760 164 10 558 444 48 164 252 28 710 1185 285 94 580 860 432 72 128
2 3 5 7 9 12 13 16 18 20 22 23 25 27 29 31 34 36 38 40 42 44 47 48 50 52 55 56 58 60 62 64 66 68 71 72 74:12145:302 35 472 132 1095 382 396 498 205 39 432 846 435 220 184 202 69 280 224 456 410 15 837 666 144 82 252 14 142 948 171 282 725 195 144 54 160
2 3 5 7 10 11 13 16 18 20 22 23 25 27 29 31 34 36 39 40 42 44 46 48 51 52 55 56 58 60 62 64 66 69 71 72 74:11552:453 140 354 220 800 582 495 332 41 156 540 282 87 176 276 202 138 112 225 152 82 5 453 444 54 164 1008 28 710 474 171 282 580 688 432 54 160
2 3 5 7 10 11 13 16 18 20 22 23 25 27 29 31 34 36 39 40 42 44 46 48 51 52 55 56 58 60 62 64 66 68 71 72 74:10007:302 35 590 176 800 194 396 166 164 39 216 846 435 88 368 101 207 168 45 304 410 10 151 888 18 164 252 21 142 948 57 188 145 39 720 54 160
2 3 5 7 9 12 13 16 18 20 22 23 25 27 29 31 34 36 39 40 42 44 46 48 50 52 55 56 58 60 62 64 66 69 71 72 74:10683:453 140 236 88 657 382 396 664 41 39 108 564 87 220 92 303 69 112 45 304 82 25 755 666 96 82 1008 35 568 948 114 376 290 172 288 18 160
2 3 5 7 9 12 13 16 18 20 22 23 25 27 29 31 34 36 39 40 42 44 46 48 50 52 55 56 58 60 62 64 66 68 71 72 74:9556:604 35 236 220 657 191 99 498 164 78 108 282 174 176 92 202 69 56 180 304 246 15 151 444 192 41 1008 35 710 1185 114 470 145 117 144 18 96
2 3 6 7 9 11 14 15 17 19 22 23 25 27 29 31 35 36 38 40 42 44 46 48 51 52 55 56 58 60 62 64 66 69 70 72 74:15013:302 175 148 88 1095 776 115 65 219 169 216 1128 435 88 276 505 942 112 560 608 328 5 755 444 54 205 756 14 710 1185 114 470 725 172 840 54 160
2 3 6 7 10 11 14 15 17 19 22 23 25 27 29 31 35 36 38 40 42 44 46 48 51 52 55 56 58 60 62 64 66 69 70 72 74:11871:755 35 74 88 1000 970 92 13 219 845 108 282 87 132 460 101 314 224 336 152 328 25 755 666 18 205 756 14 284 474 285 188 290 860 336 36 64
2 3 6 7 9 11 14 15 17 19 22 23 25 27 29 31 34 36 39 40 42 44 46 48 50 52 55 56 58 60 62 64 66 69 71 72 74:9874:604 140 296 88 219 388 69 65 73 169 432 846 261 44 92 202 345 112 45 760 328 25 755 666 48 123 252 21 284 948 171 94 145 344 288 36 96
2 3 5 7 9 12 14 15 18 20 22 23 25 27 29 31 34 36 39 40 42 44 46 48 50 52 55 56 58 60 62 64 66 69 71 72 74:11259:151 175 118 132 438 382 115 65 205 78 540 846 435 176 368 505 138 280 180 608 164 5 604 888 240 82 756 7 568 237 114 188 725 516 144 54 32
2 3 5 7 9 12 14 15 18 20 22 23 25 27 29 31 34 36 39 40 42 44 46 48 50 52 55 56 58 60 62 64 66 68 71 72 74:11350:453 140 118 176 1095 382 115 26 41 195 540 564 348 44 92 404 207 168 135 760 82 25 151 1110 48 41 1008 28 142 1185 57 94 435 117 720 72 32
2 3 5 7 9 11 13 15 17 19 22 24 26 28 29 31 34 36 38 40 42 44 46 49 50 52 54 56 58 60 62 64 66 69 70 73 74:13462:604 140 118 132 876 776 495 65 219 845 432 364 89 548 460 101 138 168 448 760 164 5 453 507 240 123 484 35 284 948 228 94 725 172 672 422 128
2 3 5 7 9 11 13 15 17 19 22 24 26 28 29 31 34 37 38 40 42 44 46 49 51 52 54 56 58 60 62 64 66 68 70 72 74:12854:453 175 472 88 876 582 198 26 219 845 216 910 356 274 92 303 69 261 112 304 328 10 604 338 18 41 605 28 710 1185 114 282 725 195 672 72 96
2 3 5 7 9 11 13 15 17 19 22 24 26 28 29 31 34 37 38 40 42 44 46 49 50 52 54 56 58 60 62 64 66 69 70 72 74:11708:302 35 590 220 657 582 99 65 73 507 108 910 356 1096 92 404 207 348 112 456 164 25 302 169 48 82 242 28 284 1185 114 282 290 688 336 90 160
2 3 5 7 9 11 13 15 17 19 22 24 26 28 29 31 34 37 38 40 42 44 46 49 50 52 54 56 58 60 62 64 66 68 70 72 74:11660:302 140 590 88 657 970 99 65 292 169 540 728 89 1096 276 303 345 261 336 608 82 5 604 676 144 164 121 21 142 237 57 94 145 156 840 90 128
2 3 5 7 9 11 13 16 18 20 22 24 26 28 29 31 34 36 38 40 42 44 46 49 50 52 54 56 58 60 62 64 66 69 70 73 74:15711:755 105 354 220 1095 776 198 830 82 78 324 910 445 1096 460 101 138 280 336 608 328 25 302 507 192 164 121 28 426 1185 228 188 290 860 672 844 160
2 3 5 7 9 11 13 16 18 20 22 23 26 28 29 31 34 36 38 40 42 44 46 49 50 52 54 56 58 60 62 64 67 69 70 73 74:13866:604 140 354 176 438 582 495 664 82 156 108 282 445 1370 184 303 345 224 448 456 82 25 755 507 96 205 242 28 568 474 285 94 41 860 840 844 64
2 3 5 7 9 11 14 16 17 19 22 24 26 28 29 31 34 36 38 40 42 44 46 49 50 52 54 56 58 60 62 64 66 69 70 73 74:12953:604 105 236 220 219 388 92 830 73 169 324 364 445 548 460 202 207 168 560 608 410 15 604 169 240 82 484 21 142 1185 228 188 145 860 840 422 96
2 3 6 7 9 11 13 15 17 19 22 23 26 27 29 31 34 36 39 40 42 44 46 48 51 52 54 56 58 60 62 64 66 69 71 72 74:10987:453 140 296 88 657 776 297 39 292 507 216 846 89 132 368 303 207 280 45 760 410 5 151 444 90 41 121 21 710 237 228 188 290 516 576 72 96
2 3 6 7 9 11 13 15 17 19 22 23 26 27 29 31 34 36 39 40 42 44 46 48 50 52 54 56 58 60 62 64 66 69 70 72 74:10868:151 140 370 220 219 776 99 65 219 338 324 1410 89 220 92 202 138 168 45 304 328 20 302 666 144 41 363 21 284 1185 285 188 580 172 504 36 160
2 3 6 7 9 11 13 15 17 19 22 23 26 27 29 31 34 36 39 40 42 44 46 48 50 52 54 56 58 60 62 64 66 68 71 72 74:10471:453 35 148 132 438 194 297 13 219 507 324 1410 445 44 368 404 276 56 135 152 82 5 302 222 192 82 484 7 426 948 114 282 580 195 432 36 32
2 3 5 7 9 11 13 16 18 20 22 24 26 27 29 32 34 36 38 40 42 44 46 48 50 52 54 56 58 60 62 64 66 69 70 73 74:13339:151 175 472 176 876 582 99 664 82 39 216 728 356 220 460 84 69 224 448 608 246 25 604 222 192 123 484 14 568 948 285 188 725 860 672 422 32
2 3 5 7 9 11 13 16 18 20 22 24 26 27 29 32 34 36 39 40 42 44 46 48 50 52 54 56 58 60 62 64 66 69 70 72 74:12793:453 105 354 44 876 194 495 664 205 156 540 910 89 44 184 112 345 168 135 760 410 10 302 1110 192 123 605 7 568 1185 57 94 435 172 504 90 96
2 3 5 7 9 11 13 16 18 20 22 24 26 27 29 31 34 37 38 40 43 44 46 48 50 52 54 56 58 60 62 64 66 68 70 72 74:10677:604 175 354 176 438 194 396 332 164 195 324 728 89 176 276 303 276 348 112 608 22 20 151 444 48 164 484 7 568 1185 114 470 290 78 168 36 160
2 3 5 7 9 11 13 15 17 19 22 24 26 27 29 31 34 36 38 40 42 44 46 49 50 52 54 56 58 60 62 64 66 69 70 73 74:11978:453 140 236 220 1095 194 396 39 146 676 540 182 356 220 276 505 69 168 336 456 164 15 453 338 192 82 605 21 568 474 285 376 435 688 336 211 32
2 3 5 7 9 11 13 15 17 19 22 24 26 27 29 31 34 37 38 40 42 44 46 49 50 52 54 56 58 60 62 64 66 69 70 72 74:12921:755 35 472 44 1095 388 495 26 146 845 540 910 356 132 460 303 207 348 560 152 328 5 302 338 48 205 484 7 426 711 171 376 145 688 168 90 160
2 3 5 7 9 11 13 16 18 20 22 24 26 27 29 31 34 36 38 40 42 44 46 49 50 52 54 56 58 60 62 64 66 69 70 73 74:12479:453 35 590 132 1095 970 99 166 164 195 108 546 178 44 276 404 69 56 448 608 246 10 302 845 96 41 363 7 710 474 228 470 435 172 504 844 96
2 3 5 7 9 11 13 16 18 20 22 23 26 27 29 31 34 36 38 40 42 44 46 49 50 52 54 56 58 60 62 64 67 69 70 73 74:12172:453 140 236 44 657 582 495 830 41 195 216 846 89 176 92 303 276 224 224 456 164 25 453 676 48 41 242 14 426 948 57 470 205 688 168 844 128
2 3 5 7 9 11 14 16 17 19 22 24 26 27 29 32 34 36 38 40 42 44 46 48 50 52 54 56 58 60 62 64 66 69 70 73 74:13338:302 105 590 88 1095 776 46 664 292 845 324 364 356 176 184 28 207 56 336 760 328 20 453 666 144 123 484 14 568 474 171 282 290 344 168 1055 160
2 3 5 7 9 11 14 16 17 19 22 24 26 27 29 31 34 36 38 40 42 44 46 49 50 52 54 56 58 60 62 64 66 69 70 73 74:12428:151 35 590 44 1095 194 115 830 365 845 432 182 445 220 184 303 276 56 336 152 328 15 151 507 192 41 242 7 426 948 285 188 725 172 168 1055 128
2 3 5 7 9 11 14 16 17 19 22 24 26 27 29 31 34 37 38 40 43 44 46 49 51 52 54 56 58 60 62 64 66 68 70 72 74:11449:453 70 236 132 1095 970 92 498 365 338 216 546 89 88 276 505 276 435 560 608 44 15 755 169 72 82 242 28 284 474 228 282 580 78 168 36 64
2 3 5 7 9 11 14 16 17 19 22 24 26 27 29 31 34 37 38 40 42 44 46 49 50 52 54 56 58 60 62 64 66 68 70 72 74:13115:755 70 118 132 876 776 115 664 73 338 540 910 356 220 276 101 276 348 336 608 328 5 302 845 48 205 363 21 284 711 228 94 725 78 840 54 96
2 3 5 7 9 11 14 16 17 19 22 24 26 27 29 31 34 37 38 40 43 44 46 49 50 52 54 56 58 60 62 64 66 68 70 72 74:11766:151 70 236 44 657 582 115 166 146 676 324 728 356 220 460 202 207 348 224 152 22 15 453 676 144 82 363 7 568 948 285 282 725 156 840 72 64
2 3 5 7 9 11 14 16 17 19 22 24 26 27 29 31 34 37 39 40 42 44 46 49 50 52 54 56 58 60 62 64 66 69 70 72 74:11946:302 175 118 132 1095 388 23 166 365 507 324 728 89 176 368 101 69 348 45 456 82 25 302 338 240 205 242 35 710 948 285 188 725 860 672 18 96
2 3 6 7 9 11 13 15 17 19 22 23 26 27 29 31 34 36 39 40 42 44 46 48 50 52 55 56 58 60 62 64 66 69 70 72 74:10163:453 70 222 88 657 582 495 26 73 338 324 564 178 220 460 101 69 280 90 152 410 10 453 444 144 41 252 35 568 237 171 188 290 860 504 18 96
2 3 6 7 9 11 13 15 17 19 22 23 26 27 29 31 34 36 39 40 42 44 46 48 50 52 55 56 58 60 62 64 66 69 71 72 74:9840:302 105 148 44 876 970 297 65 146 169 108 282 445 44 368 303 69 112 45 152 246 10 755 444 192 82 252 21 284 711 114 188 435 344 576 72 64
2 3 5 8 9 11 13 16 18 20 22 23 25 28 29 31 34 36 38 40 42 44 46 48 51 52 54 56 58 60 62 64 66 68 71 72 75:12833:604 140 590 450 657 970 99 498 205 39 540 564 87 1096 276 505 345 56 224 608 328 20 604 1110 54 41 121 14 426 237 285 94 145 39 576 18 168
2 3 5 7 10 11 13 16 18 20 22 23 25 28 29 31 34 36 38 40 42 44 46 48 51 52 54 56 58 60 62 64 66 68 71 72 75:10667:151 35 354 176 400 194 99 166 123 156 324 564 174 1096 460 505 276 112 112 152 328 10 755 666 90 82 242 28 710 474 285 188 580 156 144 90 210
2 3 5 8 9 12 13 16 18 20 22 23 25 28 29 31 34 36 38 40 42 44 46 48 51 52 54 56 58 60 62 64 66 68 71 72 75:11986:453 175 118 450 657 382 495 166 123 78 324 564 348 822 368 404 276 168 224 608 164 10 302 888 72 82 605 21 142 1185 114 470 290 156 144 54 84
2 3 5 7 10 12 13 16 18 20 22 23 25 28 29 31 34 36 38 40 42 44 46 48 51 52 54 56 58 60 62 64 66 68 71 72 75:11300:151 105 590 132 1000 382 99 830 205 195 108 1128 261 822 368 101 207 168 224 456 82 15 151 222 36 205 605 7 142 474 285 282 290 156 720 54 42
2 3 5 7 9 12 13 16 18 20 22 23 25 28 29 31 34 36 38 40 42 44 46 48 50 52 54 56 58 60 62 64 66 69 71 72 75:10387:302 105 354 132 876 191 198 332 41 195 108 564 348 274 92 404 345 224 112 760 82 10 755 222 48 205 242 35 710 237 285 188 145 516 576 90 84
2 3 5 7 9 12 13 16 18 20 22 23 25 28 29 31 35 36 38 40 42 44 46 48 50 52 54 56 58 60 62 64 66 69 71 72 75:10832:453 175 118 44 876 955 198 166 82 156 216 1128 261 274 184 202 942 280 224 456 410 15 302 222 96 205 121 21 142 474 57 470 145 516 144 18 84
2 3 5 7 9 12 13 16 18 20 22 23 25 28 29 31 34 36 38 40 42 44 47 48 50 52 54 56 58 60 62 64 66 69 71 72 75:12345:302 105 236 176 657 573 99 664 41 195 324 564 348 822 184 404 69 112 336 608 164 5 558 666 240 41 242 35 710 237 171 470 725 860 144 90 168
2 3 5 7 9 11 13 16 18 20 22 23 25 28 29 31 35 36 38 40 42 44 47 48 50 52 54 56 58 60 62 64 66 69 71 72 75:14779:453 70 118 88 1095 970 396 166 41 195 540 1128 435 274 368 303 628 280 448 608 164 5 1116 666 240 205 242 7 426 948 114 376 580 516 432 54 84
2 3 5 7 9 11 13 16 18 20 22 23 25 28 29 31 34 36 38 40 42 44 46 48 50 52 54 56 58 60 62 64 66 68 71 72 75:13239:604 175 590 132 1095 582 99 332 164 39 324 564 261 1370 368 404 207 56 448 304 246 5 453 1110 96 123 242 35 284 711 171 470 725 78 144 18 210
2 3 5 7 9 12 13 16 18 20 22 23 25 28 29 31 34 36 38 40 42 44 46 48 50 52 54 56 58 60 62 64 66 68 70 72 75:14422:302 35 472 176 657 955 198 664 164 156 540 1128 348 1096 460 505 207 112 560 608 246 25 302 888 144 205 121 7 710 474 171 470 725 39 336 90 126
2 3 5 7 9 12 13 16 18 20 22 23 25 28 29 31 34 36 38 40 42 44 46 48 50 52 54 56 58 60 62 64 66 68 71 72 75:14358:453 70 354 132 1095 573 495 664 164 78 432 1128 261 1370 184 101 345 56 448 760 164 5 755 1110 240 123 242 28 142 711 285 282 145 39 720 36 168
2 3 5 7 9 12 14 15 18 20 22 23 25 28 29 31 34 36 38 40 42 44 46 48 50 52 54 56 58 60 62 64 66 69 70 72 75:13286:755 105 590 88 219 191 115 65 82 156 216 1128 87 1370 368 404 69 112 448 456 410 25 453 666 192 41 363 35 284 711 171 282 725 860 840 36 168
2 3 5 7 9 12 14 16 18 20 22 23 25 28 29 31 34 36 38 40 42 44 46 48 50 52 54 56 58 60 62 64 66 68 70 72 75:10529:604 105 118 220 876 382 92 498 123 195 108 846 261 1096 92 303 276 224 112 304 164 5 151 666 96 205 242 7 142 474 228 470 145 117 504 36 42
2 3 5 7 9 12 13 16 17 19 22 23 25 28 29 31 34 36 38 40 42 44 46 48 50 52 55 57 58 60 62 64 66 69 70 72 75:14517:302 140 354 88 876 573 99 498 292 845 108 282 261 1370 92 404 345 112 336 760 82 10 302 222 48 123 1008 927 710 948 171 188 435 516 504 18 168
2 3 5 7 9 11 13 15 17 19 22 23 25 28 29 31 34 37 38 40 42 44 46 48 50 52 55 56 58 60 62 64 66 68 70 72 75:12540:604 140 590 88 657 388 396 13 365 845 216 282 87 822 92 101 207 174 224 608 328 5 453 888 96 123 756 35 284 474 228 376 725 78 672 36 84
2 3 5 8 9 12 13 16 18 20 22 23 25 28 29 31 34 36 38 40 42 44 46 48 51 52 55 56 58 60 62 64 66 68 71 72 75:14974:151 175 472 675 1095 764 495 498 82 195 108 1128 348 1096 368 303 276 280 560 304 328 10 755 666 72 82 756 7 568 237 114 470 435 195 720 18 168
2 3 5 7 10 12 13 16 18 20 22 23 25 28 29 31 34 36 38 40 42 44 46 48 51 52 55 56 58 60 62 64 66 68 71 72 75:13020:302 35 590 132 400 955 99 664 41 78 108 846 174 1370 276 303 276 168 336 608 164 25 151 222 90 41 1260 21 710 948 57 188 725 195 288 90 84
2 3 5 7 10 12 13 16 18 20 22 23 25 28 29 31 34 36 38 40 42 44 46 48 50 52 55 56 58 60 62 64 66 69 71 72 75:13576:453 140 472 44 1000 955 495 498 164 39 324 1128 174 274 92 505 276 280 336 760 246 10 151 666 96 82 504 14 710 948 285 94 145 688 432 54 42
2 3 5 7 9 12 13 16 18 20 22 23 25 28 29 31 34 36 38 40 42 44 47 48 50 52 55 56 58 60 62 64 66 69 71 72 75:11685:151 175 118 132 438 955 99 166 164 156 108 282 87 274 368 101 207 280 448 760 164 15 279 1110 240 205 1260 21 710 711 285 94 290 172 432 18 210
2 3 5 7 10 12 13 16 18 20 22 23 25 28 29 31 34 36 38 40 42 44 47 48 50 52 55 56 58 60 62 64 66 69 71 72 75:15281:755 140 472 220 400 764 297 332 82 156 540 1410 435 1370 460 505 207 224 336 608 246 5 558 444 144 41 756 7 142 1185 57 282 725 172 576 18 210
2 3 5 7 9 12 13 16 18 20 22 23 25 28 29 31 34 36 38 40 42 44 46 48 50 52 55 56 58 60 62 64 66 68 70 72 75:11842:151 175 236 220 219 955 99 166 82 195 324 282 87 274 460 404 207 280 112 608 410 20 755 666 240 123 1008 35 710 474 285 470 435 39 336 90 210
2 3 5 7 9 12 13 16 18 20 22 23 25 28 29 31 34 36 38 40 42 44 46 48 50 52 55 56 58 60 62 64 66 68 71 72 75:13584:151 175 236 44 1095 764 198 498 123 195 432 564 435 1370 368 505 138 280 560 304 164 15 755 1110 240 41 252 21 710 948 57 376 145 39 144 90 42
2 3 5 7 9 12 13 16 18 20 22 23 25 28 29 31 34 36 38 40 42 44 47 48 50 52 55 56 58 60 62 64 66 68 71 72 75:15718:755 175 472 220 1095 955 396 664 41 195 324 846 87 1370 460 505 345 112 560 304 328 25 1116 444 192 123 1008 7 284 948 285 188 145 156 432 72 84
2 3 5 8 10 12 13 16 18 20 22 23 25 28 29 31 34 36 39 40 42 44 46 48 51 52 55 56 58 60 62 64 66 69 71 72 75:11188:453 70 354 225 200 955 297 166 82 39 540 1410 87 548 276 101 69 112 225 456 328 25 453 222 36 164 1008 14 284 237 171 94 145 688 576 36 42
2 3 5 8 9 12 13 16 18 20 22 23 25 28 29 31 34 36 39 40 42 44 46 48 51 52 55 56 58 60 62 64 66 68 71 72 75:9880:453 105 236 450 876 191 198 166 41 156 432 564 348 548 460 303 207 280 45 304 246 20 151 222 72 164 756 7 284 237 285 94 145 78 576 54 126
2 3 5 7 9 11 13 15 17 19 22 23 25 28 29 31 34 37 38 40 42 44 46 49 50 52 55 56 58 60 62 64 66 68 70 72 75:13247:604 35 118 44 1095 970 396 52 146 338 216 846 174 1096 368 202 207 435 112 152 246 5 453 845 48 205 756 21 426 711 228 282 290 195 672 90 168
2 3 5 8 9 12 14 16 17 19 22 23 25 28 29 31 34 36 38 40 42 44 46 48 51 52 55 56 58 60 62 64 66 69 70 72 75:13277:151 105 118 900 876 764 69 332 365 507 432 282 348 1096 184 303 276 56 224 760 410 20 151 666 18 41 504 28 142 237 228 188 580 860 840 90 126
2 3 5 7 10 11 14 15 17 19 22 23 25 28 29 31 34 36 38 40 42 44 46 48 51 52 55 56 58 60 62 64 66 68 70 72 75:12340:453 35 472 176 200 970 46 26 292 507 432 282 348 1096 368 505 276 280 336 456 328 5 302 888 18 82 1008 14 568 237 228 188 435 195 168 36 84
2 3 5 7 9 12 14 16 17 19 22 23 25 28 29 31 34 36 38 40 42 44 46 48 51 52 55 56 58 60 62 64 66 68 70 72 75:13136:604 175 472 88 876 382 92 332 146 676 108 564 348 548 184 202 207 280 224 608 246 25 755 888 36 164 1260 14 568 474 57 188 580 117 504 18 126
2 3 5 8 9 12 14 16 17 19 22 23 25 28 29 31 34 36 38 40 42 44 46 48 51 52 55 56 58 60 62 64 66 68 70 72 75:12691:302 35 118 450 1095 573 46 166 365 676 540 1410 174 548 368 101 345 224 560 152 164 25 151 444 18 123 1260 14 142 237 228 94 580 117 672 90 84
2 3 5 7 10 12 14 16 18 20 22 23 25 28 29 31 34 36 38 40 42 44 46 48 51 52 55 56 58 60 62 64 66 68 70 72 75:11071:755 35 472 132 200 955 46 664 123 195 432 564 435 548 368 101 138 224 112 456 328 25 151 222 18 164 252 21 568 711 228 282 435 195 336 54 126
2 3 5 7 9 11 14 15 18 20 22 23 25 28 29 31 34 36 38 40 42 44 46 48 50 52 55 57 58 60 62 64 66 69 70 72 75:15124:302 105 590 88 438 776 115 26 164 117 432 1128 435 822 184 505 69 224 336 456 410 20 755 444 144 82 1008 1545 568 237 285 376 580 344 840 90 84
2 3 5 7 9 12 14 15 18 20 22 23 25 28 29 31 34 36 38 40 42 44 46 48 50 52 55 57 58 60 62 64 66 69 70 72 75:14287:151 175 472 132 657 191 69 39 205 156 540 1128 348 1370 460 505 207 280 224 152 246 5 302 1110 240 205 504 927 426 1185 114 188 290 172 672 72 168
2 3 5 7 9 12 14 15 18 20 22 23 25 28 29 31 34 36 38 40 42 44 46 48 50 52 55 56 58 60 62 64 66 68 70 72 75:12785:604 140 354 88 876 573 69 13 41 195 216 1128 435 822 92 505 207 56 560 608 164 5 302 666 240 205 1260 14 568 237 228 470 145 39 504 72 84
2 3 5 7 9 12 14 16 18 20 22 23 25 28 29 31 34 36 38 40 42 44 46 48 50 52 55 56 58 60 62 64 66 68 70 72 75:13368:755 35 590 132 1095 955 92 830 41 117 540 1128 87 1370 92 202 345 224 112 456 328 5 302 444 96 164 504 21 142 237 285 376 435 39 672 36 84
2 3 5 7 9 11 13 16 18 20 22 23 25 27 29 31 34 36 38 40 42 44 47 48 50 52 54 56 58 60 62 64 66 69 71 72 75:12775:302 140 236 88 657 970 396 830 205 78 324 1128 435 132 368 101 207 168 560 608 328 5 558 888 144 123 484 28 284 237 114 94 435 688 288 18 126
2 3 5 7 9 12 13 16 18 20 22 23 25 27 29 31 34 36 38 40 42 44 47 48 50 52 54 56 58 60 62 64 66 69 71 72 75:12270:604 140 590 44 219 955 396 830 41 78 540 1128 261 132 368 303 138 112 560 152 328 15 558 222 144 41 242 7 142 948 57 470 725 516 144 36 84
2 3 5 7 9 11 13 16 18 20 22 23 25 27 29 31 35 36 38 40 42 44 47 48 50 52 54 56 58 60 62 64 66 69 71 72 75:12888:302 105 472 176 438 582 297 664 205 78 540 282 348 220 460 303 628 280 224 152 328 15 1116 444 192 41 242 28 284 1185 285 94 290 688 720 54 126
2 3 5 8 9 11 13 16 18 20 22 23 25 27 29 31 34 36 39 40 42 44 46 48 51 52 54 56 58 60 62 64 66 68 71 72 75:11809:453 70 590 1125 438 194 396 166 164 117 324 564 174 176 460 505 138 56 180 456 410 25 755 444 72 164 605 7 568 474 171 470 145 39 432 72 210
2 3 5 7 10 11 13 16 18 20 22 23 25 27 29 31 34 36 39 40 42 44 46 48 51 52 54 56 58 60 62 64 66 68 71 72 75:11495:755 105 472 176 600 194 297 830 164 156 108 846 87 132 276 505 207 112 180 608 328 10 151 1110 18 123 121 7 426 711 114 376 725 117 144 36 168
2 3 5 8 9 12 13 16 18 20 22 23 25 27 29 31 34 36 39 40 42 44 46 48 51 52 54 56 58 60 62 64 66 68 71 72 75:11096:604 105 354 675 219 191 495 498 41 78 432 846 174 88 92 202 138 168 135 304 164 15 755 444 18 82 363 14 568 948 57 376 580 195 432 36 210
2 3 5 7 10 12 13 16 18 20 22 23 25 27 29 31 34 36 39 40 42 44 46 48 51 52 54 56 58 60 62 64 66 68 71 72 75:12154:604 35 118 44 400 382 495 830 123 195 432 846 435 88 276 505 276 56 90 608 328 15 604 666 54 82 363 28 426 474 171 282 725 156 720 54 168
2 3 5 7 9 12 13 16 18 20 22 23 25 27 29 31 34 36 39 40 42 44 46 48 50 52 54 56 58 60 62 64 66 69 71 72 75:11691:302 175 236 88 876 191 297 664 205 78 432 564 174 88 460 101 345 56 225 304 82 10 151 666 240 41 605 35 426 948 114 376 580 860 576 36 84
2 3 5 7 9 12 13 16 18 20 22 23 25 27 29 31 35 36 39 40 42 44 46 48 50 52 54 56 58 60 62 64 66 69 71 72 75:12270:302 175 354 88 1095 955 198 830 41 156 540 282 261 88 460 303 942 112 180 760 164 20 151 666 96 205 363 21 568 474 171 188 435 344 144 54 84
2 3 5 7 9 11 14 15 18 20 22 23 25 27 29 31 34 36 39 40 42 44 46 48 50 52 54 56 58 60 62 64 66 69 71 72 75:11029:755 175 354 220 657 582 92 52 205 117 432 1410 348 132 184 202 138 280 90 304 82 15 302 222 144 205 363 35 426 237 114 470 435 860 288 18 84
2 3 5 7 9 12 14 15 18 20 22 23 25 27 29 31 34 36 39 40 42 44 46 48 50 52 54 56 58 60 62 64 66 69 71 72 75:9625:302 35 590 88 657 191 23 52 82 78 540 1410 261 132 184 101 276 56 90 760 410 5 151 666 96 41 121 7 142 474 57 94 435 688 144 18 168
2 3 5 7 9 12 14 15 18 20 22 23 25 27 29 31 34 36 39 40 42 44 46 48 50 52 54 56 58 60 63 64 66 69 71 72 75:10722:604 105 236 132 438 955 115 13 82 117 324 1128 174 88 184 101 207 56 45 760 410 5 302 222 48 123 121 35 710 711 656 376 145 688 144 36 126
2 3 6 7 9 11 13 15 17 19 22 23 25 27 29 31 35 36 38 40 42 44 46 48 50 52 55 56 58 60 62 64 66 68 70 72 75:11713:302 35 370 220 219 582 495 39 73 845 108 564 435 88 368 101 314 280 336 304 410 20 151 888 144 205 1008 28 568 711 285 376 145 78 504 72 42
2 3 6 7 9 11 13 15 17 19 22 23 25 27 29 31 34 36 39 40 42 44 46 48 51 52 55 56 58 60 62 64 66 68 71 72 75:10537:302 140 74 176 1095 194 99 26 146 845 324 282 174 88 92 101 138 280 225 760 164 15 604 1110 72 82 1260 35 284 237 228 94 290 195 144 36 126
2 3 6 7 9 11 13 15 17 19 22 23 25 27 29 31 34 36 39 40 42 44 46 48 50 52 55 56 58 60 62 64 66 68 71 72 75:9222:302 35 222 220 219 776 495 13 292 169 108 1128 435 44 92 303 69 112 180 760 328 15 151 222 240 82 252 7 142 474 57 376 290 78 432 18 84
2 3 5 8 9 11 13 16 18 20 22 23 25 27 29 31 34 36 38 40 42 44 46 48 51 52 55 56 58 60 62 64 66 68 71 72 75:12167:755 140 118 1125 657 970 198 166 164 195 108 564 435 132 184 303 207 224 224 152 164 10 453 444 54 205 1260 28 426 474 57 94 580 117 720 18 42
2 3 5 7 10 11 13 16 18 20 22 23 25 27 29 31 34 36 38 40 42 44 46 48 51 52 55 56 58 60 62 64 66 68 71 72 75:12441:604 70 590 132 200 582 495 166 205 156 216 1410 435 132 460 505 138 224 112 304 82 15 302 1110 90 205 756 14 284 474 114 470 435 156 576 54 168
2 3 5 7 9 11 13 16 18 20 22 23 25 27 29 31 34 36 38 40 42 44 46 48 50 52 55 56 58 60 62 64 66 69 71 72 75:11327:755 70 236 132 438 582 99 166 41 156 108 282 87 220 276 202 138 280 112 456 82 15 604 222 192 82 1260 28 426 1185 228 470 435 344 720 72 126
2 3 5 7 9 12 13 16 18 20 22 23 25 27 29 31 34 36 38 40 42 44 46 48 50 52 55 56 58 60 62 64 66 69 70 72 75:12298:302 35 590 220 876 764 99 332 123 195 216 282 348 220 368 101 138 168 224 456 246 20 755 222 192 123 1260 28 710 237 114 470 580 516 672 54 42
2 3 5 7 9 12 13 16 18 20 22 23 25 27 29 31 34 36 38 40 42 44 46 48 50 52 55 56 58 60 62 64 66 69 71 72 75:10389:151 70 236 176 219 382 99 332 82 39 324 564 174 88 276 202 69 168 224 152 82 5 453 222 144 164 1260 7 710 1185 285 470 725 344 144 36 126
2 3 5 7 9 11 13 16 18 20 22 23 25 27 29 31 35 36 38 40 42 44 46 48 50 52 55 56 58 60 62 64 66 69 71 72 75:12956:604 70 118 132 876 582 99 830 123 117 324 1128 174 88 368 303 628 168 560 152 410 15 151 666 240 205 756 28 426 711 285 94 435 688 288 72 42
2 3 5 7 9 12 13 16 18 20 22 23 25 27 29 31 35 36 38 40 42 44 46 48 50 52 55 56 58 60 62 64 66 69 71 72 75:11891:453 35 354 176 219 573 297 498 82 195 540 564 87 132 368 505 314 280 560 760 164 15 453 444 192 164 252 21 142 711 171 282 580 516 576 90 126
2 3 5 7 9 12 13 16 18 20 22 23 25 27 29 31 34 36 38 40 42 44 47 48 50 52 55 56 58 60 62 64 66 69 71 72 75:10930:453 105 472 88 438 382 198 498 41 39 540 282 261 132 92 303 276 224 112 760 246 15 837 1110 96 123 504 14 426 237 285 188 145 516 288 36 168
2 3 5 7 9 12 13 16 18 20 22 23 25 27 29 31 34 36 38 40 42 44 46 48 50 52 55 56 58 60 62 64 66 68 70 72 75:11827:755 175 118 44 1095 764 297 166 205 39 324 564 87 88 368 202 69 280 560 608 410 20 453 222 144 82 1260 7 142 711 114 282 725 39 168 72 168
2 3 5 7 9 12 13 16 18 20 22 23 25 27 29 31 34 36 38 40 42 44 46 48 50 52 55 56 58 60 62 64 66 68 71 72 75:11963:755 35 590 220 219 955 99 664 82 39 216 846 435 44 184 303 345 224 224 456 82 5 604 666 48 41 1008 35 568 237 285 470 145 156 432 36 210
2 3 5 7 9 11 13 16 18 20 22 23 25 27 29 31 34 36 38 40 42 44 47 48 50 52 55 56 58 60 62 64 66 68 71 72 75:11182:755 105 472 220 876 194 396 166 123 39 324 564 261 88 460 505 207 112 336 304 328 20 837 222 144 205 252 28 142 948 114 376 435 156 288 54 126
2 3 5 7 9 12 13 16 18 20 22 23 25 27 29 31 34 36 38 40 42 44 47 48 50 52 55 56 58 60 62 64 66 68 71 72 75:12897:755 140 590 88 657 573 198 166 82 39 540 1410 435 44 460 505 207 112 448 456 328 15 279 666 48 123 1008 28 284 1185 228 94 145 117 288 72 84
2 3 5 8 9 11 13 16 18 20 22 23 25 27 29 31 34 36 39 40 42 44 46 48 51 52 55 56 58 60 62 64 66 69 71 72 75:11734:453 140 472 225 1095 776 198 332 82 117 216 846 348 176 460 505 207 224 180 456 328 25 151 888 90 41 252 35 426 237 57 282 580 516 144 90 84
2 3 5 7 10 11 13 16 18 20 22 23 25 27 29 31 34 36 39 40 42 44 46 48 51 52 55 56 58 60 62 64 66 69 71 72 75:11564:151 140 354 220 800 970 198 664 123 78 108 564 435 88 460 303 345 280 90 456 82 10 604 444 54 205 1008 21 568 711 171 94 145 344 144 90 42
2 3 5 8 9 12 13 16 18 20 22 23 25 27 29 31 34 36 39 40 42 44 46 48 51 52 55 56 58 60 62 64 66 69 71 72 75:13042:453 70 590 900 657 764 297 664 82 78 540 564 174 88 92 101 69 224 225 456 246 15 604 666 72 164 504 21 568 948 171 282 435 688 432 54 84
2 3 5 7 10 12 13 16 18 20 22 23 25 27 29 31 34 36 39 40 42 44 46 48 51 52 55 56 58 60 62 64 66 69 71 72 75:11980:755 105 118 88 1000 573 495 498 205 117 108 564 348 220 184 101 138 168 90 608 164 10 453 888 36 205 1260 7 142 711 228 470 145 172 432 90 84
2 3 5 8 9 11 13 16 18 20 22 23 25 27 29 31 34 36 39 40 42 44 46 48 51 52 55 56 58 60 62 64 66 68 71 72 75:12542:453 70 472 1125 657 970 396 664 41 39 540 282 174 176 184 505 276 168 180 152 410 20 302 666 90 123 1260 21 710 237 114 94 290 195 288 72 126
2 3 5 7 10 11 13 16 18 20 22 23 25 27 29 31 34 36 39 40 42 44 46 48 51 52 55 56 58 60 62 64 66 68 71 72 75:10822:302 175 590 88 400 388 198 664 123 156 108 846 348 132 184 505 207 280 225 152 246 5 755 444 54 205 252 7 568 948 171 376 435 39 144 18 84
2 3 5 8 9 12 13 16 18 20 22 23 25 27 29 31 34 36 39 40 42 44 46 48 51 52 55 56 58 60 62 64 66 68 71 72 75:13940:604 105 118 675 1095 764 495 664 164 195 540 1128 261 44 276 202 138 168 45 760 164 10 755 222 54 164 1008 21 284 1185 285 188 580 195 288 54 42
2 3 5 7 10 12 13 16 18 20 22 23 25 27 29 31 34 36 39 40 42 44 46 48 51 52 55 56 58 60 62 64 66 68 71 72 75:10821:755 175 118 176 400 764 495 664 82 39 540 1410 174 220 368 101 138 112 135 152 328 5 302 888 72 123 252 14 142 237 57 94 290 39 720 72 168
2 3 5 7 9 12 13 16 18 20 22 23 25 27 29 31 34 36 39 40 42 44 46 48 50 52 55 56 58 60 62 64 66 69 71 72 75:12853:453 70 236 220 657 382 495 830 164 117 540 1128 348 176 368 101 345 56 90 760 82 20 302 666 240 41 504 7 284 711 171 376 725 516 432 72 168
2 3 5 7 9 12 13 16 18 20 22 23 25 27 29 31 34 36 39 40 42 44 46 48 50 52 55 56 58 60 62 64 66 68 71 72 75:10936:755 35 354 132 219 191 198 830 41 117 540 564 174 176 92 303 138 224 225 608 246 25 151 666 144 205 504 7 426 948 228 282 435 117 576 18 42
2 3 5 8 9 11 14 16 17 19 22 23 25 27 29 31 34 36 38 40 42 44 46 48 51 52 55 56 58 60 62 64 66 69 70 72 75:13871:604 35 590 900 657 582 69 166 219 169 540 846 87 132 184 505 276 56 448 304 410 5 604 888 72 82 504 28 710 711 171 282 725 860 336 72 42
2 3 6 7 9 11 14 15 17 19 22 23 25 27 29 31 35 36 38 40 42 44 46 48 51 52 55 56 58 60 62 64 66 68 70 72 75:13471:453 175 296 220 876 194 23 26 73 507 216 1128 87 44 460 404 314 112 336 760 164 20 755 666 72 205 1260 14 568 1185 57 470 725 156 336 72 42
2 3 6 7 10 11 14 15 17 19 22 23 25 27 29 31 35 36 38 40 42 44 46 48 51 52 55 56 58 60 62 64 66 68 70 72 75:12996:302 105 148 88 1000 388 69 39 292 845 108 1410 348 132 460 505 628 56 112 152 410 25 453 1110 18 164 1260 21 426 237 285 282 725 39 168 18 168
2 3 5 8 9 11 14 16 17 19 22 23 25 27 29 31 34 36 38 40 42 44 46 48 51 52 55 56 58 60 62 64 66 68 70 72 75:13015:151 35 118 900 657 970 46 166 73 845 108 564 87 176 92 505 69 280 448 152 410 20 302 1110 72 123 756 28 426 1185 228 282 725 78 672 72 84
2 3 6 7 9 11 14 15 17 19 22 23 25 27 29 31 34 36 39 40 42 44 46 48 51 52 55 56 58 60 62 64 66 68 70 72 75:10196:151 70 222 132 438 194 69 39 73 507 216 564 435 44 460 202 345 224 90 456 246 20 604 444 36 123 1260 35 568 948 57 94 290 156 168 90 126
2 3 6 7 9 11 14 15 17 19 22 23 25 27 29 31 34 36 39 40 42 44 46 48 51 52 55 56 58 60 62 64 66 68 71 72 75:11336:302 175 370 220 1095 582 115 26 219 507 432 1128 435 176 184 202 138 112 45 760 246 10 453 222 90 41 252 28 426 948 57 470 435 117 144 90 84
2 3 6 7 10 11 14 15 17 19 22 23 25 27 29 31 34 36 39 40 42 44 46 48 51 52 55 56 58 60 62 64 66 68 71 72 75:11106:755 140 370 44 200 388 23 39 73 338 216 1410 348 220 184 303 276 168 180 456 410 15 302 666 36 41 504 14 284 948 285 188 580 156 288 90 168
2 3 6 7 9 11 14 15 17 19 22 23 25 27 29 31 34 36 39 40 42 44 46 48 50 52 55 56 58 60 62 64 66 68 70 72 75:10666:151 35 74 44 657 194 46 39 146 845 216 846 261 88 368 404 276 112 180 760 246 15 151 666 96 41 504 28 710 474 171 282 580 156 672 90 42
2 3 6 7 9 11 14 15 17 19 22 23 25 27 29 31 34 36 39 40 42 44 46 48 50 52 55 56 58 60 62 64 66 68 71 72 75:12608:604 175 296 220 876 776 115 39 73 845 540 1128 261 132 460 404 138 112 135 456 410 5 755 888 192 123 252 7 142 237 114 188 580 78 720 90 42
2 3 5 7 9 11 14 15 18 20 22 23 25 27 29 31 34 36 38 40 42 44 46 48 50 52 55 57 58 60 62 64 66 69 70 72 75:11500:604 105 118 176 1095 388 115 26 205 117 108 1410 174 44 460 505 138 56 448 304 82 15 453 444 240 41 504 309 710 237 228 376 145 688 168 54 210
2 3 5 7 9 12 14 15 18 20 22 23 25 27 29 31 34 36 38 40 42 44 46 48 50 52 55 57 58 60 62 64 66 69 70 72 75:12560:453 70 354 220 657 191 115 39 41 39 540 1128 348 220 276 303 69 168 112 152 328 20 755 666 96 82 252 1545 568 948 57 188 290 688 504 36 42
2 3 5 7 9 12 14 15 18 20 22 23 25 27 29 31 34 36 38 40 42 44 46 48 50 52 55 57 58 60 63 64 66 69 70 72 75:14423:151 70 236 220 657 191 69 52 82 195 432 1410 174 176 184 101 69 56 560 608 164 20 755 888 96 123 1260 1545 710 474 820 188 435 688 336 18 210
2 3 5 7 9 11 14 16 18 20 22 23 25 27 29 31 34 36 38 40 42 44 46 48 50 52 55 56 58 60 62 64 66 69 70 72 75:12313:302 175 118 44 657 776 46 664 82 156 108 564 261 44 276 101 276 224 224 760 82 20 453 666 192 205 1260 14 710 474 114 282 725 172 840 36 210
2 3 5 7 9 12 14 16 18 20 22 23 25 27 29 31 34 36 38 40 42 44 46 48 50 52 55 56 58 60 62 64 66 69 70 72 75:12713:302 175 236 176 657 764 115 830 82 78 108 1128 174 176 368 202 345 168 336 304 246 15 755 666 48 123 504 28 710 237 171 470 580 860 336 72 168
2 3 5 7 9 12 14 16 18 20 22 23 25 27 29 31 34 36 38 40 42 44 46 48 50 52 55 56 58 60 62 64 66 68 70 72 75:12361:453 35 472 220 876 955 23 664 82 117 540 1410 174 44 368 505 138 280 112 304 82 5 604 1110 144 82 252 14 710 237 57 376 145 39 504 18 210
2 3 5 7 10 11 14 16 18 20 22 23 25 27 29 31 34 36 39 40 42 44 46 48 51 52 55 56 58 60 62 64 66 68 70 72 75:11692:453 35 354 220 800 776 69 664 205 117 324 282 261 176 276 202 207 280 135 152 410 15 604 222 18 82 1008 7 568 1185 228 376 435 156 168 54 168
2 3 5 7 9 11 14 15 18 20 22 23 25 27 29 31 34 36 39 40 42 44 46 48 50 52 55 57 58 60 62 64 66 69 71 72 75:11755:604 140 472 44 219 970 46 65 123 156 324 846 261 88 460 202 207 224 180 456 328 15 604 222 48 205 1008 927 284 237 285 94 725 344 144 72 126
2 3 5 7 9 12 14 15 18 20 22 23 25 27 29 31 34 36 39 40 42 44 46 48 50 52 55 57 58 60 62 64 66 69 71 72 75:11230:755 35 354 220 438 573 69 65 164 78 432 564 435 88 184 202 69 56 90 304 410 10 151 222 240 123 1260 927 142 711 285 94 290 860 144 18 168
2 3 5 7 9 11 13 15 17 19 22 23 26 28 29 31 34 36 38 40 42 44 46 48 51 52 55 56 58 60 62 64 66 68 70 72 75:12843:453 140 236 88 219 582 198 13 146 507 540 564 178 1096 184 505 207 224 112 608 410 5 755 666 36 41 1008 35 284 711 114 376 435 195 672 90 210
2 3 5 7 9 11 14 15 17 19 22 23 26 28 29 31 34 36 38 40 42 44 46 48 51 52 55 56 58 60 62 64 66 68 70 72 75:11471:151 105 472 44 1095 582 69 13 146 676 540 1128 89 1096 368 101 207 168 224 152 246 5 453 444 54 205 252 21 426 711 228 94 435 117 168 18 168
2 3 6 7 9 11 13 15 17 19 22 23 26 27 29 31 34 36 39 40 42 44 46 48 50 52 55 56 58 60 62 64 66 68 71 72 75:10080:151 70 148 176 219 776 495 13 73 507 108 564 178 88 368 404 138 56 135 304 82 5 604 666 144 164 1260 7 142 237 57 376 435 78 720 90 42
2 3 6 7 9 11 13 15 17 19 22 23 26 27 29 31 35 36 39 40 42 44 46 48 50 52 55 56 58 60 62 64 66 68 70 72 75:10491:453 140 74 220 438 776 297 39 365 169 216 564 267 44 460 202 314 56 135 608 246 5 151 888 96 123 252 35 710 237 171 470 145 39 840 36 210
2 3 6 7 9 11 13 15 17 19 22 23 26 27 29 31 35 36 39 40 42 44 46 48 50 52 55 56 58 60 62 64 66 68 71 72 75:10362:755 35 370 220 219 194 198 39 219 169 432 846 356 44 368 101 942 168 45 152 246 20 453 444 96 164 504 14 710 237 114 188 580 156 432 90 42
2 3 5 7 9 11 13 16 17 19 22 23 25 28 29 31 34 36 38 40 43 44 46 49 50 52 54 56 58 61 62 64 67 68 70 73 74:11438:453 70 236 88 876 582 396 332 73 169 108 846 261 1370 184 202 345 280 448 456 44 25 302 676 144 205 363 35 284 56 171 94 164 78 504 422 96
2 3 5 7 9 11 13 16 17 19 22 23 25 27 29 31 34 36 38 40 43 44 46 49 50 52 54 56 58 61 62 64 67 68 70 73 74:9537:151 105 354 176 219 388 99 498 73 845 324 846 435 44 276 202 207 168 112 152 22 5 755 169 48 123 121 35 568 56 171 376 82 78 672 422 160
2 3 5 7 9 11 13 16 17 19 22 23 26 28 29 31 34 36 38 40 43 44 46 49 50 52 54 56 58 61 62 64 67 68 70 73 74:12123:302 70 236 176 657 582 396 830 73 845 540 1410 89 548 92 505 345 112 112 304 44 15 604 338 96 123 121 28 710 280 285 188 164 156 504 211 32
2 3 5 7 9 11 13 16 17 19 22 23 26 27 29 31 34 36 38 40 43 44 46 49 50 52 54 56 58 61 62 64 67 68 70 73 74:12268:755 70 590 132 438 582 297 498 146 338 216 1128 267 132 276 404 138 224 336 152 55 5 604 676 96 82 484 28 426 224 285 282 205 117 672 844 64
2 3 5 7 9 12 13 15 17 20 21 24 25 28 29 33 34 36 38 40 42 44 47 48 51 52 54 56 58 60 62 64 66 68 70 73 74:14429:604 175 354 132 1095 955 297 39 146 39 132 546 87 274 276 1010 138 224 336 760 82 15 1395 666 36 205 605 21 568 474 285 470 435 195 840 422 96
2 3 5 7 10 12 13 15 17 19 21 24 25 28 29 33 34 36 38 40 42 44 46 48 50 52 54 56 58 60 62 64 66 68 70 73 74:12159:302 35 236 88 600 382 396 52 292 845 198 182 174 1096 184 1010 207 56 112 760 82 5 604 666 48 82 605 21 142 711 114 470 145 78 840 211 128
2 3 5 7 9 12 13 15 17 20 21 24 25 28 29 33 34 36 38 40 42 44 47 48 50 52 54 56 58 60 62 64 66 68 70 73 74:11579:755 140 236 44 657 382 396 65 73 156 330 546 87 822 368 808 69 168 112 152 82 25 279 444 240 41 605 35 426 1185 171 94 580 195 504 211 96
2 3 5 7 9 11 13 15 17 19 21 23 25 28 29 33 34 36 38 40 42 44 46 48 50 52 54 56 58 60 62 65 67 68 70 73 74:12598:755 105 354 44 438 776 396 26 146 169 132 1128 435 822 368 606 345 56 224 304 410 15 755 222 96 164 484 35 426 711 114 626 82 39 336 422 32
2 3 5 7 9 12 13 15 17 20 21 24 25 28 29 33 34 36 38 40 42 44 47 48 51 52 54 56 58 60 62 64 66 68 70 72 74:9440:151 70 236 176 438 573 99 26 365 78 264 182 174 822 368 202 69 224 112 304 328 5 1395 222 18 123 121 14 284 711 57 470 145 156 336 90 32
2 3 5 7 9 12 13 16 17 20 21 24 25 28 29 33 34 36 38 40 42 44 47 48 51 52 54 56 58 60 62 64 66 68 70 72 74:10682:453 105 236 88 219 955 198 498 146 39 264 182 261 548 368 606 345 280 112 304 328 10 1116 666 54 164 484 28 142 237 171 282 290 117 168 90 128
2 3 5 7 9 11 13 15 17 19 21 23 25 28 29 31 34 36 38 40 42 44 46 48 51 52 54 56 58 60 62 65 67 68 70 73 74:13635:453 140 354 88 219 776 99 52 219 676 198 846 261 822 92 101 69 224 448 608 246 5 755 888 90 205 363 35 284 237 171 1252 205 195 840 1055 64
2 3 5 7 9 11 13 15 17 19 21 23 25 28 29 31 34 36 38 40 42 44 46 48 51 52 54 56 58 60 63 64 67 68 70 73 74:12155:453 105 236 88 657 388 495 13 365 845 264 282 261 1096 276 303 69 280 448 152 164 25 755 222 54 205 484 28 568 237 164 470 164 156 168 1055 160
2 3 5 7 9 11 13 15 17 20 21 23 25 28 29 31 34 36 38 40 42 44 47 48 51 52 54 56 58 60 62 64 67 68 70 73 74:12176:302 70 472 220 438 970 99 39 146 78 264 1410 261 1370 92 404 69 56 560 456 164 20 837 666 36 41 484 35 426 474 57 188 123 195 168 422 64
2 3 5 7 9 11 13 15 17 20 21 23 25 28 29 31 34 36 38 40 42 44 47 48 50 52 54 56 58 60 62 64 67 68 70 73 74:13401:604 105 590 176 1095 582 198 26 146 78 66 1410 435 822 460 404 345 112 560 152 82 25 279 888 96 205 121 21 568 474 57 282 205 195 840 633 64
2 3 5 7 9 11 13 16 17 20 21 23 25 28 29 31 34 36 38 40 42 44 47 48 50 52 54 56 58 60 62 64 67 68 70 73 74:12940:604 140 472 220 438 582 396 664 365 117 132 564 348 1370 92 404 69 224 224 456 328 15 558 222 240 123 605 21 284 474 171 470 41 156 168 1055 128
2 4 5 7 9 11 13 15 17 19 21 23 25 28 29 33 34 36 38 40 42 44 46 48 51 52 54 56 58 60 62 64 67 68 70 73 74:11840:604 41 354 220 438 582 99 52 365 507 66 1410 261 274 276 606 69 168 224 304 246 5 604 666 90 82 605 35 426 711 57 94 82 195 504 422 96
2 4 5 7 9 11 13 15 17 19 21 23 25 28 29 33 34 36 38 40 42 44 46 48 51 52 54 56 58 60 63 64 67 68 70 73 74:12943:755 205 472 176 219 970 396 65 146 338 330 282 87 1096 460 404 138 224 336 608 246 15 453 1110 72 41 363 7 142 474 164 470 82 78 336 1055 128
2 4 5 7 9 11 13 15 17 19 21 23 25 28 29 33 34 36 38 40 42 44 46 48 50 52 54 56 58 60 62 64 67 68 70 73 74:12695:755 205 118 44 438 582 198 65 365 676 264 1128 174 274 92 1010 345 224 224 304 246 20 453 888 240 41 484 14 710 711 171 188 123 78 504 211 128
2 4 5 7 9 11 13 15 17 19 21 23 25 28 29 31 34 36 38 40 42 44 46 48 51 52 54 56 58 60 62 64 67 68 70 73 74:10471:453 164 354 44 219 194 99 65 73 676 330 282 435 274 460 202 276 56 112 152 410 20 604 1110 36 164 121 14 710 711 285 376 205 78 336 211 160
2 4 5 7 9 11 13 15 17 19 21 23 25 28 29 31 34 36 38 40 42 44 46 48 51 52 54 56 58 60 63 64 67 68 70 73 74:10297:453 164 590 88 219 776 99 39 365 338 264 1128 348 822 184 202 207 168 112 152 328 5 151 222 90 41 484 7 426 237 492 188 123 78 336 211 160
2 3 5 7 9 12 13 16 18 20 21 24 25 28 29 33 34 36 38 40 42 44 46 48 51 52 54 56 58 60 62 64 66 68 70 72 74:12797:151 175 354 220 1095 955 198 830 205 117 198 364 261 1096 368 808 207 56 224 152 246 25 151 888 90 41 242 7 284 237 285 470 725 78 840 90 64
2 3 5 7 9 12 13 16 18 20 21 24 25 28 29 33 34 36 38 40 42 44 47 48 51 52 54 56 58 60 62 64 66 68 70 72 74:12343:453 175 236 220 1095 191 297 664 82 195 66 728 348 1370 460 606 276 112 224 152 164 15 1116 222 72 82 242 21 284 474 114 94 580 195 504 54 160
2 3 5 7 9 12 13 16 18 20 21 24 25 28 29 33 34 36 38 40 42 44 46 48 50 52 54 56 58 60 62 64 66 68 70 72 74:11778:302 140 118 88 438 191 297 830 164 117 66 364 87 1096 460 404 69 280 224 152 164 5 604 1110 240 41 484 28 710 474 285 376 435 195 672 36 32
2 3 5 7 9 12 13 16 18 20 21 24 25 28 29 33 34 36 38 40 42 44 47 48 50 52 54 56 58 60 62 64 66 68 70 72 74:11591:453 35 590 176 219 382 297 664 123 39 132 728 174 548 184 808 207 168 224 152 164 25 837 444 192 205 121 14 568 1185 114 94 580 195 336 54 160
2 3 5 7 9 12 13 16 18 20 21 24 25 28 29 31 34 36 38 40 42 44 46 48 51 52 54 56 58 60 62 64 66 68 70 73 74:12771:151 140 354 220 876 764 297 664 41 195 330 910 174 1370 92 202 207 112 112 152 328 20 151 888 90 123 121 35 710 474 285 470 145 156 504 844 64
2 3 5 7 9 11 13 16 18 20 21 24 25 28 29 31 34 36 38 40 42 44 47 48 50 52 54 56 58 60 62 64 66 68 70 73 74:13892:755 70 590 132 438 388 99 830 123 39 66 546 348 1370 184 202 276 168 224 456 246 20 1116 888 192 82 363 35 426 1185 57 188 290 78 840 422 160
2 3 5 7 9 12 13 16 18 20 21 23 25 28 29 31 34 36 38 40 42 44 47 48 50 52 54 56 58 60 62 64 66 69 70 72 74:11733:302 140 118 44 876 382 297 498 164 78 330 564 261 1096 276 202 207 224 336 760 246 10 837 222 48 82 121 7 284 711 285 188 435 516 336 90 160
2 3 5 7 9 11 13 15 17 19 21 24 25 28 29 33 34 37 38 40 42 44 46 49 50 52 54 56 58 60 62 64 66 68 70 72 74:12763:453 105 354 44 657 582 396 52 146 845 330 728 174 274 92 808 345 348 448 456 410 10 453 676 48 205 363 14 284 1185 228 470 145 195 336 72 32
2 3 5 7 9 11 13 16 18 20 21 23 25 28 29 31 34 36 38 40 42 44 46 49 50 52 54 56 58 60 62 64 67 68 70 73 74:13797:604 140 472 176 1095 194 495 830 123 117 198 1128 348 822 184 404 345 280 224 760 410 25 755 338 240 205 121 21 568 711 57 188 205 117 168 633 96
2 3 5 7 9 11 13 16 18 20 21 23 25 28 29 31 34 36 38 40 42 44 47 49 50 52 54 56 58 60 62 64 67 68 70 73 74:13569:755 35 472 88 876 970 99 664 41 195 66 564 348 274 276 404 276 168 560 760 164 15 1395 676 240 123 363 7 568 948 57 282 41 156 336 211 96
2 4 5 8 9 11 13 15 17 19 21 24 25 28 30 33 34 36 38 40 42 44 46 48 51 52 54 56 58 60 62 64 66 68 71 73 74:10087:302 123 354 225 219 776 198 13 146 169 66 910 435 274 69 404 207 112 336 152 328 10 453 222 18 205 242 35 568 474 171 94 435 117 432 633 160
2 4 6 8 9 11 13 15 17 19 21 24 25 28 30 33 35 36 38 40 42 44 46 48 51 52 54 56 58 60 62 64 66 68 71 73 74:15824:755 123 148 900 657 388 99 13 292 676 198 364 261 822 46 808 1570 112 560 760 328 10 755 888 18 41 605 35 710 1185 57 94 580 195 432 211 128
2 4 5 7 10 11 13 15 17 19 21 24 25 28 30 33 34 36 38 40 42 44 46 48 50 52 54 56 58 60 62 64 66 68 71 73 74:11170:151 164 236 132 400 388 198 52 292 507 132 364 348 274 92 1010 345 224 224 608 164 15 604 666 144 41 363 35 426 237 114 376 435 117 288 844 160
2 4 6 7 10 11 13 15 17 19 21 24 25 28 30 33 35 36 38 40 42 44 46 48 50 52 54 56 58 60 62 64 66 68 71 73 74:15121:755 205 370 44 400 970 99 13 292 845 132 364 174 1370 46 1010 628 168 560 608 410 15 604 444 144 164 363 21 710 1185 171 282 290 117 144 844 160
2 4 5 8 9 11 13 15 17 19 21 24 25 28 30 31 34 36 38 40 42 44 46 48 51 52 54 56 58 60 62 64 66 68 71 73 74:12162:302 123 590 450 1095 582 495 26 146 169 264 182 174 274 69 303 207 56 448 152 246 15 453 1110 90 205 242 35 284 1185 171 94 435 195 144 1055 96
2 4 6 8 9 11 13 15 17 19 21 24 25 28 30 31 35 36 38 40 42 44 46 48 51 52 54 56 58 60 62 64 66 68 71 73 74:13643:302 41 370 900 219 970 396 13 73 338 66 182 435 274 92 404 942 56 448 760 410 15 755 1110 90 82 121 35 142 1185 114 376 580 39 432 844 32
2 4 5 7 10 11 13 15 17 19 21 24 25 28 30 31 34 36 38 40 42 44 46 48 50 52 54 56 58 60 62 64 66 68 71 73 74:13700:302 123 236 44 1000 194 495 52 292 676 264 728 435 1370 23 404 276 168 336 760 82 20 604 1110 96 164 484 28 426 711 228 188 290 39 144 844 64
2 4 6 7 10 11 13 15 17 19 21 24 25 28 30 31 35 36 38 40 42 44 46 48 50 52 54 56 58 60 62 64 66 68 71 73 74:11769:151 41 74 88 400 388 99 52 146 676 66 546 435 1370 115 101 314 56 336 760 164 20 151 666 96 164 363 35 710 1185 285 470 580 39 288 211 128
2 3 5 8 9 12 14 16 17 19 21 23 25 28 29 31 34 36 38 40 42 44 46 48 51 52 54 56 58 60 62 64 66 69 71 72 74:12102:302 105 236 450 438 382 92 830 292 338 198 846 261 548 276 505 345 168 560 152 410 10 604 222 18 205 605 35 284 237 171 470 725 172 432 18 160
2 3 5 7 10 12 14 15 17 19 21 23 25 28 29 31 35 36 38 40 42 44 46 48 50 52 54 56 58 60 62 64 66 69 71 72 74:13962:151 140 118 132 600 191 46 52 292 169 198 1128 261 1096 276 202 1570 56 224 760 410 15 755 888 144 205 484 21 284 1185 114 188 725 688 144 18 32
2 4 5 8 9 11 14 15 17 19 21 24 25 28 29 33 34 36 38 40 42 44 46 48 51 52 54 57 58 60 62 64 66 69 71 72 74:14331:151 164 236 450 438 970 92 65 219 507 198 546 435 822 276 202 276 56 336 760 410 20 755 444 18 82 484 1545 284 474 228 376 580 516 720 36 160
2 4 5 7 10 11 14 15 17 19 21 24 25 28 29 33 34 36 38 40 42 44 46 48 51 52 54 57 58 60 62 64 66 69 71 72 74:13197:453 123 354 132 800 776 69 52 365 169 132 910 174 274 184 202 69 224 336 304 328 10 755 1110 90 82 242 1236 710 948 285 282 145 516 288 36 32
2 4 5 8 9 11 14 16 17 19 21 24 25 28 29 33 34 36 38 40 42 44 46 48 51 52 54 57 58 60 62 64 66 69 71 72 74:11626:151 82 354 900 657 582 23 498 146 507 264 728 435 274 184 202 207 56 224 152 246 10 453 444 54 205 242 309 426 1185 228 94 290 516 144 90 64
2 4 5 8 9 11 14 16 17 19 21 24 25 28 29 31 34 36 38 40 42 44 46 48 51 52 54 56 58 60 62 64 66 69 71 73 74:12238:604 82 590 675 1095 582 46 830 146 676 198 364 174 274 184 505 345 112 112 152 246 25 604 666 72 205 242 14 142 237 171 376 145 688 288 211 160
2 4 5 8 9 11 14 16 17 19 21 24 25 28 29 31 34 36 38 40 42 44 46 48 51 52 54 57 58 60 62 64 66 69 71 72 74:14011:151 82 354 675 1095 388 115 664 73 507 264 364 87 274 276 303 138 224 112 608 410 5 755 888 54 41 242 927 710 1185 114 188 580 860 144 90 64
2 3 5 7 10 12 14 15 17 19 21 23 25 28 29 31 35 36 39 40 42 44 46 48 51 52 54 56 58 60 62 64 66 69 71 72 74:11103:151 70 472 176 200 191 92 39 292 676 132 282 87 1096 276 202 942 224 45 456 328 5 453 666 36 205 605 21 568 237 171 470 725 172 144 36 160
2 3 5 7 10 12 14 16 18 20 21 23 25 28 29 31 34 36 38 40 42 44 46 48 51 52 54 56 58 60 62 64 66 69 71 72 74:12428:151 70 590 44 200 955 69 664 123 156 330 846 87 1096 92 303 345 112 112 608 246 5 302 444 36 123 605 35 284 948 57 470 580 516 720 72 32
2 3 5 7 9 12 14 16 18 20 21 23 25 28 29 31 34 36 38 40 42 44 47 48 50 52 54 56 58 60 62 64 66 69 70 72 74:13676:755 140 354 176 876 955 92 830 123 117 330 846 174 822 276 505 69 168 448 304 410 25 837 1110 48 164 605 28 426 237 57 282 145 688 168 54 32
2 4 5 7 10 12 14 16 18 20 21 24 25 28 29 33 34 36 38 40 42 44 46 48 51 52 54 57 58 60 62 64 66 69 71 72 74:12860:151 123 354 88 600 191 69 498 82 117 198 910 435 1096 184 404 207 280 112 304 164 20 302 888 54 205 484 1236 142 1185 228 94 435 344 576 36 64
2 4 5 7 10 12 14 16 18 20 21 24 25 28 29 31 34 36 38 40 42 44 46 48 51 52 54 56 58 60 62 64 66 69 71 73 74:12292:302 205 590 44 400 764 46 166 205 195 198 728 174 1096 276 202 207 168 224 608 246 25 604 888 54 41 242 28 426 1185 57 94 725 172 432 211 64
2 4 5 7 10 12 14 16 18 20 21 24 25 28 29 31 34 36 38 40 42 44 46 48 51 52 54 57 58 60 62 64 66 69 71 72 74:15326:453 205 472 176 1000 955 92 664 82 156 330 910 174 1370 92 404 69 112 560 152 410 20 302 888 90 205 121 1545 284 1185 285 470 145 172 576 72 128
2 3 5 7 9 11 13 15 17 19 21 23 25 28 29 31 35 36 38 40 42 44 46 48 51 52 55 56 58 60 63 64 66 69 70 72 74:14653:453 35 236 220 219 776 495 13 219 845 330 564 435 548 184 101 1570 168 112 152 82 10 755 444 18 123 504 14 710 1185 492 470 725 860 504 18 64
2 3 5 7 9 11 13 15 17 20 21 23 25 28 29 31 34 37 38 40 42 44 47 48 50 52 55 56 58 60 62 64 66 69 70 72 74:11654:604 35 236 88 438 388 396 13 73 156 264 846 261 274 184 404 207 348 224 152 410 10 837 666 240 82 504 35 142 948 228 470 725 516 168 18 64
2 3 5 7 9 12 13 16 18 20 21 23 25 28 29 31 34 36 38 40 42 44 46 48 51 52 55 56 58 60 62 64 66 69 70 72 74:13327:755 175 236 176 876 955 495 166 82 156 264 846 87 822 276 404 69 168 448 760 82 5 151 222 72 41 1260 7 426 474 114 376 725 688 336 36 96
2 3 5 7 9 12 13 16 18 20 21 23 25 28 29 31 34 36 38 40 42 44 47 48 50 52 55 56 58 60 62 64 66 69 70 72 74:11425:302 105 472 44 438 955 99 166 123 195 132 846 435 274 92 505 276 56 224 304 246 20 837 444 192 164 1008 28 710 237 228 470 290 172 168 72 96
2 3 5 7 9 11 13 15 17 19 21 23 25 28 29 31 34 37 38 40 42 44 46 49 50 52 55 56 58 60 62 64 66 69 70 72 74:13038:151 70 354 176 438 388 495 52 73 845 330 564 435 1370 368 101 69 87 448 608 246 5 151 845 48 164 1008 14 426 474 228 376 435 860 168 72 96
2 3 5 8 9 12 14 16 17 19 21 23 25 28 29 31 34 36 38 40 42 44 46 48 51 52 55 56 58 60 62 64 66 69 71 72 74:12511:453 140 472 1125 219 382 69 664 219 676 132 282 87 1096 460 202 207 112 112 152 164 20 151 666 18 41 1008 7 284 237 114 470 290 860 720 72 128
2 3 5 7 9 12 14 16 17 20 21 23 25 28 29 31 34 36 38 40 42 44 47 48 51 52 55 56 58 60 62 64 66 69 70 72 74:10906:302 140 354 44 1095 764 23 166 73 78 198 282 174 1096 276 404 345 224 112 152 246 5 279 222 36 82 504 7 142 237 228 376 290 860 840 90 160
2 3 5 7 10 12 14 15 17 19 21 23 25 28 29 31 35 36 38 40 42 44 46 48 50 52 55 56 58 60 62 64 66 69 71 72 74:11371:453 140 354 176 800 573 92 26 146 845 330 282 87 274 184 101 942 112 112 152 246 15 453 1110 240 41 252 14 142 711 171 282 435 172 720 90 96
2 3 5 7 10 12 14 15 17 19 21 23 25 28 29 31 35 36 39 40 42 44 46 48 51 52 55 56 58 60 62 64 66 69 71 72 74:13430:604 175 590 132 200 573 46 52 73 676 264 846 261 548 460 303 1570 280 180 304 164 20 453 222 18 123 756 28 426 1185 171 376 435 172 576 72 96
2 3 5 7 9 12 14 16 18 20 21 23 25 28 29 31 34 36 38 40 42 44 46 48 51 52 55 56 58 60 62 64 66 69 70 72 74:13026:755 70 354 132 438 955 23 498 41 195 264 1128 174 548 184 303 138 224 336 152 246 25 453 1110 90 82 1260 35 284 237 57 376 435 516 840 36 32
2 3 5 7 10 12 14 16 18 20 21 23 25 28 29 31 34 36 38 40 42 44 46 48 51 52 55 56 58 60 62 64 66 69 71 72 74:10944:604 105 236 44 200 955 115 498 123 117 198 564 261 274 368 303 138 224 112 456 410 20 302 222 36 164 756 14 710 237 171 94 725 688 432 36 32
2 3 5 7 9 12 14 16 18 20 21 23 25 28 29 31 34 36 38 40 42 44 46 48 50 52 55 56 58 60 62 64 66 69 71 72 74:12647:151 140 236 176 876 764 46 830 164 117 66 846 435 822 92 505 138 168 448 152 410 5 151 888 96 205 756 14 284 237 285 94 580 860 432 18 160
2 3 5 7 9 12 14 16 18 20 21 23 25 28 29 31 34 36 38 40 42 44 47 48 50 52 55 56 58 60 62 64 66 69 70 72 74:12289:302 35 118 220 438 191 115 498 82 39 198 1410 174 548 92 404 138 112 112 152 82 25 1395 1110 96 41 756 14 568 474 285 188 435 688 672 18 64
2 3 5 7 9 12 14 16 18 20 21 23 25 28 29 31 34 36 39 40 42 44 46 48 51 52 55 56 58 60 62 64 66 69 71 72 74:13347:755 105 236 132 219 955 46 830 205 117 198 564 348 1370 184 505 69 224 45 456 246 15 453 666 18 82 504 28 284 711 171 282 580 860 720 36 128
2 3 5 7 9 12 13 15 17 20 21 24 25 27 29 33 34 36 38 40 42 44 47 48 51 52 54 56 58 60 62 64 66 68 70 73 74:13412:755 35 472 220 219 573 198 65 73 117 330 182 348 132 368 606 69 224 224 152 410 20 1395 888 18 123 363 28 568 1185 285 282 435 195 672 1055 128
2 3 5 7 9 12 13 15 17 20 21 24 25 27 29 33 34 36 38 40 43 44 47 48 51 52 54 56 58 60 62 64 66 68 70 73 74:12960:453 140 472 176 1095 573 495 26 219 195 330 728 348 88 184 1010 69 168 224 304 55 15 558 666 54 41 605 14 710 948 57 94 435 117 840 422 32
2 3 5 7 10 12 13 15 17 19 21 24 25 27 29 33 34 36 38 40 43 44 46 48 50 52 54 56 58 60 62 64 66 68 70 73 74:13092:604 140 118 88 600 764 495 52 292 845 132 910 435 88 276 1010 138 56 336 304 22 10 453 1110 192 123 605 7 568 948 285 188 145 78 336 211 128
2 3 5 7 9 12 13 15 17 20 21 24 25 27 29 33 34 36 38 40 43 44 47 48 50 52 54 56 58 60 62 64 66 68 70 73 74:11381:302 105 590 44 219 764 495 39 292 117 198 546 174 176 368 808 345 168 112 304 11 25 1116 444 144 205 121 28 568 237 285 282 435 156 672 422 64
2 3 5 7 9 12 13 15 17 19 21 23 25 27 29 33 34 36 38 40 42 44 46 48 51 52 54 56 58 60 62 64 67 68 70 73 74:12571:302 175 236 44 1095 382 99 13 365 507 330 846 348 132 92 1010 207 280 448 760 82 10 302 666 90 123 121 7 710 948 57 94 82 39 840 633 96
2 3 5 7 9 12 13 15 17 20 21 23 25 27 29 33 34 36 38 40 42 44 47 48 51 52 54 56 58 60 62 64 67 68 70 73 74:12027:453 105 354 88 1095 191 396 65 73 156 132 1128 261 44 92 606 138 56 336 608 246 20 1395 444 90 41 363 21 426 237 285 470 123 195 840 422 32
2 3 5 7 9 12 13 15 17 20 21 23 25 27 29 33 34 36 38 40 43 44 47 48 51 52 54 56 58 60 62 64 67 68 70 73 74:11737:151 35 236 220 1095 382 99 39 365 78 66 282 261 44 92 606 69 168 112 608 22 10 1395 1110 90 164 242 21 568 711 171 282 164 156 504 1055 64
2 3 6 7 9 11 13 15 17 19 21 23 25 27 29 33 35 36 38 40 42 44 46 48 50 52 54 56 58 60 62 65 67 68 70 73 74:10649:151 175 370 44 219 582 297 26 146 169 330 564 174 176 368 808 628 224 448 304 164 15 302 444 144 205 363 28 284 474 171 313 164 78 504 633 160
2 3 5 7 9 12 13 15 17 20 21 23 25 27 29 33 34 36 38 40 42 44 47 48 50 52 54 56 58 60 62 64 67 68 70 73 74:11903:302 70 354 176 876 382 297 65 73 39 330 1410 174 220 184 404 69 112 224 152 164 10 279 1110 240 205 242 21 142 1185 285 188 123 195 840 633 128
2 3 5 7 9 12 13 15 17 20 21 23 25 27 29 33 34 36 38 40 43 44 47 48 50 52 54 56 58 60 62 64 67 68 70 73 74:9839:151 70 118 44 438 764 396 13 219 195 66 564 87 220 276 1010 69 280 448 304 33 25 558 222 48 164 484 35 426 474 285 282 164 117 336 422 32
2 3 5 7 9 11 13 15 17 19 21 24 25 27 29 31 34 36 38 40 43 44 46 48 51 52 54 57 58 60 62 65 66 69 70 73 74:11601:302 35 236 88 1095 776 396 13 365 676 330 182 435 176 92 202 207 56 224 456 33 20 755 222 18 205 121 309 568 237 285 626 580 172 168 844 96
2 3 5 7 9 11 13 15 17 19 21 24 25 27 29 31 34 36 38 40 43 44 46 48 51 53 54 57 58 60 62 65 66 69 70 73 74:14703:604 175 590 220 876 970 99 39 292 507 132 182 348 88 92 101 276 280 112 608 33 15 453 444 90 139 605 1236 426 948 114 1252 580 344 672 633 128
2 3 5 7 9 12 13 15 17 20 21 24 25 27 29 31 34 36 38 40 43 44 47 48 51 52 54 56 58 60 62 64 66 68 70 73 74:10018:755 175 472 132 657 382 297 39 219 117 264 546 174 176 460 101 345 168 560 152 11 15 558 444 36 41 484 28 142 948 57 94 145 117 336 211 160
2 3 5 7 9 11 13 15 17 20 21 24 25 27 29 31 34 36 38 40 43 44 47 48 51 52 54 56 58 60 62 65 66 68 70 73 74:10882:755 70 590 44 876 776 396 26 219 39 132 910 174 88 92 505 207 56 224 152 33 10 279 666 54 82 363 14 426 237 285 939 145 39 672 211 96
2 3 5 7 9 12 13 15 17 20 21 24 25 27 29 31 34 36 38 40 43 44 47 48 51 52 54 56 58 60 62 65 66 68 70 73 74:10975:604 140 590 44 438 573 198 39 365 117 198 546 435 44 368 101 276 168 224 608 44 15 1116 222 72 41 484 21 284 237 285 626 580 39 168 633 32
2 3 5 7 9 11 13 15 17 19 21 24 25 27 29 31 34 36 38 40 43 44 46 48 50 52 54 57 58 60 62 65 66 69 70 73 74:14451:453 140 354 220 657 776 495 65 73 169 330 364 348 132 460 101 345 280 224 760 22 10 302 444 192 41 484 1236 284 474 228 1252 580 344 840 844 128
2 3 5 7 9 11 13 15 17 19 21 24 25 27 29 31 34 36 38 40 43 44 46 48 50 53 54 57 58 60 62 65 66 69 70 73 74:10592:302 140 590 44 657 194 198 52 219 169 132 182 261 44 184 404 69 56 224 152 44 15 755 888 96 556 242 1236 426 474 57 313 290 516 168 211 32
2 3 6 7 9 11 13 15 17 19 21 24 25 27 29 31 35 36 38 40 42 44 46 48 50 52 54 56 58 60 62 65 66 69 70 73 74:13344:604 70 370 44 876 582 198 39 73 169 132 546 174 44 184 404 1570 168 448 152 164 15 453 888 96 164 363 35 426 474 114 626 580 172 840 1055 32
2 3 5 7 9 12 13 16 17 19 21 24 25 27 29 31 34 36 38 40 43 44 46 48 50 52 54 56 58 60 62 65 66 69 70 73 74:13846:604 70 236 132 219 955 198 664 219 845 66 910 87 176 368 505 138 168 224 304 33 5 302 666 96 205 605 35 710 948 228 939 580 688 168 422 128
2 3 6 7 9 11 13 15 17 19 21 24 25 27 29 31 35 36 38 40 43 44 46 48 50 52 54 56 58 60 62 65 66 68 70 73 74:14672:453 175 370 220 876 970 99 26 219 507 264 182 174 132 368 202 1570 224 448 760 44 5 453 444 192 205 605 7 284 948 57 1565 145 78 672 633 96
2 3 5 7 9 11 13 15 17 20 21 24 25 27 29 31 34 36 38 40 43 44 47 48 50 52 54 56 58 60 62 65 66 69 70 73 74:11972:453 70 472 220 219 582 99 52 73 39 198 364 348 176 460 101 345 224 224 456 55 5 1116 222 96 123 605 7 426 711 57 626 580 860 336 844 128
2 3 5 7 9 11 13 15 17 20 21 24 25 27 29 31 34 36 38 40 43 44 47 48 50 52 54 56 58 60 62 65 66 68 70 73 74:11729:604 70 472 220 438 582 99 39 292 78 330 364 87 220 368 303 138 56 112 456 55 10 1116 666 48 205 242 7 426 1185 228 313 145 39 840 844 32
2 3 5 7 9 12 13 15 17 20 21 24 25 27 29 31 34 36 38 40 43 44 47 48 50 52 54 56 58 60 62 65 66 68 70 73 74:13023:755 105 354 220 1095 191 99 52 292 195 66 910 261 176 368 303 207 56 560 608 11 5 1116 666 48 41 242 35 142 474 171 939 725 195 336 844 160
2 3 5 7 9 12 13 15 17 20 21 23 25 27 29 31 34 36 38 40 42 44 47 48 51 52 54 56 58 60 62 64 67 68 70 73 74:12559:302 105 236 44 1095 382 495 26 73 117 264 1410 348 220 276 202 207 280 224 456 410 5 1395 666 90 82 605 7 568 474 57 282 41 39 168 844 64
2 3 5 7 9 11 13 16 17 20 21 23 25 27 29 31 34 36 38 40 43 44 47 48 51 52 54 56 58 60 62 64 67 68 70 73 74:13043:604 140 590 44 1095 194 198 166 365 117 66 1410 261 44 276 101 207 280 112 304 22 25 1395 666 18 164 484 28 142 948 228 94 205 195 672 1055 128
2 3 6 7 9 11 13 15 17 19 21 23 25 27 29 31 34 36 38 40 42 44 46 48 50 52 54 56 58 60 62 65 67 68 71 73 74:12171:151 175 370 220 1095 776 297 52 365 676 198 282 87 44 92 404 69 224 560 760 246 25 151 1110 240 164 121 21 710 474 114 313 205 117 144 1055 64
2 3 6 7 9 11 13 15 17 19 21 23 25 27 29 31 35 36 38 40 42 44 46 48 50 52 54 56 58 60 62 65 67 68 70 73 74:11841:755 175 222 44 1095 776 396 26 292 338 198 846 87 132 368 404 942 56 448 304 246 10 755 222 48 82 121 21 284 237 114 313 123 117 336 844 64
2 4 6 7 9 11 13 15 17 19 21 23 25 27 29 33 34 36 38 40 42 44 46 48 50 52 54 56 58 60 62 64 67 68 71 73 74:10140:453 123 370 44 657 388 495 26 146 338 264 1128 261 220 184 202 138 56 112 304 164 15 302 444 240 164 484 21 142 948 228 282 82 117 144 422 32
2 4 5 7 9 12 13 15 17 20 21 23 25 27 29 33 34 36 38 40 42 44 47 48 50 52 54 56 58 60 62 64 67 68 71 73 74:12729:151 82 354 44 657 573 396 26 292 195 264 846 261 44 460 606 276 224 448 304 328 5 1395 1110 192 164 605 21 284 474 228 376 123 195 144 422 160
2 4 5 7 9 11 13 15 17 19 21 23 25 27 29 31 34 36 38 40 42 44 46 48 51 52 54 56 58 60 62 65 67 68 70 73 74:11197:755 41 472 88 657 582 198 39 292 169 66 1128 174 44 368 505 276 224 448 152 328 20 604 222 54 41 363 7 284 237 285 313 82 78 840 633 128
2 4 5 7 9 11 13 15 17 19 21 23 25 27 29 32 34 36 38 40 42 44 46 48 51 52 54 56 58 60 62 65 67 68 70 73 74:12751:453 164 236 220 219 582 495 39 292 338 330 1410 174 44 368 112 138 224 336 152 410 15 604 1110 18 164 363 7 142 1185 114 313 205 195 672 844 64
2 4 5 7 9 11 13 16 17 19 21 23 25 27 29 31 34 36 38 40 43 44 46 48 51 52 54 56 58 60 62 64 67 68 70 73 74:12138:453 123 236 220 657 388 99 830 219 338 132 1410 348 220 276 505 207 280 336 304 22 25 755 444 90 82 242 21 426 711 228 94 41 39 672 633 32
2 4 6 7 9 11 13 15 17 19 21 23 25 27 29 31 34 36 38 40 42 44 46 48 50 52 54 56 58 60 62 64 67 68 71 73 74:11325:453 123 296 220 219 582 396 13 73 676 330 282 87 44 184 505 276 112 560 456 410 25 302 444 240 123 363 28 142 1185 285 470 41 78 720 422 160
2 4 5 7 9 11 13 15 17 19 21 23 25 27 29 31 34 36 38 40 42 44 46 48 50 52 54 56 58 60 62 65 67 68 70 73 74:10985:151 41 472 88 438 194 297 26 146 676 264 1410 261 44 368 505 138 224 224 304 410 15 302 222 48 123 121 21 426 474 171 626 123 156 504 844 128
2 4 5 7 9 11 13 15 17 19 21 23 25 27 29 32 34 36 38 40 42 44 46 48 50 52 54 56 58 60 62 65 67 68 70 73 74:11841:755 82 236 220 438 388 396 13 146 507 330 564 435 220 368 84 276 56 112 456 82 15 755 888 48 205 484 7 426 474 228 939 205 117 336 422 128
2 4 5 7 9 12 13 15 17 20 21 23 25 27 29 31 34 36 38 40 42 44 47 48 50 52 54 56 58 60 62 64 67 68 71 73 74:11940:604 205 118 220 657 573 297 65 292 117 264 1410 87 132 276 202 69 56 448 152 82 25 558 444 48 205 605 21 710 948 114 376 82 39 288 1055 96
2 3 5 7 9 11 13 15 17 19 21 24 25 27 29 31 34 36 39 40 43 44 46 48 51 52 54 57 58 60 62 65 66 69 70 73 74:12428:453 140 590 44 876 388 198 39 73 338 66 364 87 176 184 202 207 168 180 304 22 20 453 1110 90 123 121 927 142 474 285 939 725 172 840 844 64
2 3 5 7 9 11 13 15 17 19 21 24 25 27 29 31 35 36 39 40 42 44 46 48 51 52 54 56 58 60 62 65 66 69 71 73 74:11949:755 70 590 88 1095 388 495 39 292 338 132 728 87 88 184 101 314 280 90 760 246 5 604 444 18 41 363 35 142 474 285 626 145 344 144 1055 64
2 3 6 7 9 11 13 15 17 19 21 24 25 27 29 31 35 36 39 40 42 44 46 48 51 52 54 56 58 60 62 65 66 69 70 73 74:12211:151 35 74 132 219 582 297 52 146 338 330 364 435 88 460 303 628 112 135 304 328 10 151 1110 54 205 605 7 142 711 57 1565 435 688 504 422 32
2 3 5 7 9 11 13 15 17 19 21 24 25 27 29 31 34 36 39 41 42 44 46 48 51 52 54 56 58 60 63 65 66 69 71 73 74:13235:151 175 118 220 657 388 396 13 146 507 330 546 174 132 92 505 207 56 135 447 328 20 755 1110 72 205 484 21 568 711 164 1565 435 516 432 422 32
2 3 6 7 9 11 13 15 17 19 21 24 25 27 29 31 34 36 39 41 42 44 46 48 51 52 54 56 58 60 63 65 66 69 71 73 74:13880:302 35 296 176 438 194 198 39 146 676 132 910 348 132 368 404 207 56 45 596 82 20 302 666 90 164 484 21 710 948 820 1565 145 860 576 633 96
2 3 5 7 9 11 13 15 17 19 21 24 25 27 29 31 34 36 39 40 42 44 46 48 51 53 54 56 58 60 62 65 66 68 71 73 74:12118:453 105 118 220 657 582 198 65 219 845 132 728 261 132 92 505 138 224 135 304 328 10 151 1110 90 417 605 28 568 237 285 626 725 195 144 422 64
2 3 5 7 9 11 13 15 17 19 21 24 25 27 29 31 34 36 39 40 43 44 46 48 51 52 54 56 58 60 62 65 66 68 71 73 74:11182:453 175 118 220 438 776 495 13 73 676 198 182 87 132 368 202 276 112 180 608 22 15 604 888 18 123 242 21 426 948 114 626 145 117 720 211 160
2 3 5 7 9 11 13 15 17 19 21 24 25 27 29 31 34 36 39 41 42 44 46 48 51 52 54 56 58 60 63 65 66 68 71 73 74:13238:755 140 118 44 657 970 495 26 73 676 264 546 348 220 460 202 69 56 180 149 164 20 755 222 72 123 363 21 568 948 820 939 290 78 288 1055 64
2 3 5 7 9 11 13 15 17 19 21 24 25 27 29 31 34 36 39 40 43 44 46 48 50 52 54 57 58 60 62 64 66 69 70 73 74:13348:755 35 590 176 1095 776 99 26 146 676 132 728 87 132 184 404 69 168 90 304 22 20 604 1110 192 41 242 618 426 237 171 282 580 172 840 1055 64
2 3 5 7 9 11 13 15 17 19 21 24 25 27 29 31 34 36 39 40 42 44 46 48 50 53 54 56 58 60 62 65 66 69 71 73 74:13590:755 175 590 176 876 194 297 65 146 338 264 364 261 44 276 303 276 168 45 608 164 5 453 1110 96 695 363 21 710 1185 171 1252 145 516 144 211 128
2 3 5 7 9 11 13 15 17 19 21 24 25 27 29 31 34 36 39 40 43 44 46 48 50 52 54 56 58 60 62 65 66 69 71 73 74:13306:755 175 118 176 219 194 297 52 292 845 264 546 261 88 184 303 207 280 135 760 44 5 755 444 144 164 363 28 710 474 228 1252 725 172 432 1055 160
2 3 5 7 9 11 13 15 17 19 21 24 25 27 29 31 34 36 39 40 43 44 46 48 50 52 54 57 58 60 62 65 66 69 70 73 74:14070:604 70 118 176 657 776 198 13 365 169 66 910 87 176 184 202 69 168 45 608 55 15 302 666 144 41 242 1545 142 1185 228 626 725 860 840 633 160
2 3 5 7 9 12 13 16 17 19 21 24 25 27 29 31 34 36 39 40 42 44 46 48 50 52 54 56 58 60 62 65 66 69 71 73 74:13969:755 140 472 44 657 764 297 664 365 338 198 364 435 88 460 404 276 112 45 760 82 15 302 666 96 123 605 21 568 948 171 313 435 860 576 422 128
2 3 5 7 9 12 13 16 17 19 21 24 25 27 29 31 34 36 39 40 43 44 46 48 50 52 54 56 58 60 62 65 66 69 71 73 74:14220:302 140 354 88 876 573 99 498 365 845 132 728 174 44 460 505 207 224 225 304 11 25 604 888 48 41 484 14 142 1185 228 939 145 516 720 1055 32
2 3 5 7 10 12 13 15 17 19 21 24 25 27 29 31 34 36 39 40 43 44 46 48 50 52 54 56 58 60 62 64 66 68 71 73 74:11305:755 175 118 132 1000 382 99 13 73 676 264 546 87 44 276 101 207 112 225 608 11 20 453 666 144 82 363 14 426 948 57 94 435 39 720 844 96
2 3 5 7 9 11 13 15 17 19 21 24 25 27 29 31 34 36 39 40 43 44 46 48 50 52 54 56 58 60 62 65 66 68 71 73 74:11537:604 70 236 44 876 194 297 65 365 338 264 728 348 88 276 404 138 112 180 304 33 15 755 444 48 164 242 14 710 237 285 939 580 78 576 422 64
2 3 5 7 9 12 13 15 17 19 21 24 25 27 29 31 34 36 39 40 43 44 46 48 50 52 54 56 58 60 62 65 66 68 71 73 74:10110:453 70 118 176 438 955 198 13 146 507 66 182 435 176 460 101 138 168 180 152 33 5 604 444 192 41 363 7 710 237 114 626 145 117 432 844 64
2 3 5 7 10 12 13 15 17 19 21 24 25 27 29 31 34 36 39 40 43 44 46 48 50 52 54 56 58 60 62 65 66 68 71 73 74:12501:151 105 354 88 600 764 198 13 365 676 264 728 261 88 276 202 207 224 45 760 55 10 151 888 48 41 484 35 284 1185 57 939 290 117 576 844 128
2 3 5 7 9 11 13 15 17 20 21 24 25 27 29 31 34 36 39 40 43 44 47 48 50 52 54 56 58 60 62 65 66 69 70 73 74:13730:604 105 118 132 1095 582 198 26 73 117 330 728 174 132 276 303 345 224 180 608 22 5 837 666 144 82 484 21 568 948 228 1565 580 344 336 422 128
2 3 6 7 9 11 13 15 17 19 21 23 25 27 29 31 34 36 39 40 42 44 46 48 51 52 54 56 58 60 62 65 67 68 71 73 74:12561:604 105 74 88 657 582 396 26 365 676 132 846 348 176 460 303 345 224 180 456 410 20 604 1110 90 205 121 28 142 711 57 626 82 39 576 633 64
2 3 6 7 9 11 13 15 17 19 21 23 25 27 29 31 35 36 39 40 42 44 46 48 51 52 54 56 58 60 62 65 67 68 70 73 74:14096:302 175 296 88 1095 776 495 26 73 676 330 1128 261 176 368 101 1256 112 45 608 246 10 453 444 36 205 242 21 426 711 228 1252 82 195 672 422 64
2 3 6 7 9 11 13 15 17 19 21 23 25 27 29 31 34 36 39 41 42 44 46 48 51 52 54 56 58 60 63 65 67 68 71 73 74:14053:453 105 148 88 219 776 99 26 292 845 66 1410 174 220 184 101 207 112 180 745 328 25 302 1110 72 123 363 28 710 474 328 1565 123 117 720 1055 160
2 3 5 7 9 12 13 15 17 20 21 23 25 27 29 31 34 36 39 40 43 44 47 48 51 52 54 56 58 60 62 64 67 68 70 73 74:9737:302 70 236 44 219 764 495 13 292 39 66 564 174 132 92 202 345 280 180 152 33 5 558 222 18 41 121 35 142 1185 57 282 205 117 840 1055 160
2 3 5 7 9 11 13 15 17 20 21 23 25 27 29 31 34 36 39 40 43 44 47 48 51 52 54 56 58 60 62 65 67 68 70 73 74:11616:604 140 118 220 657 194 396 52 292 195 66 846 87 220 184 303 345 224 225 760 11 15 1395 222 54 82 121 7 142 474 171 939 123 195 840 633 64
2 3 5 7 9 12 13 15 17 20 21 23 25 27 29 31 34 36 39 40 43 44 47 48 51 52 54 56 58 60 62 65 67 68 70 73 74:10996:453 105 472 44 657 382 297 52 365 156 198 282 435 176 276 202 345 56 180 760 33 15 279 444 90 82 121 14 568 948 171 1252 205 195 168 422 96
2 3 5 7 9 11 13 15 17 20 21 23 25 27 29 31 34 36 39 40 43 44 47 48 50 52 54 56 58 60 62 64 67 68 70 73 74:10491:755 70 236 44 1095 388 198 65 365 117 66 282 435 88 184 303 69 280 45 760 22 15 558 444 48 41 363 7 284 1185 171 470 164 156 168 422 128
2 3 5 7 9 12 13 15 17 20 21 23 25 27 29 31 34 36 39 40 43 44 47 48 50 52 54 56 58 60 62 64 67 68 70 73 74:10857:453 70 472 132 438 191 495 26 146 78 264 564 87 88 368 101 207 224 225 608 22 15 1116 222 240 82 605 28 710 948 171 282 205 195 504 211 64
2 3 5 7 9 11 13 15 17 20 21 23 25 27 29 31 34 36 39 40 43 44 47 48 50 52 54 56 58 60 62 65 67 68 70 73 74:10891:755 35 118 132 1095 582 99 52 146 78 198 564 435 220 92 404 345 224 225 152 33 10 558 666 240 123 484 14 710 237 171 313 164 195 504 422 96
2 3 5 7 9 12 13 15 17 20 21 23 25 27 29 31 34 36 39 40 43 44 47 48 50 52 54 56 58 60 62 65 67 68 70 73 74:11625:151 140 472 176 438 573 99 65 292 156 198 1128 87 44 460 101 138 280 45 608 44 10 558 1110 192 205 121 14 568 474 285 939 82 117 168 1055 32
2 4 6 7 9 11 13 15 17 19 21 23 25 27 29 33 34 36 39 40 42 44 46 48 51 52 54 56 58 60 62 64 67 68 71 73 74:10547:604 205 148 44 219 970 297 65 73 169 132 564 174 220 276 404 138 280 90 152 164 10 604 1110 72 123 121 21 142 1185 114 282 205 156 432 422 160
2 4 6 7 9 11 13 15 17 19 21 23 25 27 29 33 34 36 39 40 42 44 46 48 51 52 54 56 58 60 63 64 67 68 71 73 74:11084:302 82 370 88 876 776 297 13 73 169 66 1128 87 176 276 606 276 168 225 608 164 10 755 444 54 164 242 14 142 237 656 188 205 117 576 422 32
2 4 5 7 9 12 13 15 17 20 21 23 25 27 29 33 34 36 39 40 42 44 47 48 51 52 54 56 58 60 62 64 67 68 71 73 74:10506:453 205 590 44 219 764 198 65 146 156 132 846 261 44 276 606 69 112 90 456 410 15 558 666 36 123 242 35 710 948 285 94 82 39 288 211 32
2 4 5 7 9 12 13 15 17 20 21 23 25 27 29 33 34 36 39 40 42 44 47 48 51 52 54 56 58 60 63 64 67 68 71 73 74:10085:453 123 590 132 657 382 297 52 365 117 330 282 87 44 276 808 276 168 225 456 164 5 558 444 36 41 121 28 568 711 164 94 41 117 144 633 96
2 3 5 7 9 11 13 16 18 20 21 24 25 27 29 31 34 36 38 40 43 44 46 48 50 52 54 56 58 60 62 64 66 69 70 73 74:11147:755 105 118 88 438 582 99 166 164 117 264 728 348 88 460 303 276 168 448 152 22 10 453 222 144 205 242 21 284 711 228 282 145 688 504 1055 64
2 3 5 7 9 11 13 16 18 20 21 24 25 27 29 31 34 36 38 40 43 44 46 48 50 52 54 56 58 60 62 65 66 69 70 73 74:12341:453 105 354 88 219 582 396 498 82 195 132 182 348 88 276 505 207 112 448 152 33 20 604 888 96 164 363 7 568 711 228 1565 145 516 672 211 128
2 3 5 7 9 11 13 16 18 20 21 24 25 27 29 31 34 36 38 40 43 44 47 48 50 52 54 56 58 60 62 64 66 69 70 73 74:12129:453 175 590 176 438 388 99 830 123 39 264 182 261 88 460 101 276 224 560 304 22 15 279 1110 96 123 605 7 568 237 285 188 435 516 672 844 96
2 3 5 7 9 11 13 16 18 20 21 24 25 27 29 31 34 36 38 40 43 44 47 48 50 52 54 56 58 60 62 65 66 69 70 73 74:14245:755 105 236 88 219 970 99 664 164 78 330 546 348 176 92 404 207 280 224 152 33 15 1395 666 240 164 484 28 142 474 171 1565 435 516 840 844 96
2 3 5 7 9 11 13 16 18 20 21 24 25 27 29 31 34 36 38 40 43 44 47 48 50 52 54 56 58 60 62 64 66 68 70 73 74:12207:302 70 590 176 657 582 198 498 164 117 198 728 87 44 368 202 276 224 560 304 22 25 279 1110 48 123 242 14 426 237 171 470 580 156 840 1055 64
2 4 5 7 9 11 13 16 18 20 21 23 25 27 29 32 34 36 38 40 42 44 46 48 51 52 54 56 58 60 62 64 67 68 70 73 74:10501:302 41 354 176 657 582 99 166 164 117 198 564 348 88 92 56 276 56 560 760 82 25 755 666 54 82 363 28 284 237 171 470 82 195 168 1055 128
2 3 5 7 9 12 13 16 18 20 21 24 25 27 29 31 34 36 39 40 42 44 46 48 51 52 54 56 58 60 62 64 66 69 71 73 74:12122:302 35 590 220 657 382 198 332 164 39 264 910 174 132 184 303 276 112 135 456 328 10 151 888 72 123 363 21 710 237 171 282 725 516 720 844 96
2 3 5 7 9 12 13 16 18 20 21 24 25 27 29 31 34 36 39 40 42 44 46 48 51 52 54 56 58 60 62 64 66 68 71 73 74:10886:151 70 118 132 1095 955 495 498 164 156 198 364 435 220 276 404 138 56 45 456 328 5 453 444 72 41 484 28 142 711 57 94 290 195 144 844 128
2 3 5 7 9 11 13 16 18 20 21 24 25 27 29 31 34 36 39 40 42 44 46 48 50 52 54 56 58 60 62 65 66 69 71 73 74:12742:302 105 472 220 438 970 495 830 123 195 66 910 87 88 184 101 345 224 45 456 328 15 604 222 96 41 363 28 426 948 228 313 580 688 720 422 64
2 3 5 7 9 11 13 15 17 19 21 24 25 27 29 31 34 37 38 40 42 44 46 49 50 52 54 56 58 60 62 64 66 69 70 73 74:10281:604 140 590 44 219 388 396 52 365 169 66 364 87 132 92 404 69 435 336 760 164 25 604 845 192 82 242 14 710 237 114 376 145 344 168 211 96
2 3 5 7 9 11 13 16 18 20 21 23 25 27 29 31 34 36 38 40 43 44 46 49 50 52 54 56 58 60 62 65 67 68 70 73 74:10294:302 140 118 132 219 194 198 332 164 117 66 1128 261 88 460 404 207 224 336 608 44 15 302 676 96 164 242 35 142 1185 57 313 82 117 672 422 32
2 3 5 7 9 11 13 16 18 20 21 23 25 27 29 31 34 36 38 40 43 44 47 49 50 52 54 56 58 60 62 65 67 68 70 73 74:10923:302 140 354 44 1095 194 297 332 123 156 264 564 174 132 184 505 207 224 224 760 55 15 279 169 192 123 363 7 284 711 228 939 205 117 168 633 160
2 3 5 7 9 11 13 16 18 20 21 23 25 27 29 31 34 36 39 40 43 44 46 49 50 52 54 56 58 60 62 65 67 68 71 73 74:10180:302 35 236 176 438 194 99 498 205 117 198 282 87 220 368 303 345 56 90 456 55 25 302 676 192 82 121 21 568 711 228 1565 164 39 144 422 160
2 4 6 8 9 11 13 15 17 19 21 23 25 27 30 33 35 36 38 40 42 44 46 48 51 52 54 56 58 60 62 64 67 68 71 73 74:14369:302 82 222 225 1095 776 198 26 146 676 330 1410 87 44 46 606 1256 168 448 608 328 10 151 1110 18 164 363 14 568 237 228 188 205 195 720 1055 64
2 4 6 8 9 11 13 15 17 19 21 23 25 27 30 31 35 36 38 40 42 44 46 48 51 52 54 56 58 60 62 64 67 68 71 73 74:12230:755 123 222 675 438 776 198 52 146 169 330 846 261 88 92 505 314 112 560 304 410 25 755 222 18 41 363 14 426 711 171 376 205 78 720 633 96
2 4 6 7 10 11 13 15 17 19 21 23 25 27 30 31 35 36 38 40 43 44 46 48 51 52 54 56 58 60 62 64 67 68 71 73 74:11646:453 205 222 132 800 194 495 39 365 338 330 282 87 220 92 101 942 168 224 304 55 20 604 1110 54 205 121 21 568 711 285 470 41 195 432 633 128
2 4 6 7 10 11 13 15 17 19 21 23 25 27 30 31 35 36 38 40 43 44 46 48 50 52 54 56 58 60 62 64 67 68 71 73 74:10259:302 205 148 88 800 194 99 65 73 338 264 564 261 176 23 404 1570 280 112 760 22 5 151 444 144 164 121 7 568 474 114 188 205 117 144 633 32
2 4 5 7 9 11 13 15 17 19 21 24 25 27 29 33 34 36 38 40 42 44 46 48 51 52 54 56 59 60 63 64 66 68 70 73 74:11836:151 164 472 176 657 776 198 13 219 338 66 546 261 88 368 606 138 112 448 152 246 5 302 222 72 82 484 7 141 1185 656 188 435 39 672 1055 96
2 3 5 7 9 11 14 16 17 19 21 24 25 27 29 31 34 36 38 40 43 44 46 48 51 52 54 56 58 60 62 65 66 69 70 73 74:11091:151 35 472 88 438 970 23 664 365 169 66 364 87 132 276 303 138 224 448 152 11 20 755 666 18 41 363 35 568 474 57 313 725 172 336 844 128
2 3 5 7 10 11 14 15 17 19 21 24 25 27 29 31 34 36 38 40 43 44 46 48 50 52 54 57 58 60 62 65 66 69 70 73 74:13314:302 140 472 176 200 776 69 39 365 338 198 546 348 132 92 404 345 56 336 608 22 20 604 222 96 205 484 618 710 948 114 939 580 516 840 422 32
2 3 5 7 10 11 14 15 17 19 21 24 25 27 29 31 34 36 38 40 43 44 46 48 50 53 54 57 58 60 62 65 66 69 70 73 74:11345:453 105 354 132 600 776 115 39 365 507 330 910 348 88 92 303 69 112 224 152 33 25 151 666 48 278 121 309 568 711 114 939 725 172 168 211 32
2 3 5 7 9 11 14 15 17 19 21 24 25 27 29 31 35 36 38 40 42 44 46 48 50 52 54 56 58 60 62 65 66 69 71 73 74:14620:604 175 472 220 438 582 115 52 219 507 330 728 174 220 92 202 1570 168 560 608 82 15 755 1110 96 82 605 28 284 474 171 313 290 344 720 1055 160
2 3 6 7 9 11 14 15 17 19 21 24 25 27 29 31 35 36 38 40 42 44 46 48 50 52 54 56 58 60 62 65 66 69 70 73 74:12238:151 105 370 44 219 388 46 13 73 338 132 546 87 220 184 505 628 280 336 608 246 15 604 1110 144 123 242 21 710 948 114 626 145 516 672 633 96
2 3 5 7 9 11 14 15 17 19 21 24 25 27 29 31 35 36 38 40 43 44 46 48 50 52 54 56 58 60 62 65 66 69 71 73 74:11594:755 140 354 176 657 582 92 52 219 507 66 364 348 220 92 303 314 168 336 152 44 10 151 666 96 164 605 28 284 474 57 939 145 860 720 422 32
2 3 6 7 9 11 14 15 17 19 21 24 25 27 29 31 35 36 38 40 43 44 46 48 50 52 54 56 58 60 62 65 66 69 71 73 74:12349:604 35 148 176 657 388 23 65 219 845 330 182 87 88 276 303 628 56 560 456 44 20 755 444 48 82 121 28 142 1185 171 939 580 516 144 844 160
2 3 5 7 10 11 14 15 17 19 21 24 25 27 29 31 35 36 38 40 43 44 46 48 50 52 54 57 58 60 62 65 66 69 71 73 74:12421:302 35 236 88 800 582 23 52 146 338 330 182 174 132 276 505 942 224 112 456 55 5 302 888 240 164 121 618 710 237 114 939 725 172 288 844 64
2 3 5 7 10 11 14 15 17 19 21 24 25 27 29 31 35 36 38 40 43 44 46 48 50 53 54 57 58 60 62 65 66 69 71 73 74:14871:755 140 472 220 600 970 23 13 219 845 132 546 87 44 368 505 314 280 336 760 11 5 151 1110 96 417 605 927 284 711 171 626 725 344 720 211 128
2 3 5 7 9 12 14 16 17 19 21 24 25 27 29 31 34 36 38 40 43 44 46 48 50 52 54 56 58 60 62 65 66 69 70 73 74:12191:453 175 236 88 1095 382 23 498 73 676 66 546 87 220 184 202 345 168 112 608 33 10 755 222 192 164 363 35 568 1185 285 626 290 172 504 422 128
2 3 5 7 9 12 14 16 17 19 21 24 25 27 29 31 35 36 38 40 42 44 46 48 50 52 54 56 58 60 62 64 66 69 71 73 74:12333:604 175 590 176 876 382 23 166 292 676 264 728 174 44 460 101 314 224 336 304 164 20 755 666 240 205 484 28 142 237 285 376 580 516 144 422 160
2 3 5 7 9 11 14 16 17 19 21 24 25 27 29 31 35 36 38 40 43 44 46 48 50 52 54 56 58 60 62 65 66 69 71 73 74:13605:302 105 590 44 1095 388 115 332 146 676 198 364 435 88 184 101 628 112 224 608 55 5 453 444 192 164 242 21 426 711 57 1252 725 860 144 1055 64
2 3 5 7 9 12 14 16 17 19 21 24 25 27 29 31 35 36 38 40 43 44 46 48 50 52 54 56 58 60 62 65 66 69 71 73 74:12892:604 175 590 88 876 191 46 332 365 338 330 182 348 176 368 303 1256 112 448 456 22 15 151 222 144 164 363 28 284 474 285 1565 290 172 432 633 64
2 3 5 7 9 11 14 16 17 20 21 24 25 27 29 31 34 36 38 40 43 44 47 48 50 52 54 56 58 60 62 65 66 69 70 73 74:14134:151 105 590 88 876 582 92 664 146 195 66 728 174 176 460 404 276 112 112 456 33 25 1395 666 240 82 363 14 426 1185 114 1565 435 516 168 422 32
2 4 5 7 10 11 14 15 17 19 21 24 25 27 29 33 34 36 38 40 42 44 46 48 51 52 54 57 58 60 62 65 66 69 71 72 74:10743:302 41 354 220 200 970 23 26 219 845 66 364 435 132 184 606 207 56 112 304 164 15 604 444 36 82 121 618 142 948 114 939 290 172 288 36 64
2 4 5 8 9 11 14 15 17 19 21 24 25 27 29 33 35 36 38 40 42 44 46 48 51 52 54 57 58 60 62 65 66 69 71 72 74:14731:302 205 118 1125 876 194 92 52 73 845 264 182 87 176 276 808 1256 224 448 456 410 15 302 888 90 205 605 927 568 474 57 626 145 860 432 36 32
2 4 5 8 9 11 14 16 17 19 21 24 25 27 29 33 34 36 38 40 42 44 46 48 51 52 54 57 58 60 62 64 66 69 71 72 74:13301:302 82 236 1125 438 582 23 166 292 845 198 364 174 176 368 808 138 56 112 456 328 25 302 666 18 82 363 927 568 474 285 376 580 860 288 90 128
2 4 5 7 10 11 14 15 17 19 21 24 25 27 29 33 34 36 38 40 42 44 46 48 50 52 54 57 58 60 62 65 66 69 71 72 74:13863:755 205 472 88 1000 582 23 39 365 845 198 364 174 88 92 1010 69 56 112 152 328 20 151 222 96 82 605 1545 710 948 57 939 725 516 144 54 32
2 4 5 7 9 12 14 16 17 20 21 24 25 27 29 31 34 36 38 40 42 44 47 48 50 52 54 56 58 60 62 64 66 69 70 73 74:10245:302 82 236 132 657 764 46 664 219 78 198 182 87 220 460 101 276 224 448 152 410 5 558 222 240 82 242 14 284 474 228 282 145 688 504 211 128
2 4 5 7 10 11 14 15 17 19 21 24 25 27 29 31 34 36 38 40 42 44 46 48 51 52 54 57 58 60 62 65 66 69 71 72 74:14307:453 123 472 44 200 582 115 65 365 169 264 728 348 176 368 404 345 168 224 760 328 10 755 666 54 205 484 618 284 1185 285 1565 145 516 720 18 96
2 4 5 8 9 11 14 15 17 19 21 24 25 27 29 31 35 36 38 40 42 44 46 48 51 52 54 57 58 60 62 65 66 69 71 72 74:13826:604 123 118 225 438 582 23 13 292 338 330 364 435 220 276 303 1256 224 112 152 82 15 453 1110 90 123 484 927 710 1185 114 626 435 688 288 36 32
2 4 5 8 9 11 14 16 17 19 21 24 25 27 29 31 34 36 38 40 42 44 46 48 51 52 54 57 58 60 62 64 66 69 71 72 74:14159:302 41 472 675 1095 776 92 830 73 845 264 364 87 220 184 404 207 56 448 760 410 15 151 888 54 164 484 309 710 711 171 470 145 344 720 90 128
2 4 5 7 10 11 14 15 17 19 21 24 25 27 29 31 34 36 38 40 42 44 46 48 50 52 54 57 58 60 62 65 66 69 71 72 74:13036:302 205 354 132 600 582 115 13 146 507 264 728 435 176 184 404 345 224 336 152 82 25 151 666 192 205 484 1545 710 237 171 939 145 860 288 36 96
2 3 5 7 9 11 14 15 17 19 21 24 25 27 29 31 35 36 39 40 42 44 46 48 51 52 54 56 58 60 62 65 66 69 71 73 74:14759:755 35 236 88 657 194 115 52 219 845 330 546 348 44 368 505 1256 56 180 304 164 5 604 1110 36 205 484 7 710 948 57 939 435 860 576 422 64
2 3 6 7 9 11 14 15 17 19 21 24 25 27 29 31 35 36 39 40 42 44 46 48 51 52 54 56 58 60 62 65 66 69 71 73 74:11830:755 70 296 176 438 388 115 65 365 169 132 728 348 44 368 404 942 112 180 152 82 10 453 444 18 164 121 7 568 948 285 313 290 860 144 844 32
2 3 5 7 10 11 14 15 17 19 21 24 25 27 29 31 35 36 39 40 42 44 46 48 51 52 54 57 58 60 62 65 66 69 71 73 74:13272:755 140 118 176 200 776 23 39 292 338 198 910 435 176 184 101 942 112 45 760 164 20 302 222 90 123 605 1236 710 711 114 313 145 860 144 633 160
2 3 5 7 9 11 14 15 17 19 21 24 25 27 29 31 35 36 39 41 42 44 46 48 51 52 54 56 58 60 62 65 66 69 71 73 74:12763:604 35 236 220 438 970 115 13 146 169 330 182 435 176 368 303 1570 56 135 447 82 20 302 666 36 205 121 21 426 237 228 1252 290 688 576 633 32
2 3 6 7 9 11 14 15 17 19 21 24 25 27 29 31 35 36 39 41 42 44 46 48 51 52 54 56 58 60 62 65 66 69 71 73 74:11546:151 35 370 220 1095 776 46 39 219 507 264 364 348 132 276 303 942 280 135 298 82 15 453 222 90 205 242 35 142 1185 114 313 290 344 432 422 160
2 3 5 7 10 11 14 15 17 19 21 24 25 27 29 31 35 36 39 41 42 44 46 48 51 52 54 57 58 60 62 65 66 69 71 73 74:13829:604 105 118 44 800 970 92 65 146 845 132 910 87 220 368 101 314 224 225 149 246 25 151 666 54 164 121 1236 142 711 285 1565 580 344 144 844 32
2 3 5 7 10 11 14 15 17 19 21 24 25 27 29 31 35 36 39 40 42 44 46 48 51 53 54 57 58 60 62 65 66 69 71 73 74:15675:755 70 354 132 1000 388 69 26 219 676 198 364 261 44 460 505 628 224 90 456 164 15 453 888 72 556 605 1236 142 474 285 1252 435 516 576 1055 32
2 3 5 7 9 11 14 16 17 19 21 24 25 27 29 31 34 36 39 40 42 44 46 48 51 52 54 56 58 60 62 65 66 69 71 73 74:12595:151 70 236 44 1095 776 92 332 292 169 132 728 348 220 368 303 345 112 180 608 410 20 755 666 18 82 363 7 284 474 114 1252 290 344 576 211 128
2 3 5 7 9 12 14 16 17 19 21 24 25 27 29 31 34 36 39 40 42 44 46 48 51 52 54 56 58 60 62 65 66 69 71 73 74:11487:151 105 118 132 657 764 92 332 292 507 66 910 261 220 92 101 207 224 225 304 164 5 302 444 36 164 484 7 426 948 285 313 145 344 720 844 96
2 3 5 7 9 12 14 16 17 19 21 24 25 27 29 31 35 36 39 40 42 44 46 48 51 52 54 56 58 60 62 64 66 69 71 73 74:14133:755 140 118 132 876 191 23 332 219 676 264 364 87 88 460 202 1570 56 180 304 410 25 755 1110 90 123 242 14 568 948 285 376 435 688 720 211 96
2 3 5 7 9 11 14 16 17 19 21 24 25 27 29 31 35 36 39 40 42 44 46 48 51 52 54 56 58 60 62 65 66 69 71 73 74:12195:453 105 590 132 219 776 115 166 73 845 66 546 174 88 276 202 1256 224 225 152 164 20 453 222 18 82 484 35 284 237 228 1252 580 516 144 633 160
2 3 5 7 9 12 14 16 17 19 21 24 25 27 29 31 35 36 39 40 42 44 46 48 51 52 54 56 58 60 62 65 66 69 71 73 74:14605:755 35 590 44 1095 764 69 830 365 845 264 910 87 132 368 101 314 168 135 760 246 10 151 666 54 164 121 28 710 474 228 939 580 688 576 211 128
2 3 5 7 9 11 14 15 17 19 21 24 25 27 29 31 34 36 39 40 43 44 46 48 50 52 54 56 58 60 62 65 66 69 70 73 74:12220:755 35 472 176 438 776 23 39 146 338 330 728 87 44 184 101 69 56 135 304 44 15 604 666 240 41 484 28 426 711 285 626 435 860 336 1055 128
2 3 5 7 10 11 14 15 17 19 21 24 25 27 29 31 34 36 39 40 43 44 46 48 50 52 54 57 58 60 62 65 66 69 70 73 74:14569:151 70 118 220 800 194 69 26 292 676 66 910 435 220 460 202 138 168 225 608 22 5 604 666 192 205 605 1236 284 474 285 1252 580 688 336 1055 32
2 3 5 7 9 12 14 16 17 19 21 24 25 27 29 31 34 36 39 40 43 44 46 48 50 52 54 56 58 60 62 65 66 69 71 73 74:12627:604 35 354 88 657 191 46 498 219 507 132 364 87 220 368 303 138 224 45 152 22 5 604 1110 192 82 121 35 710 1185 171 626 580 516 432 844 160
2 3 5 7 9 11 14 16 17 20 21 24 25 27 29 31 34 36 39 40 43 44 47 48 50 52 54 56 58 60 63 65 66 69 71 73 74:13425:755 175 236 132 876 776 115 332 365 39 264 546 174 220 368 202 69 168 225 304 44 10 558 1110 144 41 121 35 142 711 820 1565 725 172 432 422 32
2 3 5 8 9 12 14 16 17 19 21 23 25 27 29 31 34 36 39 40 42 44 46 48 51 52 54 56 58 60 62 64 66 69 71 72 74:11301:604 70 472 225 657 191 69 332 292 338 132 846 435 220 460 101 69 224 225 760 82 20 453 666 36 41 363 28 142 711 285 470 290 172 720 36 64
2 4 5 8 9 11 14 15 17 19 21 24 25 27 29 31 34 36 39 40 42 44 46 48 51 52 54 56 58 60 62 65 66 69 71 73 74:10467:453 205 472 450 438 582 23 26 146 169 132 182 87 44 368 101 276 112 45 304 164 10 755 444 72 205 242 21 142 474 228 939 725 516 576 211 128
2 4 5 7 10 11 14 15 17 19 21 24 25 27 29 31 34 36 39 40 42 44 46 48 51 52 54 56 58 60 62 65 66 69 71 73 74:11761:302 41 590 176 1000 582 69 65 219 338 66 364 174 44 92 404 138 168 225 760 410 25 604 888 36 205 121 21 284 237 57 626 290 688 576 844 32
2 4 5 8 9 11 14 16 17 19 21 24 25 27 29 31 34 36 39 40 42 44 46 48 51 52 54 56 58 60 62 64 66 69 71 73 74:12773:453 123 590 900 438 970 23 332 292 845 330 364 87 132 276 202 276 56 135 304 328 25 453 666 90 164 242 7 284 711 114 282 290 860 432 633 64
2 4 5 8 9 11 14 16 17 19 21 24 25 27 29 32 34 36 39 40 42 44 46 48 51 52 54 56 58 60 62 64 66 69 71 73 74:11633:755 82 118 450 657 194 115 332 365 845 132 182 87 220 368 140 207 280 90 152 328 25 755 666 36 123 363 35 284 474 171 470 145 516 288 1055 128
2 4 5 8 9 11 14 15 17 19 21 24 25 27 29 31 34 36 39 40 42 44 46 48 51 52 54 57 58 60 62 65 66 69 71 72 74:14024:453 205 590 900 657 970 69 13 365 507 66 910 174 220 460 505 345 280 45 304 328 15 151 666 90 41 363 1236 710 237 114 313 580 516 576 18 32
2 4 5 7 10 11 14 15 17 19 21 24 25 27 29 31 34 36 39 40 42 44 46 48 51 52 54 57 58 60 62 65 66 69 71 72 74:12475:302 82 472 176 1000 582 69 52 365 338 198 364 348 44 92 505 138 280 90 608 410 25 453 1110 36 123 242 1236 710 237 285 313 290 688 144 36 32
2 4 5 8 9 11 14 16 17 19 21 24 25 27 29 31 34 36 39 40 42 44 46 48 51 52 54 57 58 60 62 64 66 69 71 72 74:10809:453 205 118 900 1095 388 23 166 365 169 198 728 261 88 184 101 138 56 45 456 164 20 151 888 54 123 605 309 284 474 57 282 435 344 432 18 32
2 4 5 8 9 11 14 16 17 19 21 24 25 27 29 32 34 36 39 40 42 44 46 48 51 52 54 57 58 60 62 64 66 69 71 72 74:12219:453 41 354 675 438 776 69 166 73 845 330 546 174 88 368 28 69 56 45 152 164 25 604 888 54 123 242 1236 710 474 57 470 580 344 288 54 160
2 3 5 7 9 11 14 16 18 20 21 24 25 27 29 31 35 36 38 40 42 44 46 48 50 52 54 56 58 60 62 64 66 69 71 73 74:10704:151 35 354 220 219 388 115 830 82 78 66 910 174 88 460 303 628 224 112 608 328 25 151 222 48 82 363 35 426 711 57 282 435 688 288 422 96
2 3 5 7 9 11 14 16 18 20 21 24 25 27 29 31 35 36 38 40 43 44 46 48 50 52 54 56 58 60 62 64 66 69 71 73 74:12750:604 105 118 176 657 970 92 166 164 117 132 182 174 220 460 404 942 112 448 152 11 15 453 1110 192 164 121 14 284 711 285 470 290 860 288 1055 32
2 3 5 7 9 11 14 16 18 20 21 24 25 27 29 31 35 36 38 40 43 44 46 48 50 52 54 56 58 60 62 65 66 69 71 73 74:14979:302 175 236 88 876 194 92 332 164 39 198 364 261 132 460 505 1570 280 448 760 22 25 604 444 96 205 605 14 284 1185 285 1252 725 516 576 633 32
2 3 5 7 10 11 14 16 18 20 21 24 25 27 29 31 35 36 38 40 43 44 46 48 50 52 54 57 58 60 62 65 66 69 71 73 74:13455:151 70 590 44 400 194 115 830 41 39 132 364 87 176 460 101 1570 56 224 760 55 10 302 888 240 41 242 618 426 948 228 939 290 516 432 844 32
2 3 5 7 9 11 14 16 18 20 21 24 25 27 29 31 34 36 38 40 42 44 47 48 50 52 54 56 58 60 62 64 66 69 70 73 74:12335:453 35 590 220 219 388 46 830 164 156 66 728 348 88 368 303 276 224 224 608 164 10 1395 666 96 205 121 21 426 237 228 376 290 344 840 422 160
2 3 5 7 9 11 14 16 18 20 21 24 25 27 29 31 34 36 38 40 43 44 47 48 50 52 54 56 58 60 62 64 66 69 70 73 74:10511:302 35 472 220 1095 776 46 166 164 39 132 364 348 44 184 404 207 56 112 304 55 15 279 666 96 123 484 14 142 237 57 376 290 688 336 1055 128
2 3 5 7 9 11 14 16 18 20 21 24 25 27 29 31 34 36 38 40 43 44 47 48 50 52 54 56 58 60 62 65 66 69 70 73 74:12655:604 35 236 44 876 582 46 498 205 39 66 546 348 132 460 505 276 56 112 608 55 20 279 666 192 82 242 7 710 711 114 626 725 172 840 844 96
2 3 5 7 10 11 14 16 18 20 21 24 25 27 29 31 34 36 38 40 43 44 47 48 50 52 54 57 58 60 63 65 66 69 70 73 74:13493:151 140 236 44 400 194 69 830 123 39 132 910 348 44 184 404 345 280 224 152 33 5 558 888 96 82 242 618 710 948 656 1565 580 516 504 211 32
2 3 5 7 10 12 14 16 18 20 21 23 25 27 29 31 34 36 38 40 42 44 46 48 51 52 54 56 58 60 62 64 66 69 71 72 74:10119:604 105 354 220 600 191 69 332 205 39 66 282 174 176 276 303 276 280 224 456 164 25 151 222 90 205 605 28 142 711 285 188 725 688 576 18 64
2 4 5 7 10 12 14 16 18 20 21 24 25 27 29 33 34 36 38 40 42 44 46 48 51 52 54 57 58 60 62 64 66 69 71 72 74:11639:302 41 236 220 400 573 46 498 41 195 198 364 261 132 184 1010 276 112 448 152 410 20 755 444 90 41 605 1236 284 474 171 188 580 344 144 36 128
2 4 5 7 9 12 14 16 18 20 21 24 25 27 29 31 34 36 38 40 42 44 46 48 50 52 54 56 58 60 62 64 66 69 70 73 74:9727:453 41 472 132 219 764 46 332 123 156 264 182 348 220 184 101 345 224 112 152 82 25 453 222 96 164 121 14 142 948 228 282 435 516 336 633 160
2 4 5 7 10 12 14 16 18 20 21 24 25 27 29 31 34 36 38 40 42 44 46 48 51 52 54 57 58 60 62 64 66 69 71 72 74:10103:302 82 236 44 400 573 92 498 82 156 132 364 435 176 276 202 138 224 112 152 246 20 604 222 36 41 605 618 568 948 114 94 435 344 432 36 64
2 3 5 7 9 11 14 16 18 20 21 24 25 27 29 31 35 36 39 40 42 44 46 48 51 52 54 56 58 60 62 64 66 69 71 73 74:12988:302 175 236 176 657 582 115 830 164 78 264 182 348 132 460 303 1570 56 90 304 410 5 453 444 36 41 363 35 284 1185 57 282 580 516 576 633 64
2 3 5 7 9 11 14 16 18 20 21 24 25 27 29 31 35 36 39 40 42 44 46 48 51 52 54 56 58 60 62 65 66 69 71 73 74:11661:453 70 236 88 657 776 46 664 123 39 264 364 261 88 92 202 1570 168 180 152 328 20 151 666 18 41 242 7 426 474 228 939 725 516 144 211 32
2 3 5 7 10 11 14 16 18 20 21 24 25 27 29 31 35 36 39 40 42 44 46 48 51 52 54 57 58 60 62 65 66 69 71 73 74:13823:755 175 354 88 800 970 92 830 164 117 330 910 174 132 184 202 314 280 180 456 246 10 755 666 18 205 242 927 710 474 57 313 435 516 288 422 32
2 3 5 7 9 12 14 16 18 20 21 23 25 27 29 31 34 36 39 40 42 44 46 48 51 52 54 56 58 60 62 64 66 69 71 72 74:11650:302 175 236 220 1095 764 23 830 123 156 132 282 174 132 460 404 207 112 135 304 164 15 302 1110 36 164 363 14 284 474 57 282 435 860 720 72 32
2 3 5 7 10 12 14 16 18 20 21 23 25 27 29 31 34 36 39 40 42 44 46 48 51 52 54 56 58 60 62 64 66 69 71 72 74:11199:302 175 472 176 400 191 46 166 164 78 198 1128 348 44 276 101 207 112 90 608 246 25 453 1110 90 164 363 28 710 948 114 376 290 688 144 72 96
2 4 5 7 10 12 14 16 18 20 21 24 25 27 29 31 34 36 39 40 42 44 46 48 51 52 54 56 58 60 62 64 66 69 71 73 74:10620:453 123 590 88 200 191 46 332 82 156 132 910 348 176 368 101 69 56 45 152 328 10 151 1110 18 123 121 14 284 1185 171 282 580 688 144 633 160
2 4 5 7 10 12 14 16 18 20 21 24 25 27 29 32 34 36 39 40 42 44 46 48 51 52 54 56 58 60 62 64 66 69 71 73 74:10762:755 82 354 176 600 191 46 332 41 195 66 182 174 88 184 56 345 56 45 760 164 10 604 444 36 123 484 28 284 948 228 188 145 688 720 844 96
2 4 5 7 9 12 14 16 18 20 21 24 25 27 29 31 34 36 39 40 42 44 46 48 50 52 54 56 58 60 62 64 66 69 71 73 74:12254:604 123 472 220 438 573 46 498 41 117 132 728 174 176 184 202 138 168 225 608 328 25 604 222 96 123 484 14 568 711 57 470 580 688 720 633 64
2 4 5 7 10 12 14 16 18 20 21 24 25 27 29 31 34 36 39 40 42 44 46 48 51 52 54 57 58 60 62 64 66 69 71 72 74:10749:151 82 472 176 400 764 69 830 123 78 198 364 435 176 460 303 138 56 180 456 410 5 453 222 90 41 242 1236 426 237 57 188 435 344 288 36 128
2 4 5 7 10 12 14 16 18 20 21 24 25 27 29 32 34 36 39 40 42 44 46 48 51 52 54 57 58 60 62 64 66 69 71 72 74:11520:302 82 354 44 1000 764 92 498 205 78 66 364 348 88 368 28 345 224 45 456 246 20 151 1110 90 164 363 618 284 711 57 376 725 516 288 18 32
2 4 5 7 9 11 14 15 17 19 21 24 25 27 29 31 34 36 38 40 42 44 46 49 50 52 54 56 58 60 62 64 66 69 70 73 74:12727:453 82 354 132 657 388 115 65 365 845 66 910 174 220 368 505 69 112 560 456 246 25 302 507 240 164 121 7 284 711 171 282 435 860 504 844 128
2 4 5 7 9 11 14 15 17 19 21 24 25 27 29 31 34 37 38 40 42 44 46 49 50 52 54 56 58 60 62 64 66 69 70 73 74:12038:151 164 236 176 657 388 46 26 219 507 198 910 348 88 368 505 69 174 112 304 164 10 755 676 240 41 242 35 426 1185 114 376 435 860 168 633 32
2 3 5 7 9 12 13 16 18 20 21 23 25 27 29 31 34 36 38 40 42 44 47 48 50 52 55 56 58 60 62 64 66 69 70 72 74:13344:755 70 472 132 438 764 99 332 205 117 132 846 348 176 184 505 345 56 560 152 410 10 1395 666 48 205 1008 7 142 711 57 94 435 860 504 72 32
2 3 5 7 9 12 13 16 18 20 21 23 25 27 29 31 34 36 39 40 42 44 46 48 51 52 55 56 58 60 62 64 66 69 71 72 74:10228:604 140 472 88 438 191 297 166 82 78 330 564 261 220 276 303 276 56 90 456 246 25 453 222 90 82 1260 14 284 711 228 376 145 172 432 36 64
2 3 5 7 9 12 13 16 18 20 21 23 25 27 29 31 34 36 39 40 42 44 46 48 50 52 55 56 58 60 62 64 66 69 71 72 74:11861:302 140 354 88 219 382 495 664 123 78 264 846 87 44 92 202 69 224 225 608 410 20 151 444 96 164 756 35 710 1185 114 470 290 860 432 90 128
2 3 6 7 9 11 14 15 17 19 21 23 25 27 29 31 35 36 38 40 42 44 46 48 50 52 55 56 58 60 62 64 66 69 71 72 74:12919:755 105 370 176 876 388 115 39 219 338 330 1410 348 176 184 404 942 112 224 608 82 10 755 666 192 82 756 7 142 237 57 376 580 344 432 18 64
2 3 5 7 10 12 14 15 17 19 21 23 25 27 29 31 35 36 38 40 42 44 46 48 50 52 55 56 58 60 62 64 66 69 71 72 74:12154:302 105 590 176 200 573 92 39 365 507 330 846 87 220 460 202 314 112 336 152 410 15 151 1110 240 82 504 21 426 948 285 376 580 172 576 90 160
2 3 6 7 9 11 14 15 17 19 21 23 25 27 29 31 35 36 39 40 42 44 46 48 51 52 55 56 58 60 62 64 66 69 71 72 74:12532:604 175 148 44 438 388 92 65 365 507 66 1410 87 132 276 303 1570 224 90 152 328 5 453 888 54 41 504 7 142 711 228 282 725 688 144 36 160
2 3 5 7 10 12 14 15 17 19 21 23 25 27 29 31 35 36 39 40 42 44 46 48 51 52 55 56 58 60 62 64 66 69 71 72 74:11031:604 105 590 88 400 573 92 39 73 338 198 1410 261 44 92 202 942 224 180 304 164 10 302 222 36 41 504 21 426 237 228 376 435 860 288 90 32
2 3 5 7 9 11 14 16 17 20 21 23 25 27 29 31 34 36 39 40 42 44 47 48 51 52 55 56 58 60 62 64 66 69 71 72 74:13065:302 140 118 88 876 194 69 830 365 78 330 846 174 88 368 101 138 112 135 608 164 20 1395 1110 36 82 1260 28 284 948 57 470 145 172 720 54 160
2 3 5 7 9 12 14 16 17 20 21 23 25 27 29 31 34 36 39 40 42 44 47 48 51 52 55 56 58 60 62 64 66 69 71 72 74:12333:302 140 354 132 876 955 115 332 73 117 330 282 261 176 368 202 138 112 180 304 410 20 558 666 18 164 1260 35 710 474 228 470 725 344 288 54 160
2 3 5 7 9 11 14 16 18 20 21 23 25 27 29 31 35 36 38 40 42 44 46 48 50 52 55 56 58 60 62 64 66 69 71 72 74:12736:604 35 354 44 876 970 69 166 82 195 264 282 435 176 92 101 1570 224 448 304 82 25 604 444 48 164 504 14 426 474 171 188 725 688 720 72 96
2 3 5 7 9 12 14 16 18 20 21 23 25 27 29 31 35 36 38 40 42 44 46 48 50 52 55 56 58 60 62 64 66 69 71 72 74:13093:755 175 590 88 438 191 46 332 82 195 132 282 174 132 276 303 314 224 448 760 164 10 755 444 96 164 1260 14 568 1185 228 470 290 688 720 36 64
2 3 5 7 9 12 14 16 18 20 21 23 25 27 29 31 34 36 38 40 42 44 47 48 50 52 55 56 58 60 62 64 66 69 70 72 74:10601:755 105 354 44 219 382 92 166 41 78 132 282 261 176 460 303 207 224 112 760 328 15 558 1110 240 164 756 7 142 948 114 282 290 172 168 90 64
2 3 5 7 9 12 14 16 18 20 21 23 25 27 29 31 34 36 39 40 42 44 46 48 51 52 55 56 58 60 62 64 66 69 71 72 74:11821:604 140 236 176 438 382 46 332 164 195 198 846 174 220 460 202 345 168 180 152 82 20 302 1110 72 82 252 21 426 1185 171 94 580 860 720 90 96
2 3 5 7 9 12 14 16 18 20 21 23 25 27 29 31 34 36 39 40 42 44 46 48 50 52 55 56 58 60 62 64 66 69 71 72 74:11936:302 175 590 176 219 955 92 498 164 117 330 1128 261 88 184 202 345 56 90 760 246 20 604 444 48 205 1260 14 142 237 285 94 145 688 576 36 160
2 3 5 7 9 11 13 15 17 19 21 24 26 28 29 31 34 36 38 40 42 44 46 49 51 52 54 56 58 60 62 64 66 68 70 73 74:11202:453 140 236 44 657 194 198 52 292 169 264 546 356 822 92 101 138 280 560 608 410 10 453 676 72 123 363 14 142 948 57 376 145 39 168 844 160
2 3 5 7 9 11 13 15 17 19 21 24 26 28 29 31 34 36 38 40 42 44 46 49 50 52 54 56 58 60 62 64 66 68 70 73 74:11711:302 70 236 44 657 582 198 39 146 338 66 546 356 822 92 404 207 56 112 456 82 10 755 507 192 123 484 14 284 237 228 376 725 78 672 1055 160
2 3 5 7 9 11 13 15 17 20 21 24 26 28 29 31 34 36 38 40 42 44 47 49 50 52 54 56 58 60 62 64 66 68 70 73 74:12048:453 175 118 220 657 194 198 39 365 78 132 182 89 1096 460 505 345 224 560 456 82 10 1395 169 48 123 605 7 568 237 114 94 435 78 840 633 64
2 3 5 7 9 11 13 16 18 20 21 24 26 28 29 31 34 36 38 40 42 44 46 49 50 52 54 56 58 60 62 64 66 68 70 73 74:12832:151 35 590 220 1095 582 495 166 205 39 264 364 178 1096 368 101 207 112 448 152 328 5 151 676 144 205 363 14 710 474 57 282 725 39 672 1055 64
2 3 5 7 9 11 13 16 18 20 21 24 26 28 29 31 34 36 38 40 42 44 47 49 50 52 54 56 58 60 62 64 66 68 70 73 74:12993:453 105 472 132 1095 776 495 830 164 156 198 364 178 822 368 101 276 168 112 456 328 15 1116 845 144 82 242 35 710 711 171 94 290 78 168 211 32
2 3 5 7 9 11 13 16 18 20 21 23 26 28 29 31 34 36 38 40 42 44 46 49 51 52 54 56 58 60 62 64 67 68 70 73 74:10178:302 105 118 220 219 194 198 830 82 195 66 564 356 822 368 101 69 56 448 304 246 5 604 338 36 123 484 28 142 711 171 282 205 39 840 211 96
2 3 5 7 9 11 13 16 18 20 21 23 26 28 29 31 34 36 38 40 42 44 46 49 50 52 54 56 58 60 62 64 67 68 70 73 74:10141:604 70 590 88 657 582 297 332 41 117 330 282 89 274 184 202 138 224 336 608 164 20 302 169 240 205 121 7 284 474 57 94 123 117 504 1055 160
2 3 5 7 9 11 13 16 18 20 21 23 26 28 29 31 34 36 38 40 42 44 47 49 50 52 54 56 58 60 62 64 67 68 70 73 74:12248:453 105 118 176 1095 388 198 498 205 39 132 282 267 548 276 505 276 56 224 456 328 10 837 676 240 41 363 35 284 711 57 188 41 117 840 1055 128
2 3 5 7 9 11 13 15 17 20 21 23 26 28 29 31 34 36 38 40 42 44 47 48 50 52 55 56 58 60 62 64 66 69 70 72 74:11367:453 35 590 132 219 970 99 39 365 39 132 564 89 548 368 101 345 224 448 152 410 5 558 222 192 164 1008 7 284 237 285 282 725 172 672 72 160
2 3 5 7 9 11 14 15 17 20 21 23 26 28 29 31 34 36 38 40 42 44 47 48 50 52 55 56 58 60 62 64 66 69 70 72 74:11152:151 105 236 44 219 388 46 39 219 39 132 1128 89 1370 184 303 207 168 448 152 82 10 1395 888 192 41 252 35 426 711 228 282 145 172 504 90 32
2 3 5 7 9 11 13 15 17 20 21 24 26 27 29 31 34 36 38 40 42 44 47 48 51 52 54 56 58 60 62 65 66 69 70 73 74:13287:151 140 236 176 438 194 396 39 365 156 132 910 445 44 92 303 138 168 336 456 328 10 279 1110 72 123 363 14 426 948 228 1565 725 516 504 633 128
2 3 5 7 9 11 13 15 17 20 21 24 26 27 29 31 34 36 38 40 43 44 47 48 51 52 54 56 58 60 62 65 66 69 70 73 74:12612:302 35 472 88 1095 776 99 26 73 117 330 182 89 88 368 303 345 112 560 152 55 25 837 888 54 41 242 7 710 948 114 626 725 516 336 844 32
2 3 5 7 9 11 13 15 17 19 21 24 26 27 29 31 34 36 39 40 42 44 46 48 51 53 54 56 58 60 62 65 66 69 71 73 74:13229:302 35 354 220 219 582 99 13 292 676 66 910 178 132 368 505 207 280 135 152 164 25 755 1110 18 417 363 7 568 237 114 1252 580 688 720 422 64
2 3 5 7 9 11 13 15 17 19 21 24 26 27 29 31 34 36 39 40 43 44 46 48 51 52 54 56 58 60 62 65 66 69 71 73 74:13364:755 140 236 220 1095 582 297 13 292 507 132 182 267 176 368 101 276 56 225 608 55 15 755 888 36 123 242 7 568 1185 57 939 145 516 576 633 96
2 3 5 7 9 11 13 16 18 20 21 24 26 27 29 31 34 36 38 40 43 44 47 48 51 52 54 57 58 60 63 65 66 69 70 73 74:13919:302 70 354 132 219 582 495 166 164 195 198 546 267 44 276 404 69 168 448 608 55 25 558 222 90 41 605 1545 568 1185 328 1252 435 860 168 211 64
2 3 5 7 9 11 13 15 17 19 21 24 26 27 29 31 34 36 38 40 42 44 46 49 50 52 54 56 58 60 62 65 66 68 70 73 74:12346:755 175 354 176 219 388 495 65 365 845 132 546 356 132 276 101 138 168 112 152 164 5 151 507 144 41 605 14 142 1185 171 1565 145 156 672 633 96
2 3 5 7 9 11 13 15 17 19 21 24 26 27 29 31 34 36 38 40 43 44 46 49 50 52 54 56 58 60 62 65 66 68 70 73 74:12740:755 175 236 220 1095 388 99 39 365 845 132 910 178 132 276 404 138 56 448 152 11 5 604 676 144 41 363 21 426 948 57 313 290 39 672 1055 32
2 3 5 7 9 11 13 15 17 20 21 24 26 27 29 31 34 36 38 40 42 44 47 49 50 52 54 56 58 60 62 65 66 68 70 73 74:11838:453 105 590 176 1095 582 297 65 73 78 132 364 445 176 368 505 69 168 336 456 328 20 558 507 48 123 121 21 284 474 171 1252 145 156 336 633 128
2 3 5 7 9 11 13 15 17 20 21 24 26 27 29 31 34 36 38 40 43 44 47 49 50 52 54 56 58 60 62 65 66 68 70 73 74:12974:755 35 590 44 219 388 396 13 73 156 330 546 445 132 276 202 138 280 224 304 55 20 1116 845 192 123 242 7 142 711 228 1565 725 117 336 844 160
2 3 5 7 9 11 13 15 17 19 21 24 26 27 29 31 34 36 39 40 42 44 46 49 51 52 54 56 58 60 62 64 66 68 71 73 74:12623:604 140 472 44 438 582 396 52 219 507 264 546 445 132 460 404 276 280 135 760 82 20 755 169 36 205 484 28 710 948 114 94 290 195 576 633 128
2 3 5 7 9 11 13 15 17 19 21 24 26 27 29 31 34 36 39 40 43 44 46 49 51 52 54 56 58 60 62 65 66 68 71 73 74:10451:151 140 118 176 438 388 198 52 73 676 66 364 356 132 368 404 138 112 45 456 44 25 755 169 72 82 605 21 142 948 228 939 580 117 144 633 96
2 3 5 7 9 11 13 15 17 19 21 24 26 27 29 31 34 36 39 40 43 44 46 49 50 52 54 56 58 60 62 65 66 68 71 73 74:12177:151 70 118 132 1095 970 198 52 73 845 264 546 89 176 92 505 276 280 180 608 11 25 604 676 144 41 363 7 284 474 57 939 435 156 576 633 32
2 3 5 7 9 11 13 16 18 20 21 24 26 27 29 31 34 36 38 40 43 44 46 49 50 52 54 56 58 60 62 64 66 68 70 73 74:11783:302 175 236 176 1095 388 99 332 41 117 132 546 267 220 460 202 345 224 448 608 33 20 453 845 48 82 484 28 710 237 114 470 725 78 672 211 160
2 3 5 7 9 11 13 16 18 20 21 24 26 27 29 31 34 36 38 40 43 44 47 49 50 52 54 56 58 60 62 64 66 68 70 73 74:10442:755 140 472 44 219 582 198 664 164 156 264 546 267 88 276 202 276 56 448 152 44 15 837 338 96 41 242 21 426 474 57 94 145 156 336 1055 96
2 3 5 7 9 11 13 16 18 20 21 23 26 27 29 31 34 36 38 40 43 44 46 49 50 52 54 56 58 60 62 65 67 68 71 73 74:13303:755 175 118 132 438 582 396 664 123 117 132 1410 445 220 276 404 276 224 560 760 33 10 151 676 240 205 605 28 426 237 171 939 164 117 576 422 96
2 3 5 7 9 11 13 16 18 20 21 23 26 27 29 31 34 36 38 40 43 44 47 49 50 52 54 56 58 60 62 65 67 68 70 73 74:12636:755 70 590 176 438 970 396 664 82 39 330 564 356 176 368 101 138 168 560 456 22 15 837 507 48 41 605 7 284 711 57 313 123 78 504 1055 32
2 3 5 7 9 11 13 16 18 20 21 24 26 27 29 31 34 36 39 40 43 44 46 49 50 52 54 56 58 60 62 64 66 68 71 73 74:11158:151 35 118 132 876 776 396 498 82 195 198 728 178 220 460 303 138 224 180 608 55 25 151 169 144 82 484 14 284 948 114 188 580 39 720 633 32
2 3 5 7 9 11 13 16 18 20 21 23 26 27 29 31 34 36 39 40 43 44 46 49 51 52 54 56 58 60 62 65 67 68 71 73 74:11084:604 105 472 88 438 194 198 664 41 39 66 846 445 88 460 505 138 112 45 304 55 25 604 338 90 41 363 28 284 237 57 1565 164 156 432 633 160
2 4 5 7 10 11 13 16 18 20 21 23 26 27 30 31 35 36 38 40 43 44 46 48 51 52 54 56 58 60 62 64 67 68 71 73 74:12257:453 82 236 176 1000 194 297 332 41 78 66 1128 89 220 46 303 942 224 224 456 11 10 755 1110 54 82 121 28 568 1185 285 470 82 39 288 422 160
2 3 5 7 9 11 14 16 17 20 21 24 26 27 29 31 34 36 38 40 43 44 47 48 51 52 54 56 58 60 62 65 66 69 70 73 74:12400:604 140 472 44 657 582 69 166 219 117 198 182 178 88 276 505 207 56 112 152 22 20 1116 1110 36 82 484 7 142 711 171 939 580 344 672 844 96
2 3 5 7 9 11 14 16 17 19 21 24 26 27 29 31 34 36 39 40 43 44 46 48 51 52 54 56 58 60 62 64 66 69 71 73 74:12817:755 35 118 44 1095 970 23 830 292 507 66 546 445 220 184 303 345 112 135 608 11 10 151 1110 72 205 242 7 142 237 171 188 290 688 720 844 96
2 3 5 7 9 12 13 16 17 19 21 23 25 28 29 31 34 36 38 40 42 44 46 48 50 52 54 57 58 60 62 64 66 69 70 72 75:14312:151 105 590 176 876 382 396 166 73 338 132 1410 174 822 92 505 207 56 448 456 410 10 604 1110 144 82 121 927 142 1185 114 470 580 516 168 90 84
2 3 5 7 9 12 13 16 18 20 21 23 25 28 29 31 34 36 38 40 42 44 46 48 51 52 54 56 58 60 62 64 66 69 70 72 75:10964:302 140 236 220 438 573 396 664 164 156 132 282 435 274 276 404 345 56 448 152 410 20 151 444 36 164 242 35 142 237 228 470 580 860 672 54 126
2 3 5 7 9 12 13 16 18 20 21 23 25 28 29 31 34 36 38 40 42 44 47 48 50 52 54 56 58 60 62 64 66 69 70 72 75:9856:453 70 472 88 219 764 396 664 205 156 132 282 174 274 460 202 138 56 224 456 246 15 279 444 48 164 121 14 710 237 114 282 145 516 336 90 210
2 3 5 7 10 12 14 15 17 19 21 23 25 28 29 31 34 36 38 40 42 44 46 48 50 52 54 56 58 60 62 64 66 69 71 72 75:12668:755 140 472 132 800 191 92 52 365 676 198 1128 348 274 184 404 69 112 336 456 328 20 453 666 48 205 242 35 568 1185 57 94 145 688 576 90 84
2 3 5 7 10 12 14 15 17 19 21 23 25 28 29 31 34 36 38 40 42 44 46 48 50 52 54 57 58 60 62 64 66 69 70 72 75:15614:453 140 354 88 800 573 46 52 146 169 264 1128 348 822 276 505 276 168 560 608 82 20 755 1110 96 205 121 1236 284 1185 228 376 580 516 840 36 168
2 3 5 7 10 12 14 15 17 19 21 23 25 28 29 31 34 36 38 40 42 44 46 48 50 52 54 57 58 60 62 64 66 69 71 72 75:12880:453 105 118 88 600 191 115 26 292 676 198 846 174 1370 184 101 345 280 224 760 410 25 604 444 144 41 484 1545 142 237 285 188 145 344 432 54 210
2 3 5 7 10 12 14 15 17 19 21 23 25 28 29 31 35 36 38 40 42 44 46 48 50 52 54 57 58 60 62 64 66 69 71 72 75:14618:604 70 472 88 1000 191 69 39 365 845 198 846 261 1370 460 505 628 112 112 760 328 15 755 666 192 205 242 927 426 474 114 282 435 172 144 36 210
2 3 5 7 9 11 14 15 17 20 21 23 25 28 29 31 35 36 38 40 42 44 47 48 50 52 54 56 58 60 62 64 66 69 71 72 75:12810:453 35 354 220 438 582 92 39 365 78 198 1128 261 548 460 404 942 56 112 152 410 15 1116 888 48 205 363 7 426 948 171 282 290 172 288 54 210
2 3 5 7 9 12 14 16 17 20 21 23 25 28 29 31 34 36 38 40 42 44 47 48 50 52 54 56 58 60 62 64 66 69 70 72 75:12377:604 35 354 220 438 955 92 332 146 78 264 846 348 548 368 303 69 280 448 760 410 10 279 444 240 41 605 35 426 237 114 282 580 688 336 36 126
2 3 5 7 10 12 14 15 17 19 21 23 25 28 29 31 34 36 39 40 42 44 46 48 51 52 54 56 58 60 62 64 66 69 71 72 75:11093:453 105 236 132 600 573 115 39 219 169 66 1128 261 822 184 202 345 112 225 760 328 5 302 888 72 164 121 7 426 237 228 282 145 860 144 54 84
2 3 5 7 10 12 14 15 17 19 21 23 25 28 29 31 34 36 39 40 42 44 46 48 51 52 54 57 58 60 62 64 66 69 71 72 75:11394:453 140 472 88 200 382 69 26 365 169 330 1410 174 548 460 202 69 168 90 456 410 15 151 222 90 82 605 1545 142 237 57 282 435 172 576 18 84
2 3 5 7 10 12 14 15 17 19 21 23 25 28 29 31 35 36 39 40 42 44 46 48 51 52 54 57 58 60 62 64 66 69 71 72 75:13526:151 140 236 176 400 382 46 26 73 845 198 1128 174 1096 460 404 1570 56 45 456 328 25 453 666 54 205 605 618 426 474 57 376 435 172 288 72 210
2 3 5 7 9 11 14 15 17 20 21 23 25 28 29 31 35 36 39 40 42 44 47 48 51 52 54 56 58 60 62 64 66 69 71 72 75:14289:604 140 354 176 876 776 69 65 219 195 198 1128 87 1370 184 303 1256 168 45 152 410 10 558 666 72 205 484 7 710 474 171 188 725 860 288 54 42
2 3 5 7 9 12 14 16 18 20 21 23 25 28 29 31 34 36 38 40 42 44 46 48 50 52 54 56 58 60 62 64 66 69 71 72 75:11823:604 35 354 176 876 191 115 166 82 195 66 846 87 274 92 202 276 224 336 304 164 10 604 666 48 82 605 28 568 1185 285 470 725 516 288 36 42
2 3 5 7 9 11 14 16 18 20 21 23 25 28 29 31 34 36 38 40 42 44 47 48 50 52 54 56 58 60 62 64 66 69 70 72 75:14765:604 105 118 88 876 194 92 664 41 195 330 564 261 1096 276 101 138 168 112 760 328 5 1395 888 192 123 605 35 142 1185 285 470 725 860 504 72 168
2 3 5 7 9 12 14 16 18 20 21 23 25 28 29 31 34 36 38 40 42 44 47 48 50 52 54 56 58 60 62 64 66 69 70 72 75:11392:755 175 590 44 219 955 92 498 41 117 330 282 87 548 184 404 276 224 112 760 82 5 279 666 48 205 363 28 710 711 57 376 145 172 672 54 126
2 3 5 7 9 11 13 15 17 19 21 23 25 28 29 31 34 36 38 40 42 44 46 48 51 52 55 57 58 60 62 64 66 69 70 72 75:12238:151 35 354 220 219 582 198 65 146 169 66 564 174 822 276 505 345 224 224 152 328 5 755 222 36 205 504 1236 426 1185 228 282 145 344 672 90 84
2 3 5 7 9 12 13 15 17 19 21 23 25 28 29 31 34 36 38 40 42 44 46 48 51 52 55 57 58 60 62 64 66 69 70 72 75:15490:755 140 590 176 876 764 396 52 292 338 132 1128 174 548 460 505 276 112 560 304 164 5 151 222 72 164 1260 1236 568 948 57 376 145 860 504 54 126
2 3 5 7 9 12 13 16 17 19 21 23 25 28 29 31 34 36 38 40 42 44 46 48 51 52 55 57 58 60 62 64 66 69 70 72 75:14075:755 105 354 132 657 191 396 166 73 507 264 282 174 274 368 202 207 168 448 456 328 15 604 888 72 205 1260 618 568 474 285 470 145 860 840 54 210
2 3 5 7 9 11 13 15 17 20 21 23 25 28 29 31 34 36 38 40 42 44 47 48 51 52 55 56 58 60 62 64 66 69 70 72 75:10953:302 175 354 88 438 388 198 13 292 117 198 282 348 274 184 101 138 224 112 456 246 5 558 1110 54 123 1008 35 426 474 285 376 435 344 672 36 84
2 3 5 7 9 11 13 15 17 20 21 23 25 28 29 31 34 36 38 40 42 44 47 48 51 52 55 57 58 60 62 64 66 69 70 72 75:11933:302 105 354 44 1095 194 99 13 365 117 132 282 87 274 368 404 69 280 224 456 246 10 1395 888 18 164 252 309 568 711 57 94 725 344 672 90 126
2 3 5 7 9 12 13 15 17 20 21 23 25 28 29 31 34 36 38 40 42 44 47 48 51 52 55 56 58 60 62 64 66 69 70 72 75:10607:302 70 354 176 438 764 198 39 146 117 264 846 87 1370 276 505 207 280 112 304 82 5 279 444 72 164 504 35 284 237 171 94 145 516 504 90 126
2 3 5 7 9 11 13 16 17 20 21 23 25 28 29 31 34 36 38 40 42 44 47 48 51 52 55 56 58 60 62 64 66 69 70 72 75:14122:151 70 236 220 1095 194 198 166 219 195 198 846 435 1370 368 404 69 56 336 304 82 10 1395 888 90 123 756 7 710 1185 57 470 145 516 336 54 168
2 3 5 7 9 11 13 16 17 20 21 23 25 28 29 31 34 36 38 40 42 44 47 48 51 52 55 57 58 60 62 64 66 69 70 72 75:13339:151 105 354 88 876 970 396 498 73 117 264 1128 261 822 460 101 138 280 112 456 246 10 558 222 72 123 756 309 710 948 228 94 725 172 336 54 126
2 3 5 7 9 12 13 15 17 19 21 23 25 28 29 31 34 36 38 40 42 44 46 48 50 52 55 57 58 60 62 64 66 69 70 72 75:12304:151 35 590 176 876 382 495 26 73 338 264 564 348 548 276 202 345 112 224 608 164 5 302 444 48 82 756 927 568 237 171 188 725 688 168 72 126
2 3 5 7 9 12 13 16 17 19 21 23 25 28 29 31 34 36 38 40 42 44 46 48 50 52 55 57 58 60 62 64 66 69 70 72 75:13484:302 105 118 88 876 382 396 166 219 845 264 282 87 1096 368 505 207 56 224 304 246 20 755 444 240 164 504 309 568 1185 114 470 145 344 840 36 210
2 3 5 7 9 11 13 15 17 20 21 23 25 28 29 31 34 36 38 40 42 44 47 48 50 52 55 57 58 60 62 64 66 69 70 72 75:15284:302 70 236 88 1095 582 495 39 292 156 66 564 87 548 92 404 138 224 448 760 82 20 1395 888 96 123 1260 1545 142 711 228 188 580 344 840 72 84
2 3 5 7 9 12 13 15 17 20 21 23 25 28 29 31 34 36 38 40 42 44 47 48 50 52 55 56 58 60 62 64 66 69 70 72 75:13048:453 35 236 176 438 382 198 52 73 78 198 282 435 1370 276 505 207 280 560 456 164 25 558 1110 48 205 1008 28 284 474 171 376 725 516 504 36 126
2 3 5 7 9 12 13 15 17 20 21 23 25 28 29 31 34 36 38 40 42 44 47 48 50 52 55 57 58 60 62 64 66 69 70 72 75:11195:151 105 472 44 219 764 396 65 146 78 264 282 348 822 368 505 207 56 336 456 246 25 837 222 96 82 504 927 142 474 171 188 725 172 168 90 42
2 3 5 7 9 12 13 16 18 20 21 23 25 28 29 31 34 36 38 40 42 44 46 48 51 52 55 57 58 60 62 64 66 69 70 72 75:11264:604 140 590 132 657 382 396 332 123 78 66 282 435 274 460 505 138 112 224 152 164 20 453 888 72 164 252 309 284 711 285 188 290 172 672 90 168
2 3 5 7 9 12 13 16 18 20 21 23 25 28 29 31 34 36 38 40 42 44 47 48 51 52 55 56 58 60 62 64 66 69 70 72 75:13646:151 70 118 88 876 955 396 830 123 78 264 282 348 1096 276 101 138 56 560 760 246 15 1116 888 90 164 1008 28 568 237 228 94 580 344 336 54 84
2 3 5 7 9 12 13 16 18 20 21 23 25 28 29 31 34 36 38 40 42 44 47 48 50 52 55 56 58 60 62 64 66 69 70 72 75:13160:302 140 118 220 657 191 198 498 123 78 132 1410 174 274 460 101 138 280 112 608 328 10 1395 1110 48 41 504 35 142 1185 57 376 435 344 840 54 42
2 3 5 7 9 11 13 15 17 20 21 23 25 28 29 31 34 36 38 40 42 44 47 49 50 52 55 56 58 60 62 64 66 68 70 72 75:11885:453 70 590 176 219 582 396 52 73 78 264 1128 174 1096 92 303 207 280 224 608 246 20 558 338 48 41 252 21 142 948 285 376 435 156 840 72 42
2 3 5 7 9 11 14 15 17 20 21 23 25 28 29 31 34 36 38 40 42 44 47 48 51 52 55 56 58 60 62 64 66 69 70 72 75:11684:755 35 472 176 438 194 23 13 146 117 132 282 435 1370 92 202 345 224 336 456 164 25 279 666 18 41 1008 28 426 474 228 94 580 516 672 54 168
2 3 5 7 9 12 14 16 17 20 21 23 25 28 29 31 34 36 38 40 42 44 47 48 51 52 55 56 58 60 62 64 66 69 70 72 75:13589:604 175 236 220 1095 382 69 332 73 117 198 564 435 548 368 303 207 56 560 152 82 25 279 666 36 164 1008 21 710 1185 228 188 725 516 840 54 168
2 3 5 7 10 12 14 15 17 19 21 23 25 28 29 31 34 36 38 40 42 44 46 48 50 52 55 56 58 60 62 64 66 69 71 72 75:12203:302 175 472 132 200 764 46 39 365 169 330 1410 87 822 368 202 276 112 448 304 82 5 151 1110 96 164 504 28 142 948 285 376 435 344 432 36 42
2 3 5 7 9 12 14 15 17 19 21 23 25 28 29 31 34 36 38 40 42 44 46 48 50 52 55 57 58 60 62 64 66 69 70 72 75:14698:453 70 236 88 219 764 92 13 146 676 66 1128 87 1096 276 202 207 280 448 608 82 20 755 1110 48 164 1260 618 568 474 114 376 290 860 504 90 210
2 3 5 7 10 12 14 15 17 19 21 23 25 28 29 31 34 36 38 40 42 44 46 48 50 52 55 57 58 60 62 64 66 69 70 72 75:13696:604 175 354 176 1000 573 115 13 73 507 330 846 87 1370 276 404 276 168 224 304 328 15 151 888 96 205 756 309 426 237 171 376 725 688 336 72 42
2 3 5 7 9 12 14 15 17 20 21 23 25 28 29 31 34 36 38 40 42 44 47 48 50 52 55 56 58 60 62 64 66 69 70 72 75:14811:453 70 236 44 1095 191 23 65 146 156 198 1410 348 1370 184 404 345 168 112 456 246 15 1116 444 96 82 1260 28 710 948 171 376 725 688 168 54 210
2 3 5 7 10 12 14 15 17 20 21 23 25 28 29 31 34 36 38 40 42 44 47 48 50 52 55 56 58 60 62 64 66 69 70 72 75:11275:302 140 354 220 800 382 92 52 219 39 264 564 435 548 276 404 69 280 448 304 164 20 1116 222 144 164 1008 21 142 1185 114 94 145 172 168 36 168
2 3 5 7 9 12 14 15 17 20 21 23 25 28 29 31 34 36 38 40 42 44 47 48 50 52 55 57 58 60 62 64 66 69 70 72 75:14045:604 105 118 44 438 191 46 26 292 78 66 1410 435 822 92 505 207 168 336 760 164 25 1116 888 144 205 504 1236 568 237 114 470 725 516 168 54 168
2 3 5 7 10 12 14 15 17 20 21 23 25 28 29 31 34 36 38 40 42 44 47 48 50 52 55 57 58 60 62 64 66 69 70 72 75:12455:302 105 118 132 400 382 69 26 365 195 264 846 435 1370 368 303 276 280 448 152 410 15 279 444 144 41 756 618 710 711 114 188 435 172 504 36 42
2 3 5 7 9 11 14 16 17 20 21 23 25 28 29 31 34 36 38 40 42 44 47 48 50 52 55 56 58 60 62 64 66 69 70 72 75:13344:604 140 118 132 657 194 69 498 73 117 198 1410 261 548 184 202 345 112 336 456 246 10 837 1110 96 82 1008 21 710 711 114 188 725 172 504 72 84
2 3 5 7 9 12 14 16 17 20 21 23 25 28 29 31 34 36 38 40 42 44 47 48 50 52 55 56 58 60 62 64 66 69 70 72 75:11742:302 140 472 176 657 191 46 664 365 195 132 564 174 1096 184 202 138 56 560 456 410 5 558 666 96 82 1260 35 142 237 114 282 435 344 168 54 84
2 3 5 7 10 12 14 15 17 19 21 23 25 28 29 31 34 36 39 40 42 44 46 48 51 52 55 56 58 60 62 64 66 69 71 72 75:14258:302 35 590 220 200 573 46 52 146 845 264 1410 348 548 460 404 345 224 45 304 246 20 604 888 54 123 1008 28 568 948 228 94 580 860 432 90 126
2 3 5 7 10 12 14 16 18 20 21 23 25 28 29 31 34 36 38 40 42 44 46 48 50 52 55 56 58 60 62 64 66 69 71 72 75:12201:151 35 590 44 1000 764 92 166 82 117 132 846 174 1096 368 202 69 56 224 456 410 25 453 444 144 82 504 28 284 711 57 282 725 860 432 54 42
2 3 5 7 9 12 14 16 18 20 21 23 25 28 29 31 34 36 38 40 42 44 47 48 50 52 55 56 58 60 62 64 66 69 70 72 75:11954:151 70 590 132 219 191 46 498 164 39 66 846 87 822 368 202 276 168 336 456 410 25 1395 888 144 41 252 21 710 237 171 282 725 344 504 36 42
2 3 5 7 10 12 14 16 18 20 21 23 25 28 29 31 34 36 38 40 42 44 47 48 50 52 55 56 58 60 62 64 66 69 70 72 75:14252:755 35 590 132 200 191 115 166 41 78 330 282 87 1096 92 505 207 280 560 456 164 5 1116 888 144 164 1260 28 710 948 228 470 725 688 336 54 126
2 3 5 7 9 12 14 16 18 20 21 23 25 28 29 31 34 36 38 40 42 44 47 48 50 52 55 57 58 60 62 64 66 69 70 72 75:14680:755 140 118 44 438 382 69 498 205 117 198 1128 174 822 92 505 69 280 448 304 164 5 279 888 240 205 504 1236 284 1185 285 188 725 860 672 90 84
2 3 5 7 10 12 14 16 18 20 21 23 25 28 29 31 34 36 39 40 42 44 46 48 51 52 55 56 58 60 62 64 66 69 71 72 75:9853:151 105 118 176 200 382 23 332 164 195 198 282 348 1096 92 404 276 112 225 760 328 10 151 444 54 164 252 21 568 237 228 188 435 516 432 18 168
2 3 5 7 9 12 13 15 17 19 21 23 25 27 29 31 34 36 38 40 42 44 46 48 50 52 54 57 58 60 63 64 66 69 70 72 75:12429:151 105 354 220 657 191 198 13 73 676 330 846 261 132 460 505 345 168 448 152 410 5 453 444 240 164 242 1545 284 474 492 376 145 516 168 18 168
2 3 5 7 9 11 13 15 17 19 21 23 25 27 29 31 34 36 39 40 42 44 46 48 51 52 54 57 58 60 63 64 66 69 71 72 75:13843:604 175 118 220 657 582 396 39 292 169 132 1410 261 88 92 303 207 112 45 152 328 15 755 666 90 41 605 618 568 948 820 376 725 688 288 90 168
2 3 5 7 9 12 13 15 17 19 21 23 25 27 29 31 34 36 39 40 42 44 46 48 51 52 54 56 58 60 63 64 66 69 71 72 75:12736:604 175 118 176 657 382 297 52 292 338 330 1128 435 176 460 505 138 112 135 760 82 15 755 888 54 205 605 21 142 474 328 94 145 860 576 54 168
2 3 5 7 9 11 13 15 17 19 21 23 25 27 29 31 34 36 39 40 42 44 46 48 50 52 54 57 58 60 63 64 66 69 71 72 75:12026:151 70 590 88 438 194 396 65 146 507 330 282 174 44 92 202 138 168 90 760 410 10 302 1110 96 205 121 1545 710 237 656 376 145 860 144 90 84
2 3 5 7 9 12 13 15 17 19 21 23 25 27 29 31 34 36 39 40 42 44 46 48 50 52 54 57 58 60 63 64 66 69 71 72 75:13310:755 105 354 176 1095 573 99 65 365 845 132 846 348 176 368 202 138 224 180 152 82 5 755 1110 48 123 121 309 710 1185 328 94 290 172 576 36 168
2 3 5 7 9 12 13 16 17 19 21 23 25 27 29 31 34 36 39 40 42 44 46 48 50 52 54 57 58 60 63 64 66 69 71 72 75:13487:604 35 590 132 876 382 198 166 146 676 132 282 87 220 368 404 138 56 180 304 82 5 151 666 192 123 121 1545 284 1185 492 282 725 860 576 54 168
2 3 5 7 9 12 13 16 18 20 21 23 25 27 29 31 34 36 38 40 42 44 47 48 50 52 54 56 58 60 62 64 66 69 70 72 75:11866:302 175 590 132 438 382 99 332 205 117 66 1128 174 44 92 202 138 168 224 304 328 10 837 444 144 123 605 7 426 1185 228 188 725 344 840 36 84
2 3 5 7 9 12 13 16 18 20 21 23 25 27 29 31 34 36 39 40 42 44 46 48 51 52 54 56 58 60 62 64 66 69 71 72 75:10336:604 175 118 220 219 764 495 332 82 39 198 846 261 132 460 303 276 224 90 456 246 10 151 666 72 123 121 35 426 474 228 94 290 860 144 18 84
2 3 5 7 10 12 14 15 17 19 21 23 25 27 29 31 34 36 38 40 42 44 46 48 50 52 54 57 58 60 63 64 66 69 70 72 75:13927:453 140 472 176 600 955 69 26 292 169 198 282 348 176 460 101 276 280 448 760 410 15 453 888 144 123 121 1236 568 474 656 470 580 172 840 54 42
2 3 5 7 10 12 14 15 17 19 21 23 25 27 29 31 34 36 39 40 42 44 46 48 51 52 54 56 58 60 62 64 66 69 71 72 75:11686:604 105 590 132 400 382 115 39 292 845 132 846 261 176 368 202 69 56 45 456 246 5 453 1110 90 123 121 35 142 948 114 470 580 516 432 18 168
2 3 5 7 10 12 14 15 17 19 21 23 25 27 29 31 34 36 39 40 42 44 46 48 51 52 54 57 58 60 62 64 66 69 71 72 75:11587:151 105 472 88 800 382 46 26 292 845 330 282 261 88 368 202 345 168 180 152 164 15 453 888 18 205 484 618 710 711 114 188 290 516 432 72 126
2 3 5 7 10 12 14 15 17 19 21 23 25 27 29 31 35 36 39 40 42 44 46 48 51 52 54 57 58 60 62 64 66 69 71 72 75:11665:302 140 118 176 1000 955 92 13 146 676 264 282 174 132 276 202 628 112 45 152 164 25 151 888 54 205 242 309 142 948 285 282 725 688 432 72 168
2 3 5 7 9 11 14 15 17 20 21 23 25 27 29 31 35 36 39 40 42 44 47 48 51 52 54 56 58 60 62 64 66 69 71 72 75:14431:755 140 472 220 219 582 69 52 146 78 198 1410 435 132 368 404 628 168 90 760 410 20 1116 1110 90 82 605 14 284 1185 114 188 725 688 288 18 168
2 3 5 7 10 12 14 15 17 19 21 23 25 27 29 31 34 36 39 40 42 44 46 48 50 52 54 57 58 60 63 64 66 69 71 72 75:13261:604 105 354 132 800 955 23 52 219 507 66 1128 435 44 276 404 276 280 180 456 328 20 302 222 192 82 121 1236 568 711 328 470 435 344 432 90 84
2 3 5 7 9 11 14 16 17 19 21 23 25 27 29 31 34 36 39 40 42 44 46 48 50 52 54 56 58 60 63 64 66 69 71 72 75:10699:302 35 354 132 438 194 46 332 73 507 330 564 174 88 184 404 276 168 180 760 82 15 755 1110 240 41 242 28 284 474 492 376 435 344 144 54 42
2 3 5 7 9 12 14 16 17 19 21 23 25 27 29 31 34 36 39 40 42 44 46 48 50 52 54 56 58 60 63 64 66 69 71 72 75:11338:453 140 472 88 438 764 92 830 146 338 198 564 261 132 184 303 138 56 90 608 82 5 604 222 240 41 363 28 568 237 820 282 725 172 432 54 168
2 3 5 7 9 12 14 16 18 20 21 23 25 27 29 31 34 36 38 40 42 44 47 48 50 52 54 56 58 60 62 64 66 69 70 72 75:12424:151 105 472 132 219 573 69 498 41 39 198 564 348 132 368 404 276 224 112 304 246 15 1395 888 96 205 242 28 568 1185 285 188 580 860 336 36 42
2 3 5 7 9 12 14 16 18 20 21 23 25 27 29 31 34 36 39 40 42 44 46 48 50 52 54 56 58 60 62 64 66 69 71 72 75:11330:604 70 118 176 1095 191 92 332 41 78 132 282 87 88 460 505 69 168 225 304 410 10 755 888 192 82 605 21 142 711 285 470 580 516 432 72 42
2 3 5 7 9 12 13 15 17 19 21 23 25 27 29 31 34 36 38 40 42 44 46 48 51 52 55 57 58 60 62 64 66 69 70 72 75:13345:151 35 590 88 438 764 99 52 219 507 330 1128 87 176 184 505 138 56 224 456 328 10 755 444 18 205 1008 1545 568 237 57 188 145 860 672 36 42
2 3 5 7 9 11 13 15 17 19 21 23 25 27 29 31 35 36 38 40 42 44 46 48 51 52 55 57 58 60 62 64 66 69 70 72 75:15200:453 175 590 88 876 776 495 26 73 676 66 846 87 132 276 202 1570 224 112 304 246 15 151 444 18 41 1260 1545 426 948 285 470 580 172 336 90 126
2 3 5 7 9 12 13 16 17 19 21 23 25 27 29 31 34 36 38 40 42 44 46 48 51 52 55 57 58 60 62 64 66 69 70 72 75:12448:755 175 590 44 438 955 396 498 219 338 132 564 435 132 92 202 138 168 112 152 410 25 302 888 36 82 504 1545 142 711 57 376 435 172 168 18 42
2 3 6 7 9 11 13 15 17 19 21 23 25 27 29 31 35 36 38 40 42 44 46 48 50 52 55 56 58 60 62 64 66 69 70 72 75:12297:151 35 296 88 219 970 396 26 146 169 198 282 174 176 276 303 314 56 560 760 410 25 755 1110 144 205 756 35 284 1185 114 94 435 172 840 54 84
2 3 5 7 9 12 13 15 17 19 21 23 25 27 29 31 34 36 38 40 42 44 46 48 50 52 55 57 58 60 63 64 66 69 70 72 75:12223:755 175 590 132 876 382 99 65 146 169 66 1410 87 44 276 202 276 280 112 152 82 5 302 666 48 164 504 927 426 237 492 376 580 688 336 54 42
2 3 5 7 9 11 13 15 17 19 21 23 25 27 29 31 34 36 39 40 42 44 46 48 51 52 55 57 58 60 62 64 66 69 71 72 75:12512:453 70 590 132 657 776 396 52 146 338 264 1410 174 176 460 505 207 56 180 152 82 20 755 1110 54 41 252 618 284 474 171 188 725 172 144 18 210
2 3 5 7 9 12 13 15 17 19 21 23 25 27 29 31 34 36 39 40 42 44 46 48 51 52 55 57 58 60 62 64 66 69 71 72 75:12122:302 70 118 132 876 764 297 65 292 676 198 282 87 220 92 505 276 112 135 760 328 15 755 222 18 82 1008 1236 710 237 285 94 145 344 288 54 42
2 3 5 7 9 11 13 15 17 19 21 23 25 27 29 31 34 36 39 40 42 44 46 48 51 52 55 56 58 60 63 64 66 69 71 72 75:14282:755 140 118 44 1095 970 396 39 73 338 264 1410 87 88 460 303 276 280 90 760 246 20 151 888 36 82 1260 7 426 711 656 188 725 516 288 54 42
2 3 6 7 9 11 13 15 17 19 21 23 25 27 29 31 34 36 39 40 42 44 46 48 51 52 55 56 58 60 63 64 66 69 71 72 75:11132:755 105 148 220 219 582 99 26 73 169 330 1128 435 176 184 404 138 280 45 608 246 10 453 222 36 41 252 28 426 1185 328 188 725 172 576 36 84
2 3 5 7 9 11 13 15 17 19 21 23 25 27 29 31 34 36 39 40 42 44 46 48 51 52 55 57 58 60 63 64 66 69 71 72 75:13737:151 105 236 132 219 582 198 26 219 845 132 1410 261 44 460 404 138 56 135 456 328 5 604 444 72 123 756 1236 284 1185 492 188 145 688 720 90 168
2 3 5 7 9 12 13 16 17 19 21 23 25 27 29 31 34 36 39 40 42 44 46 48 51 52 55 57 58 60 62 64 66 69 71 72 75:13848:302 35 236 44 1095 191 297 664 365 338 330 1128 261 220 184 404 276 168 90 456 164 20 604 666 18 82 756 1236 426 948 171 376 435 172 432 90 168
2 3 5 7 9 11 13 15 17 20 21 23 25 27 29 31 34 36 39 40 42 44 47 48 51 52 55 57 58 60 63 64 66 69 71 72 75:14574:151 35 354 88 1095 582 198 52 365 117 198 846 435 220 460 202 345 112 45 304 246 25 1395 444 54 205 504 927 568 1185 492 94 435 860 720 90 126
2 3 5 7 9 11 13 16 17 20 21 23 25 27 29 31 34 36 39 40 42 44 47 48 51 52 55 57 58 60 63 64 66 69 71 72 75:13068:755 105 354 176 657 776 396 166 292 156 198 1128 348 132 92 505 69 112 225 608 82 5 558 444 72 82 756 927 710 237 328 470 145 516 288 72 126
2 3 5 7 9 11 13 15 17 19 21 23 25 27 29 31 34 36 39 40 42 44 46 48 50 52 55 57 58 60 62 64 66 69 71 72 75:12271:755 175 236 44 657 388 198 26 365 507 132 282 174 44 276 101 69 56 90 152 164 15 151 1110 48 123 756 1545 568 711 171 376 580 860 288 36 42
2 3 5 7 9 12 13 15 17 19 21 23 25 27 29 31 34 36 39 40 42 44 46 48 50 52 55 57 58 60 62 64 66 69 71 72 75:10965:453 105 354 88 219 573 396 39 219 338 330 282 435 176 184 101 138 168 90 152 410 10 755 444 144 164 1260 309 142 237 285 376 145 688 576 54 126
2 3 5 7 9 11 13 15 17 19 21 23 25 27 29 31 34 36 39 40 42 44 46 48 50 52 55 57 58 60 63 64 66 69 70 72 75:13319:453 175 118 176 219 776 99 65 219 845 264 282 435 132 184 505 276 56 225 304 328 10 453 888 144 205 1008 1236 284 237 328 470 290 688 840 18 84
2 3 5 7 9 11 13 15 17 19 21 23 25 27 29 31 34 36 39 40 42 44 46 48 50 52 55 57 58 60 63 64 66 69 71 72 75:14151:151 105 118 88 219 970 198 26 219 845 198 1128 87 132 368 505 345 56 90 608 410 25 604 1110 144 164 1008 927 426 948 164 282 435 688 144 90 126
2 3 5 7 9 12 13 15 17 19 21 23 25 27 29 31 34 36 39 40 42 44 46 48 50 52 55 57 58 60 63 64 66 69 71 72 75:13102:302 70 472 88 438 382 198 52 365 845 264 1128 435 88 460 404 345 112 180 760 246 5 151 222 96 82 252 618 142 1185 656 376 435 516 432 90 210
2 3 5 7 9 12 13 16 17 19 21 23 25 27 29 31 34 36 39 40 42 44 46 48 50 52 55 57 58 60 62 64 66 69 71 72 75:13766:755 105 118 220 876 764 396 664 73 169 330 282 261 88 276 505 276 280 90 760 82 20 604 888 96 82 1260 618 426 1185 57 188 290 172 288 54 168
2 3 5 7 9 12 13 16 17 19 21 23 25 27 29 31 34 36 39 40 42 44 46 48 50 52 55 56 58 60 63 64 66 69 71 72 75:10773:302 105 354 88 657 764 99 332 292 507 66 282 348 176 368 404 69 168 225 152 82 15 453 1110 48 205 252 35 142 948 164 94 145 344 720 90 168
2 3 5 7 9 11 13 15 17 20 21 23 25 27 29 31 34 36 39 40 42 44 47 48 50 52 55 57 58 60 63 64 66 69 71 72 75:12433:151 105 590 44 1095 582 396 26 292 39 264 564 261 88 184 202 69 224 90 304 82 5 279 222 144 41 1008 1236 426 1185 492 94 725 516 144 54 210
2 3 5 7 9 12 13 15 17 20 21 23 25 27 29 31 34 36 39 40 42 44 47 48 50 52 55 57 58 60 63 64 66 69 71 72 75:12737:604 140 236 88 438 382 495 52 146 117 264 1128 87 88 184 303 276 112 180 608 246 5 837 888 96 164 252 927 426 948 492 282 290 344 432 54 126
2 3 5 7 9 12 13 16 18 20 21 23 25 27 29 31 34 36 38 40 42 44 46 48 51 52 55 57 58 60 62 64 66 69 70 72 75:12104:302 70 472 176 1095 191 297 664 82 195 66 1410 174 220 92 505 138 112 224 304 82 20 453 888 18 41 756 309 284 474 171 376 145 344 840 72 42
2 3 5 7 9 12 13 16 18 20 21 23 25 27 29 31 34 36 38 40 42 44 47 48 51 52 55 56 58 60 62 64 66 69 70 72 75:11485:604 35 118 220 219 382 198 664 82 117 330 564 348 220 276 404 207 168 560 304 82 25 837 888 90 123 252 21 284 711 114 188 580 688 504 36 42
2 3 5 7 9 12 13 16 18 20 21 23 25 27 29 31 34 36 38 40 42 44 47 48 50 52 55 56 58 60 62 64 66 69 70 72 75:12789:604 35 472 44 1095 573 198 166 123 156 198 282 87 88 368 404 207 224 112 760 410 10 837 222 192 82 756 14 284 1185 171 282 580 860 504 36 168
2 3 5 7 9 12 13 16 18 20 21 23 25 27 29 31 34 36 39 40 42 44 46 48 51 52 55 57 58 60 62 64 66 69 71 72 75:13135:604 70 590 132 219 955 297 166 123 78 132 1410 348 176 276 404 207 224 180 152 82 10 755 666 90 123 504 927 142 1185 171 470 145 516 432 90 84
2 3 5 7 9 12 13 16 18 20 21 23 25 27 29 31 34 36 39 40 42 44 46 48 50 52 55 56 58 60 62 64 66 69 71 72 75:11534:302 70 236 176 657 764 99 498 164 78 66 1128 261 132 92 101 138 280 45 456 410 20 453 888 192 164 1260 35 426 474 114 188 145 344 576 18 84
2 3 5 7 9 11 13 15 17 19 21 23 25 27 29 31 34 37 38 40 42 44 46 49 50 52 55 56 58 60 62 64 66 69 70 72 75:10063:453 35 472 132 1095 194 297 39 146 169 66 564 348 44 184 505 69 261 112 760 410 15 151 169 144 41 756 14 284 237 114 470 145 172 840 72 84
2 3 5 7 9 12 14 16 17 20 21 23 25 27 29 31 34 36 38 40 42 44 47 48 51 52 55 56 58 60 62 64 66 69 70 72 75:12877:302 105 236 44 876 382 23 498 73 78 330 1410 348 220 368 202 138 112 448 456 246 10 279 888 36 164 756 14 284 1185 285 376 435 172 840 90 168
2 3 5 7 10 12 14 15 17 19 21 23 25 27 29 31 34 36 38 40 42 44 46 48 50 52 55 57 58 60 62 64 66 69 70 72 75:11902:755 105 590 176 600 191 115 13 73 169 132 564 435 132 276 303 69 168 336 456 246 5 453 222 144 164 1260 309 142 711 171 470 435 516 840 72 84
2 3 6 7 9 11 14 15 17 19 21 23 25 27 29 31 35 36 38 40 42 44 46 48 50 52 55 56 58 60 62 64 66 69 71 72 75:12479:453 175 370 44 657 194 69 52 146 169 132 1128 174 176 368 404 314 224 224 152 246 5 755 1110 48 41 1008 35 568 711 228 470 725 172 432 90 210
2 3 5 7 10 12 14 15 17 19 21 23 25 27 29 31 35 36 38 40 42 44 46 48 50 52 55 57 58 60 62 64 66 69 71 72 75:14922:151 175 472 132 1000 382 69 39 73 169 264 1128 261 44 276 505 314 168 224 760 410 15 151 444 48 82 1260 1545 568 1185 285 470 145 688 720 90 210
2 3 5 7 10 12 14 15 17 19 21 23 25 27 29 31 34 36 38 40 42 44 46 48 50 52 55 57 58 60 63 64 66 69 70 72 75:13504:151 175 236 220 1000 764 115 13 365 169 132 564 261 176 460 101 138 280 336 760 410 25 302 222 192 164 1260 1545 142 474 656 376 290 688 168 90 84
2 3 5 7 9 11 14 16 17 19 21 23 25 27 29 31 35 36 38 40 42 44 46 48 50 52 55 56 58 60 62 64 66 69 71 72 75:11476:302 175 118 44 219 194 69 498 146 845 330 282 174 44 368 505 628 224 560 304 164 15 755 444 192 41 756 35 426 474 228 376 435 860 144 18 84
2 3 5 7 9 12 14 16 17 19 21 23 25 27 29 31 35 36 38 40 42 44 46 48 50 52 55 56 58 60 62 64 66 69 71 72 75:12998:151 105 590 176 876 191 115 498 365 845 198 564 174 132 92 101 1570 112 336 760 328 15 755 222 48 82 756 7 284 948 171 376 145 688 144 36 42
2 3 5 7 10 12 14 15 17 20 21 23 25 27 29 31 34 36 38 40 42 44 47 48 50 52 55 56 58 60 62 64 66 69 70 72 75:13311:151 35 472 88 800 191 23 65 219 156 132 846 435 220 184 404 345 224 336 760 328 25 837 888 144 41 252 21 710 1185 171 376 725 688 672 36 126
2 3 5 7 9 11 14 15 17 20 21 23 25 27 29 31 35 36 38 40 42 44 47 48 50 52 55 56 58 60 62 64 66 69 71 72 75:15233:604 35 118 176 876 776 69 52 146 156 264 1410 348 176 92 505 1256 168 448 760 164 15 1116 888 240 41 504 14 568 1185 285 470 290 688 144 18 168
2 3 5 7 9 12 14 16 17 20 21 23 25 27 29 31 34 36 38 40 42 44 47 48 50 52 55 56 58 60 62 64 66 69 70 72 75:13742:453 105 236 132 657 191 92 830 219 195 198 846 348 88 460 505 345 168 448 608 164 20 279 1110 240 82 756 21 568 948 57 282 435 516 840 90 210
2 3 5 7 9 11 14 15 17 19 21 23 25 27 29 31 35 36 39 40 42 44 46 48 51 52 55 56 58 60 62 64 66 69 71 72 75:10688:755 105 472 176 438 970 115 39 146 676 132 282 261 220 92 505 314 56 45 456 164 25 302 222 54 164 504 14 568 948 114 94 290 172 576 54 168
2 3 6 7 9 11 14 15 17 19 21 23 25 27 29 31 35 36 39 40 42 44 46 48 51 52 55 56 58 60 62 64 66 69 71 72 75:10582:151 35 296 132 876 582 23 26 73 676 330 846 261 132 276 303 314 224 135 152 164 5 302 1110 54 123 252 28 142 237 228 376 580 172 720 36 210
2 3 5 7 10 12 14 15 17 19 21 23 25 27 29 31 35 36 39 40 42 44 46 48 51 52 55 57 58 60 62 64 66 69 71 72 75:11446:151 105 472 176 1000 573 69 52 73 169 330 282 261 176 184 404 1256 56 90 760 410 10 302 222 18 205 252 309 426 711 171 94 145 860 576 54 42
2 3 5 7 9 12 14 16 17 19 21 23 25 27 29 31 34 36 39 40 42 44 46 48 51 52 55 56 58 60 62 64 66 69 71 72 75:11813:453 70 472 176 438 191 23 830 219 845 66 1128 435 132 92 505 69 280 90 608 164 20 453 444 90 164 504 28 426 711 285 188 580 172 288 90 84
2 3 5 8 9 12 14 16 17 19 21 23 25 27 29 31 34 36 39 40 42 44 46 48 51 52 55 56 58 60 62 64 66 69 71 72 75:12769:151 175 236 1125 438 191 115 664 365 169 198 846 348 220 92 404 207 224 90 760 410 25 453 666 90 41 504 35 142 1185 285 470 725 516 144 18 42
2 3 5 7 9 11 14 15 17 20 21 23 25 27 29 31 35 36 39 40 42 44 47 48 51 52 55 56 58 60 62 64 66 69 71 72 75:9448:453 35 236 132 657 388 46 52 73 156 264 564 174 44 460 303 628 56 45 304 164 10 279 1110 90 82 1008 21 142 237 114 188 145 344 144 90 210
2 3 5 7 10 12 14 15 17 19 21 23 25 27 29 31 34 36 39 40 42 44 46 48 50 52 55 57 58 60 62 64 66 69 71 72 75:14265:755 140 118 88 600 191 69 65 219 338 330 1410 348 44 184 101 207 224 180 608 410 10 453 222 96 205 756 1545 710 948 114 282 725 688 720 36 126
2 3 5 7 10 12 14 15 17 19 21 23 25 27 29 31 34 36 39 40 42 44 46 48 50 52 55 57 58 60 63 64 66 69 71 72 75:13422:755 140 472 132 400 573 92 13 219 169 132 1128 174 88 92 404 69 112 225 304 410 20 302 888 48 82 1008 927 426 948 656 470 580 688 144 90 42
2 3 5 7 9 11 14 15 17 20 21 23 25 27 29 31 34 36 39 40 42 44 47 48 50 52 55 56 58 60 62 64 66 69 71 72 75:11172:453 35 236 176 219 194 23 26 219 156 264 846 174 220 92 303 345 168 90 456 164 15 1116 1110 48 41 1008 28 710 474 57 282 290 516 432 18 168
2 3 5 7 10 12 14 15 17 20 21 23 25 27 29 31 34 36 39 40 42 44 47 48 50 52 55 57 58 60 63 64 66 69 71 72 75:12834:755 70 590 220 200 764 115 26 146 195 66 1410 435 88 276 505 138 168 225 304 164 20 279 888 240 123 504 1545 142 948 328 94 145 172 432 72 42
2 3 5 7 9 11 14 16 17 20 21 23 25 27 29 31 34 36 39 40 42 44 47 48 50 52 55 56 58 60 62 64 66 69 71 72 75:11605:302 175 236 220 219 194 69 498 146 195 264 564 261 132 276 303 345 280 45 304 410 15 1395 444 240 123 756 35 710 474 171 94 290 688 432 90 210
2 3 5 7 9 11 14 16 17 20 21 23 25 27 29 31 34 36 39 40 42 44 47 48 50 52 55 56 58 60 63 64 66 69 71 72 75:13079:604 140 590 44 657 776 46 664 219 195 198 282 261 88 184 303 276 168 45 456 164 5 1116 1110 96 82 252 28 568 1185 164 376 725 688 144 54 126
2 3 5 7 9 12 14 16 18 20 21 23 25 27 29 31 34 36 38 40 42 44 46 48 50 52 55 56 58 60 62 64 66 69 70 72 75:14757:453 35 472 44 876 955 92 664 82 195 264 1410 261 132 184 404 207 280 560 304 82 10 604 888 144 164 1008 28 426 1185 171 376 725 688 168 90 126
2 3 5 7 9 12 14 16 18 20 21 23 25 27 29 31 34 36 38 40 42 44 46 48 50 52 55 56 58 60 62 64 66 69 71 72 75:11781:604 105 590 88 219 382 69 166 82 78 132 1410 435 176 276 101 69 56 448 304 82 25 755 666 192 41 1008 21 284 948 228 94 725 172 576 90 84
2 3 5 7 9 12 14 16 18 20 21 23 25 27 29 31 34 36 38 40 42 44 46 48 50 52 55 57 58 60 62 64 66 69 71 72 75:13357:604 140 118 88 1095 573 115 830 82 117 66 1128 435 220 276 404 69 280 112 304 82 15 604 888 48 82 756 1236 142 474 57 470 435 172 720 36 84
2 3 5 7 9 11 14 16 18 20 21 23 25 27 29 31 35 36 38 40 42 44 46 48 50 52 55 56 58 60 62 64 66 69 71 72 75:13787:453 175 472 220 1095 776 92 166 41 78 264 846 435 44 184 202 628 168 336 608 328 20 151 666 240 123 756 28 142 1185 228 376 725 516 720 90 210
2 3 5 7 9 12 14 16 18 20 21 23 25 27 29 31 35 36 38 40 42 44 46 48 50 52 55 56 58 60 62 64 66 69 71 72 75:11238:604 175 118 132 876 382 46 166 205 39 330 282 87 176 276 101 628 56 448 152 246 25 151 666 48 205 756 28 568 948 228 188 290 688 720 36 168
2 3 5 7 9 12 14 16 18 20 21 23 25 27 29 31 34 36 38 40 42 44 47 48 50 52 55 56 58 60 62 64 66 69 70 72 75:13654:755 140 590 176 1095 955 23 830 41 117 66 564 261 88 368 101 69 224 336 152 164 20 558 1110 144 205 1008 35 142 1185 285 188 435 516 504 36 168
2 3 5 7 10 12 14 16 18 20 21 23 25 27 29 31 34 36 38 40 42 44 47 48 50 52 55 56 58 60 62 64 66 69 70 72 75:14148:604 175 472 88 400 764 115 332 164 78 198 1410 261 88 92 505 138 168 336 304 164 20 1116 888 144 205 1260 21 426 948 285 94 725 860 168 90 42
2 3 5 7 9 11 14 16 18 20 21 23 25 27 29 31 34 36 39 40 42 44 46 48 51 52 55 56 58 60 62 64 66 69 71 72 75:12113:453 105 472 88 1095 194 46 498 123 117 66 1410 87 44 184 505 138 280 90 304 410 15 151 888 54 123 756 28 142 711 57 470 435 860 432 72 210
2 3 5 7 9 12 14 16 18 20 21 23 25 27 29 31 34 36 39 40 42 44 46 48 51 52 55 56 58 60 62 64 66 69 71 72 75:10327:604 140 118 176 219 191 115 830 123 78 198 1128 435 220 92 101 345 224 45 608 328 10 151 222 54 82 756 35 710 474 114 94 145 688 288 18 168
2 3 5 7 10 12 14 16 18 20 21 23 25 27 29 31 34 36 39 40 42 44 46 48 51 52 55 56 58 60 62 64 66 69 71 72 75:12215:453 105 354 176 1000 382 115 830 123 195 66 1410 87 44 368 505 207 112 225 152 410 10 302 444 72 164 756 28 426 1185 228 94 435 344 288 36 84
2 3 5 7 9 12 14 16 18 20 21 23 25 27 29 31 34 36 39 40 42 44 46 48 50 52 55 56 58 60 62 64 66 69 71 72 75:11289:151 140 236 176 219 573 69 166 82 78 132 1410 261 132 184 202 276 168 135 760 246 5 453 888 240 82 1008 14 284 711 57 94 435 688 432 18 84
2 3 5 7 9 11 13 15 17 19 21 23 26 28 29 31 34 36 38 40 42 44 46 48 51 52 54 56 58 60 63 64 66 68 70 72 75:12967:453 35 118 88 657 582 495 52 219 676 66 1128 89 1370 368 404 207 168 336 304 164 10 302 444 36 123 484 35 710 1185 492 188 145 156 504 90 84
2 3 5 7 9 11 13 15 17 19 21 23 26 28 29 31 34 36 38 40 42 44 46 48 50 52 54 57 58 60 62 64 66 69 70 72 75:13681:302 175 472 132 1095 776 396 65 365 676 198 564 356 274 92 505 276 280 224 456 246 15 604 444 240 82 242 1545 284 711 228 282 145 688 168 36 42
2 3 5 7 9 11 13 15 17 20 21 23 26 28 29 31 34 36 38 40 42 44 47 48 50 52 54 56 58 60 62 64 66 69 70 72 75:13095:453 140 472 44 1095 582 297 65 73 156 66 846 445 548 368 202 138 56 560 304 410 10 1395 444 240 123 121 7 568 1185 171 282 435 344 168 72 210
2 3 5 7 9 11 14 15 17 20 21 23 26 28 29 31 34 36 38 40 42 44 47 48 50 52 54 56 58 60 62 64 66 69 70 72 75:11636:302 70 354 220 876 388 23 26 219 117 330 1410 445 548 460 303 69 56 448 760 246 15 279 444 144 41 121 14 284 711 228 94 145 516 672 90 168
2 3 5 7 9 11 13 15 17 19 21 23 26 28 29 31 34 36 38 40 42 44 46 48 50 52 55 57 58 60 62 64 66 69 70 72 75:13853:755 70 118 176 876 388 297 13 219 169 264 282 178 548 368 101 69 280 336 608 246 20 755 1110 144 205 1008 927 142 948 171 470 290 516 504 72 210
2 3 5 7 9 11 13 15 17 20 21 23 26 28 29 31 34 36 38 40 42 44 47 48 50 52 55 56 58 60 62 64 66 69 70 72 75:11809:151 140 590 44 876 582 297 65 292 195 330 282 89 548 368 404 207 224 336 304 410 5 279 1110 96 205 756 7 568 237 171 282 145 860 168 18 168
2 3 5 7 9 11 13 15 17 20 21 23 26 28 29 31 34 36 38 40 42 44 47 48 50 52 55 57 58 60 62 64 66 69 70 72 75:14087:453 105 236 176 876 194 198 52 219 117 132 1410 89 1370 92 101 207 56 448 608 246 5 1395 888 48 205 756 309 710 474 171 282 435 172 672 54 126
2 3 5 7 9 11 13 15 17 19 21 23 26 27 29 31 34 36 39 40 42 44 46 48 50 52 54 57 58 60 63 64 66 69 71 72 75:12606:151 140 236 88 657 970 396 13 146 507 264 846 89 176 368 505 276 168 45 304 328 25 755 444 192 41 363 618 284 948 820 470 435 172 144 54 168
2 3 5 7 9 12 13 15 17 19 21 23 26 27 29 31 34 36 38 40 42 44 46 48 51 52 55 57 58 60 63 64 66 69 70 72 75:14560:755 105 472 44 438 191 396 39 292 507 330 282 445 88 92 202 138 280 560 304 328 15 453 666 90 123 1260 1545 284 711 492 470 725 688 672 36 42
2 3 5 7 9 11 13 15 17 20 21 23 26 27 29 31 34 36 38 40 42 44 47 48 51 52 55 56 58 60 62 64 66 69 70 72 75:13564:604 105 590 176 876 388 495 26 292 117 66 846 267 220 460 505 69 280 448 608 82 5 1395 222 54 41 1260 14 710 474 171 470 290 344 336 90 168
2 3 5 7 9 11 13 15 17 20 21 23 26 27 29 31 34 36 38 40 42 44 47 48 50 52 55 56 58 60 62 64 66 69 70 72 75:12114:151 140 472 220 1095 582 198 26 365 78 330 564 267 220 276 303 276 168 112 456 246 20 558 444 240 205 252 21 568 474 228 376 725 516 840 18 84
2 3 6 7 9 11 13 15 17 19 21 23 26 27 29 31 35 36 39 40 42 44 46 48 51 52 55 56 58 60 62 64 66 69 70 72 75:13572:302 70 370 220 1095 194 495 39 146 845 198 1128 445 220 368 202 1256 56 45 304 246 10 604 888 90 123 252 35 426 1185 171 94 290 860 168 90 42
2 3 5 7 9 11 13 15 17 19 21 23 26 27 29 31 34 36 39 40 42 44 46 48 50 52 55 57 58 60 62 64 66 69 71 72 75:13397:453 35 590 44 219 970 297 65 146 338 330 846 445 176 276 404 138 56 225 304 328 25 604 666 192 82 1008 1545 284 474 171 188 145 860 288 54 126
2 3 5 7 9 11 14 15 17 20 21 23 26 27 29 31 34 36 38 40 42 44 47 48 50 52 55 56 58 60 62 64 66 69 70 72 75:12401:755 70 472 88 219 970 46 39 219 117 330 1410 356 220 368 303 138 56 448 456 246 10 558 222 240 82 756 14 426 237 171 282 435 688 840 72 42
2 3 5 7 9 11 14 15 17 20 21 23 26 27 29 31 34 36 39 40 42 44 47 48 50 52 55 56 58 60 62 64 66 69 71 72 75:12381:151 70 118 88 876 388 23 13 365 117 264 1410 356 44 276 303 207 224 90 152 410 15 1116 888 48 82 504 14 142 1185 57 282 725 688 432 90 168
2 3 5 7 9 11 13 15 17 19 21 23 25 28 29 32 34 36 38 40 43 44 46 48 51 52 54 56 58 61 62 64 67 68 70 73 74:10406:302 70 354 176 438 582 99 26 365 845 132 282 261 1096 92 28 276 56 448 152 11 5 755 666 90 205 121 14 284 280 114 282 41 78 504 844 32
2 3 5 7 9 11 13 15 17 19 21 23 25 28 29 32 34 36 38 40 43 44 46 48 50 52 54 56 58 61 62 64 67 68 70 73 74:12028:604 35 236 176 657 194 396 26 365 845 264 846 348 1096 460 140 207 168 560 456 44 25 302 222 48 41 363 21 142 280 171 282 82 39 672 1055 160
2 3 5 7 9 11 13 16 17 19 21 23 25 28 29 33 34 36 38 40 42 44 46 49 50 52 54 56 58 61 62 64 67 68 70 73 74:13698:604 105 236 176 438 582 198 332 146 507 330 1410 174 548 460 1010 69 56 224 760 328 20 755 676 144 164 605 28 568 168 285 376 41 78 336 633 128
2 3 5 7 9 11 13 16 17 19 21 23 25 28 29 31 34 36 38 40 42 44 46 49 50 52 54 56 58 61 62 64 67 68 70 73 74:12550:151 140 118 220 1095 776 99 664 292 845 198 1128 87 822 184 404 207 56 336 152 246 25 604 845 96 41 242 21 710 224 285 94 82 39 504 422 96
2 3 5 7 9 11 13 16 17 19 21 23 25 28 29 31 34 36 38 40 43 44 46 49 50 52 54 56 58 61 62 64 67 68 70 73 74:11841:302 70 590 220 1095 582 396 664 219 676 66 1410 435 548 368 202 276 56 224 152 55 5 302 169 48 41 242 28 142 168 114 376 164 78 840 422 96
2 4 5 7 9 11 13 16 17 19 21 23 25 28 29 33 34 36 38 40 42 44 46 49 50 52 54 56 58 61 62 64 67 68 70 73 74:13251:604 205 472 132 438 776 297 664 73 845 330 1128 174 274 276 404 207 224 336 304 410 15 453 845 192 123 484 35 568 112 57 376 82 39 504 633 160
2 3 5 7 9 12 13 16 17 19 21 23 25 27 29 33 34 36 38 40 42 44 46 48 51 52 54 56 58 61 62 64 67 68 70 73 74:11183:151 105 590 176 219 573 396 498 365 676 66 1128 87 88 368 202 345 168 336 608 410 20 604 444 18 82 363 35 142 112 285 470 82 117 336 422 96
2 3 5 7 9 11 13 15 17 19 21 23 25 27 29 32 34 36 38 40 43 44 46 48 51 52 54 56 58 61 62 64 67 68 70 73 74:12260:453 70 118 44 876 776 198 65 73 845 132 1128 348 176 368 56 276 56 560 608 33 10 453 1110 54 205 242 21 710 56 57 376 164 78 672 633 160
2 3 5 7 9 11 13 16 17 19 21 23 25 27 29 32 34 36 38 40 43 44 46 48 51 52 54 56 58 61 62 64 67 68 70 73 74:9835:151 105 354 132 657 970 99 166 73 169 132 1128 174 176 276 112 345 168 560 304 33 20 151 222 90 123 605 7 568 168 171 282 205 117 336 422 64
2 3 5 7 9 12 13 16 17 19 21 23 25 27 29 31 34 36 38 40 42 44 46 48 51 52 54 56 58 61 62 64 67 68 70 73 74:11210:755 35 236 220 219 955 297 498 73 338 264 564 261 88 368 202 207 280 448 152 246 25 302 444 18 164 484 21 710 280 114 376 41 156 672 633 64
2 3 5 7 9 11 13 15 17 19 21 23 25 27 29 32 34 36 38 40 43 44 46 48 50 52 54 56 58 61 62 64 67 68 70 73 74:9950:604 35 118 88 876 388 99 52 365 676 66 846 261 44 368 112 138 112 560 760 55 5 604 222 48 41 605 21 426 56 57 94 123 78 672 211 64
2 3 5 7 10 11 13 15 17 19 21 23 25 27 29 32 34 36 38 40 43 44 46 48 50 52 54 56 58 61 62 64 67 68 70 73 74:10070:302 105 118 220 800 194 396 26 146 845 198 846 348 44 368 56 138 56 560 152 44 10 302 888 96 164 121 28 142 224 57 188 123 78 504 1055 128
2 3 5 7 10 11 13 15 17 19 21 23 25 27 29 32 34 36 38 40 43 44 46 48 50 52 54 56 58 61 62 64 67 68 71 73 74:11762:453 105 236 88 400 582 396 13 292 507 330 1410 435 44 460 84 207 168 560 608 11 25 453 888 240 164 242 7 284 168 285 188 164 117 144 844 160
2 3 5 7 9 11 13 16 17 19 21 23 25 27 29 32 34 36 38 40 43 44 46 48 50 52 54 56 58 61 62 64 67 68 70 73 74:9753:755 140 118 44 438 776 99 166 365 676 132 564 174 88 92 28 276 280 336 608 55 5 151 222 240 205 363 14 142 280 114 376 41 39 168 1055 128
2 3 5 7 9 11 13 15 17 19 21 23 25 27 29 32 34 36 39 40 43 44 46 48 51 52 54 56 58 61 62 64 67 68 70 73 74:10373:755 70 354 220 876 194 99 26 365 676 132 282 348 44 92 28 207 280 225 456 33 20 453 666 36 41 121 28 426 280 57 188 123 117 840 1055 160
2 3 5 7 10 11 13 15 17 19 21 23 25 27 29 32 34 36 39 40 43 44 46 48 51 52 54 56 58 61 62 64 67 68 71 73 74:10926:302 140 236 132 1000 388 396 52 219 845 132 1128 348 220 92 112 207 168 180 456 55 10 151 888 18 82 242 7 568 224 171 282 123 156 288 844 64
2 3 5 7 10 11 13 15 17 19 21 23 25 27 29 32 34 36 39 41 43 44 46 48 51 52 54 56 58 61 63 64 67 68 71 73 74:11609:755 105 472 220 200 776 99 26 146 169 132 846 435 132 184 84 345 224 225 596 22 5 453 888 18 205 605 21 142 280 820 470 123 78 432 844 32
2 3 5 7 9 12 13 16 17 20 21 23 25 27 29 31 34 36 39 40 42 44 47 48 51 52 54 56 58 61 62 64 67 68 70 73 74:12916:151 140 472 176 1095 955 198 166 219 195 198 1410 348 132 276 404 276 168 180 456 328 25 1116 1110 90 205 121 28 710 168 285 282 41 117 336 211 128
2 3 5 7 9 11 13 15 17 19 21 23 25 27 29 32 34 36 39 40 43 44 46 48 50 52 54 56 58 61 62 64 67 68 70 73 74:10951:302 140 472 176 438 970 198 52 146 507 66 1410 348 176 460 140 138 112 45 152 55 15 151 888 144 82 121 35 568 112 171 376 82 195 504 844 160
2 3 5 7 10 11 13 15 17 19 21 23 25 27 29 32 34 36 39 40 43 44 46 48 50 52 54 56 58 61 62 64 67 68 70 73 74:9860:302 140 590 44 200 194 198 65 365 676 330 564 435 176 460 84 345 168 90 608 11 25 755 444 144 123 121 21 284 224 114 94 123 78 504 633 128
2 3 5 7 9 11 13 16 17 20 21 23 25 27 29 32 34 36 39 40 42 44 47 48 50 52 54 56 58 61 62 64 67 68 70 73 74:10897:755 70 472 176 876 388 99 498 146 156 330 1410 174 132 184 28 138 112 225 608 82 25 558 222 144 41 121 14 568 112 114 376 82 78 168 1055 160
2 3 5 7 9 11 13 16 18 20 21 23 25 27 29 32 34 36 38 40 42 44 47 48 51 52 54 56 58 61 62 64 67 68 70 73 74:9969:151 70 118 44 219 970 495 332 205 195 264 564 87 176 92 84 207 168 448 152 328 5 558 888 36 123 121 35 426 168 228 188 123 78 504 1055 64
2 3 5 7 9 11 13 16 17 19 21 23 25 27 29 33 34 36 38 40 42 44 46 49 50 52 54 56 58 61 62 64 67 68 70 73 74:11243:151 175 354 220 657 776 297 664 146 338 132 282 174 88 92 808 138 280 448 152 410 15 755 507 240 164 363 7 142 168 57 470 123 195 168 1055 32
2 3 5 7 9 11 13 16 17 19 21 23 25 27 29 31 34 36 38 40 42 44 46 49 50 52 54 56 58 61 62 64 67 68 70 73 74:11382:151 140 236 132 657 970 198 332 146 169 330 1410 435 176 92 404 138 224 336 608 410 5 151 169 240 82 121 28 284 56 171 282 205 39 672 1055 128
2 3 5 7 9 11 13 16 17 19 21 23 25 27 29 31 34 36 38 40 43 44 46 49 50 52 54 56 58 61 62 64 67 68 70 73 74:10945:302 175 236 176 657 194 198 830 73 169 264 1128 348 88 92 101 345 280 112 456 11 5 302 845 240 41 484 14 142 56 228 376 41 156 840 844 96
2 4 5 7 9 11 13 16 17 19 21 23 25 27 29 33 34 36 38 40 42 44 46 49 50 52 54 56 58 61 62 64 67 68 70 73 74:12654:604 164 472 132 219 970 396 498 365 507 132 1410 435 132 460 202 69 280 112 760 328 10 755 507 96 123 242 21 142 56 285 188 82 78 840 422 160
2 3 5 7 9 11 13 16 17 19 21 23 26 28 29 31 34 36 38 40 43 44 46 49 50 52 54 56 58 61 62 64 67 68 70 73 74:11351:151 70 118 88 657 388 297 664 365 169 264 564 445 1096 276 303 345 112 112 304 22 20 302 338 240 82 121 28 568 224 171 470 41 156 840 844 96
2 4 5 7 9 11 13 16 17 19 21 23 26 28 29 33 34 36 38 40 42 44 46 49 51 52 54 56 58 61 62 64 67 68 70 73 74:11763:453 164 354 88 219 582 99 332 146 845 330 282 267 1096 184 1010 276 280 336 152 82 25 453 676 18 82 121 21 568 168 171 94 164 117 504 844 160
2 4 5 7 9 11 13 16 17 19 21 23 26 28 29 33 34 36 38 40 42 44 46 49 50 52 54 56 58 61 62 64 67 68 70 73 74:11806:604 164 472 88 219 194 396 830 292 507 198 564 178 822 368 606 69 112 112 304 410 5 151 338 144 164 363 35 568 168 57 94 205 78 840 1055 32
2 4 5 7 9 11 13 16 17 19 21 23 26 28 29 31 34 36 38 40 42 44 46 49 50 52 54 56 58 61 62 64 67 68 70 73 74:10920:151 41 590 88 657 776 297 498 146 338 66 846 178 1370 460 303 207 280 224 152 82 5 604 169 144 41 121 35 426 168 285 282 123 156 336 211 64
2 4 5 7 9 12 13 16 17 20 21 23 26 27 29 33 34 36 38 40 42 44 47 48 50 52 54 56 58 61 62 64 67 68 70 73 74:11953:151 41 118 176 876 382 198 664 292 78 198 282 445 88 368 202 69 280 336 760 246 20 1116 1110 144 164 121 14 568 224 285 470 82 195 672 422 96
2 4 5 7 9 12 13 16 17 20 21 23 26 27 29 31 34 36 38 40 42 44 47 48 50 52 54 56 58 61 62 64 67 68 70 73 74:11724:151 41 354 44 876 955 99 498 292 156 330 282 445 176 368 202 276 56 224 608 82 10 1116 888 96 41 363 7 284 112 228 94 205 78 504 1055 128
2 3 5 7 9 12 13 16 17 20 21 23 26 27 29 31 34 36 39 40 42 44 47 48 50 52 54 56 58 61 62 64 67 68 70 73 74:11455:151 35 118 132 1095 764 99 830 73 156 198 1128 356 220 368 505 345 56 180 152 410 25 1116 666 96 82 242 7 284 280 114 470 41 39 168 422 32
2 4 5 7 9 12 13 16 17 20 21 23 26 27 29 33 34 36 39 40 42 44 47 48 51 52 54 56 58 61 62 64 67 68 70 73 74:11053:302 205 236 132 219 764 297 498 365 39 66 1410 267 132 368 808 69 112 225 608 164 5 558 666 36 41 484 28 426 224 171 94 164 195 336 211 128
2 3 5 7 10 11 13 16 18 20 21 23 26 27 29 32 34 36 38 40 42 44 46 48 50 52 54 56 58 61 62 64 67 68 71 73 74:11170:302 105 118 220 400 970 198 498 41 117 264 564 178 44 184 112 207 112 448 760 410 5 453 666 192 123 605 21 710 112 171 282 82 156 432 844 64
2 3 5 7 10 11 13 16 18 20 21 23 26 27 29 32 34 36 38 40 42 44 47 48 50 52 54 56 58 61 62 64 67 68 70 73 74:11518:604 105 236 44 600 776 198 664 164 78 264 846 178 220 92 28 345 56 112 456 246 10 837 888 240 82 484 7 710 280 57 188 123 78 672 422 128
2 3 5 7 10 11 13 16 18 20 21 23 26 27 29 32 34 36 39 40 42 44 46 48 51 52 54 56 58 61 62 64 67 68 71 73 74:10615:604 175 236 220 1000 776 495 332 82 78 264 1128 89 176 92 140 138 168 180 760 246 10 604 222 18 82 242 28 284 168 285 94 164 117 432 422 64
2 3 5 7 9 11 13 16 17 19 21 23 26 27 29 31 34 36 38 40 43 44 46 49 50 52 54 56 58 61 62 64 67 68 70 73 74:9937:151 175 354 176 876 582 198 332 292 845 198 846 267 88 460 303 69 224 224 608 44 20 302 507 48 164 121 35 426 56 171 188 41 39 168 211 128
2 4 5 7 9 11 13 16 17 19 21 23 26 27 29 33 34 36 38 40 42 44 46 49 51 52 54 56 58 61 62 64 67 68 70 73 74:11739:151 41 590 44 657 582 297 664 365 338 264 282 445 44 184 606 345 280 560 456 328 15 755 507 36 164 363 28 284 112 285 94 123 195 168 1055 32
2 4 5 7 9 11 13 16 17 19 21 23 26 27 29 33 34 36 38 40 42 44 46 49 50 52 54 56 58 61 62 64 67 68 70 73 74:11837:755 205 236 88 657 194 198 664 73 845 198 1410 267 44 276 404 207 168 560 760 246 10 302 676 48 123 242 7 284 112 57 188 41 195 336 633 128
2 4 5 7 9 11 13 16 17 19 21 23 26 27 29 31 34 36 38 40 42 44 46 49 50 52 54 56 58 61 62 64 67 68 70 73 74:12589:453 123 118 176 657 970 198 664 73 845 330 846 356 176 184 404 207 168 560 608 410 20 302 676 240 123 363 7 142 224 228 282 164 195 336 633 128
2 4 5 8 9 11 13 16 17 19 21 23 26 27 30 33 35 36 38 40 42 44 46 48 51 52 54 56 58 61 62 64 67 68 71 73 74:13475:151 123 118 675 1095 582 198 498 219 338 330 1410 445 176 23 202 1570 112 448 456 246 15 604 1110 36 205 605 7 142 56 228 94 205 78 432 211 32
2 4 5 8 9 11 13 16 17 19 21 23 26 27 30 31 35 36 38 40 42 44 46 48 51 52 54 56 58 61 62 64 67 68 71 73 74:13051:302 205 354 900 657 970 396 498 146 169 330 1128 445 88 92 303 314 224 560 456 410 10 453 888 90 205 121 28 284 280 114 376 41 117 432 633 32
